# https://github.com/mikedh/trimesh
v 0.08435826 0.18757730 0.03320000
v 0.08642762 0.18535538 0.03320000
v 0.08968199 0.18646830 0.03320000
v 0.08991000 0.18266985 0.03320000
v 0.08809282 0.19667202 0.03320000
v 0.09178732 0.19730383 0.03320000
v 0.09495008 0.19375744 0.03320000
v 0.09322223 0.18818276 0.03320000
v 0.09902141 0.18849638 0.03320000
v 0.08440772 0.19519782 0.03320000
v 0.08655731 0.19032749 0.03320000
v 0.09378064 0.18961462 0.03320000
v 0.08478248 0.18780219 0.03320000
v 0.08399567 0.18583310 0.03320000
v 0.08492075 0.18398366 0.03320000
v 0.09011846 0.18662192 0.03320000
v 0.08307476 0.17843752 0.03320000
v 0.08891097 0.17688129 0.03320000
v 0.09305022 0.18164477 0.03320000
v 0.08590285 0.17545306 0.03320000
v 0.08490025 0.19065894 0.03320000
v 0.08234287 0.16256968 0.03320000
v 0.09022989 0.16356999 0.03320000
v 0.09413752 0.17045230 0.03320000
v 0.09142510 0.15538000 0.03320000
v 0.08876230 0.15088770 0.03320000
v 0.10181635 0.18816022 0.03320000
v 0.08667886 0.14402949 0.03320000
v 0.08598742 0.13858040 0.03320000
v 0.09191154 0.18912493 0.03320000
v 0.09786804 0.18985362 0.03320000
v 0.09909451 0.19233831 0.03320000
v 0.10136705 0.18975281 0.03320000
v 0.10125475 0.18307190 0.03320000
v 0.09802906 0.18145600 0.03320000
v 0.09432233 0.18932824 0.03320000
v 0.09863584 0.16948863 0.03320000
v 0.10015946 0.16550921 0.03320000
v 0.09606576 0.16363814 0.03320000
v 0.10147010 0.14533949 0.03320000
v 0.10180427 0.14786837 0.03320000
v 0.09201957 0.14443019 0.03320000
v 0.09710311 0.15990648 0.03320000
v 0.09277206 0.15892627 0.03320000
v 0.09934509 0.14439918 0.03320000
v 0.09867946 0.15572427 0.03320000
v 0.10136702 0.14151915 0.03320000
v 0.10129329 0.14292611 0.03320000
v 0.10008152 0.13966809 0.03320000
v 0.08770623 0.13258143 0.03320000
v 0.10145099 0.13415012 0.03320000
v 0.10220600 0.15557336 0.03320000
v 0.09883729 0.13133993 0.03320000
v 0.08220000 0.18524739 0.03320000
v 0.08220000 0.18463015 0.03320000
v 0.08220000 0.18244019 0.03320000
v 0.08220000 0.18159230 0.03320000
v 0.08220000 0.19470893 0.03320000
v 0.08220000 0.18905362 0.03320000
v 0.08220000 0.18377920 0.03320000
v 0.08220000 0.18482577 0.03320000
v 0.08220000 0.18377736 0.03320000
v 0.08220000 0.19001704 0.03320000
v 0.08220000 0.18653971 0.03320000
v 0.08220000 0.17992900 0.03320000
v 0.08220000 0.18980380 0.03320000
v 0.08220000 0.19047995 0.03320000
v 0.08220000 0.17713814 0.03320000
v 0.08220000 0.17542108 0.03320000
v 0.08220000 0.17021795 0.03320000
v 0.08220000 0.17018329 0.03320000
v 0.08220000 0.17003296 0.03320000
v 0.08220000 0.16732489 0.03320000
v 0.08220000 0.15544968 0.03320000
v 0.08220000 0.15465827 0.03320000
v 0.08220000 0.14894449 0.03320000
v 0.08220000 0.14523065 0.03320000
v 0.08220000 0.13611075 0.03320000
v 0.08220000 0.13460385 0.03320000
v 0.08220000 0.19001975 0.03320000
v 0.08220000 0.19008357 0.03320000
v 0.08220000 0.16190951 0.03320000
v 0.08220000 0.19006371 0.03320000
v 0.08220000 0.19227949 0.03320000
v 0.08220000 0.19287071 0.03320000
v 0.08220000 0.19240722 0.03320000
v 0.08220000 0.18954097 0.03320000
v 0.08220000 0.13245048 0.03320000
v 0.08220000 0.18770562 0.03320000
v 0.08220000 0.18807227 0.03320000
v 0.08220000 0.19528668 0.03320000
v 0.08220000 0.18519882 0.03320000
v 0.08220000 0.18828264 0.03320000
v 0.08220000 0.17850888 0.03320000
v 0.08220000 0.19101473 0.03320000
v 0.08220000 0.16290572 0.03320000
v 0.08220000 0.16261013 0.03320000
v 0.08220000 0.16257604 0.03320000
v 0.08220000 0.16237730 0.03320000
v 0.09036222 0.19810000 0.03320000
v 0.08801351 0.19810000 0.03320000
v 0.09936585 0.19810000 0.03320000
v 0.09522232 0.19810000 0.03320000
v 0.10242322 0.19810000 0.03320000
v 0.08567920 0.19810000 0.03320000
v 0.08311610 0.19810000 0.03320000
v 0.08296469 0.19810000 0.03320000
v 0.08220000 0.19810000 0.03320000
v 0.09226696 0.19810000 0.03320000
v 0.09223313 0.19810000 0.03320000
v 0.08578612 0.19810000 0.03320000
v 0.10250000 0.19354242 0.03320000
v 0.10250000 0.19596177 0.03320000
v 0.10250000 0.18830302 0.03320000
v 0.10250000 0.18885181 0.03320000
v 0.10250000 0.19023934 0.03320000
v 0.10250000 0.19023042 0.03320000
v 0.10250000 0.18822899 0.03320000
v 0.10250000 0.18817893 0.03320000
v 0.10250000 0.18876555 0.03320000
v 0.10250000 0.19029376 0.03320000
v 0.10250000 0.18245431 0.03320000
v 0.10250000 0.18636156 0.03320000
v 0.10250000 0.19019984 0.03320000
v 0.10250000 0.17444116 0.03320000
v 0.10250000 0.17745243 0.03320000
v 0.10250000 0.18965380 0.03320000
v 0.10250000 0.18975553 0.03320000
v 0.10250000 0.17213549 0.03320000
v 0.10250000 0.16505837 0.03320000
v 0.10250000 0.16625868 0.03320000
v 0.10250000 0.14698562 0.03320000
v 0.10250000 0.14777047 0.03320000
v 0.10250000 0.14855398 0.03320000
v 0.10250000 0.14864842 0.03320000
v 0.10250000 0.14005212 0.03320000
v 0.10250000 0.14076171 0.03320000
v 0.10250000 0.13587327 0.03320000
v 0.10250000 0.14640563 0.03320000
v 0.10250000 0.15681545 0.03320000
v 0.10250000 0.15247033 0.03320000
v 0.10250000 0.12998613 0.03320000
v 0.10250000 0.13328115 0.03320000
v 0.10250000 0.19804579 0.03320000
v 0.10250000 0.18799132 0.03320000
v 0.10250000 0.19010930 0.03320000
v 0.10250000 0.16934547 0.03320000
v 0.10250000 0.15516937 0.03320000
v 0.10250000 0.14260827 0.03320000
v 0.10250000 0.15591613 0.03320000
v 0.10250000 0.15552505 0.03320000
v 0.10250000 0.13456380 0.03320000
v 0.10250000 0.19810000 0.03320000
v 0.08947643 0.12620000 0.03320000
v 0.09082540 0.12620000 0.03320000
v 0.08220000 0.12620000 0.03320000
v 0.08232861 0.12620000 0.03320000
v 0.10211673 0.12620000 0.03320000
v 0.10250000 0.12620000 0.03320000
v 0.09771752 0.12620000 0.03320000
v 0.10097221 0.12620000 0.03320000
v 0.07234414 0.20221628 0.03320000
v 0.08183334 0.20037534 0.03320000
v 0.06626383 0.19586716 0.03320000
v 0.06145533 0.20144904 0.03320000
v 0.05913080 0.19778969 0.03320000
v 0.06395540 0.18868462 0.03320000
v 0.06084775 0.18809365 0.03320000
v 0.05960951 0.18019714 0.03320000
v 0.07177124 0.18844859 0.03320000
v 0.07447111 0.18816514 0.03320000
v 0.07734112 0.18918660 0.03320000
v 0.08152022 0.18451354 0.03320000
v 0.08065780 0.18137676 0.03320000
v 0.07595434 0.19332586 0.03320000
v 0.07771930 0.19956552 0.03320000
v 0.07569185 0.19554865 0.03320000
v 0.05962362 0.19062887 0.03320000
v 0.07401629 0.18993748 0.03320000
v 0.08137616 0.19009566 0.03320000
v 0.06744284 0.19160526 0.03320000
v 0.07162076 0.18571281 0.03320000
v 0.07471799 0.18948395 0.03320000
v 0.08116028 0.19290347 0.03320000
v 0.07394590 0.19210229 0.03320000
v 0.06008440 0.18457124 0.03320000
v 0.06639411 0.18614245 0.03320000
v 0.06942293 0.17842600 0.03320000
v 0.06197498 0.16384340 0.03320000
v 0.06161667 0.16856410 0.03320000
v 0.05983543 0.16439432 0.03320000
v 0.06320970 0.17066683 0.03320000
v 0.06564556 0.16240303 0.03320000
v 0.06478278 0.16941510 0.03320000
v 0.06751239 0.17888948 0.03320000
v 0.08003902 0.18361350 0.03320000
v 0.06908100 0.16789718 0.03320000
v 0.07618129 0.17706227 0.03320000
v 0.06070591 0.19237000 0.03320000
v 0.06796996 0.16320959 0.03320000
v 0.05964352 0.18214145 0.03320000
v 0.06183487 0.18429790 0.03320000
v 0.07354080 0.16506191 0.03320000
v 0.07855375 0.17880634 0.03320000
v 0.08103730 0.17541104 0.03320000
v 0.06335755 0.18454645 0.03320000
v 0.07345622 0.17365801 0.03320000
v 0.06757477 0.17298676 0.03320000
v 0.06649648 0.18364504 0.03320000
v 0.08211662 0.17010007 0.03320000
v 0.06021570 0.17623002 0.03320000
v 0.06328337 0.18945132 0.03320000
v 0.06632845 0.17621053 0.03320000
v 0.07561872 0.14699565 0.03320000
v 0.08080428 0.15546022 0.03320000
v 0.07572875 0.15366335 0.03320000
v 0.06202851 0.15491226 0.03320000
v 0.05841951 0.15281330 0.03320000
v 0.05835982 0.14649218 0.03320000
v 0.06279972 0.14890332 0.03320000
v 0.06129025 0.15667016 0.03320000
v 0.06558348 0.15320171 0.03320000
v 0.06863746 0.14696594 0.03320000
v 0.06165286 0.13836971 0.03320000
v 0.06604420 0.14494138 0.03320000
v 0.08010152 0.13240058 0.03320000
v 0.05817229 0.14221543 0.03320000
v 0.06897414 0.14000973 0.03320000
v 0.06502954 0.13853712 0.03320000
v 0.06169382 0.13850154 0.03320000
v 0.06636977 0.13787379 0.03320000
v 0.06437959 0.13293677 0.03320000
v 0.06809660 0.15263460 0.03320000
v 0.05982966 0.13028229 0.03320000
v 0.06724917 0.13030098 0.03320000
v 0.06043888 0.13234779 0.03320000
v 0.06806403 0.13735084 0.03320000
v 0.07217304 0.13123712 0.03320000
v 0.06567635 0.12761616 0.03320000
v 0.05770000 0.20139874 0.03320000
v 0.05770000 0.19844381 0.03320000
v 0.05770000 0.18655245 0.03320000
v 0.05770000 0.18674972 0.03320000
v 0.05770000 0.18496930 0.03320000
v 0.05770000 0.18152944 0.03320000
v 0.05770000 0.19578557 0.03320000
v 0.05770000 0.19297201 0.03320000
v 0.05770000 0.19106806 0.03320000
v 0.05770000 0.18159604 0.03320000
v 0.05770000 0.18404801 0.03320000
v 0.05770000 0.19203765 0.03320000
v 0.05770000 0.19297969 0.03320000
v 0.05770000 0.18794090 0.03320000
v 0.05770000 0.18631220 0.03320000
v 0.05770000 0.19006336 0.03320000
v 0.05770000 0.18245858 0.03320000
v 0.05770000 0.18058913 0.03320000
v 0.05770000 0.17391783 0.03320000
v 0.05770000 0.17146347 0.03320000
v 0.05770000 0.14678394 0.03320000
v 0.05770000 0.14351796 0.03320000
v 0.05770000 0.18990042 0.03320000
v 0.05770000 0.19014777 0.03320000
v 0.05770000 0.15842657 0.03320000
v 0.05770000 0.15552305 0.03320000
v 0.05770000 0.15509792 0.03320000
v 0.05770000 0.16673630 0.03320000
v 0.05770000 0.16659953 0.03320000
v 0.05770000 0.15370098 0.03320000
v 0.05770000 0.14375839 0.03320000
v 0.05770000 0.14142886 0.03320000
v 0.05770000 0.19018918 0.03320000
v 0.05770000 0.12645318 0.03320000
v 0.05770000 0.13826153 0.03320000
v 0.05770000 0.13127927 0.03320000
v 0.05770000 0.13074707 0.03320000
v 0.05770000 0.19738185 0.03320000
v 0.05770000 0.17660434 0.03320000
v 0.05770000 0.16285388 0.03320000
v 0.05770000 0.16878051 0.03320000
v 0.05770000 0.15309216 0.03320000
v 0.05770000 0.15240936 0.03320000
v 0.05770000 0.15117252 0.03320000
v 0.05770000 0.19141182 0.03320000
v 0.08211302 0.20420000 0.03320000
v 0.07728305 0.20420000 0.03320000
v 0.07232203 0.20420000 0.03320000
v 0.06685226 0.20420000 0.03320000
v 0.05778234 0.20420000 0.03320000
v 0.05770000 0.20420000 0.03320000
v 0.06258974 0.20420000 0.03320000
v 0.06075389 0.20420000 0.03320000
v 0.06016765 0.20420000 0.03320000
v 0.08220000 0.19963792 0.03320000
v 0.08220000 0.20071591 0.03320000
v 0.08220000 0.20420000 0.03320000
v 0.08220000 0.20015841 0.03320000
v 0.08220000 0.20032002 0.03320000
v 0.08220000 0.20065184 0.03320000
v 0.06758006 0.12620000 0.03320000
v 0.06756882 0.12620000 0.03320000
v 0.06526830 0.12620000 0.03320000
v 0.06573943 0.12620000 0.03320000
v 0.07898794 0.12620000 0.03320000
v 0.08086026 0.12620000 0.03320000
v 0.06339069 0.12620000 0.03320000
v 0.06137485 0.12620000 0.03320000
v 0.06190462 0.12620000 0.03320000
v 0.06670072 0.12620000 0.03320000
v 0.06764061 0.12620000 0.03320000
v 0.06803994 0.12620000 0.03320000
v 0.05778327 0.12620000 0.03320000
v 0.05979857 0.12620000 0.03320000
v 0.08214959 0.12620000 0.03320000
v 0.06996835 0.12620000 0.03320000
v 0.05770000 0.12620000 0.03320000
v 0.05770000 0.12620000 0.02652142
v 0.05533977 0.21282948 0.03320000
v 0.05142047 0.20131463 0.03320000
v 0.05210833 0.20844967 0.03320000
v 0.04339830 0.19675337 0.03320000
v 0.04914501 0.19494331 0.03320000
v 0.05505227 0.19207690 0.03320000
v 0.04742518 0.19006195 0.03320000
v 0.05540876 0.18577147 0.03320000
v 0.05053839 0.18349623 0.03320000
v 0.05343249 0.14518707 0.03320000
v 0.05091752 0.13659514 0.03320000
v 0.05445236 0.14100083 0.03320000
v 0.04483904 0.17982291 0.03320000
v 0.05063023 0.17441808 0.03320000
v 0.05566492 0.18294935 0.03320000
v 0.05421649 0.17783815 0.03320000
v 0.05414705 0.17288017 0.03320000
v 0.04929142 0.14883258 0.03320000
v 0.04920331 0.16047358 0.03320000
v 0.04607376 0.15509542 0.03320000
v 0.05352853 0.16721157 0.03320000
v 0.05341244 0.16096409 0.03320000
v 0.04401993 0.17012965 0.03320000
v 0.04823304 0.14279654 0.03320000
v 0.05419204 0.16275947 0.03320000
v 0.05366427 0.15356839 0.03320000
v 0.05460953 0.15029352 0.03320000
v 0.05745832 0.20782061 0.03320000
v 0.05512449 0.18348285 0.03320000
v 0.05189613 0.18265797 0.03320000
v 0.05222995 0.17381294 0.03320000
v 0.05760878 0.16669373 0.03320000
v 0.05526626 0.16891498 0.03320000
v 0.05583411 0.16150787 0.03320000
v 0.05641242 0.18907531 0.03320000
v 0.05222875 0.19363872 0.03320000
v 0.05552544 0.18465341 0.03320000
v 0.05328247 0.18901750 0.03320000
v 0.05650895 0.18265293 0.03320000
v 0.05592099 0.19334052 0.03320000
v 0.05563841 0.17691109 0.03320000
v 0.05622091 0.17255839 0.03320000
v 0.05287406 0.16152011 0.03320000
v 0.05232643 0.15206748 0.03320000
v 0.05159258 0.16056648 0.03320000
v 0.05652692 0.15514824 0.03320000
v 0.05758279 0.19016239 0.03320000
v 0.05685656 0.13971606 0.03320000
v 0.05364418 0.15013236 0.03320000
v 0.05399952 0.15452633 0.03320000
v 0.05236138 0.14408662 0.03320000
v 0.05376987 0.13451885 0.03320000
v 0.05439394 0.13527022 0.03320000
v 0.05378149 0.14223667 0.03320000
v 0.05675984 0.13986309 0.03320000
v 0.05187600 0.13616638 0.03320000
v 0.04625094 0.13207596 0.03320000
v 0.05682521 0.13093799 0.03320000
v 0.05518344 0.13293617 0.03320000
v 0.05305278 0.12761929 0.03320000
v 0.05770000 0.21543475 0.03320000
v 0.05770000 0.21403121 0.03320000
v 0.05770000 0.20947178 0.03320000
v 0.05770000 0.21102162 0.03320000
v 0.05770000 0.20426167 0.03320000
v 0.05770000 0.20794728 0.03320000
v 0.05770000 0.20782091 0.03320000
v 0.05770000 0.21067371 0.03320000
v 0.05770000 0.20779358 0.03320000
v 0.04250000 0.20854951 0.03320000
v 0.04250000 0.20634973 0.03320000
v 0.04250000 0.21546554 0.03320000
v 0.04250000 0.21504300 0.03320000
v 0.04250000 0.20192536 0.03320000
v 0.04250000 0.19775807 0.03320000
v 0.04250000 0.19406122 0.03320000
v 0.04250000 0.18829739 0.03320000
v 0.04250000 0.17944512 0.03320000
v 0.04250000 0.17139776 0.03320000
v 0.04250000 0.15226648 0.03320000
v 0.04250000 0.15103863 0.03320000
v 0.04250000 0.18380036 0.03320000
v 0.04250000 0.15001174 0.03320000
v 0.04250000 0.16864762 0.03320000
v 0.04250000 0.15723682 0.03320000
v 0.04250000 0.13156161 0.03320000
v 0.04250000 0.13497984 0.03320000
v 0.04250000 0.21563439 0.03320000
v 0.04250000 0.21555769 0.03320000
v 0.04250000 0.19641130 0.03320000
v 0.04250000 0.16977149 0.03320000
v 0.04250000 0.14087783 0.03320000
v 0.05770000 0.21620000 0.03320000
v 0.04468578 0.21620000 0.03320000
v 0.04250000 0.21620000 0.03320000
v 0.05752720 0.21620000 0.03320000
v 0.05014852 0.12620000 0.03320000
v 0.05042349 0.12620000 0.03320000
v 0.05055462 0.12620000 0.03320000
v 0.05392348 0.12620000 0.03320000
v 0.05395847 0.12620000 0.03320000
v 0.05218113 0.12620000 0.03320000
v 0.05145025 0.12620000 0.03320000
v 0.05255889 0.12620000 0.03320000
v 0.05304341 0.12620000 0.03320000
v 0.05346832 0.12620000 0.03320000
v 0.05403943 0.12620000 0.03320000
v 0.05609967 0.12620000 0.03320000
v 0.05755919 0.12620000 0.03320000
v 0.04335972 0.12620000 0.03320000
v 0.04512717 0.12620000 0.03320000
v 0.05406698 0.12620000 0.03320000
v 0.04250000 0.12620000 0.03320000
v 0.04250000 0.20854951 0.00319216
v 0.04250000 0.20634973 0.00328182
v 0.04250000 0.21546554 0.00327312
v 0.04250000 0.21504300 0.00327484
v 0.04250000 0.20192536 0.00348912
v 0.04250000 0.19775807 0.00361110
v 0.04250000 0.19406122 0.00374931
v 0.04250000 0.18829739 0.00384823
v 0.04250000 0.17944512 0.00353197
v 0.04250000 0.17139776 0.00367193
v 0.04250000 0.15226648 0.00393203
v 0.04250000 0.15103863 0.00401355
v 0.04250000 0.18380036 0.00372621
v 0.04250000 0.15001174 0.00403731
v 0.04250000 0.16864762 0.00373038
v 0.04250000 0.15723682 0.00386092
v 0.04250000 0.13497984 0.00444242
v 0.04250000 0.13156161 0.00417804
v 0.04250000 0.21555769 0.00326831
v 0.04250000 0.21563439 0.00326430
v 0.04250000 0.19641130 0.00363322
v 0.04250000 0.16977149 0.00359383
v 0.04250000 0.14087783 0.00432003
v 0.05770000 0.21620000 0.00337792
v 0.04250000 0.21620000 0.00325958
v 0.04468578 0.21620000 0.00327660
v 0.05752720 0.21620000 0.00337658
v 0.05014852 0.12620000 0.00363692
v 0.05042349 0.12620000 0.00363255
v 0.05055462 0.12620000 0.00365597
v 0.05392348 0.12620000 0.00412178
v 0.05395847 0.12620000 0.00430473
v 0.05145025 0.12620000 0.01289062
v 0.05255889 0.12620000 0.01617569
v 0.05304341 0.12620000 0.02002092
v 0.05346832 0.12620000 0.02218090
v 0.05403943 0.12620000 0.02344649
v 0.05609967 0.12620000 0.02523068
v 0.05755919 0.12620000 0.02642315
v 0.04335972 0.12620000 0.00395940
v 0.04512717 0.12620000 0.00374974
v 0.05406698 0.12620000 0.00752096
v 0.04250000 0.12620000 0.00406138
v 0.06038730 0.21539946 0.03320000
v 0.07786016 0.21204478 0.03320000
v 0.07447128 0.21557981 0.03320000
v 0.06998730 0.21583452 0.03320000
v 0.07818946 0.21551674 0.03320000
v 0.07229113 0.20697234 0.03320000
v 0.07890252 0.20821146 0.03320000
v 0.05933354 0.20977038 0.03320000
v 0.06476161 0.21263442 0.03320000
v 0.07038778 0.21211031 0.03320000
v 0.06411302 0.20789397 0.03320000
v 0.06311200 0.21078391 0.03320000
v 0.06482374 0.21331036 0.03320000
v 0.06354256 0.20782815 0.03320000
v 0.06578910 0.20688881 0.03320000
v 0.07017208 0.21165807 0.03320000
v 0.07587669 0.20726746 0.03320000
v 0.07882651 0.21216661 0.03320000
v 0.08220000 0.21502571 0.03320000
v 0.08220000 0.20620326 0.03320000
v 0.08220000 0.20623416 0.03320000
v 0.08220000 0.21456563 0.03320000
v 0.08220000 0.20774379 0.03320000
v 0.08220000 0.20761140 0.03320000
v 0.08220000 0.21485005 0.03320000
v 0.08220000 0.20673763 0.03320000
v 0.08220000 0.20972514 0.03320000
v 0.08220000 0.21062285 0.03320000
v 0.08220000 0.21000108 0.03320000
v 0.08220000 0.20618677 0.03320000
v 0.08220000 0.20617490 0.03320000
v 0.08220000 0.20538941 0.03320000
v 0.08220000 0.21278522 0.03320000
v 0.08220000 0.21226709 0.03320000
v 0.08220000 0.20421384 0.03320000
v 0.07205523 0.21620000 0.03320000
v 0.06918102 0.21620000 0.03320000
v 0.07840032 0.21620000 0.03320000
v 0.07494424 0.21620000 0.03320000
v 0.06521285 0.21620000 0.03320000
v 0.06200037 0.21620000 0.03320000
v 0.06166325 0.21620000 0.03320000
v 0.05952093 0.21620000 0.03320000
v 0.07292465 0.21620000 0.03320000
v 0.07853465 0.21620000 0.03320000
v 0.07401976 0.21620000 0.03320000
v 0.07088903 0.21620000 0.03320000
v 0.05950731 0.21620000 0.03320000
v 0.06080298 0.21620000 0.03320000
v 0.05820919 0.21620000 0.03320000
v 0.05816812 0.21620000 0.03320000
v 0.06000869 0.21620000 0.03320000
v 0.08200617 0.21620000 0.03320000
v 0.08090970 0.21620000 0.03320000
v 0.07886118 0.21620000 0.03320000
v 0.07979529 0.21620000 0.03320000
v 0.08220000 0.21620000 0.03320000
v 0.06074395 0.21620000 0.03320000
v 0.06034762 0.21620000 0.03320000
v 0.07461079 0.21620000 0.03320000
v 0.06518733 0.21620000 0.03320000
v 0.06839126 0.21620000 0.03320000
v 0.06017430 0.21620000 0.03320000
v 0.07205523 0.21620000 0.00390600
v 0.06918102 0.21620000 0.00419612
v 0.07840032 0.21620000 0.00453682
v 0.07494424 0.21620000 0.00387352
v 0.06521285 0.21620000 0.00418991
v 0.06200037 0.21620000 0.00353815
v 0.06166325 0.21620000 0.01402602
v 0.05952093 0.21620000 0.01397653
v 0.07401976 0.21620000 0.01397842
v 0.07088903 0.21620000 0.01391492
v 0.05816812 0.21620000 0.01389969
v 0.06000869 0.21620000 0.00339590
v 0.08200617 0.21620000 0.00345562
v 0.08090970 0.21620000 0.01396825
v 0.07886118 0.21620000 0.01410508
v 0.08220000 0.21620000 0.00339750
v 0.06074395 0.21620000 0.00344440
v 0.06034762 0.21620000 0.00344742
v 0.07461079 0.21620000 0.00384866
v 0.06017430 0.21620000 0.00342108
v 0.08220000 0.21620000 0.01388206
v 0.08793830 0.19945419 0.03320000
v 0.10064358 0.19935655 0.03320000
v 0.09379050 0.20062900 0.03320000
v 0.09806080 0.20167958 0.03320000
v 0.09509826 0.20321680 0.03320000
v 0.09353191 0.20420000 0.03320000
v 0.09161445 0.20420000 0.03320000
v 0.10052199 0.20420000 0.03320000
v 0.09771448 0.20420000 0.03320000
v 0.08690504 0.20420000 0.03320000
v 0.08595097 0.20420000 0.03320000
v 0.10250000 0.20050900 0.03320000
v 0.10250000 0.20204052 0.03320000
v 0.10250000 0.20368930 0.03320000
v 0.10250000 0.20420000 0.03320000
v 0.10250000 0.19811699 0.03320000
v 0.10250000 0.19948074 0.03320000
v 0.10250000 0.20420000 0.00357139
v 0.08736619 0.21366664 0.03320000
v 0.08253639 0.20984267 0.03320000
v 0.08823551 0.21009257 0.03320000
v 0.08546593 0.21021515 0.03320000
v 0.08225918 0.20619867 0.03320000
v 0.08674455 0.20493712 0.03320000
v 0.09224175 0.20500983 0.03320000
v 0.08285418 0.21494562 0.03320000
v 0.09411026 0.21520629 0.03320000
v 0.10110771 0.21441008 0.03320000
v 0.08821456 0.21173971 0.03320000
v 0.10214956 0.20586674 0.03320000
v 0.08491249 0.21042816 0.03320000
v 0.08287470 0.20764810 0.03320000
v 0.08790304 0.20737128 0.03320000
v 0.08686847 0.20634646 0.03320000
v 0.10241901 0.21381210 0.03320000
v 0.08747370 0.21242418 0.03320000
v 0.09623640 0.20733622 0.03320000
v 0.09140066 0.20481672 0.03320000
v 0.10250000 0.21399700 0.03320000
v 0.10250000 0.21371330 0.03320000
v 0.10250000 0.20631104 0.03320000
v 0.10250000 0.20704944 0.03320000
v 0.10250000 0.20720161 0.03320000
v 0.10250000 0.21311679 0.03320000
v 0.10250000 0.21402426 0.03320000
v 0.10250000 0.20704792 0.03320000
v 0.10250000 0.20547168 0.03320000
v 0.10250000 0.20583185 0.03320000
v 0.10250000 0.20596366 0.03320000
v 0.10250000 0.21377724 0.03320000
v 0.10250000 0.20564563 0.03320000
v 0.08756544 0.21620000 0.03320000
v 0.08429211 0.21620000 0.03320000
v 0.09256723 0.21620000 0.03320000
v 0.08561614 0.21620000 0.03320000
v 0.08619828 0.21620000 0.03320000
v 0.08719994 0.21620000 0.03320000
v 0.09376924 0.21620000 0.03320000
v 0.09337729 0.21620000 0.03320000
v 0.09468129 0.21620000 0.03320000
v 0.08698299 0.21620000 0.03320000
v 0.08389709 0.21620000 0.03320000
v 0.08541244 0.21620000 0.03320000
v 0.08255645 0.21620000 0.03320000
v 0.09379775 0.21620000 0.03320000
v 0.10250000 0.21620000 0.03320000
v 0.09750611 0.21620000 0.03320000
v 0.10231637 0.21620000 0.03320000
v 0.09437556 0.21620000 0.03320000
v 0.09965267 0.21620000 0.03320000
v 0.08275073 0.21620000 0.03320000
v 0.10161495 0.21620000 0.03320000
v 0.10250000 0.21399700 0.00680295
v 0.10250000 0.21371330 0.00466309
v 0.10250000 0.20631104 0.00759098
v 0.10250000 0.20704944 0.01374087
v 0.10250000 0.20720161 0.01437858
v 0.10250000 0.21311679 0.01443059
v 0.10250000 0.20704792 0.01439452
v 0.10250000 0.20547168 0.00408010
v 0.10250000 0.20583185 0.00414444
v 0.10250000 0.20596366 0.00430144
v 0.10250000 0.21377724 0.01443756
v 0.10250000 0.21402426 0.01440540
v 0.10250000 0.20564563 0.00411156
v 0.08756544 0.21620000 0.00354846
v 0.08429211 0.21620000 0.00324193
v 0.09256723 0.21620000 0.00398724
v 0.09376924 0.21620000 0.01410276
v 0.09337729 0.21620000 0.01409891
v 0.08698299 0.21620000 0.01379116
v 0.08389709 0.21620000 0.01376871
v 0.08255645 0.21620000 0.00329062
v 0.09379775 0.21620000 0.01410268
v 0.10250000 0.21620000 0.00423212
v 0.09750611 0.21620000 0.00416620
v 0.10250000 0.21620000 0.00980316
v 0.09437556 0.21620000 0.00405099
v 0.08275073 0.21620000 0.00328517
v 0.10250000 0.21620000 0.01407631
v 0.04239281 -0.00028810 0.00015469
v 0.04230659 0.00243684 0.00114290
v 0.03311535 0.00232979 0.00019987
v 0.02608957 0.00244076 0.00040745
v 0.02863176 -0.00866310 0.00010385
v 0.00636337 -0.00079196 0.01439537
v 0.01382812 0.00004101 0.01519102
v 0.00619455 0.00319950 0.01485778
v 0.01308692 0.00660361 0.01548480
v -0.01938801 -0.00395413 0.00015239
v -0.00443473 -0.00778640 0.00012292
v -0.01517559 0.00179405 0.00010509
v -0.01853123 0.01717157 0.00005035
v -0.00916565 0.00702237 0.00011288
v 0.00912948 -0.00766596 0.00014508
v -0.00160314 0.00099058 0.00016331
v 0.00510991 0.00222151 0.00093467
v 0.00179176 -0.00014469 0.00600464
v 0.00362375 0.00890994 0.00037177
v 0.01084734 0.00193781 0.00006487
v 0.01313747 -0.00109713 0.00763878
v 0.03779589 -0.00059782 0.01611834
v 0.04201842 -0.00037306 0.01501497
v -0.00032528 0.00567462 0.01004944
v 0.00078842 0.00024798 0.00854531
v 0.00749043 0.01299521 0.01489076
v 0.00137086 0.00469994 0.01541647
v 0.00747912 0.00112831 0.00777686
v 0.00061269 0.01232402 0.01503461
v 0.00121092 0.01232270 0.00901564
v 0.01764491 0.00280044 0.00028372
v 0.00159110 -0.00156230 0.01295477
v 0.02067895 -0.00008603 0.00684008
v 0.02761280 0.01280391 0.01497362
v 0.01994695 0.00734207 0.01516701
v 0.02595847 0.00117421 0.01557101
v 0.03141822 0.00106673 0.00508673
v 0.02789874 -0.00054445 0.00747213
v 0.03177238 0.01004147 0.01506375
v 0.03473738 0.00614334 0.01531644
v 0.01895743 -0.00135056 0.01468158
v 0.02328115 0.00086901 0.00736418
v 0.04087003 -0.00032615 0.00628039
v 0.02602846 -0.00127575 0.01395411
v 0.03140705 -0.00005965 0.01581914
v 0.03989977 0.00726783 0.01494467
v 0.00355313 0.01530134 0.01444687
v -0.00422734 0.30963436 -0.00012594
v 0.01194443 0.30266336 -0.00003303
v 0.01417521 0.31243653 -0.00038201
v 0.03876639 0.29712574 0.00335007
v 0.00471889 0.27946245 0.00282240
v 0.00170378 0.28446671 0.00240707
v 0.00095722 0.27390093 0.00236639
v 0.00067127 0.26973999 -0.00036508
v 0.00227507 0.26826707 0.00320551
v -0.00976924 0.31301861 -0.00019571
v 0.02508025 0.31778956 -0.00034067
v 0.00542338 0.29692954 -0.00011894
v -0.00486633 0.23509515 -0.00023529
v 0.00160139 0.23842113 -0.00061092
v 0.00052926 0.24583068 -0.00048655
v 0.00741023 0.27110134 0.00267574
v 0.00471494 0.26306036 0.00298632
v 0.00726433 0.29671717 0.00256732
v 0.00057338 0.29503471 0.00243001
v 0.00489647 0.29004220 0.00287221
v 0.01567250 0.26175904 0.00266716
v 0.00226358 0.24603336 0.00275931
v 0.01503369 0.28867631 0.00277385
v 0.02036542 0.29853172 -0.00023116
v 0.01329622 0.29667710 0.00029106
v 0.00296769 0.25809631 0.00312551
v 0.02410892 0.29878785 0.00378725
v 0.01664943 0.29661532 0.00329523
v 0.02780892 0.29902079 -0.00013080
v 0.02729115 0.30461002 -0.00017683
v 0.00226965 0.25120663 0.00253377
v 0.01298959 0.24687080 0.00287873
v 0.02058149 0.24947674 0.00281979
v -0.00692248 0.27082065 -0.00015141
v -0.00043853 0.27544898 -0.00031411
v 0.03366083 0.29957254 0.00366665
v -0.00744472 0.29281634 -0.00023404
v 0.02029865 0.28083853 0.00309016
v 0.02557412 0.28193250 0.00286410
v 0.02604151 0.29214783 0.00280662
v 0.01877321 0.27720103 0.00313651
v -0.01536366 0.27771470 -0.00020037
v 0.03081074 0.28120120 0.00302136
v 0.03638403 0.28125554 0.00586194
v 0.03917718 0.28174883 0.00285904
v 0.02108390 0.25838208 0.00298167
v 0.01892433 0.26355305 0.00421389
v 0.01866862 0.27964489 0.00860085
v 0.00105615 0.25890427 -0.00037247
v 0.02944169 0.24909938 0.00279942
v 0.03915551 0.25596939 0.00289021
v 0.02990679 0.25696092 0.00290859
v 0.02970031 0.26296510 0.00437228
v 0.03642522 0.29213268 0.00299157
v 0.04043772 0.25059245 0.00279314
v 0.02380366 0.26219873 0.00985614
v 0.01815211 0.26337059 0.00857796
v 0.02860296 0.26085630 0.00867919
v 0.03477326 0.28105483 0.00911320
v 0.02454085 0.28147438 0.00931623
v 0.03539376 0.29988490 -0.00028442
v 0.04242705 0.23708427 0.00331683
v 0.03694752 0.31070369 -0.00024544
v 0.03820264 0.29663266 0.00021290
v 0.01848462 0.27150977 0.00355362
v 0.01883918 0.27407310 0.00941881
v 0.03591178 0.23469720 0.00295930
v 0.02903040 0.23512086 0.00309503
v -0.00042192 0.29402966 -0.00011818
v 0.00096714 0.28565423 -0.00016462
v 0.03377220 0.26122946 0.00397344
v 0.03604092 0.26113403 0.00906744
v 0.02244546 0.23693487 0.00287143
v 0.04148318 0.26206710 0.00935810
v 0.00396732 0.23869238 0.00306962
v 0.01296632 0.23865870 0.00278935
v -0.01405427 0.24365986 -0.00034251
v -0.00879088 0.24856301 -0.00037186
v 0.00259513 0.25224231 -0.00045526
v 0.03751828 0.27553487 0.00938715
v 0.02883431 0.27577759 0.00981396
v 0.03343917 0.26996106 0.00987379
v 0.03008151 0.26600501 0.00929491
v 0.04174978 0.26783262 0.00948969
v 0.04166741 0.27201303 0.00986453
v 0.02525745 0.26920346 0.00959497
v -0.01262520 0.22107335 -0.00033901
v 0.00205485 0.23261630 -0.00030424
v 0.00320660 0.23345337 0.00345705
v -0.00011386 0.22670709 0.00756446
v 0.00343268 0.22780235 -0.00069377
v 0.00317626 0.22134111 0.00037047
v 0.01115215 0.22602026 0.00261333
v 0.00776944 0.22595021 0.00336520
v 0.00979732 0.22011375 -0.00004750
v 0.00717609 0.22625062 0.00712018
v 0.01090141 0.21939056 0.00333084
v -0.00161538 0.20382683 0.01236817
v 0.00313267 0.21144320 0.00474353
v 0.00240103 0.20630880 -0.00006451
v 0.00277210 0.19651831 0.00003719
v 0.00144094 0.22824580 0.00554109
v 0.00446245 0.22635976 0.01033828
v 0.00923341 0.23298027 0.00295290
v -0.00004996 0.22024887 0.00751052
v 0.00496316 0.23094419 0.00351185
v 0.01832519 0.22194314 0.01127789
v 0.01444175 0.21935115 0.00642376
v 0.01789888 0.22354596 0.00529627
v 0.01914340 0.22652201 0.00288647
v 0.02165124 0.22373200 0.00355757
v 0.04162136 0.21564593 0.00325736
v 0.00391171 0.21626486 0.00004746
v 0.02496626 0.21970471 0.00292675
v 0.01747849 0.21586705 0.00291664
v 0.02868579 0.20881358 0.00300720
v 0.03492297 0.21721425 0.00309432
v 0.02924815 0.22321616 0.00293166
v 0.00430221 0.21897138 0.00671300
v 0.02845968 0.20262823 0.00332110
v 0.03853106 0.20219709 0.00337863
v 0.01890422 0.20594099 0.00277742
v 0.01741284 0.20667904 0.00500999
v 0.01669467 0.21445385 0.00438248
v 0.01305374 0.20874694 0.00574073
v 0.03852967 0.20859076 0.00307903
v 0.01349287 0.21485198 0.00761413
v -0.01414827 0.17699401 -0.00020268
v -0.00374461 0.18677930 -0.00011865
v -0.01309376 0.19962855 -0.00024629
v -0.00185986 0.20045034 -0.00037241
v -0.00131504 0.19241248 0.01214714
v 0.03661814 0.19417151 0.00343356
v 0.01686616 0.20107825 0.00329356
v 0.01431320 0.20285405 0.00528600
v 0.01807967 0.19615018 0.00282809
v 0.02859410 0.19532099 0.00323630
v 0.01510896 0.19552204 0.00431643
v -0.00143950 0.21445268 -0.00045102
v 0.04031563 0.18751479 0.00395747
v 0.01546251 0.18831870 0.00378654
v 0.01784833 0.19307433 0.00696554
v 0.02563291 0.18434312 0.00289749
v 0.02765880 0.18507131 0.00406109
v 0.03254158 0.18407780 0.00366651
v 0.00333505 0.13772975 -0.00022065
v 0.00279514 0.14970716 -0.00003138
v -0.00253480 0.14547583 -0.00009120
v -0.01544526 0.13521112 -0.00009548
v 0.03222027 0.15707818 0.00299560
v 0.03453856 0.14975404 0.00363375
v 0.03525167 0.16158004 0.00404903
v 0.04140019 0.15139588 0.00398246
v 0.01569262 0.18192969 0.00306715
v 0.01892156 0.16939832 0.00289113
v 0.01881358 0.17718293 0.00283975
v 0.01935977 0.17257964 0.00921834
v 0.02817336 0.17083873 0.00304592
v -0.00232589 0.17617087 -0.00025546
v 0.03024259 0.17403222 0.00409268
v 0.00313370 0.18550081 -0.00010924
v -0.01501779 0.15121133 -0.00015632
v -0.00589284 0.16018354 -0.00011245
v 0.00326248 0.17537722 -0.00005932
v 0.02547334 0.14326648 0.00295492
v 0.01865655 0.15026257 0.00281320
v 0.01743403 0.13953028 0.00282664
v 0.01636924 0.14988145 0.00618935
v 0.01586504 0.14041328 0.00548475
v 0.01940073 0.15751809 0.00286290
v -0.00152470 0.18648672 0.01132776
v 0.01935058 0.16398025 0.00286337
v 0.01874709 0.17933344 0.00840402
v 0.03441901 0.17813992 0.00371646
v 0.03226615 0.16735994 0.00312432
v 0.03159506 0.14843407 0.00307749
v 0.02983731 0.13780142 0.00311496
v 0.03260407 0.13928021 0.00544366
v 0.00304221 0.16011500 0.00039470
v 0.00259221 0.16816734 -0.00009910
v -0.00087915 0.17483878 0.00888660
v 0.01885940 0.15151473 0.01149773
v 0.04097908 0.14036881 0.00431918
v -0.00019911 0.21588101 0.01483119
v 0.00085326 0.22181484 0.01220372
v 0.00021518 0.22240951 0.01725152
v 0.00313386 0.22517856 0.01651455
v 0.00035809 0.22733711 0.01241850
v 0.01110834 0.19206152 0.01657695
v 0.00556128 0.19455484 0.01513340
v 0.00383095 0.18925693 0.01713746
v 0.01162740 0.18728017 0.01569975
v 0.00704591 0.22872608 0.01625050
v 0.00794258 0.22145833 0.01820085
v 0.01450185 0.22845811 0.01563792
v 0.01084005 0.19536596 0.02073778
v 0.01259535 0.22115872 0.01857907
v 0.01246448 0.19416400 0.02277476
v 0.00508507 0.21797083 0.01790315
v 0.00952458 0.22880451 0.01100870
v 0.01951246 0.22555475 0.01476535
v 0.01109276 0.20070212 0.02769746
v 0.01154849 0.20110745 0.01896000
v 0.00707956 0.19967883 0.01882434
v 0.00316586 0.20913776 0.01713249
v 0.01013178 0.20975364 0.01852957
v 0.00763364 0.21369957 0.01710986
v 0.00676539 0.19732002 0.02480331
v 0.00588956 0.19903595 0.03348402
v 0.01060575 0.19835107 0.02409779
v 0.00721148 0.21743205 0.02099498
v 0.01013031 0.21949679 0.02514544
v 0.00888764 0.19661065 0.02896626
v 0.01084301 0.21514623 0.01985829
v 0.01485372 0.21695043 0.01758873
v 0.00948506 0.21682098 0.02642979
v 0.01110358 0.21685380 0.03134272
v 0.01035043 0.19918002 0.03613431
v 0.01509830 0.20595023 0.01212091
v 0.01574480 0.20259387 0.00982943
v 0.01058686 0.19230026 0.03490166
v 0.00853077 0.21902235 0.02902843
v 0.01331094 0.19614928 0.02672645
v 0.00648278 0.19157152 0.03778263
v 0.01344713 0.19377738 0.03359157
v -0.00151167 0.21010822 0.01291031
v 0.01325949 0.17161693 0.01594425
v 0.00690075 0.17630200 0.01859994
v 0.00982067 0.16902819 0.01686157
v 0.00049990 0.20949218 0.01651610
v 0.00272932 0.15393429 0.01753260
v 0.00640638 0.14959793 0.01765796
v 0.01105296 0.15816345 0.01759433
v 0.00992375 0.19486549 0.04685072
v 0.00556306 0.18744481 0.04899149
v 0.01102949 0.18419937 0.05016743
v 0.01795914 0.18526971 0.00773706
v 0.02006676 0.18316392 0.01739040
v 0.02058873 0.18156072 0.01262600
v 0.01933292 0.20343852 0.01370839
v 0.01446746 0.19772418 0.01851939
v 0.01888301 0.21396059 0.01218265
v 0.02036385 0.18842490 0.01821529
v 0.01126110 0.15178098 0.01748220
v 0.00633058 0.16607074 0.01877545
v 0.01551353 0.18911510 0.01742569
v 0.01877777 0.18079525 0.01870975
v 0.00168138 0.17574443 0.01892225
v 0.01527626 0.19404750 0.01653338
v 0.01077761 0.18086786 0.01696936
v 0.01535987 0.21355423 0.01577964
v 0.01176474 0.20751061 0.01625281
v 0.01360967 0.19073117 0.04392805
v 0.01294495 0.19676884 0.04082627
v 0.02037111 0.21677574 0.01600529
v 0.01723432 0.21083944 0.01491213
v 0.00629609 0.20444032 0.01604291
v 0.00012839 0.14642189 0.01562965
v 0.00056162 0.13734885 0.01542166
v 0.02022622 0.17115301 0.01591604
v 0.00034495 0.16749716 0.01738842
v 0.00134794 0.17288222 0.01550140
v -0.00157789 0.16661036 0.01283089
v 0.00081462 0.20155879 0.01832880
v 0.00462307 0.14589347 0.01609194
v 0.01356365 0.18530837 0.04884685
v 0.01370909 0.18451611 0.04560925
v 0.01890979 0.20803422 0.01614394
v 0.02018691 0.15593017 0.01582796
v 0.01850174 0.15624272 0.01090332
v 0.01985106 0.16191967 0.01588073
v 0.01524236 0.17526267 0.01816838
v 0.01504225 0.15879854 0.01931866
v 0.01588020 0.16582658 0.01671989
v 0.01688532 0.15544682 0.01707236
v 0.01881230 0.17092581 0.01878694
v 0.01174539 0.20398391 0.01656983
v 0.01117685 0.14529900 0.01730814
v 0.01519593 0.14736970 0.01868951
v -0.00117519 0.17650917 0.01407507
v 0.00294259 0.18569950 0.01660907
v 0.00095717 0.18265075 0.01840045
v 0.00694019 0.14095614 0.01824981
v 0.00696133 0.19486767 0.04372300
v -0.00099503 0.15431204 0.01334165
v 0.00044142 0.15733570 0.01542921
v 0.01899770 0.14621206 0.01569430
v 0.01745277 0.22227847 0.01740379
v 0.00779238 0.18756771 0.03974883
v 0.01953351 0.16094793 0.00812663
v 0.01520840 0.14494015 0.00558528
v 0.01489468 0.14638940 0.00939379
v 0.01375989 0.13871316 0.01865874
v 0.00685173 0.13453428 0.01769108
v 0.01093582 0.13649861 0.01672037
v 0.01610245 0.13995567 0.01000967
v 0.01478459 0.13365860 0.00600928
v 0.01897924 0.20132992 0.01634746
v 0.00448757 0.18306720 0.04557650
v 0.00993185 0.18268727 0.04258197
v 0.01967196 0.13553849 0.01497339
v 0.01746227 0.13141971 0.01637161
v 0.00763828 0.17627262 0.04882327
v 0.00917616 0.16924319 0.05029984
v 0.01408985 0.14153971 0.04865522
v 0.01410492 0.14775829 0.04514376
v 0.01196355 0.14949463 0.04975235
v 0.00752006 0.16966678 0.04709905
v 0.00957886 0.13960600 0.05013743
v 0.00924446 0.15372205 0.05012771
v 0.00838585 0.14673821 0.04820265
v 0.01313022 0.15444745 0.04967525
v 0.01350841 0.13324459 0.04423634
v 0.01348952 0.13441047 0.04973745
v 0.00698278 0.16386400 0.04501945
v 0.00653144 0.14269139 0.04620821
v 0.00944557 0.16024107 0.05004381
v 0.01317816 0.16641858 0.04821706
v 0.00830324 0.13448978 0.04704206
v 0.00639239 0.13316794 0.04584499
v 0.00553228 0.17312522 0.04553439
v 0.01056203 0.17262284 0.04249040
v 0.01276132 0.16115578 0.04311449
v 0.01421263 0.16469863 0.04533971
v 0.01248902 0.17810715 0.04907141
v 0.01220579 0.15242699 0.04144062
v 0.00700501 0.15196724 0.04540659
v 0.01121501 0.14765548 0.04306876
v 0.00909875 0.13226074 0.04330512
v 0.00090324 0.19593450 0.01634054
v 0.00682981 0.19702860 0.01736465
v 0.02013097 0.19417263 0.01592220
v -0.00272426 0.10495745 -0.00004932
v 0.00305350 0.11468581 0.00031553
v -0.00303430 0.11835920 -0.00005939
v 0.00326486 0.10067441 0.00017203
v 0.00073994 0.10309761 0.00776823
v -0.01543476 0.12127386 -0.00002703
v -0.01649929 0.10621340 -0.00002615
v 0.03971262 0.13117939 0.00450036
v -0.00289474 0.09319806 -0.00012586
v 0.00281535 0.12727206 0.00051617
v -0.01836281 0.04624773 0.00011698
v -0.01169621 0.03573599 0.00004999
v -0.01178657 0.05020799 0.00010942
v 0.00322784 0.03943815 0.00021161
v 0.02027462 0.13239121 0.00288503
v 0.01968658 0.11903443 0.00276424
v 0.02859443 0.11816445 0.00321446
v 0.02842438 0.13049632 0.00316643
v -0.01820928 0.07941532 -0.00002137
v 0.03006428 0.13047594 0.00499563
v 0.02912664 0.12239613 0.00509783
v 0.01860700 0.11792672 0.00538807
v 0.01893911 0.11038335 0.00331087
v 0.00292972 0.07897054 0.00007779
v -0.00420155 0.06826077 0.00003185
v 0.00297071 0.08989881 0.00022918
v 0.00349745 0.04989213 0.00027872
v 0.00084999 0.08818676 0.00668882
v 0.00377841 0.08306562 0.00171726
v 0.03631582 0.12344886 0.00426484
v 0.01780012 0.12707369 0.00474233
v -0.01829656 0.06005752 0.00003557
v 0.00399206 0.05683510 0.00026826
v 0.03711021 0.11615536 0.00351999
v 0.00283491 0.06247313 0.00041361
v 0.00214958 0.07803699 0.00398744
v 0.00250339 0.06877275 0.00107990
v 0.00485533 0.06214209 0.00340986
v 0.00200189 0.09248627 0.01589459
v 0.00278244 0.10452890 0.01594125
v 0.00057007 0.10444549 0.01477583
v 0.00589415 0.09639089 0.01632137
v 0.00986827 0.09969229 0.02402342
v 0.00679513 0.09963570 0.03064080
v 0.00588550 0.10130526 0.02614407
v 0.00010627 0.09547480 0.01437098
v 0.01090913 0.05916473 0.00246040
v 0.00549391 0.11355973 0.01796087
v 0.00244686 0.11538841 0.01664584
v 0.00320844 0.10955429 0.01706397
v 0.03259410 0.11448788 0.00476313
v 0.03235463 0.11100564 0.00322969
v 0.01178323 0.09910260 0.02644593
v 0.00919711 0.10859941 0.02621202
v 0.00801322 0.10532628 0.02514774
v 0.01072406 0.10085724 0.02970401
v 0.00090202 0.08349373 0.01475064
v -0.00193276 0.09284304 0.01004810
v 0.00584818 0.08212897 0.00429045
v -0.00066640 0.12325590 0.01310476
v 0.00967762 0.09267320 0.01553020
v 0.00893913 0.09993596 0.01819090
v 0.00248359 0.12189286 0.01802390
v 0.01231757 0.09693788 0.01815489
v 0.01514589 0.11880373 0.01905905
v 0.01114200 0.12286558 0.01736640
v 0.01045356 0.11374178 0.01854281
v 0.00437747 0.08766062 0.01603885
v 0.02082680 0.12039877 0.01554459
v 0.01588544 0.12842716 0.01053870
v 0.02004635 0.12813244 0.01552911
v 0.01339753 0.09061164 0.01816826
v 0.00170569 0.12734233 0.01769038
v 0.00765091 0.08671478 0.01613772
v 0.00460140 0.13014976 0.01663604
v 0.01531317 0.09116867 0.01657838
v 0.01451384 0.12530684 0.01936557
v 0.01490326 0.09950249 0.01899120
v 0.01602247 0.11260425 0.01881207
v 0.00691524 0.10861511 0.02121130
v 0.01490584 0.13294523 0.01955790
v 0.01970978 0.11199405 0.01295559
v 0.00181986 0.11711174 0.00614124
v 0.00137382 0.10381806 0.00884292
v 0.00930432 0.12841268 0.01770004
v 0.00067302 0.11775189 0.01483452
v 0.01889419 0.11287223 0.01638819
v 0.01430359 0.11036544 0.02010712
v 0.00702995 0.10483844 0.01692478
v 0.01530294 0.12206712 0.00667569
v 0.01423438 0.11664420 0.00511052
v 0.00998195 0.08461234 0.02066212
v 0.02575315 0.10567252 0.00322958
v 0.01880458 0.10396862 0.00261349
v 0.01273417 0.10158430 0.02042421
v 0.01318508 0.10514918 0.02474650
v 0.01169705 0.10764238 0.02808364
v 0.01773792 0.10888162 0.00597079
v 0.01487032 0.10711641 0.00628979
v 0.00992623 0.10917063 0.03556933
v 0.02454206 0.09871480 0.00292801
v 0.01373839 0.10401339 0.01693542
v 0.01961013 0.10632433 0.01665639
v 0.01868571 0.09574376 0.00290956
v 0.01547208 0.11257357 0.00977068
v 0.02966724 0.09624788 0.00312291
v 0.03797739 0.10599563 0.00400694
v 0.01603020 0.10618631 0.03104824
v 0.01531175 0.09976585 0.03085052
v 0.01400290 0.11991217 0.04963147
v 0.01295015 0.11704276 0.04499564
v 0.01343761 0.12564904 0.04817788
v 0.03336838 0.08208291 0.00380778
v 0.03913490 0.09578818 0.00371690
v 0.03266526 0.08895724 0.00397330
v 0.03443297 0.09835717 0.00403251
v 0.01022003 0.12347290 0.05006333
v 0.01040785 0.11459293 0.04967217
v 0.01896252 0.09579271 0.01646943
v 0.00902243 0.10465352 0.04278890
v 0.01164100 0.10234716 0.04378119
v 0.00780008 0.10867878 0.04740570
v 0.00781060 0.11992198 0.04742070
v 0.00725331 0.11669514 0.04384375
v 0.01468676 0.10497999 0.00475371
v 0.01519327 0.08516012 0.01671469
v 0.01420941 0.10946461 0.04737115
v 0.01298816 0.10002345 0.03788017
v 0.01917109 0.09882003 0.01064432
v 0.01655400 0.08914285 0.01082518
v 0.01588426 0.10275358 0.01043574
v 0.02010298 0.09242305 0.01366786
v 0.02096378 0.10346153 0.01499242
v 0.01277017 0.09640188 0.00718528
v 0.01083891 0.11858849 0.04307914
v 0.00756707 0.12351302 0.04513397
v 0.00640704 0.10662239 0.03986969
v 0.01145949 0.11402129 0.03940044
v 0.01554876 0.11005854 0.03618298
v 0.02686556 0.08767430 0.00302414
v 0.01246465 0.11249040 0.04194321
v 0.01992984 0.08456317 0.01213326
v 0.02006610 0.08323806 0.01525755
v 0.00942830 0.06264908 0.00340401
v 0.00603680 0.10159988 0.03738970
v 0.00630831 0.05526912 0.00602419
v 0.00284820 0.05660133 0.00536239
v -0.00028112 0.05721402 0.00834896
v 0.00088550 0.05959715 0.00765163
v 0.00406785 0.07196582 0.01553656
v 0.00122142 0.07602606 0.01559405
v 0.00127212 0.07310992 0.01281416
v 0.00063580 0.07392788 0.00525527
v 0.00099839 0.07356860 0.00897028
v 0.01974777 0.05878943 0.01363605
v 0.01363419 0.05559957 0.00330555
v -0.00077933 0.04443526 0.01205791
v 0.01494692 0.07614327 0.00976445
v 0.01206057 0.07605537 0.00455991
v 0.01313763 0.08298822 0.00792696
v 0.00957898 0.07482051 0.00447002
v 0.00998441 0.07511214 0.00782915
v 0.01183915 0.03853912 0.01523502
v 0.01420452 0.04749281 0.01545624
v 0.00518577 0.04593880 0.01531138
v 0.00740802 0.05882660 0.01535595
v 0.00106339 0.05910100 0.01498285
v 0.00537987 0.08253920 0.01756854
v 0.00549416 0.03790555 0.01505187
v 0.00942922 0.05178522 0.01546301
v 0.01794961 0.08026380 0.00292873
v 0.01971143 0.08840528 0.00360440
v 0.01510780 0.08737780 0.00557948
v -0.00041080 0.05166369 0.01467529
v 0.02412173 0.08199440 0.00306952
v 0.01937289 0.06181970 0.00361200
v 0.02610028 0.06660512 0.00346148
v 0.01260819 0.07118190 0.00380736
v 0.00842189 0.06989389 0.01059588
v 0.01036210 0.07100076 0.00927156
v 0.01524384 0.06965374 0.01482284
v 0.03009449 0.07270611 0.00351424
v 0.02984953 0.08642473 0.00515914
v 0.02472035 0.05799720 0.00252590
v 0.01142253 0.07063388 0.01733695
v 0.00055144 0.04383800 0.01538800
v 0.02296119 0.07698684 0.00484364
v 0.02945364 0.06162935 0.00361495
v 0.00646719 0.07024419 0.00409491
v 0.00345742 0.07479975 0.00599248
v 0.02681942 0.07734062 0.00389762
v 0.01558671 0.10325188 0.04165988
v 0.00789951 0.06649760 0.00183006
v 0.00087345 0.04052962 0.00722461
v 0.00327229 0.03265782 0.00433638
v 0.01676089 0.07956364 0.01750832
v 0.01979774 0.07529421 0.01336792
v 0.01797505 0.05811709 0.01533805
v 0.01769183 0.07608033 0.00461447
v 0.03995883 0.06515750 0.00371442
v 0.02023961 0.07278943 0.00353475
v 0.02007627 0.07396159 0.01694035
v 0.00756234 0.08157127 0.01897300
v 0.03869102 0.05227118 0.01541469
v 0.04075880 0.04360669 0.01526031
v 0.02853965 0.05922355 0.01547131
v 0.02348288 0.05291990 0.01563562
v 0.03193049 0.05278484 0.01571209
v 0.01330534 0.08025707 0.02108025
v 0.01269027 0.08218517 0.02322119
v 0.01930354 0.04630640 0.01568002
v -0.00020129 0.03686710 0.01477470
v 0.01322057 0.07670848 0.01773703
v 0.02772488 0.04648743 0.01548798
v 0.04215200 0.05611984 0.00859112
v 0.03498796 0.05588813 0.00531010
v 0.03201834 0.05660791 0.00917479
v 0.03900903 0.05820275 0.01529553
v 0.03670945 0.06217896 0.00506591
v 0.04168196 0.06377593 0.00557049
v 0.01988749 0.05596679 0.00214789
v 0.02436825 0.05477552 0.00649805
v 0.00763221 0.08360349 0.02365743
v 0.01708194 0.03631982 0.01523305
v 0.03005006 0.05584457 0.00531497
v 0.03647592 0.03737820 0.01512326
v 0.03607850 0.04629629 0.01544026
v 0.02986441 0.03943864 0.01539983
v 0.00918694 0.07965363 0.02011360
v 0.01169886 0.08141750 0.02632217
v 0.02154573 0.04027829 0.01535947
v 0.02501120 0.03460889 0.01516849
v 0.01342336 0.09528527 0.00433790
v 0.01101308 0.08510304 0.03109429
v 0.00980277 0.08175090 0.03065853
v -0.00729315 0.01597394 -0.00001478
v -0.01461293 0.01849807 0.00006174
v 0.00322968 0.02057213 0.00039838
v 0.00312572 0.02953910 0.00034904
v -0.01286131 0.02781806 0.00010875
v 0.03564980 0.02478127 0.01468359
v 0.02457419 0.02480590 0.01476794
v 0.00772532 0.01906911 0.01467836
v 0.01797272 0.02808388 0.01487644
v 0.01857119 0.01989687 0.01480317
v 0.01534922 0.01599846 0.01475859
v 0.03493972 0.03246776 0.01498000
v 0.03093806 0.01965859 0.01479711
v 0.02331394 0.01525170 0.01484080
v 0.00702160 0.02866057 0.01471500
v 0.03900252 0.01694106 0.01480517
v 0.00031430 0.02423129 0.00899070
v 0.00052314 0.02946764 0.01457812
v 0.04250000 -0.00916529 0.00009940
v 0.04250000 -0.00053728 0.00015313
v 0.04250000 0.00028835 0.01508616
v 0.04250000 0.00174165 0.01553656
v 0.04250000 -0.00029108 0.00613886
v 0.04250000 -0.00035533 0.01406465
v 0.04250000 0.00232076 0.00134672
v 0.04250000 -0.00025589 0.00015529
v 0.04250000 0.00243257 0.00112155
v 0.04250000 0.00439769 0.01518077
v 0.04250000 0.28132597 0.00290607
v 0.04250000 0.28577653 0.00298213
v 0.04250000 0.25224139 0.00289832
v 0.04250000 0.25607506 0.00299561
v 0.04250000 0.30268820 -0.00013586
v 0.04250000 0.30409678 -0.00008661
v 0.04250000 0.28104113 0.00718749
v 0.04250000 0.28146594 0.00459474
v 0.04250000 0.28090653 0.00907171
v 0.04250000 0.23721370 0.00331539
v 0.04250000 0.24816512 0.00295358
v 0.04250000 0.31401175 -0.00024792
v 0.04250000 0.31741478 -0.00027209
v 0.04250000 0.30079773 0.00005430
v 0.04250000 0.26109729 0.00419196
v 0.04250000 0.26172074 0.00433860
v 0.04250000 0.26170705 0.00464526
v 0.04250000 0.26183914 0.00582357
v 0.04250000 0.29721961 0.00189744
v 0.04250000 0.29699480 0.00032184
v 0.04250000 0.30648496 -0.00013345
v 0.04250000 0.29505408 0.00341832
v 0.04250000 0.29513850 0.00332869
v 0.04250000 0.29265887 0.00318089
v 0.04250000 0.27746198 0.00925359
v 0.04250000 0.26769502 0.00943721
v 0.04250000 0.27136078 0.00976203
v 0.04250000 0.26271022 0.00930841
v 0.04250000 0.27248615 0.00982260
v 0.04250000 0.27554474 0.00946555
v 0.04250000 0.22590212 0.00308171
v 0.04250000 0.22614532 0.00307836
v 0.04250000 0.22377298 0.00312181
v 0.04250000 0.22652917 0.00307659
v 0.04250000 0.23423587 0.00314587
v 0.04250000 0.23705450 0.00331740
v 0.04250000 0.12165600 0.00386272
v 0.04250000 0.12491610 0.00403344
v 0.04250000 0.11998842 0.00369906
v 0.04250000 0.07000752 0.00365538
v 0.04250000 0.07231891 0.00371410
v 0.04250000 0.06721738 0.00370080
v 0.04250000 0.04306898 0.01525659
v 0.04250000 0.04673615 0.01532511
v 0.04250000 0.08640967 0.00378742
v 0.04250000 0.09173118 0.00374958
v 0.04250000 0.05801175 0.01524229
v 0.04250000 0.05620714 0.00895625
v 0.04250000 0.05439537 0.01531178
v 0.04250000 0.06508255 0.00513407
v 0.04250000 0.05653883 0.00487223
v 0.04250000 0.05727074 0.00485509
v 0.04250000 0.04044688 0.01520582
v 0.04250000 0.06153985 0.00512559
v 0.04250000 0.06339246 0.00551698
v 0.04250000 0.05626958 0.00743323
v 0.04250000 0.10273217 0.00406625
v 0.04250000 0.10398478 0.00400377
v 0.04250000 0.10090442 0.00400673
v 0.04250000 0.03199990 0.01499745
v 0.04250000 0.03278659 0.01501941
v 0.04250000 0.02205559 0.01482012
v 0.04250000 0.02343863 0.01480848
v 0.04250000 0.03092320 0.01495546
v 0.04250000 0.00895564 0.01498765
v 0.04250000 0.01361247 0.01493104
v 0.04250000 -0.00046152 0.01476092
v 0.04250000 0.29773810 0.00342418
v 0.04250000 0.25000045 0.00278157
v 0.04250000 0.28941962 0.00290187
v 0.04250000 0.26202685 0.00933612
v 0.04250000 0.21632853 0.00325851
v 0.04250000 0.11512632 0.00374026
v 0.04250000 0.05614582 0.00879410
v 0.04250000 0.06378985 0.00545966
v 0.04250000 0.05161344 0.01552698
v 0.04250000 0.05592127 0.00855094
v 0.04250000 0.01754987 0.01484031
v 0.10458811 0.19657143 0.03320000
v 0.10764283 0.18937728 0.03320000
v 0.11029929 0.19584938 0.03320000
v 0.11496200 0.19015461 0.03320000
v 0.10880163 0.18643447 0.03320000
v 0.11577439 0.18979682 0.03320000
v 0.11585783 0.19117147 0.03320000
v 0.10473672 0.18824013 0.03320000
v 0.11189762 0.18764747 0.03320000
v 0.11393085 0.18179799 0.03320000
v 0.11365174 0.17247722 0.03320000
v 0.11687648 0.18273685 0.03320000
v 0.11544823 0.18228194 0.03320000
v 0.10259440 0.19023709 0.03320000
v 0.10646288 0.18967160 0.03320000
v 0.10406457 0.18167834 0.03320000
v 0.10624231 0.17453506 0.03320000
v 0.10959649 0.17347733 0.03320000
v 0.10987656 0.19051648 0.03320000
v 0.11181544 0.18443881 0.03320000
v 0.10352294 0.17283618 0.03320000
v 0.11580539 0.19091816 0.03320000
v 0.11199984 0.18679767 0.03320000
v 0.11112011 0.19023883 0.03320000
v 0.11734421 0.16180910 0.03320000
v 0.10406325 0.16928756 0.03320000
v 0.11612221 0.14580519 0.03320000
v 0.11679494 0.13699053 0.03320000
v 0.10436600 0.16469894 0.03320000
v 0.10973389 0.16008368 0.03320000
v 0.11107623 0.15411577 0.03320000
v 0.11345835 0.15442839 0.03320000
v 0.11229069 0.13721316 0.03320000
v 0.11099919 0.14583579 0.03320000
v 0.11082021 0.13950627 0.03320000
v 0.10993211 0.17118538 0.03320000
v 0.10295131 0.14770697 0.03320000
v 0.10705167 0.14891477 0.03320000
v 0.11616443 0.15554425 0.03320000
v 0.10392259 0.13821009 0.03320000
v 0.10646163 0.16053490 0.03320000
v 0.10860669 0.13697197 0.03320000
v 0.10613324 0.14165131 0.03320000
v 0.11466510 0.14386510 0.03320000
v 0.11527096 0.13445333 0.03320000
v 0.10968249 0.12733136 0.03320000
v 0.10557294 0.12078300 0.03320000
v 0.11206930 0.13198264 0.03320000
v 0.11442196 0.12676698 0.03320000
v 0.11557312 0.12413798 0.03320000
v 0.11371153 0.12922830 0.03320000
v 0.11149231 0.12479346 0.03320000
v 0.11238565 0.12523765 0.03320000
v 0.11588260 0.11900443 0.03320000
v 0.11651345 0.12531153 0.03320000
v 0.11746094 0.12261221 0.03320000
v 0.11585907 0.11547967 0.03320000
v 0.11770000 0.19355237 0.03320000
v 0.11770000 0.19397353 0.03320000
v 0.11770000 0.19437736 0.03320000
v 0.11770000 0.19312946 0.03320000
v 0.11770000 0.19127977 0.03320000
v 0.11770000 0.19053296 0.03320000
v 0.11770000 0.18957238 0.03320000
v 0.11770000 0.19039847 0.03320000
v 0.11770000 0.18443354 0.03320000
v 0.11770000 0.18595933 0.03320000
v 0.11770000 0.18850540 0.03320000
v 0.11770000 0.18696472 0.03320000
v 0.11770000 0.18606470 0.03320000
v 0.11770000 0.18708010 0.03320000
v 0.11770000 0.17655277 0.03320000
v 0.11770000 0.18215771 0.03320000
v 0.11770000 0.18552273 0.03320000
v 0.11770000 0.18479151 0.03320000
v 0.11770000 0.16254742 0.03320000
v 0.11770000 0.17246799 0.03320000
v 0.11770000 0.13750012 0.03320000
v 0.11770000 0.14312228 0.03320000
v 0.11770000 0.19114234 0.03320000
v 0.11770000 0.15501127 0.03320000
v 0.11770000 0.16123360 0.03320000
v 0.11770000 0.14763406 0.03320000
v 0.11770000 0.12304401 0.03320000
v 0.11770000 0.12607673 0.03320000
v 0.11770000 0.11859561 0.03320000
v 0.11770000 0.12223046 0.03320000
v 0.11770000 0.11651277 0.03320000
v 0.11770000 0.13534174 0.03320000
v 0.11770000 0.19165602 0.03320000
v 0.11770000 0.16188813 0.03320000
v 0.10868443 0.11420000 0.03320000
v 0.10925649 0.11420000 0.03320000
v 0.10941774 0.11420000 0.03320000
v 0.10965274 0.11420000 0.03320000
v 0.11030281 0.11420000 0.03320000
v 0.11655837 0.11420000 0.03320000
v 0.11770000 0.11420000 0.03320000
v 0.11504860 0.11420000 0.03320000
v 0.11650090 0.11420000 0.03320000
v 0.11085096 0.19810000 0.03320000
v 0.10753413 0.19810000 0.03320000
v 0.11339251 0.19810000 0.03320000
v 0.11353848 0.19810000 0.03320000
v 0.11770000 0.19810000 0.03320000
v 0.11770000 0.19810000 0.00308806
v 0.10250000 0.12559929 0.03320000
v 0.10250000 0.11988754 0.03320000
v 0.10250000 0.11610913 0.03320000
v 0.10250000 0.12252176 0.03320000
v 0.10250000 0.11420000 0.03320000
v 0.12597317 0.19433620 0.03320000
v 0.14017729 0.19402370 0.03320000
v 0.13349685 0.19432186 0.03320000
v 0.12226199 0.19790004 0.03320000
v 0.11832992 0.19381387 0.03320000
v 0.13640472 0.18532710 0.03320000
v 0.12110407 0.19070166 0.03320000
v 0.12334163 0.18387839 0.03320000
v 0.12754197 0.18320223 0.03320000
v 0.12802389 0.16290829 0.03320000
v 0.12341455 0.15519979 0.03320000
v 0.12910948 0.15069737 0.03320000
v 0.12322134 0.17585037 0.03320000
v 0.12394298 0.17055703 0.03320000
v 0.13000312 0.17432943 0.03320000
v 0.13529597 0.18007390 0.03320000
v 0.13128466 0.17998197 0.03320000
v 0.13810758 0.17489961 0.03320000
v 0.13941074 0.14700824 0.03320000
v 0.13292192 0.14882161 0.03320000
v 0.13370585 0.14385153 0.03320000
v 0.12458277 0.14735983 0.03320000
v 0.12084631 0.14406401 0.03320000
v 0.12826093 0.13570982 0.03320000
v 0.12861586 0.14238130 0.03320000
v 0.12384850 0.13571787 0.03320000
v 0.13218704 0.16424120 0.03320000
v 0.13740993 0.16048351 0.03320000
v 0.13331238 0.15541473 0.03320000
v 0.13802244 0.16751081 0.03320000
v 0.13763919 0.13722217 0.03320000
v 0.12334291 0.16463878 0.03320000
v 0.14213775 0.13615598 0.03320000
v 0.13842066 0.15435168 0.03320000
v 0.12804177 0.17965652 0.03320000
v 0.12000856 0.19141549 0.03320000
v 0.12401536 0.17331620 0.03320000
v 0.12224183 0.18761126 0.03320000
v 0.12247537 0.17245710 0.03320000
v 0.12097776 0.17985263 0.03320000
v 0.11892410 0.18560319 0.03320000
v 0.12378492 0.16205830 0.03320000
v 0.11815948 0.18792026 0.03320000
v 0.11818529 0.18600230 0.03320000
v 0.12397070 0.18722995 0.03320000
v 0.12240778 0.19348947 0.03320000
v 0.12277858 0.16301615 0.03320000
v 0.12314045 0.15169451 0.03320000
v 0.12009347 0.15135827 0.03320000
v 0.12018387 0.13889865 0.03320000
v 0.12259783 0.15331130 0.03320000
v 0.12363997 0.13754788 0.03320000
v 0.11966701 0.13788825 0.03320000
v 0.12237777 0.13931682 0.03320000
v 0.14212343 0.12555894 0.03320000
v 0.13361031 0.12151703 0.03320000
v 0.13538583 0.11298659 0.03320000
v 0.14166253 0.10966868 0.03320000
v 0.12645592 0.12956534 0.03320000
v 0.12388443 0.12789942 0.03320000
v 0.12019629 0.12946068 0.03320000
v 0.12437755 0.12116129 0.03320000
v 0.12203443 0.12357422 0.03320000
v 0.12268159 0.11562802 0.03320000
v 0.13038769 0.11720386 0.03320000
v 0.13201348 0.13349482 0.03320000
v 0.12869765 0.10887573 0.03320000
v 0.12957715 0.12607393 0.03320000
v 0.12278570 0.12552601 0.03320000
v 0.12427610 0.11012437 0.03320000
v 0.12296199 0.10982762 0.03320000
v 0.12261968 0.10968654 0.03320000
v 0.12108968 0.12916658 0.03320000
v 0.12211508 0.11860453 0.03320000
v 0.12305577 0.11582292 0.03320000
v 0.11960912 0.10816894 0.03320000
v 0.12034948 0.11799962 0.03320000
v 0.11783092 0.11187133 0.03320000
v 0.11770000 0.11211090 0.03320000
v 0.11770000 0.10856826 0.03320000
v 0.11770000 0.11133714 0.03320000
v 0.11770000 0.11180926 0.03320000
v 0.11770000 0.11165140 0.03320000
v 0.14220000 0.19610382 0.03320000
v 0.14220000 0.19644482 0.03320000
v 0.14220000 0.19670645 0.03320000
v 0.14220000 0.16658046 0.03320000
v 0.14220000 0.16778942 0.03320000
v 0.14220000 0.13620410 0.03320000
v 0.14220000 0.14447410 0.03320000
v 0.14220000 0.16924197 0.03320000
v 0.14220000 0.15577465 0.03320000
v 0.14220000 0.15916414 0.03320000
v 0.14220000 0.15075270 0.03320000
v 0.14220000 0.18624685 0.03320000
v 0.14220000 0.19261226 0.03320000
v 0.14220000 0.18115977 0.03320000
v 0.14220000 0.18287958 0.03320000
v 0.14220000 0.17879912 0.03320000
v 0.14220000 0.11959551 0.03320000
v 0.14220000 0.12521664 0.03320000
v 0.14220000 0.11827262 0.03320000
v 0.14220000 0.11244995 0.03320000
v 0.14220000 0.10897835 0.03320000
v 0.14220000 0.12558074 0.03320000
v 0.14220000 0.13610129 0.03320000
v 0.14220000 0.19390373 0.03320000
v 0.14220000 0.17531135 0.03320000
v 0.14220000 0.14644452 0.03320000
v 0.14220000 0.14798964 0.03320000
v 0.14220000 0.10970350 0.03320000
v 0.14220000 0.13614579 0.03320000
v 0.13273145 0.19810000 0.03320000
v 0.12999610 0.19810000 0.03320000
v 0.12648019 0.19810000 0.03320000
v 0.12246835 0.19810000 0.03320000
v 0.12125582 0.19810000 0.03320000
v 0.11778916 0.19810000 0.03320000
v 0.13789336 0.19810000 0.03320000
v 0.13830648 0.19810000 0.03320000
v 0.12225686 0.19810000 0.03320000
v 0.12219010 0.19810000 0.03320000
v 0.12212972 0.19810000 0.03320000
v 0.14185674 0.19810000 0.03320000
v 0.14220000 0.19810000 0.03320000
v 0.13579989 0.10810000 0.03320000
v 0.14047251 0.10810000 0.03320000
v 0.12962756 0.10810000 0.03320000
v 0.12372111 0.10810000 0.03320000
v 0.12777085 0.10810000 0.03320000
v 0.12283597 0.10810000 0.03320000
v 0.12232910 0.10810000 0.03320000
v 0.11961968 0.10810000 0.03320000
v 0.12224634 0.10810000 0.03320000
v 0.12233218 0.10810000 0.03320000
v 0.12194726 0.10810000 0.03320000
v 0.12114218 0.10810000 0.03320000
v 0.11948369 0.10810000 0.03320000
v 0.11960504 0.10810000 0.03320000
v 0.11864769 0.10810000 0.03320000
v 0.11877825 0.10810000 0.03320000
v 0.11956964 0.10810000 0.03320000
v 0.11770000 0.10810000 0.03320000
v 0.14177751 0.10810000 0.03320000
v 0.14220000 0.10810000 0.03320000
v 0.12832748 0.10810000 0.03320000
v 0.11973626 0.10810000 0.03320000
v 0.14220000 0.19610382 0.00351372
v 0.14220000 0.19644482 0.00333582
v 0.14220000 0.19670645 0.00331735
v 0.14220000 0.16658046 0.00422436
v 0.14220000 0.16778942 0.00434157
v 0.14220000 0.13620410 0.00408654
v 0.14220000 0.14447410 0.00389513
v 0.14220000 0.16924197 0.00421509
v 0.14220000 0.15577465 0.00394215
v 0.14220000 0.15916414 0.00370111
v 0.14220000 0.15075270 0.00383873
v 0.14220000 0.18624685 0.00424781
v 0.14220000 0.19261226 0.00434555
v 0.14220000 0.18115977 0.00389936
v 0.14220000 0.18287958 0.00426495
v 0.14220000 0.17879912 0.00391841
v 0.14220000 0.11959551 0.00416710
v 0.14220000 0.12521664 0.00405342
v 0.14220000 0.11827262 0.00417038
v 0.14220000 0.11244995 0.00412922
v 0.14220000 0.12558074 0.00405094
v 0.14220000 0.13610129 0.00408815
v 0.14220000 0.19390373 0.00408922
v 0.14220000 0.17531135 0.00353217
v 0.14220000 0.14644452 0.00398611
v 0.14220000 0.14798964 0.00393463
v 0.14220000 0.10970350 0.00413932
v 0.14220000 0.10897835 0.00414024
v 0.14220000 0.13614579 0.00408721
v 0.13273145 0.19810000 0.00378212
v 0.12999610 0.19810000 0.00382026
v 0.12648019 0.19810000 0.00394308
v 0.12246835 0.19810000 0.00295204
v 0.12125582 0.19810000 0.00293309
v 0.11778916 0.19810000 0.00308418
v 0.13789336 0.19810000 0.00347510
v 0.13830648 0.19810000 0.00345052
v 0.12225686 0.19810000 0.00294585
v 0.12219010 0.19810000 0.00298160
v 0.12212972 0.19810000 0.00297847
v 0.14185674 0.19810000 0.00333371
v 0.14220000 0.19810000 0.00332242
v 0.13579989 0.10810000 0.00440626
v 0.14047251 0.10810000 0.00416043
v 0.12962756 0.10810000 0.00456412
v 0.12372111 0.10810000 0.00368543
v 0.12777085 0.10810000 0.00461557
v 0.12283597 0.10810000 0.00471739
v 0.12224634 0.10810000 0.01655377
v 0.12233218 0.10810000 0.01389819
v 0.12194726 0.10810000 0.01741221
v 0.12114218 0.10810000 0.01916440
v 0.11948369 0.10810000 0.00538458
v 0.11960504 0.10810000 0.00503823
v 0.11864769 0.10810000 0.02514573
v 0.11877825 0.10810000 0.02501080
v 0.11770000 0.10810000 0.00524253
v 0.14220000 0.10810000 0.00414232
v 0.14177751 0.10810000 0.00414675
v 0.12832748 0.10810000 0.00458853
v 0.11973626 0.10810000 0.00466372
v 0.11770000 0.10810000 0.02612509
v 0.10937594 0.11398653 0.03320000
v 0.11484942 0.10916451 0.03320000
v 0.11174677 0.10898667 0.03320000
v 0.10614649 0.10810000 0.03320000
v 0.11020551 0.10810000 0.03320000
v 0.11207934 0.10810000 0.03320000
v 0.11558592 0.10810000 0.03320000
v 0.11633333 0.10810000 0.03320000
v 0.11568460 0.10810000 0.03320000
v 0.11555031 0.10810000 0.03320000
v 0.11191426 0.10810000 0.03320000
v 0.11401507 0.10810000 0.03320000
v 0.11354698 0.10810000 0.03320000
v 0.11449273 0.10810000 0.03320000
v 0.11508040 0.10810000 0.03320000
v 0.11690663 0.10810000 0.03320000
v 0.10614649 0.10810000 0.03087693
v 0.11020551 0.10810000 0.03078658
v 0.11207934 0.10810000 0.03051087
v 0.11558592 0.10810000 0.02794676
v 0.11633333 0.10810000 0.00513369
v 0.11568460 0.10810000 0.02787191
v 0.11191426 0.10810000 0.00500798
v 0.11401507 0.10810000 0.00494906
v 0.11690663 0.10810000 0.02694497
v 0.10250000 0.11179368 0.03320000
v 0.10250000 0.11153500 0.03320000
v 0.10250000 0.11095793 0.03320000
v 0.10250000 0.10810000 0.03320000
v 0.10250000 0.10810000 0.03247494
v 0.10250000 0.10810000 0.03098770
v 0.40145623 0.08637878 0.08866242
v 0.40589617 0.09353484 0.08910197
v 0.40281979 0.09008341 0.08646921
v 0.40940537 0.10111069 0.08648312
v 0.40787298 0.09457222 0.09261749
v 0.42229637 0.11196169 0.10309513
v 0.41557533 0.10067847 0.10312593
v 0.42005776 0.10573077 0.10692584
v 0.40848287 0.10240996 0.08208721
v 0.41777238 0.10784785 0.09773771
v 0.41263031 0.09936086 0.09753650
v 0.42588654 0.11629412 0.10569705
v 0.42169571 0.11381941 0.09866973
v 0.40326039 0.08123636 0.10127875
v 0.40454140 0.08186932 0.10361757
v 0.40899640 0.09127648 0.10061817
v 0.40677141 0.08857867 0.09902543
v 0.41409302 0.10249709 0.09647821
v 0.41218461 0.10029041 0.09494637
v 0.40515155 0.08657617 0.09792524
v 0.41327002 0.10357350 0.09268427
v 0.40528887 0.07827470 0.11110662
v 0.40434635 0.10102480 0.07351717
v 0.40317768 0.08472544 0.09567396
v 0.40043107 0.07793595 0.09905234
v 0.41025923 0.08996595 0.10591262
v 0.40760266 0.08462585 0.10728482
v 0.40352640 0.07731431 0.10802711
v 0.41951445 0.11105226 0.09729738
v 0.42296081 0.10994669 0.10792868
v 0.42717148 0.11736029 0.10737671
v 0.41899307 0.11206043 0.09438981
v 0.41180419 0.09112804 0.10811734
v 0.40748753 0.08234348 0.11051301
v 0.41292860 0.09404004 0.10652956
v 0.41513449 0.10864129 0.08968191
v 0.41288631 0.10629782 0.08748166
v 0.41947111 0.11416765 0.09237185
v 0.41846827 0.10237559 0.10799417
v 0.42441860 0.11851693 0.09846205
v 0.40919235 0.09396786 0.09696731
v 0.41335820 0.11741645 0.07152509
v 0.41700264 0.12350602 0.07155270
v 0.41395699 0.12083351 0.06779608
v 0.41604692 0.11331492 0.08482352
v 0.42114963 0.12010033 0.08755178
v 0.41021148 0.11770144 0.06293741
v 0.42227818 0.12039367 0.09002057
v 0.40866698 0.11032121 0.07034095
v 0.40968240 0.11534440 0.06520916
v 0.40579134 0.10883197 0.06519635
v 0.40362348 0.10228629 0.06969652
v 0.42299858 0.10727225 0.11215850
v 0.42688628 0.11352474 0.11256425
v 0.41234971 0.11140670 0.07819907
v 0.40603809 0.09022829 0.09457807
v 0.42371940 0.10912747 0.11115850
v 0.41601821 0.09580522 0.11180185
v 0.42629655 0.12024122 0.10066033
v 0.41801428 0.12214321 0.07627757
v 0.42388658 0.11968869 0.09527418
v 0.39856797 0.09733512 0.06425659
v 0.40039352 0.09848741 0.06720292
v 0.40123422 0.09783897 0.07038150
v 0.39981122 0.07932768 0.09529723
v 0.39820880 0.08113522 0.08835563
v 0.39797758 0.08336300 0.08431502
v 0.39536634 0.08818163 0.07010925
v 0.39612838 0.08702879 0.07386344
v 0.39811678 0.09144599 0.07218714
v 0.39313208 0.08815429 0.06436664
v 0.39511235 0.09379871 0.06077319
v 0.39142954 0.08379851 0.06668818
v 0.40732352 0.11463037 0.06020482
v 0.40680676 0.11374909 0.06022844
v 0.40472962 0.11020670 0.06032340
v 0.40400435 0.10896982 0.06035655
v 0.41309657 0.12447581 0.05994090
v 0.41224736 0.12302756 0.05997972
v 0.39507856 0.09374764 0.06076460
v 0.39360358 0.09123220 0.06083202
v 0.39906472 0.10054570 0.06058237
v 0.39520571 0.09396450 0.06075878
v 0.39053373 0.08599683 0.06097236
v 0.39013828 0.08532243 0.06099044
v 0.39112747 0.08700941 0.06094522
v 0.39092218 0.08665930 0.06095460
v 0.40626518 0.11282546 0.06025320
v 0.40372587 0.10849490 0.06036928
v 0.40913402 0.11771803 0.06012205
v 0.39512755 0.09383119 0.06076236
v 0.38957196 0.08435662 0.06101633
v 0.39510806 0.09379795 0.06076325
v 0.39511418 0.09380839 0.06076297
v 0.40267028 0.07579463 0.10815839
v 0.40329488 0.07548458 0.11025461
v 0.40097311 0.07663712 0.10246249
v 0.40145818 0.07639633 0.10409043
v 0.40088907 0.07667884 0.10218043
v 0.40084117 0.07670261 0.10201969
v 0.40009166 0.07707468 0.09950422
v 0.40049760 0.07687317 0.10086660
v 0.39917443 0.07752999 0.09642592
v 0.39994555 0.07714721 0.09901386
v 0.39691807 0.07865006 0.08885330
v 0.39786075 0.07818211 0.09201704
v 0.39408451 0.08005665 0.07934356
v 0.39516908 0.07951827 0.08298350
v 0.39263731 0.08077505 0.07448658
v 0.39225147 0.08096658 0.07319166
v 0.39057789 0.08179735 0.06757493
v 0.39146562 0.08135668 0.07055425
v 0.40485385 0.07471070 0.11548670
v 0.38908357 0.08253913 0.06255985
v 0.38973899 0.08221379 0.06475948
v 0.38904990 0.08255585 0.06244683
v 0.38897569 0.08259269 0.06219777
v 0.40411793 0.07507602 0.11301685
v 0.39580243 0.07920387 0.08510909
v 0.39034730 0.08191182 0.06680106
v 0.38863641 0.08276111 0.06105910
v 0.40642800 0.07627468 0.11714606
v 0.40655369 0.07648904 0.11714032
v 0.40706544 0.07736178 0.11711692
v 0.40723960 0.07765880 0.11710896
v 0.42587658 0.10944256 0.11625697
v 0.42620778 0.11000741 0.11624183
v 0.42165749 0.10224728 0.11644985
v 0.42189862 0.10265851 0.11643882
v 0.42852372 0.11395704 0.11613595
v 0.42875843 0.11435731 0.11612523
v 0.41564708 0.09199703 0.11672461
v 0.41582907 0.09230740 0.11671629
v 0.43005169 0.11656285 0.11606610
v 0.43042961 0.11720737 0.11604883
v 0.42029987 0.09993196 0.11651191
v 0.42054137 0.10034382 0.11650087
v 0.40620186 0.07588902 0.11715640
v 0.40800173 0.07895854 0.11707412
v 0.42680123 0.11101948 0.11621470
v 0.42279218 0.10418240 0.11639797
v 0.41732025 0.09485049 0.11664812
v 0.41431030 0.08971727 0.11678572
v 0.40536279 0.07445807 0.11719476
v 0.41572505 0.12631959 0.06389784
v 0.41559683 0.12638323 0.06346753
v 0.42312007 0.12264867 0.08871637
v 0.42272661 0.12284398 0.08739588
v 0.42815744 0.12014809 0.10562236
v 0.42788269 0.12028448 0.10470025
v 0.41961196 0.12439011 0.07694276
v 0.41882360 0.12478145 0.07429694
v 0.42692007 0.12076233 0.10146960
v 0.42952440 0.11946953 0.11021004
v 0.42933172 0.11956517 0.10956339
v 0.42101503 0.12369362 0.08165161
v 0.42089143 0.12375498 0.08123678
v 0.42110335 0.12364977 0.08194803
v 0.42697131 0.12073690 0.10164155
v 0.41615905 0.12610415 0.06535439
v 0.42435677 0.12203477 0.09286686
v 0.42413355 0.12214557 0.09211772
v 0.42474452 0.12184228 0.09416822
v 0.42457007 0.12192888 0.09358275
v 0.41506362 0.12664792 0.06167801
v 0.41495065 0.12670400 0.06129888
v 0.42964036 0.11941197 0.11059921
v 0.42965508 0.11940466 0.11064860
v 0.43105695 0.11870877 0.11535343
v 0.43099926 0.11873740 0.11515981
v 0.42981891 0.11932333 0.11119843
v 0.42632573 0.12105736 0.09947493
v 0.42592408 0.12125674 0.09812695
v 0.42238123 0.12301543 0.08623673
v 0.41803116 0.12517482 0.07163740
v 0.41763101 0.12537346 0.07029446
v 0.42865823 0.11989950 0.10730307
v 0.41452655 0.12691453 0.05987553
v 0.43125293 0.11861148 0.11601119
v 0.43956065 0.05405148 0.10398669
v 0.44596639 0.08293380 0.10635001
v 0.45229564 0.08021501 0.10406199
v 0.44596821 0.08044099 0.10598076
v 0.44588618 0.08281637 0.10635654
v 0.45224435 0.08155549 0.10427554
v 0.45220832 0.08249700 0.10442554
v 0.45304356 0.08337655 0.10430676
v 0.44542380 0.07163775 0.10484088
v 0.44672032 0.07338359 0.10471279
v 0.44604314 0.07827126 0.10563751
v 0.46261728 0.09922535 0.10379834
v 0.45350031 0.08385753 0.10424181
v 0.45581048 0.08679945 0.10398860
v 0.44398358 0.06547949 0.10435914
v 0.44503979 0.06999574 0.10471243
v 0.44171438 0.05689677 0.10376581
v 0.44724042 0.07408393 0.10466141
v 0.45703990 0.08836507 0.10385385
v 0.46219724 0.09365948 0.10310025
v 0.46310701 0.09512975 0.10304664
v 0.44097470 0.05591958 0.10384167
v 0.47470548 0.09249246 0.09214180
v 0.47529840 0.09210226 0.09055529
v 0.46954224 0.09570051 0.09887517
v 0.47205249 0.09415189 0.09601428
v 0.46641921 0.09754207 0.09926000
v 0.45904212 0.10145837 0.08398757
v 0.45797865 0.10211720 0.08530255
v 0.45671715 0.10283326 0.08442044
v 0.47692116 0.09099784 0.08485179
v 0.47638802 0.09119232 0.08044446
v 0.47683239 0.09089106 0.07892639
v 0.47516194 0.09187255 0.07900089
v 0.46021703 0.10072617 0.08237355
v 0.43839625 0.11313322 0.06790069
v 0.43809665 0.11329210 0.06727416
v 0.45585846 0.10330121 0.08309398
v 0.45420476 0.10423941 0.08191985
v 0.44481843 0.10962805 0.07762194
v 0.44346898 0.11037920 0.07612525
v 0.43782937 0.11343154 0.06662907
v 0.43377793 0.11556643 0.05764824
v 0.43199154 0.11649280 0.05313011
v 0.46328906 0.09948000 0.10308401
v 0.46292567 0.09970498 0.10352795
v 0.47625659 0.09151434 0.08958284
v 0.47780269 0.09055770 0.08771534
v 0.43403774 0.11543170 0.05830535
v 0.43384217 0.11553312 0.05781073
v 0.46262591 0.09989056 0.10389416
v 0.41336390 0.08986260 0.05474159
v 0.41197240 0.08794003 0.05487184
v 0.41883525 0.09703458 0.05417214
v 0.41544259 0.09258740 0.05452524
v 0.42411994 0.10332804 0.05352836
v 0.41161389 0.08744469 0.05490540
v 0.40721717 0.07779057 0.05478751
v 0.42319943 0.10178855 0.05357493
v 0.42287671 0.10115703 0.05357768
v 0.42222012 0.10043080 0.05366591
v 0.42196246 0.10004632 0.05368581
v 0.40598188 0.07507817 0.05475439
v 0.43365696 0.05686881 0.07994668
v 0.43652008 0.05517993 0.07957236
v 0.45044380 0.04701942 0.07971838
v 0.45289176 0.04561719 0.08095605
v 0.42194796 0.06370550 0.07886135
v 0.42554714 0.06161401 0.07956876
v 0.41969929 0.06491016 0.07461291
v 0.41471794 0.06763966 0.06747235
v 0.44652336 0.04969162 0.09364731
v 0.44584226 0.05012424 0.09488776
v 0.44845517 0.04845168 0.08964879
v 0.45353221 0.04528013 0.08239145
v 0.45214306 0.04614668 0.08433128
v 0.45201694 0.04625785 0.08571974
v 0.44439177 0.05058283 0.08026653
v 0.45138812 0.04667482 0.08751949
v 0.44853180 0.04840296 0.08950739
v 0.44067515 0.05336453 0.10273908
v 0.40518121 0.07289715 0.05499252
v 0.40714652 0.07183466 0.05834627
v 0.40502619 0.07298099 0.05472896
v 0.44149979 0.05226973 0.07993573
v 0.44347857 0.05163658 0.09960080
v 0.44851765 0.04841154 0.08951802
v 0.40974729 0.07042862 0.06278440
v 0.40835655 0.07118049 0.06041114
v 0.45295993 0.07908842 0.07763248
v 0.44708398 0.09185360 0.07906667
v 0.45657756 0.10118357 0.08300422
v 0.46859744 0.07746819 0.07760698
v 0.47497843 0.08751877 0.07854145
v 0.43813479 0.09915151 0.07410586
v 0.44489832 0.10123068 0.07999007
v 0.44363079 0.10788185 0.07707510
v 0.43978205 0.08326198 0.07563930
v 0.43112148 0.08932081 0.07031161
v 0.46194243 0.06773320 0.08985062
v 0.45293431 0.05696475 0.09029094
v 0.46086204 0.06272389 0.08733226
v 0.45596781 0.05660206 0.08274025
v 0.45551519 0.05311594 0.08752255
v 0.43573930 0.05692125 0.07923099
v 0.45272879 0.05473137 0.07908986
v 0.45493029 0.04995323 0.08462570
v 0.44754125 0.06543735 0.07668094
v 0.42646256 0.07125731 0.07310190
v 0.46352489 0.07006014 0.08449972
v 0.46197385 0.06698093 0.07921661
v 0.46445295 0.07512343 0.08813780
v 0.46296338 0.07303989 0.09040162
v 0.46908780 0.07564570 0.08735047
v 0.45765324 0.06603644 0.07386314
v 0.46530738 0.07378592 0.07749345
v 0.46476298 0.07392084 0.08077290
v 0.45869684 0.07010944 0.07569261
v 0.46773459 0.08010126 0.09176594
v 0.46799911 0.07868552 0.08179033
v 0.45625012 0.06140970 0.09116603
v 0.44824691 0.06836572 0.10111847
v 0.44927040 0.05354697 0.09582188
v 0.45791737 0.07041062 0.09274806
v 0.45528426 0.07424167 0.09987274
v 0.45055330 0.07334128 0.10180090
v 0.45962432 0.07756138 0.09516157
v 0.46940694 0.08556550 0.09229056
v 0.44580257 0.05453905 0.09927439
v 0.47407272 0.09137107 0.09117915
v 0.46443049 0.09391578 0.10091901
v 0.47012467 0.08300727 0.08841539
v 0.47341252 0.08303087 0.08742161
v 0.47312491 0.08654741 0.08163996
v 0.47351319 0.07970278 0.08074789
v 0.44690366 0.05064470 0.09394858
v 0.42302806 0.10035316 0.05493623
v 0.43778313 0.11291838 0.06706290
v 0.40732351 0.11463037 0.06020481
v 0.40472962 0.11020670 0.06032339
v 0.39507855 0.09374764 0.06076459
v 0.40626517 0.11282546 0.06025320
v 0.40913403 0.11771804 0.06012205
v 0.39512754 0.09383119 0.06076235
v 0.39510805 0.09379795 0.06076324
v 0.39511418 0.09380840 0.06076297
v 0.40689455 0.11417421 0.05979893
v 0.40630614 0.11317072 0.05982583
v 0.40463782 0.11032555 0.05990210
v 0.40432690 0.10979530 0.05991631
v 0.41254975 0.12381867 0.05954040
v 0.40897398 0.11772050 0.05970387
v 0.39366069 0.09160499 0.06040392
v 0.39088468 0.08687075 0.06053082
v 0.39912260 0.10091982 0.06015422
v 0.39576500 0.09519372 0.06030772
v 0.38066188 0.06943665 0.06099816
v 0.37873275 0.06614668 0.06108635
v 0.39046751 0.08615931 0.06054989
v 0.38979178 0.08500691 0.06058078
v 0.38750993 0.08111540 0.06068510
v 0.38568448 0.07800225 0.06076855
v 0.38237615 0.07236018 0.06091980
v 0.39492782 0.09376598 0.06034599
v 0.39519074 0.09421437 0.06033397
v 0.37797631 0.06485664 0.06112093
v 0.38532348 0.07711120 0.06121055
v 0.38600935 0.07828090 0.06117919
v 0.38108972 0.06989089 0.06140410
v 0.38187769 0.07123470 0.06136807
v 0.38765957 0.08109520 0.06110376
v 0.38068142 0.06919457 0.06142276
v 0.37859834 0.06564205 0.06151799
v 0.37986570 0.06780343 0.06146005
v 0.37810139 0.06479455 0.06154071
v 0.38014887 0.06828635 0.06144711
v 0.41442769 0.12696360 0.05954374
v 0.41440147 0.12697662 0.05945575
v 0.43196770 0.11650516 0.05306983
v 0.43183098 0.11657606 0.05272404
v 0.42325191 0.10222809 0.05315808
v 0.42283036 0.10140319 0.05316167
v 0.42197271 0.10045458 0.05327691
v 0.42163615 0.09995236 0.05330291
v 0.41755135 0.09601838 0.05393816
v 0.40714064 0.07823459 0.05440976
v 0.40195527 0.06685576 0.05427177
v 0.40106627 0.06378895 0.05408304
v 0.40050276 0.06276354 0.05409928
v 0.39794899 0.05572323 0.05381887
v 0.41311977 0.09020937 0.05439939
v 0.41170233 0.08825096 0.05453207
v 0.39669428 0.05368724 0.05389159
v 0.40071391 0.06279999 0.05450799
v 0.39868718 0.05721265 0.05428545
v 0.40186666 0.06604768 0.05464488
v 0.40116113 0.06361378 0.05449510
v 0.39801829 0.05536863 0.05421201
v 0.39691037 0.05357084 0.05427621
v 0.39805501 0.05546985 0.05421604
v 0.40689455 0.11417421 0.05979894
v 0.40463782 0.11032556 0.05990210
v 0.40432690 0.10979531 0.05991631
v 0.41254976 0.12381868 0.05954040
v 0.40897398 0.11772049 0.05970387
v 0.39366068 0.09160499 0.06040392
v 0.39088468 0.08687075 0.06053083
v 0.39912261 0.10091983 0.06015423
v 0.38066189 0.06943666 0.06099816
v 0.37873275 0.06614669 0.06108635
v 0.38750993 0.08111541 0.06068510
v 0.38568448 0.07800226 0.06076855
v 0.38237615 0.07236019 0.06091979
v 0.40459663 0.11037890 0.05971303
v 0.36937330 0.05018493 0.06151422
v 0.37351757 0.05725264 0.06132476
v 0.37624544 0.06190478 0.06120006
v 0.37453091 0.05898080 0.06127844
v 0.40587163 0.11267712 0.05946343
v 0.40558210 0.11218336 0.05947667
v 0.40416433 0.10976547 0.05954148
v 0.39917461 0.10125593 0.05976959
v 0.40634294 0.11348091 0.05944189
v 0.40883020 0.11772271 0.05932818
v 0.40695284 0.11452104 0.05941401
v 0.41264516 0.12422880 0.05915378
v 0.37364224 0.05771267 0.06093680
v 0.37017019 0.05179138 0.06109553
v 0.38998927 0.08559112 0.06018950
v 0.38857517 0.08317950 0.06025414
v 0.39476590 0.09373725 0.05997113
v 0.39357144 0.09170021 0.06002574
v 0.37885351 0.06660004 0.06069857
v 0.37654451 0.06266225 0.06080413
v 0.39525953 0.09457909 0.05994857
v 0.39502061 0.09417165 0.05995949
v 0.38353186 0.07457857 0.06048470
v 0.38224840 0.07238974 0.06054337
v 0.39633769 0.09641780 0.05989928
v 0.39585247 0.09559031 0.05992146
v 0.40650917 0.11376440 0.05943429
v 0.41205851 0.12322831 0.05918060
v 0.39238689 0.08968006 0.06007989
v 0.39066655 0.08674617 0.06015854
v 0.36892657 0.04967049 0.06115238
v 0.37592764 0.06161022 0.06083233
v 0.37449121 0.05916052 0.06089799
v 0.38064434 0.06965415 0.06061670
v 0.39040803 0.08630529 0.06017035
v 0.38737550 0.08113356 0.06030899
v 0.38600879 0.07880276 0.06037147
v 0.40461311 0.11053083 0.05952097
v 0.41430865 0.12702269 0.05914423
v 0.41428910 0.12703240 0.05907863
v 0.36882772 0.04939071 0.06132872
v 0.36888958 0.04936000 0.06153633
v 0.36877721 0.04941578 0.06115921
v 0.42329905 0.10262297 0.05278358
v 0.42319757 0.10242438 0.05278445
v 0.42278872 0.10162434 0.05278793
v 0.42258225 0.10139597 0.05281568
v 0.42175044 0.10047594 0.05292744
v 0.42166948 0.10035513 0.05293370
v 0.42134300 0.09986795 0.05295892
v 0.41962166 0.09821017 0.05322661
v 0.40818165 0.08107028 0.05410015
v 0.40693438 0.07833325 0.05406695
v 0.40098105 0.06394632 0.05371285
v 0.40084846 0.06370503 0.05371667
v 0.40203488 0.06758174 0.05393657
v 0.40184308 0.06692008 0.05389585
v 0.38777344 0.04056668 0.05419015
v 0.38773429 0.04043191 0.05418188
v 0.38770857 0.04034333 0.05417644
v 0.38731921 0.04040211 0.05430115
v 0.38931523 0.04287208 0.05407175
v 0.38838525 0.04148151 0.05414316
v 0.39788673 0.05604179 0.05346569
v 0.39699976 0.05460254 0.05351709
v 0.41639788 0.09510542 0.05372795
v 0.40031306 0.06273079 0.05373210
v 0.38706961 0.04043979 0.05438110
v 0.39402901 0.04978199 0.05368926
v 0.41290045 0.09052090 0.05409196
v 0.41178179 0.08897530 0.05419667
v 0.39351582 0.04952515 0.05380418
v 0.39208564 0.04767150 0.05395615
v 0.43181098 0.11658644 0.05267344
v 0.43168674 0.11665086 0.05235923
v 0.38422104 0.04020329 0.05531256
v 0.38439633 0.04010680 0.05554724
v 0.38415254 0.04024100 0.05522087
v 0.38788277 0.04037705 0.05454838
v 0.38785593 0.04028462 0.05454271
v 0.38759151 0.04032454 0.05462740
v 0.38852080 0.04133108 0.05449938
v 0.39430417 0.04980888 0.05403011
v 0.39367453 0.04949376 0.05417110
v 0.39191983 0.04721951 0.05435755
v 0.36943472 0.05001430 0.06193691
v 0.37457509 0.05878075 0.06170192
v 0.37618187 0.06152098 0.06162846
v 0.37337880 0.05674057 0.06175660
v 0.37423662 0.05820351 0.06171739
v 0.36987055 0.05075756 0.06191698
v 0.37696428 0.06285530 0.06159269
v 0.37659918 0.06223266 0.06160938
v 0.36897802 0.04931610 0.06183313
v 0.36901466 0.04929791 0.06195611
v 0.38447314 0.04006452 0.05565005
v 0.38466770 0.03995741 0.05591051
v 0.38444180 0.04008177 0.05560810
v 0.38795996 0.04024317 0.05480128
v 0.38775232 0.04016762 0.05502250
v 0.38862451 0.04132736 0.05493416
v 0.38801844 0.04027740 0.05495945
v 0.39461044 0.04983881 0.05440950
v 0.39402175 0.04954418 0.05454133
v 0.39385119 0.04945882 0.05457953
v 0.39218680 0.04730162 0.05475638
v 0.39173527 0.04671639 0.05480436
v 0.39684516 0.05346502 0.05427999
v 0.38796726 0.04021226 0.05496506
v 0.39786074 0.07818211 0.09201703
v 0.39516908 0.07951826 0.08298350
v 0.39263731 0.08077505 0.07448659
v 0.38908358 0.08253914 0.06255985
v 0.38904989 0.08255585 0.06244682
v 0.39034730 0.08191182 0.06680105
v 0.39729533 0.06249653 0.11478746
v 0.40249734 0.07064903 0.11566062
v 0.39765458 0.06542228 0.11119730
v 0.39951971 0.07020213 0.10864152
v 0.39478282 0.06431102 0.10547875
v 0.39518141 0.06192123 0.11020300
v 0.39286286 0.05932121 0.10821694
v 0.39812693 0.07069092 0.10428019
v 0.40052704 0.07598304 0.10231809
v 0.39777678 0.07120057 0.10258618
v 0.39780984 0.07367769 0.09884460
v 0.39615456 0.07718002 0.08914768
v 0.38892329 0.06746498 0.08543455
v 0.39380562 0.06391635 0.10355838
v 0.39059626 0.06183348 0.09846686
v 0.38921844 0.06441076 0.09091754
v 0.39446512 0.06793290 0.09906032
v 0.39310492 0.07703885 0.08146976
v 0.39057004 0.07707184 0.07485557
v 0.39185131 0.06037805 0.10396504
v 0.39200978 0.05929079 0.10605517
v 0.39256284 0.07954374 0.07619614
v 0.39082183 0.07819159 0.07377749
v 0.38802172 0.07250227 0.07531757
v 0.38493686 0.06705427 0.07574757
v 0.38506294 0.06926387 0.07266016
v 0.38195818 0.06441109 0.07211901
v 0.38070763 0.06606426 0.06632697
v 0.38725516 0.07398980 0.07103458
v 0.38285263 0.07151861 0.06345371
v 0.38776139 0.07740372 0.06707077
v 0.38068753 0.06911888 0.06155551
v 0.38510621 0.07657492 0.06147657
v 0.38843413 0.08099061 0.06327080
v 0.39300113 0.05739825 0.11154595
v 0.39354901 0.05712629 0.11338466
v 0.39383058 0.05698652 0.11432964
v 0.38932055 0.05922532 0.09919346
v 0.38981017 0.05898227 0.10083669
v 0.38441549 0.06166021 0.08273153
v 0.38519166 0.06127492 0.08533646
v 0.38723911 0.06025856 0.09220793
v 0.38865555 0.05955542 0.09696167
v 0.39053512 0.05862240 0.10326971
v 0.39061344 0.05858351 0.10353259
v 0.39181630 0.05798642 0.10756948
v 0.39233014 0.05773135 0.10929401
v 0.39070885 0.05853616 0.10385277
v 0.39123273 0.05827610 0.10561098
v 0.38340875 0.06215996 0.07935280
v 0.37993032 0.06388666 0.06767880
v 0.38116825 0.06327215 0.07183342
v 0.37862738 0.06453345 0.06330597
v 0.37891768 0.06438934 0.06428027
v 0.37852764 0.06458296 0.06297124
v 0.38139757 0.06315831 0.07260307
v 0.39215448 0.05781854 0.10870447
v 0.37850273 0.06459532 0.06288766
v 0.37834093 0.06467565 0.06234463
v 0.39198079 0.05790476 0.10812154
v 0.39136748 0.05820922 0.10606321
v 0.39193204 0.05792896 0.10795793
v 0.39217358 0.05833729 0.10795244
v 0.39236084 0.05771611 0.10939704
v 0.39971457 0.06482551 0.11745297
v 0.40033499 0.06588359 0.11742461
v 0.39853933 0.06282123 0.11750669
v 0.39865066 0.06301110 0.11750161
v 0.39484913 0.05652792 0.11767539
v 0.39524608 0.05720488 0.11765725
v 0.40424238 0.07254730 0.11724598
v 0.40468112 0.07329553 0.11722592
v 0.40254202 0.06964748 0.11732371
v 0.39702739 0.06024275 0.11757581
v 0.39796316 0.06183862 0.11753303
v 0.40312673 0.07064466 0.11729698
v 0.39482778 0.05649151 0.11767637
v 0.40536279 0.07445806 0.11719476
v 0.39192595 0.05793198 0.10793751
v 0.39212298 0.05826507 0.10793303
v 0.39227574 0.05775835 0.10911144
v 0.40507146 0.05037888 0.11372000
v 0.40415204 0.05063642 0.10321549
v 0.40434907 0.05096951 0.10321101
v 0.40450183 0.05046279 0.10438942
v 0.43251166 0.03400474 0.10312192
v 0.43438783 0.04151040 0.10367305
v 0.43669528 0.04745943 0.10386544
v 0.43251207 0.03720173 0.10359466
v 0.43255137 0.03560653 0.10334700
v 0.43258221 0.03435535 0.10315275
v 0.43941866 0.05386388 0.10400125
v 0.43892791 0.05321555 0.10405158
v 0.42894138 0.03563543 0.08585679
v 0.43535895 0.03178698 0.08267094
v 0.43833958 0.03000251 0.08130102
v 0.43964570 0.02925406 0.08195084
v 0.41811478 0.04202903 0.08754403
v 0.42526230 0.03781219 0.08658295
v 0.41054894 0.04636750 0.08389173
v 0.41362049 0.04461321 0.08563672
v 0.40957218 0.04689455 0.08218738
v 0.40468354 0.04955140 0.07436496
v 0.40498454 0.04939562 0.07513784
v 0.44054674 0.02884491 0.08639714
v 0.44000603 0.02922577 0.08877747
v 0.40456383 0.05038799 0.10295561
v 0.40061275 0.05167464 0.06452573
v 0.40150209 0.05121479 0.06682521
v 0.40048607 0.05173889 0.06415188
v 0.40052802 0.05166305 0.06224028
v 0.40199612 0.05094931 0.06772811
v 0.39854138 0.05269229 0.05717924
v 0.43509362 0.03232926 0.09709712
v 0.43861929 0.03007392 0.09008381
v 0.39940580 0.05224163 0.05927627
v 0.44218020 0.03150341 0.08774550
v 0.44723251 0.04018914 0.08751641
v 0.44170849 0.03762498 0.08983296
v 0.43588775 0.04157626 0.08240206
v 0.44453835 0.03684721 0.08252989
v 0.44031571 0.03141733 0.08038612
v 0.44867097 0.03857892 0.08147153
v 0.44841630 0.04017652 0.08027608
v 0.43964125 0.04821896 0.08093700
v 0.42507618 0.05665271 0.08289584
v 0.45293357 0.04327918 0.08143477
v 0.42354525 0.04670916 0.08528796
v 0.41294990 0.04962516 0.08264798
v 0.42025135 0.05669029 0.08468991
v 0.41878908 0.05842148 0.08289124
v 0.41381421 0.05938716 0.07592772
v 0.40570764 0.05161413 0.07354617
v 0.40253691 0.05351353 0.06539315
v 0.40925683 0.06595749 0.06485468
v 0.43356847 0.03742996 0.10268302
v 0.43995692 0.04723836 0.10009543
v 0.44850327 0.04838370 0.08951550
v 0.45025337 0.04356591 0.08413167
v 0.40152589 0.06294017 0.05607967
v 0.38139758 0.06315832 0.07260307
v 0.38218691 0.06276649 0.07525216
v 0.39300114 0.05739826 0.11154596
v 0.39354901 0.05712630 0.11338466
v 0.39383058 0.05698652 0.11432965
v 0.38932055 0.05922532 0.09919347
v 0.38981017 0.05898227 0.10083670
v 0.38519166 0.06127491 0.08533645
v 0.38723911 0.06025855 0.09220793
v 0.38865555 0.05955543 0.09696167
v 0.39061345 0.05858352 0.10353260
v 0.39181629 0.05798641 0.10756948
v 0.39070885 0.05853616 0.10385278
v 0.39123273 0.05827611 0.10561098
v 0.38340875 0.06215997 0.07935280
v 0.37993032 0.06388667 0.06767880
v 0.38116825 0.06327216 0.07183343
v 0.37862737 0.06453345 0.06330597
v 0.37891768 0.06438934 0.06428028
v 0.37852764 0.06458297 0.06297124
v 0.39215448 0.05781855 0.10870447
v 0.37834093 0.06467564 0.06234463
v 0.39198079 0.05790477 0.10812154
v 0.39136748 0.05820921 0.10606321
v 0.38900045 0.04845588 0.11500357
v 0.39311282 0.05584508 0.11423480
v 0.39012856 0.05239056 0.11184531
v 0.39162468 0.05669469 0.10906910
v 0.38610241 0.05061235 0.10416830
v 0.38827342 0.05708450 0.09978987
v 0.38510315 0.05321879 0.09755408
v 0.38467861 0.05488718 0.09387720
v 0.38078584 0.04884646 0.09313115
v 0.38181668 0.05242089 0.09027764
v 0.37917204 0.04949447 0.08795156
v 0.38247088 0.05915611 0.08156549
v 0.37448346 0.04702663 0.07962489
v 0.37496441 0.05341441 0.07100097
v 0.37875274 0.05286795 0.08165387
v 0.38963303 0.05716220 0.10319008
v 0.37749743 0.05341817 0.07755357
v 0.38858910 0.04788004 0.11482819
v 0.38692807 0.04392207 0.11664260
v 0.38762735 0.05356808 0.10354998
v 0.38660135 0.04489583 0.11429222
v 0.38981829 0.05049013 0.11397815
v 0.38871002 0.05205047 0.10869791
v 0.37899547 0.05779033 0.07467721
v 0.38841968 0.05324537 0.10610006
v 0.37630963 0.04664766 0.08493866
v 0.38471620 0.04334710 0.11180404
v 0.38483701 0.04712047 0.10628695
v 0.38208308 0.04417744 0.10370359
v 0.37261334 0.05391609 0.06413858
v 0.38381685 0.05024906 0.09881188
v 0.37816559 0.05894285 0.07074786
v 0.37804788 0.06357544 0.06328571
v 0.37523396 0.05579763 0.06801678
v 0.39166759 0.05110208 0.11782084
v 0.39190233 0.05150240 0.11781011
v 0.38911708 0.04675241 0.11793743
v 0.38916066 0.04682672 0.11793544
v 0.38719847 0.04348038 0.11802514
v 0.38741573 0.04385089 0.11801521
v 0.38613711 0.04167031 0.11807366
v 0.38630863 0.04196283 0.11806582
v 0.38688657 0.04294845 0.11803940
v 0.38699829 0.04313899 0.11803429
v 0.39478257 0.05641441 0.11767843
v 0.39482778 0.05649150 0.11767637
v 0.39380966 0.05475519 0.11772291
v 0.38934778 0.04714584 0.11792689
v 0.38799945 0.04484638 0.11798853
v 0.39075174 0.04954017 0.11786271
v 0.39476114 0.05637786 0.11767941
v 0.37082241 0.04840054 0.06802312
v 0.37314827 0.04724597 0.07582897
v 0.38192573 0.04288880 0.10528713
v 0.38328306 0.04221502 0.10984249
v 0.37984203 0.04392316 0.09829399
v 0.38066795 0.04351317 0.10106587
v 0.37455009 0.04655010 0.08053364
v 0.37597672 0.04584192 0.08532157
v 0.37728062 0.04519465 0.08969761
v 0.37770405 0.04498446 0.09111869
v 0.37056696 0.04852734 0.06716582
v 0.37012899 0.04874475 0.06569592
v 0.36984013 0.04888815 0.06472647
v 0.38435463 0.04168308 0.11343881
v 0.38545437 0.04113717 0.11712966
v 0.37396059 0.04684273 0.07855523
v 0.37434670 0.04665106 0.07985107
v 0.37614067 0.04576053 0.08587181
v 0.37656690 0.04554895 0.08730229
v 0.37541844 0.04611905 0.08344792
v 0.37601232 0.04582424 0.08544108
v 0.38132653 0.04318624 0.10327617
v 0.38574104 0.04099486 0.11809177
v 0.39283396 0.05590665 0.11341764
v 0.39020039 0.05282320 0.11136286
v 0.38906151 0.05205998 0.10959331
v 0.38955165 0.05388606 0.10804105
v 0.38986168 0.05260948 0.11081609
v 0.39056518 0.05563155 0.10796843
v 0.39246080 0.05714448 0.11053901
v 0.39248479 0.05317791 0.11672952
v 0.39300308 0.05374278 0.11719872
v 0.39315246 0.05390559 0.11733395
v 0.39359302 0.05438574 0.11773282
v 0.39291766 0.05323397 0.11776369
v 0.39192595 0.05793198 0.10793750
v 0.39227574 0.05775834 0.10911144
v 0.40258565 0.04458705 0.11360401
v 0.40306599 0.04484080 0.11349842
v 0.39726967 0.04188759 0.11478870
v 0.39760335 0.04178880 0.11467467
v 0.38969274 0.04199200 0.11706179
v 0.39059930 0.04195118 0.11678564
v 0.38914419 0.03987592 0.11691225
v 0.38934429 0.04015138 0.11689337
v 0.39001852 0.04107955 0.11682977
v 0.38990182 0.04140639 0.11691288
v 0.40507432 0.05027311 0.11370351
v 0.39903621 0.04136455 0.11418497
v 0.39303506 0.04184153 0.11604365
v 0.40059012 0.04366940 0.11406288
v 0.40601177 0.04747394 0.11301015
v 0.40509497 0.05021145 0.11368823
v 0.38192573 0.04288881 0.10528713
v 0.38384754 0.04187818 0.10962447
v 0.38806235 0.03958093 0.11612240
v 0.38568469 0.04088941 0.11292510
v 0.38495700 0.04049964 0.08246672
v 0.38281892 0.04181824 0.08488760
v 0.38107767 0.04274206 0.08126218
v 0.38887673 0.03912373 0.11688069
v 0.40506004 0.04861109 0.10869562
v 0.40242648 0.04552764 0.10664084
v 0.40128760 0.04476441 0.10487129
v 0.40177774 0.04659049 0.10331903
v 0.40208777 0.04531391 0.10609407
v 0.40279127 0.04833598 0.10324641
v 0.40468689 0.04984892 0.10581699
v 0.40471088 0.04588234 0.11200750
v 0.40522916 0.04644722 0.11247670
v 0.40581911 0.04709017 0.11301080
v 0.40537854 0.04661002 0.11261193
v 0.40514375 0.04593840 0.11304167
v 0.40415204 0.05063642 0.10321548
v 0.40450183 0.05046278 0.10438942
v 0.43036330 0.02573890 0.10253944
v 0.43046462 0.02575339 0.10251140
v 0.41381104 0.02823062 0.10783997
v 0.41477564 0.02770131 0.10747426
v 0.41298228 0.02863236 0.10814633
v 0.41331072 0.02847316 0.10802492
v 0.42119935 0.02527465 0.10520130
v 0.42249405 0.02581356 0.10489524
v 0.42780597 0.02598207 0.10333740
v 0.42831434 0.02593373 0.10317878
v 0.41130654 0.02797806 0.10854886
v 0.41186716 0.02819695 0.10841419
v 0.43146954 0.02882560 0.10266638
v 0.43212248 0.03207060 0.10295180
v 0.43073266 0.02579172 0.10243720
v 0.43082793 0.02587239 0.10242074
v 0.40543207 0.04631921 0.11301209
v 0.40527595 0.04600824 0.11301261
v 0.41612094 0.02696311 0.10696422
v 0.42327833 0.02614002 0.10470984
v 0.40882777 0.02754620 0.10922357
v 0.43106017 0.02606904 0.10238063
v 0.43217155 0.03231446 0.10297324
v 0.39834265 0.03292229 0.09259730
v 0.40521823 0.02908393 0.09980728
v 0.40615033 0.02854520 0.10009883
v 0.40866269 0.02726199 0.10718540
v 0.39364912 0.03544785 0.08414521
v 0.39767748 0.03327123 0.09106437
v 0.39303691 0.03565382 0.07843722
v 0.38864895 0.03794017 0.06774499
v 0.39104198 0.03667995 0.07307877
v 0.38566531 0.03940824 0.05724605
v 0.38845315 0.03802272 0.06654133
v 0.40859748 0.02733919 0.10863886
v 0.40765187 0.02792021 0.10962926
v 0.40866246 0.02727898 0.10781411
v 0.39809118 0.03306639 0.09247250
v 0.39202721 0.03617287 0.07571334
v 0.39179797 0.03629526 0.07526484
v 0.38848817 0.03800531 0.06665809
v 0.40872965 0.02724570 0.10804253
v 0.40873912 0.02724101 0.10807473
v 0.40874694 0.02723714 0.10810130
v 0.43513877 0.02771089 0.08278290
v 0.42614411 0.03324308 0.08724800
v 0.43177392 0.01939627 0.08352505
v 0.43847432 0.02547200 0.08468644
v 0.42408568 0.02318751 0.09005155
v 0.41439516 0.03882335 0.08908935
v 0.40223636 0.04096413 0.08118704
v 0.40636632 0.04069246 0.08605842
v 0.40160086 0.03809388 0.08886558
v 0.43094288 0.02202047 0.09364877
v 0.42822661 0.02373762 0.09923639
v 0.42319687 0.02370615 0.09467378
v 0.39949891 0.03910861 0.07851017
v 0.43448534 0.01885578 0.08620603
v 0.42136047 0.02435423 0.10372417
v 0.42405288 0.02586833 0.10366097
v 0.42011636 0.02607909 0.09928829
v 0.41262304 0.02929074 0.10495055
v 0.41503344 0.02509320 0.10035875
v 0.41162871 0.02860145 0.09890145
v 0.42090140 0.02935258 0.09217844
v 0.43697197 0.02604730 0.09021758
v 0.40562973 0.04750177 0.10168800
v 0.40224351 0.04539534 0.10272454
v 0.39698574 0.03516009 0.08515475
v 0.39644927 0.03999047 0.07381766
v 0.38974367 0.04128723 0.05962595
v 0.39710702 0.04881492 0.06210671
v 0.39901495 0.05026929 0.05986558
v 0.42682097 0.12082147 0.10150788
v 0.42687220 0.12079603 0.10167983
v 0.42697130 0.12073689 0.10164155
v 0.40952870 0.12608846 0.06035744
v 0.41113819 0.12891261 0.06029559
v 0.38133330 0.04324232 0.10551594
v 0.40250897 0.11468369 0.06076217
v 0.40255924 0.11398717 0.06064417
v 0.40229987 0.11087804 0.06026158
v 0.39765138 0.10216487 0.06035790
v 0.40242715 0.11581754 0.06095426
v 0.40543019 0.11975157 0.06064135
v 0.40314107 0.11679560 0.06088621
v 0.37176320 0.05883394 0.06166254
v 0.36869809 0.05266981 0.06166409
v 0.38870305 0.08635863 0.06068627
v 0.38723758 0.08397766 0.06077075
v 0.39323243 0.09465230 0.06056340
v 0.39206316 0.09260023 0.06060827
v 0.37770253 0.06728685 0.06114311
v 0.37529855 0.06340574 0.06128535
v 0.39370749 0.09550523 0.06054800
v 0.39347757 0.09509242 0.06055545
v 0.38218774 0.07538063 0.06100383
v 0.38099436 0.07313805 0.06102771
v 0.39478148 0.09734642 0.06050032
v 0.39429814 0.09651781 0.06052178
v 0.40260009 0.11609703 0.06094407
v 0.40895433 0.12508063 0.06037951
v 0.39090358 0.09056518 0.06065278
v 0.38922505 0.08760635 0.06071528
v 0.37465630 0.06236885 0.06132335
v 0.37231500 0.06045911 0.06173850
v 0.37950288 0.07033528 0.06105756
v 0.38883717 0.08724265 0.06077706
v 0.38599433 0.08195773 0.06084243
v 0.38478670 0.07953201 0.06084347
v 0.40271692 0.11166233 0.06025332
v 0.36760024 0.05046194 0.06166464
v 0.36750497 0.05017495 0.06165058
v 0.37495878 0.00637544 0.00346704
v 0.38213350 0.00311892 0.00174518
v 0.39111700 0.00548446 0.00364685
v 0.37966217 0.01109361 0.00416376
v 0.37525632 0.01500017 0.00538929
v 0.37069340 0.01012694 0.00351098
v 0.40231195 0.00756822 0.00360749
v 0.39572470 0.01423759 0.00370453
v 0.38213197 0.00976818 0.01399690
v 0.38489450 0.01349424 0.02010109
v 0.38232752 0.01018895 0.01960623
v 0.35769181 0.00448259 0.00480026
v 0.36460662 0.01221310 0.00378353
v 0.35547743 0.00860265 0.00358922
v 0.34100143 0.00375915 0.00049946
v 0.33582600 0.00332413 0.00120121
v 0.32801813 0.00220096 0.00053432
v 0.34258134 0.00952119 0.00375945
v 0.33347092 0.00431266 0.00508079
v 0.33727549 0.00227575 0.00498860
v 0.36744930 0.00325122 0.00060198
v 0.36680006 0.00356400 0.00400644
v 0.36200207 0.00143321 0.00541634
v 0.34898398 0.00817275 0.00430172
v 0.37485817 0.00287129 0.00268586
v 0.34770719 0.01280033 0.00461624
v 0.34119923 0.01253708 0.00497758
v 0.32681038 0.00162233 0.00459266
v 0.40201829 0.00334194 0.00255283
v 0.38950316 0.00315970 0.00041139
v 0.39701803 0.00261495 0.00063530
v 0.32150428 0.00163833 0.00470534
v 0.32047488 0.00298212 0.00073219
v 0.31428526 0.00386593 0.00420441
v 0.32156757 0.00845235 0.00458462
v 0.33432816 0.01351245 0.00465919
v 0.36058211 0.00323025 0.00056484
v 0.35567034 0.00166249 0.00477998
v 0.35580250 0.00300743 0.00058031
v 0.34516061 0.00202448 0.00453736
v 0.34663657 0.00293311 0.00053706
v 0.37845862 0.01275244 0.01827391
v 0.15088669 0.00504480 0.00388234
v 0.16090724 0.00159069 0.00419879
v 0.16036954 0.00898848 0.00389142
v 0.28870935 0.00405257 0.00432804
v 0.29527698 0.00572714 0.00421878
v 0.28964432 0.01242429 0.00432044
v 0.30031691 0.00910685 0.00399169
v 0.27364983 0.00283349 0.00425601
v 0.26327315 0.00260337 0.00411081
v 0.26804428 0.00269346 0.00070958
v 0.27378842 0.00214277 0.00045169
v 0.28092449 0.00333226 0.00453494
v 0.26812172 0.01229707 0.00429930
v 0.25492675 0.01158850 0.00425703
v 0.27815182 0.01248823 0.00415922
v 0.31159670 0.00461399 0.00041116
v 0.30393933 0.00330857 0.00444717
v 0.31237300 0.01192963 0.00451745
v 0.37799385 0.00270840 0.00036156
v 0.38398250 -0.00331687 0.00040036
v 0.25565887 0.00284983 0.00412393
v 0.26025589 0.00302979 0.00029954
v 0.25250332 0.00269953 0.00023922
v 0.40752043 -0.00260945 0.00047720
v 0.24536077 0.00306019 0.00039550
v 0.24160947 0.00232924 0.00344012
v 0.23920449 0.00701230 0.00426017
v 0.30020304 0.00384083 0.00062847
v 0.28540377 0.00341810 0.00070679
v 0.29105015 0.00308838 0.00060109
v 0.28281191 0.00196521 0.00512590
v 0.22749954 0.00356825 0.00040198
v 0.21869700 -0.00386613 0.00011448
v 0.23337638 0.00228722 0.00022663
v 0.21156853 0.00342658 0.00061737
v 0.20493934 0.00107955 0.00477041
v 0.20248592 0.00328043 0.00039225
v 0.16894422 -0.00453633 0.00011550
v 0.15193428 0.00386499 0.00012744
v 0.21453505 0.00211458 0.00428586
v 0.22516333 0.00321373 0.00396955
v 0.21273971 0.00669051 0.00414684
v 0.15892177 0.00283716 0.00016746
v 0.16926460 0.00304854 0.00029500
v 0.24571098 -0.00562757 0.00016511
v 0.19669060 -0.00286066 0.00013422
v 0.18178290 0.00358622 0.00015705
v 0.22664509 0.01266790 0.00414183
v 0.23179642 0.00187210 0.00375284
v 0.28778305 -0.00385853 0.00024031
v 0.22046682 0.00344056 0.00068889
v 0.19005706 0.00304272 0.00016155
v 0.19576363 0.00247332 0.00434146
v 0.27989705 0.00270558 0.00038189
v 0.36608001 -0.00450308 0.00035094
v 0.20123062 0.00561970 0.00413132
v 0.35171266 -0.00449453 0.00031214
v 0.14509107 0.00373210 0.00036992
v 0.26403685 -0.00548327 0.00019941
v 0.18638325 0.00302265 0.00417559
v 0.18609369 0.00978617 0.00398202
v 0.17939320 0.00218731 0.00464539
v 0.33284077 -0.00303645 0.00034669
v 0.20843860 0.01147252 0.00392113
v 0.19794646 0.01085706 0.00405701
v 0.14533971 0.00422628 0.00371701
v 0.17146664 0.00783581 0.00393203
v 0.16878095 0.01636099 0.00406596
v 0.17425302 0.00148367 0.00405911
v 0.15100313 0.01085460 0.00382138
v 0.30215249 0.01523995 0.00454494
v 0.40974771 0.01226210 0.00366050
v 0.49259306 0.08707641 0.02236462
v 0.49191163 0.08374228 0.02374810
v 0.49178672 0.08499950 0.02958322
v 0.43050277 0.04268855 0.02154555
v 0.42841647 0.04271113 0.02873739
v 0.42636367 0.04072428 0.02623306
v 0.42761463 0.03863093 0.02267207
v 0.41027121 0.30383708 0.00022787
v 0.39925016 0.30925344 0.00027944
v 0.40051572 0.30337076 0.00029615
v 0.41805821 0.30878649 0.00040936
v 0.43353871 0.04581838 0.02651025
v 0.44351695 0.30577069 0.00040161
v 0.44097627 0.30944990 0.00039700
v 0.43489802 0.30334245 0.00055359
v 0.45208987 0.30447746 0.00030687
v 0.45766628 0.04599469 0.01392191
v 0.44831018 0.04201423 0.01494050
v 0.45405055 0.04164759 0.01359851
v 0.45141204 0.04741352 0.01467770
v 0.43818783 0.29708779 0.00056509
v 0.46029307 0.05160450 0.01344189
v 0.45490737 0.05409547 0.01376186
v 0.44821674 0.29727748 0.00083849
v 0.43290605 0.04278835 0.01596488
v 0.43469482 0.04448978 0.01796575
v 0.43181344 0.29765946 0.00114124
v 0.47586610 0.00294907 0.00030728
v 0.47322544 0.00444146 0.00081264
v 0.46338884 0.00387026 0.00054419
v 0.45702443 0.00614025 0.00373316
v 0.45147809 0.01419349 0.00367599
v 0.44732775 0.00506505 0.00393526
v 0.44246399 0.04854991 0.01970027
v 0.43879186 0.04722232 0.02222260
v 0.43750654 0.04800193 0.01275139
v 0.41097203 0.29676483 0.00036458
v 0.40015722 0.29630779 0.00038887
v 0.42423189 0.30513051 0.00011946
v 0.41633463 0.29858841 0.00060105
v 0.43609012 0.29890328 0.00488513
v 0.42518202 0.29816830 0.00417013
v 0.42897239 0.28962767 0.00411953
v 0.43539343 0.29216701 0.00405037
v 0.44423693 0.29893967 0.00482267
v 0.44724905 0.30149707 0.00651261
v 0.45205327 0.30160244 0.01015161
v 0.46461638 0.30136488 0.00958326
v 0.46173351 0.30137614 0.00645426
v 0.40064244 0.29691647 0.00410394
v 0.45178821 0.29504567 0.01422109
v 0.45418998 0.30100018 0.01451048
v 0.44286756 0.29488504 0.00449336
v 0.45494780 0.30943634 0.00044046
v 0.46101183 0.30114760 0.01459409
v 0.45323385 0.29309703 0.00424044
v 0.45262032 0.29851652 0.00476344
v 0.40761818 0.29940158 0.00481695
v 0.41412903 0.29899089 0.00332093
v 0.46914783 0.30194760 0.01445975
v 0.46015310 0.30384864 0.00038101
v 0.46117030 0.29731566 0.00784352
v 0.45365011 0.29002919 0.01318863
v 0.46817869 0.30838861 0.00050726
v 0.46429920 0.28997884 0.01419884
v 0.46339810 0.29598281 0.00638750
v 0.45350821 0.30064748 0.00668053
v 0.45583465 0.29727340 0.00086359
v 0.46733025 0.30306096 0.00052018
v 0.46963742 0.01215796 0.00341273
v 0.42980215 0.30922079 0.00033584
v 0.46073811 0.29711708 0.00052990
v 0.47402176 0.30109826 0.00674787
v 0.46846062 0.29699163 0.00109712
v 0.44903155 0.05692978 0.02030281
v 0.44984214 0.05628821 0.01656209
v 0.45471165 0.05951204 0.01536629
v 0.46717987 0.29178674 0.01503276
v 0.46940570 0.29965778 0.00880994
v 0.42050827 0.29717466 0.00084572
v 0.45809122 0.29624872 0.00556764
v 0.39513865 0.29848085 0.00053914
v 0.46747393 0.29267414 0.00436839
v 0.42626779 0.29760719 0.00059835
v 0.48140630 0.29786110 0.00088068
v 0.48034723 0.30326161 0.00037331
v 0.47478774 0.29685472 0.00068696
v 0.48822188 0.29764126 0.00064387
v 0.40711543 0.28940207 0.00407701
v 0.49321775 0.29091980 0.01483260
v 0.49182092 0.30184662 0.01450538
v 0.48600462 0.29644611 0.01459512
v 0.41592024 0.28893102 0.00419381
v 0.48844842 0.29898762 0.00513489
v 0.48912660 0.30232219 0.00872111
v 0.49739124 0.30195211 0.00748633
v 0.49447509 0.29648356 0.00072031
v 0.49049444 0.29692718 0.00569804
v 0.49720572 0.29516718 0.00396455
v 0.49707888 0.29184174 0.00054807
v 0.48572619 0.29065252 0.01303835
v 0.48433232 0.29563960 0.00579998
v 0.49671933 0.29674106 0.00628785
v 0.42295112 0.27214602 0.01015636
v 0.43172979 0.27323749 0.01026431
v 0.42256496 0.27820580 0.01181506
v 0.49856020 0.29132130 0.00455375
v 0.49844676 0.29265475 0.00721726
v 0.46324153 0.08021174 0.02710714
v 0.45894357 0.08816632 0.02773003
v 0.45687458 0.08028402 0.02851736
v 0.50194211 0.30089832 0.00513982
v 0.50221036 0.29248527 0.00626821
v 0.42181033 0.29144274 0.00425620
v 0.41564834 0.26709871 0.00425424
v 0.41414094 0.27004169 0.01026628
v 0.41437948 0.27434353 0.00424823
v 0.49484138 0.30687564 0.00050047
v 0.44772601 0.28400207 0.00411453
v 0.45516728 0.28398138 0.00461437
v 0.46157051 0.28737319 0.00528467
v 0.42916065 0.26907400 0.01064855
v 0.45160169 0.28357633 0.00993338
v 0.46024068 0.28451991 0.00858166
v 0.50220409 0.29782852 0.01455824
v 0.51087913 0.30645137 0.00034961
v 0.50515507 0.29564314 0.00034611
v 0.41869224 0.27390352 0.01082917
v 0.41399081 0.28278952 0.00388823
v 0.50187014 0.29041929 0.01499702
v 0.48043411 0.30021651 0.01030930
v 0.48048538 0.30038371 0.00576744
v 0.42759053 0.28351152 0.00510096
v 0.43018984 0.28479971 0.00902702
v 0.43569992 0.28263050 0.00530094
v 0.48462464 0.30323710 0.00880334
v 0.42783531 0.26542745 0.01065276
v 0.43686517 0.28329587 0.01002103
v 0.43225609 0.27868813 0.01125182
v 0.43756215 0.27103649 0.00927442
v 0.42567958 0.28272036 0.01021173
v 0.48117750 0.30205639 0.01460417
v 0.47418837 0.29684950 0.01446393
v 0.44190775 0.28375886 0.01001086
v 0.41624318 0.28140595 0.00600606
v 0.42146139 0.28292260 0.00574282
v 0.44280200 0.27789020 0.01062054
v 0.44083569 0.27107016 0.01035306
v 0.40030708 0.27765411 0.00419973
v 0.39502011 0.26916519 0.00391987
v 0.40011156 0.26329977 0.00406739
v 0.45427801 0.27447065 0.01065858
v 0.44866921 0.27115657 0.01041892
v 0.44503439 0.28813953 0.00465912
v 0.43294776 0.28733305 0.00497512
v 0.44135119 0.28558323 0.00445185
v 0.41814306 0.28275914 0.01011669
v 0.46693275 0.27966987 0.01051158
v 0.46093370 0.28008734 0.01106904
v 0.46724215 0.27654380 0.01153481
v 0.41446940 0.28102237 0.01000024
v 0.47676358 0.29351741 0.01492341
v 0.45900054 0.28934617 0.01491148
v 0.49804250 0.30104711 0.00989434
v 0.50180019 0.30197506 0.01379877
v 0.43709938 0.26584284 0.01097460
v 0.46514360 0.28988091 0.00518779
v 0.46694382 0.28392665 0.01001525
v 0.42039874 0.26469827 0.00626552
v 0.42093982 0.26131209 0.00409406
v 0.42457056 0.26282822 0.00439917
v 0.46165220 0.27256926 0.01089843
v 0.41562871 0.26198872 0.00405354
v 0.41692698 0.25538507 0.00425222
v 0.47859155 0.30756229 0.00066589
v 0.45058109 0.26618955 0.01089546
v 0.42570051 0.25537613 0.00420417
v 0.44519541 0.26388929 0.00951307
v 0.51368774 0.29848386 0.00026745
v 0.39764805 0.28873347 0.00412994
v 0.39151376 0.28170976 0.00431700
v 0.49662719 0.29172406 0.01093569
v 0.50136961 0.28783734 0.00899250
v 0.44525369 0.25554636 0.00419477
v 0.44962442 0.24625502 0.00433467
v 0.45650757 0.25539764 0.00422425
v 0.45646175 0.26322372 0.00447724
v 0.45703554 0.26382458 0.00893366
v 0.46513767 0.26549182 0.01123661
v 0.46287755 0.26568051 0.00525341
v 0.44446944 0.26363687 0.00457524
v 0.48885939 0.27539440 0.00368936
v 0.48326531 0.28729649 0.00524667
v 0.48617093 0.27800304 0.00452453
v 0.46004565 0.24880588 0.00437481
v 0.43399675 0.26300725 0.00424519
v 0.40592408 0.25430911 0.00416997
v 0.46965189 0.27258252 0.01074567
v 0.47913504 0.27579883 0.01074956
v 0.43397279 0.25339733 0.00447516
v 0.51334556 0.26765153 0.00034473
v 0.51321374 0.28485537 0.00042211
v 0.49955195 0.28153063 0.00047433
v 0.48733323 0.25380045 0.00432650
v 0.49413643 0.25311448 0.00456974
v 0.49652944 0.26163092 0.00492685
v 0.41399800 0.24442995 0.00450717
v 0.46672096 0.25283783 0.00429225
v 0.47501413 0.26467496 0.00930394
v 0.46668655 0.26334591 0.00450920
v 0.47600664 0.26490705 0.00429376
v 0.48187936 0.27078667 0.01095892
v 0.48543126 0.28290975 0.01048343
v 0.48520575 0.26638862 0.01072499
v 0.48660219 0.26747921 0.00441625
v 0.41648230 0.26571089 0.01047019
v 0.48557258 0.27042330 0.00668624
v 0.48475362 0.26174403 0.00402604
v 0.48725932 0.27470488 0.00995040
v 0.42518761 0.24724206 0.00460129
v 0.43155040 0.26348882 0.00881010
v 0.44021385 0.24447152 0.00449926
v 0.43216407 0.24707253 0.00457177
v 0.48760527 0.28920773 0.00422369
v 0.47119949 0.28817021 0.01228726
v 0.47068825 0.28882107 0.00615216
v 0.47110400 0.28456065 0.01055728
v 0.50038306 0.27573667 0.00038746
v 0.50120671 0.28018392 0.00400589
v 0.47661776 0.25299126 0.00438923
v 0.47634331 0.24801392 0.00464485
v 0.47923866 0.28574898 0.01018806
v 0.47989497 0.28940591 0.00923950
v 0.47729541 0.28770219 0.01449006
v 0.48474770 0.24760799 0.00430788
v 0.48337518 0.24233902 0.00471421
v 0.49022969 0.24365672 0.00454568
v 0.50179600 0.27039356 0.00489832
v 0.47456047 0.26828687 0.01262665
v 0.45680817 0.23814267 0.00447918
v 0.50211412 0.24833163 0.00411874
v 0.49772879 0.25060642 0.00464937
v 0.50245282 0.24090805 0.00481379
v 0.49487671 0.24384369 0.00466778
v 0.50048821 0.25729906 0.00455007
v 0.50088678 0.25995204 0.00032164
v 0.50275786 0.26349667 0.00473205
v 0.47279652 0.26643784 0.01191966
v 0.46240279 0.24148712 0.00457122
v 0.49751600 0.27266884 0.00496206
v 0.49209676 0.27506165 0.00451155
v 0.46882314 0.24211021 0.00444324
v 0.49659264 0.28686674 0.00470593
v 0.43415545 0.24146053 0.00489044
v 0.50098465 0.26811886 0.00057068
v 0.48392748 0.29112255 0.01513353
v 0.49816939 0.28622605 0.00051486
v 0.47836681 0.29204085 0.00460155
v 0.47505471 0.24092936 0.00480758
v 0.47503257 0.28148565 0.01038044
v 0.50215494 0.28575552 0.00667071
v 0.42737824 0.23890907 0.00467701
v 0.50716184 0.25699288 0.00017434
v 0.50070252 0.24945614 0.00022374
v 0.50916337 0.24465619 0.00030421
v 0.49246059 0.26535065 0.00461039
v 0.51334242 0.25460221 0.00020899
v 0.50003856 0.25414249 0.00014287
v 0.50171608 0.25495642 0.00399167
v 0.51380942 0.23609013 0.00027806
v 0.39944007 0.24437179 0.00447091
v 0.43932789 0.23619169 0.00459909
v 0.43142228 0.23078703 0.00463487
v 0.44027512 0.22319624 0.00447192
v 0.39532843 0.23877926 0.00446572
v 0.39755862 0.25390722 0.00421108
v 0.44834853 0.23325571 0.00460521
v 0.49775728 0.24231317 0.00043645
v 0.43206883 0.21455825 0.00471610
v 0.41102247 0.23870057 0.00472225
v 0.42618474 0.22700398 0.00466266
v 0.40486146 0.22919290 0.00421060
v 0.49957508 0.23857706 0.00045435
v 0.45109633 0.22198919 0.00443306
v 0.42609865 0.22066629 0.00469167
v 0.46372044 0.23064222 0.00458578
v 0.45479355 0.22984098 0.00447189
v 0.41207928 0.09168728 0.05294094
v 0.45810596 0.22132538 0.00453884
v 0.47067933 0.23114748 0.00454700
v 0.43929175 0.20387623 0.00441491
v 0.42862976 0.20393870 0.00453610
v 0.43414176 0.19699856 0.00467826
v 0.46747077 0.22152594 0.00466267
v 0.46420541 0.20391059 0.00537057
v 0.46600368 0.21004167 0.00468185
v 0.45639571 0.20318029 0.00538460
v 0.44058176 0.19407049 0.00470219
v 0.44610801 0.20812865 0.00458584
v 0.44526469 0.19663576 0.00489124
v 0.45103683 0.19940501 0.00524860
v 0.45356978 0.21235869 0.00453477
v 0.46504089 0.21573096 0.00460116
v 0.45729016 0.20821662 0.00501620
v 0.46102179 0.19139996 0.00452821
v 0.46374449 0.19757192 0.00592222
v 0.45749377 0.19515889 0.00529829
v 0.48614741 0.23062679 0.00503339
v 0.49068332 0.22792717 0.00525504
v 0.49193877 0.23690151 0.00462300
v 0.49358431 0.22830322 0.00676798
v 0.46696447 0.19438809 0.00474503
v 0.41383927 0.19449569 0.00429195
v 0.40380080 0.19388505 0.00445271
v 0.40788177 0.19226966 0.00390309
v 0.49964254 0.22983653 0.00423606
v 0.49523034 0.08504783 0.02443711
v 0.49309808 0.08082027 0.02072962
v 0.50099180 0.23540427 0.00359755
v 0.50263794 0.23174699 0.00531206
v 0.50054585 0.23182552 0.00040940
v 0.47477609 0.22667864 0.00454656
v 0.47871063 0.21913053 0.00426553
v 0.50241617 0.22359820 0.00609122
v 0.47195567 0.21629155 0.00419783
v 0.49564164 0.22878253 0.00761844
v 0.39388792 0.20418865 0.00412544
v 0.39635078 0.19146402 0.00427523
v 0.40524950 0.21048178 0.00447459
v 0.41735572 0.20279764 0.00457200
v 0.45596087 0.08326419 0.02894681
v 0.45092881 0.07525279 0.03045182
v 0.50257303 0.21484093 0.00575285
v 0.50109851 0.20885512 0.00767129
v 0.50221991 0.20918653 0.00625651
v 0.50189800 0.22786062 0.00704492
v 0.49920063 0.22401754 0.00571193
v 0.49203906 0.21016337 0.00933914
v 0.48953739 0.21791336 0.01033584
v 0.49302827 0.21323723 0.00701996
v 0.48350801 0.20772162 0.01324469
v 0.41577900 0.22412157 0.00455819
v 0.42152676 0.21003206 0.00454064
v 0.50182731 0.21650623 0.01157036
v 0.50191104 0.22804068 0.01303547
v 0.50208904 0.21018555 0.01555722
v 0.49065403 0.21114807 0.00480946
v 0.49126849 0.20386211 0.00270008
v 0.50301264 0.22631559 0.01473355
v 0.48828254 0.20200159 0.00869084
v 0.42072988 0.19265551 0.00434176
v 0.42575226 0.19383658 0.00433650
v 0.48912199 0.22366311 0.01081140
v 0.48727927 0.22885367 0.01420929
v 0.49335640 0.23127728 0.01545013
v 0.49160433 0.22306775 0.00671781
v 0.48264842 0.22383454 0.01623347
v 0.41508624 0.19008960 0.00461376
v 0.48675794 0.22518283 0.00690887
v 0.48152411 0.20065819 0.00384398
v 0.48873104 0.19516234 -0.00177721
v 0.48439166 0.20116185 0.00282725
v 0.48839755 0.19566295 0.00144750
v 0.42610098 0.18895624 0.00504544
v 0.43468064 0.18811535 0.00500827
v 0.46778508 0.20113787 0.00441031
v 0.48019696 0.20841083 0.00404863
v 0.47562261 0.19548047 0.00505895
v 0.50279877 0.20312982 0.01287740
v 0.50219210 0.19776546 0.00604373
v 0.50147330 0.19168934 0.00834266
v 0.49037748 0.19921841 0.00291735
v 0.49123914 0.19315389 0.00687390
v 0.49118389 0.19342287 0.00455952
v 0.48379563 0.21528982 0.00474638
v 0.48259699 0.19354295 0.00257524
v 0.50247891 0.18335845 0.00514549
v 0.49873351 0.19275959 0.00090115
v 0.48596579 0.20669374 0.00422268
v 0.48418734 0.19614209 0.01155647
v 0.47387107 0.18944120 0.00475999
v 0.41176516 0.18642773 0.00508645
v 0.40474150 0.18189300 0.00410081
v 0.40767816 0.18245597 0.00541316
v 0.45157569 0.18243708 0.00553136
v 0.44199655 0.18218937 0.00436118
v 0.44992074 0.17527946 0.00509620
v 0.48317166 0.19135099 0.00443325
v 0.48461346 0.22550896 0.00431459
v 0.42068607 0.23574481 0.00451453
v 0.44318304 0.18781649 0.00469729
v 0.48088915 0.23612529 0.00457646
v 0.45147116 0.18771862 0.00460101
v 0.51351050 0.20601485 0.00042323
v 0.50825051 0.19328168 0.00025092
v 0.51353486 0.18566281 0.00020454
v 0.41036753 0.19092680 0.01080230
v 0.40314739 0.18467331 0.01130027
v 0.50595773 0.20722868 0.00038578
v 0.49854105 0.20015097 0.00070112
v 0.51387560 0.22105336 0.00042509
v 0.50579401 0.21513361 0.00042687
v 0.42781704 0.18538447 0.00457965
v 0.49780474 0.21718455 0.00064581
v 0.49806257 0.20872578 0.00090510
v 0.45917634 0.18497424 0.00542069
v 0.45694413 0.17591039 0.00647903
v 0.49033429 0.21749286 0.00322327
v 0.40037010 0.17676796 0.00983317
v 0.46700500 0.18463721 0.00483021
v 0.46652872 0.17605549 0.00500380
v 0.49742263 0.22311117 0.00052371
v 0.41545699 0.18757767 0.00747974
v 0.42094346 0.18475477 0.00450072
v 0.42088640 0.18770080 0.01137072
v 0.43464528 0.18139408 0.00455119
v 0.42781261 0.18071789 0.00464791
v 0.43453783 0.17720226 0.00806421
v 0.43681729 0.17533513 0.00489223
v 0.45861632 0.16580469 0.00715586
v 0.46107683 0.17357422 0.00601181
v 0.44967716 0.16984099 0.00610869
v 0.44183721 0.17037996 0.01049022
v 0.44085690 0.17819872 0.00538346
v 0.44404463 0.17184938 0.00539545
v 0.50193065 0.17376423 0.00686472
v 0.50261106 0.16679989 0.00518669
v 0.42576821 0.18091112 0.00626085
v 0.46358879 0.17183701 0.00672015
v 0.47234873 0.18035587 0.00480847
v 0.50252754 0.17431063 0.01202644
v 0.48292667 0.18079978 0.00520280
v 0.48529224 0.18384217 0.00591638
v 0.47012145 0.16547070 0.00686207
v 0.46895254 0.17287301 0.00733542
v 0.43600846 0.17802598 0.01319446
v 0.44077897 0.17456335 0.01395034
v 0.48304580 0.18807067 0.01252110
v 0.50611140 0.18399477 0.00029763
v 0.43097515 0.18222383 0.01195670
v 0.50723745 0.17499399 0.00024748
v 0.50662065 0.16138299 0.00008395
v 0.51297848 0.17013800 0.00028118
v 0.49865797 0.29012546 0.01415192
v 0.47617620 0.16129095 0.00549356
v 0.46977259 0.15738197 0.00621126
v 0.47430496 0.15581454 0.00356966
v 0.47163721 0.15239906 0.00057458
v 0.46539536 0.15269942 0.00586008
v 0.46966582 0.17536255 0.00518193
v 0.48419249 0.16033010 0.00549587
v 0.48281280 0.16318894 0.00636711
v 0.48181359 0.15044253 0.00575859
v 0.44637206 0.16702344 0.00816387
v 0.47896837 0.15215377 0.00553081
v 0.48421183 0.15566231 0.00997087
v 0.48474603 0.15159391 0.00514246
v 0.50408012 0.15665170 0.00529723
v 0.50224270 0.15774013 0.00623752
v 0.44596386 0.07398807 0.03110269
v 0.45104359 0.08408287 0.03100712
v 0.39883228 0.18501033 0.00419670
v 0.39883412 0.17826164 0.00348469
v 0.45273721 0.15916209 0.00667667
v 0.50222475 0.16628245 0.01385597
v 0.48536894 0.17817480 0.00694012
v 0.51305732 0.15649564 0.00023909
v 0.50861554 0.15029363 0.00014559
v 0.45227986 0.00174502 0.00541240
v 0.44103652 0.00179166 0.00523280
v 0.45016902 0.00383729 0.00061973
v 0.46215964 0.15864014 0.00599494
v 0.42646555 0.18417274 0.01031586
v 0.47598474 0.14828684 0.00207629
v 0.47870764 0.14389218 0.00072606
v 0.48212182 0.14743847 0.00175066
v 0.44833723 0.16727755 0.01321439
v 0.50157873 0.14969953 0.00072357
v 0.50092980 0.15985565 0.00109187
v 0.50230558 0.18922645 0.01357264
v 0.50270433 0.14323201 0.00495928
v 0.45944078 0.15433393 0.00638934
v 0.50031894 0.13926990 0.00066666
v 0.50770185 0.14102753 0.00021607
v 0.39712555 0.22025535 0.00424003
v 0.47305465 0.14735039 0.00661876
v 0.46694970 0.14919528 0.00656755
v 0.46146113 0.15487294 0.00954925
v 0.41300264 0.19041915 0.01993918
v 0.40553040 0.19517163 0.01514036
v 0.40387680 0.19531745 0.01926813
v 0.49753893 0.23385911 0.00037008
v 0.47656850 0.14621280 0.00730135
v 0.40910405 0.18955349 0.01999289
v 0.40135989 0.18963366 0.01896604
v 0.49977829 0.17420728 0.00075198
v 0.49899884 0.16670260 0.00079105
v 0.48964476 0.23027745 0.01676630
v 0.48077459 0.14689070 0.00872645
v 0.46283053 0.15411091 0.01271685
v 0.46902111 0.15222869 0.01215233
v 0.47695534 0.17242711 0.00499452
v 0.49123423 0.22030172 0.01987666
v 0.49332481 0.22238179 0.01633779
v 0.48928943 0.22318616 0.01732458
v 0.49137578 0.20379847 0.01480849
v 0.49085864 0.21121317 0.01854553
v 0.49056242 0.21051226 0.01389589
v 0.48239341 0.15007901 0.01379345
v 0.49781648 0.21652088 0.01795396
v 0.49423712 0.20549107 0.01569130
v 0.49811978 0.21178338 0.01645303
v 0.49528405 0.22166448 0.01808825
v 0.48357662 0.16961978 0.00558830
v 0.48479084 0.17339277 0.00790361
v 0.49186379 0.21656577 0.01753594
v 0.48427261 0.21595091 0.01727410
v 0.48264426 0.17693656 0.01349648
v 0.51259554 0.14539527 0.00026624
v 0.49936265 0.18370798 0.00087183
v 0.48673986 0.20515329 0.01531754
v 0.48381892 0.21401607 0.01486721
v 0.48353818 0.16816503 0.01229020
v 0.50253435 0.15373287 0.01242333
v 0.48949206 0.20198248 0.01743082
v 0.49560531 0.20116517 0.01804409
v 0.50148727 0.22581611 0.01679400
v 0.49590402 0.19010973 0.01791242
v 0.49602522 0.19485668 0.01698846
v 0.49722165 0.19440995 0.02236852
v 0.49684466 0.21950103 0.01749186
v 0.49654636 0.19154873 0.04165532
v 0.49704455 0.19710736 0.03519269
v 0.49525630 0.19658320 0.04094247
v 0.49569289 0.21497621 0.02152186
v 0.50260893 0.13949312 0.01080661
v 0.50194690 0.13764808 0.00677260
v 0.49063711 0.19854519 0.01981162
v 0.48772336 0.19960176 0.01580059
v 0.48854546 0.19562575 0.01649333
v 0.49656154 0.19848679 0.01795137
v 0.49337613 0.19237297 0.02556074
v 0.48914367 0.19236331 0.01848176
v 0.50275352 0.19738323 0.01579622
v 0.49626816 0.19869850 0.02905671
v 0.49298288 0.19978766 0.02578301
v 0.49287532 0.21557520 0.02204394
v 0.49288596 0.21551786 0.02757803
v 0.49491361 0.21772571 0.03255354
v 0.49217456 0.21914486 0.03570068
v 0.49547986 0.03101989 0.00348301
v 0.50079591 0.03623976 0.00462185
v 0.49478925 0.03746800 0.00351315
v 0.49022338 0.19827345 0.03553201
v 0.48810852 0.19514160 0.04294346
v 0.49241558 0.21883729 0.02562118
v 0.40751107 0.18142404 0.01972818
v 0.48421272 0.19427487 0.01452438
v 0.40779452 0.17816473 0.01939196
v 0.40055638 0.17851795 0.01920489
v 0.49106038 0.19129446 0.03625843
v 0.41208511 0.18712098 0.02099907
v 0.40637592 0.19292174 0.01157358
v 0.40102813 0.19079536 0.01323552
v 0.41414609 0.19040717 0.01444786
v 0.43646516 0.17689607 0.01821626
v 0.44278061 0.17231189 0.01713731
v 0.40378247 0.17704394 0.02182249
v 0.40873726 0.17331112 0.02051851
v 0.48838688 0.19539404 0.02780095
v 0.44564002 0.17201299 0.01439940
v 0.50167437 0.19153730 0.01672327
v 0.48340395 0.18940381 0.01629348
v 0.44720451 0.17005233 0.02752781
v 0.44068586 0.17464800 0.02511980
v 0.44057507 0.17454790 0.03144273
v 0.41154263 0.17128669 0.03312964
v 0.40856996 0.16786420 0.02805923
v 0.41009750 0.16549896 0.03335239
v 0.40986422 0.17453903 0.02375918
v 0.43009975 0.18158472 0.02527637
v 0.42589345 0.18364948 0.02841386
v 0.43194910 0.18124720 0.03000613
v 0.40458778 0.15990529 0.02969003
v 0.40061489 0.17501855 0.02515482
v 0.40659168 0.17888092 0.02874022
v 0.44635144 0.17040635 0.03385949
v 0.41372743 0.18180886 0.02365779
v 0.44219070 0.00362599 0.00128451
v 0.44643408 0.17013111 0.02049385
v 0.44690185 0.16787911 0.01692856
v 0.40435913 0.17158275 0.02055614
v 0.40514291 0.17220467 0.02378273
v 0.40169697 0.17203065 0.02575435
v 0.44807548 0.16379192 0.01603586
v 0.41428733 0.17574833 0.02924062
v 0.41618691 0.17774946 0.03431541
v 0.44440292 0.16497890 0.02575620
v 0.40561328 0.16843826 0.02296841
v 0.40815216 0.17518933 0.02630072
v 0.41112967 0.17226393 0.02401693
v 0.46039478 0.15382845 0.02203197
v 0.46954664 0.14835906 0.02712119
v 0.46583847 0.15047275 0.02025927
v 0.41653729 0.17236412 0.03438939
v 0.49398190 0.19283477 0.03423642
v 0.42362520 0.17707673 0.03444529
v 0.42231746 0.18426877 0.03459565
v 0.41735579 0.16775510 0.03433820
v 0.47158696 0.14634422 0.02231196
v 0.40526864 0.16449017 0.02408473
v 0.39969620 0.16250105 0.02103098
v 0.40035565 0.15669355 0.02614856
v 0.42101937 0.15974130 0.03486608
v 0.41536284 0.14895775 0.03467801
v 0.41671446 0.15184342 0.03789798
v 0.41997725 0.15506242 0.04229882
v 0.42587070 0.17442085 0.03054753
v 0.42959847 0.17275784 0.03470511
v 0.41724864 0.15639524 0.03224974
v 0.40002327 0.17171392 0.02006171
v 0.49833578 0.19126029 0.01570918
v 0.42250494 0.18572011 0.02975934
v 0.41940065 0.18362103 0.03040971
v 0.43712231 0.17516537 0.03472604
v 0.42349992 0.16752754 0.03155789
v 0.44907499 0.16181520 0.02002739
v 0.45023857 0.16586295 0.02994121
v 0.45106564 0.16028931 0.02653762
v 0.41993801 0.18709131 0.02552194
v 0.44922079 0.16191361 0.03135988
v 0.43649562 0.17628415 0.02437635
v 0.42685768 0.18237177 0.02062692
v 0.44537068 0.16481503 0.01976201
v 0.45301238 0.15882296 0.01432193
v 0.45361240 0.16197174 0.01254972
v 0.42068043 0.18601073 0.01382616
v 0.45931386 0.15821449 0.01305092
v 0.48277614 0.18262694 0.01687167
v 0.48084808 0.18498873 0.01443766
v 0.50190074 0.17550234 0.01724453
v 0.40314848 0.15524189 0.03273903
v 0.48723586 0.17266398 0.01712483
v 0.48765505 0.18575742 0.01569791
v 0.42620863 0.18281171 0.01456467
v 0.41812091 0.16458724 0.02836731
v 0.41960116 0.15970726 0.02731294
v 0.42144456 0.16709189 0.02884870
v 0.43751563 0.00258850 0.00555457
v 0.43880374 0.00612737 0.00369164
v 0.41523211 0.15759770 0.02756783
v 0.43148441 0.17897564 0.01852396
v 0.42878166 0.18190244 0.03415688
v 0.44680880 0.16789094 0.03256446
v 0.45534949 0.15807936 0.02953282
v 0.39892222 0.14744884 0.03281871
v 0.40700508 0.14936256 0.03487218
v 0.41300962 0.15460985 0.03207193
v 0.41191829 0.14863133 0.03109558
v 0.40821366 0.14268080 0.03144712
v 0.45495296 0.15649677 0.02130230
v 0.41123240 0.15933117 0.03459230
v 0.45917003 0.15537180 0.01569533
v 0.46180364 0.15308525 0.02772203
v 0.47198975 0.14770930 0.01730810
v 0.46648768 0.15099129 0.01638995
v 0.43388835 0.17925047 0.02399704
v 0.42667883 0.16575038 0.03814192
v 0.42655166 0.16259015 0.04585045
v 0.43207742 0.17104252 0.04338750
v 0.43364346 0.17887809 0.03095762
v 0.40352812 0.14077661 0.03373889
v 0.39703606 0.14062798 0.03446644
v 0.50283817 0.15555553 0.01781564
v 0.50165882 0.16737391 0.01908097
v 0.50026028 0.15721734 0.01912753
v 0.47721440 0.14479748 0.01633327
v 0.47770105 0.14254670 0.02097504
v 0.45152689 0.15996874 0.03381441
v 0.44439139 0.16458743 0.03545170
v 0.43544743 0.17849701 0.03369398
v 0.43114656 0.17171629 0.03823448
v 0.45195992 0.15815491 0.03657935
v 0.44477053 0.16408708 0.04198761
v 0.44123453 0.16555192 0.05470711
v 0.48235934 0.14186248 0.01511346
v 0.43821364 0.16894037 0.04001935
v 0.47980613 0.14135278 0.02412668
v 0.47344958 0.15074076 0.01336931
v 0.48424996 0.13949380 0.01628791
v 0.40762788 0.13835905 0.03607780
v 0.47732100 0.14751212 0.01310624
v 0.43570364 0.16805552 0.05655353
v 0.40638081 0.13752312 0.03220153
v 0.46247178 0.15272574 0.03434080
v 0.44116443 0.16683282 0.04289994
v 0.44170350 0.16544441 0.03575650
v 0.43777539 0.17825800 0.03022699
v 0.45210922 0.15721840 0.02076397
v 0.45719203 0.14510539 0.03754214
v 0.46384775 0.13925254 0.03730677
v 0.46856492 0.14124385 0.03580329
v 0.46627915 0.15049481 0.03361999
v 0.45014678 0.14888046 0.04313973
v 0.44963173 0.14840886 0.04613355
v 0.44550659 0.14639260 0.03807959
v 0.43720322 0.13378156 0.03890264
v 0.45802629 0.15079692 0.03831747
v 0.49058660 0.18912988 0.01652318
v 0.43778271 0.16877590 0.04722060
v 0.43275685 0.16968528 0.04843999
v 0.48093491 0.14525078 0.01472888
v 0.49281348 0.15424735 0.01713459
v 0.48897568 0.15573718 0.01688544
v 0.49368901 0.14172904 0.01846153
v 0.45745495 0.15250193 0.03774987
v 0.42331410 0.16067235 0.03833161
v 0.44863448 0.16180423 0.05126161
v 0.50088797 0.14164247 0.01872175
v 0.41416397 0.14436949 0.04023643
v 0.40170628 0.17517275 0.02956652
v 0.50258795 0.14534301 0.01600674
v 0.47144991 0.14639521 0.02971390
v 0.45380335 0.15759845 0.05162857
v 0.45090112 0.14682654 0.03654375
v 0.44362983 0.13969691 0.03675948
v 0.42988587 0.16236078 0.05444247
v 0.42595984 0.15532388 0.05204830
v 0.42978767 0.15808324 0.05543196
v 0.42401886 0.14904603 0.05791104
v 0.44277020 0.16525164 0.04837152
v 0.48572946 0.15049496 0.01694026
v 0.46486797 0.14825815 0.03618752
v 0.49090022 0.16703071 0.01722628
v 0.43659660 0.16908298 0.05168381
v 0.43669250 0.16828970 0.03477590
v 0.40290315 0.17132412 0.03201150
v 0.47028746 0.14777948 0.03404670
v 0.45925497 0.15459677 0.04756142
v 0.49240680 0.17898267 0.04346521
v 0.42027555 0.14935591 0.04782952
v 0.41563218 0.14537975 0.04513279
v 0.47456120 0.14474059 0.03213315
v 0.40599033 0.17560389 0.03248938
v 0.47945227 0.13576143 0.02909942
v 0.47722039 0.13831940 0.03103628
v 0.49459827 0.18621810 0.01530377
v 0.41807985 0.14181196 0.05160459
v 0.50216236 0.13603914 0.01303182
v 0.48679725 0.13751277 0.01528331
v 0.49486440 0.18080127 0.04257203
v 0.47459376 0.13348318 0.03394487
v 0.47228237 0.13935996 0.03524425
v 0.41295456 0.13261987 0.05164438
v 0.41718784 0.14148257 0.05655910
v 0.40987163 0.13070560 0.05661397
v 0.46964970 0.13519535 0.03588359
v 0.50263680 0.18527631 0.01676581
v 0.49966593 0.18050642 0.01819878
v 0.41253505 0.13906807 0.04504896
v 0.41434657 0.14085813 0.04892686
v 0.49697423 0.17399510 0.01838330
v 0.49322574 0.18624486 0.04007762
v 0.49269745 0.17577011 0.01825533
v 0.44573306 0.04506176 0.01420607
v 0.44568345 0.05111127 0.01826427
v 0.44866064 0.05120986 0.01814757
v 0.44490484 0.04835886 0.01175897
v 0.45043260 0.05225018 0.01461635
v 0.45243663 0.15875674 0.04345809
v 0.50005133 0.12059485 0.00093761
v 0.49987623 0.11282370 0.00107539
v 0.50682807 0.12081083 0.00026772
v 0.40242038 0.11595236 0.06081130
v 0.43357215 0.04184731 0.00552564
v 0.43094092 0.04748418 0.00436820
v 0.42888104 0.04415127 0.00458820
v 0.43769286 0.04190577 0.00374531
v 0.50660256 0.10768421 0.00050311
v 0.50114602 0.10567264 0.00051173
v 0.49494229 0.06849854 0.00406902
v 0.49527057 0.07448900 0.00444439
v 0.48663024 0.07309811 0.00427305
v 0.45401546 0.05127074 0.00419722
v 0.45339636 0.04691047 0.00890792
v 0.45103994 0.04643454 0.00469092
v 0.51094809 0.07964486 0.00036800
v 0.50153258 0.07601246 0.00046778
v 0.50663979 0.06983504 0.00033336
v 0.45911338 0.04530474 0.00378803
v 0.50208789 0.07258038 0.00156099
v 0.50173107 0.08000918 0.00515648
v 0.50281255 0.11837062 0.00556674
v 0.50359880 0.10571398 0.00493053
v 0.49940500 0.06882656 0.00059549
v 0.50013299 0.06986930 0.00465460
v 0.50275937 0.11000092 0.00758791
v 0.50238618 0.07180308 0.00549868
v 0.44876369 0.04698692 0.00875935
v 0.47880866 0.05061887 0.00376079
v 0.47311305 0.05869074 0.00370218
v 0.47453473 0.05276483 0.00504397
v 0.49299625 0.07496707 0.00874448
v 0.46444313 0.04841767 0.00377956
v 0.49429331 0.07311263 0.01036158
v 0.47172682 0.05144492 0.00369061
v 0.46721006 0.05311577 0.00437290
v 0.49924939 0.07357035 0.00833294
v 0.50317977 0.09581717 0.00521945
v 0.48870963 0.07099717 0.01286545
v 0.46265657 0.04271871 0.00436041
v 0.45846057 0.03738715 0.00939347
v 0.47007581 0.03792744 0.00756098
v 0.44570085 0.04122421 0.00521236
v 0.45231894 0.03999293 0.00373567
v 0.51182203 0.09900399 0.00036771
v 0.50134060 0.09202774 0.00047915
v 0.50009238 0.09713452 0.00110064
v 0.47940375 0.06446856 0.00370332
v 0.49337560 0.05785102 0.00366218
v 0.49908740 0.08474156 0.00105989
v 0.49974923 0.06238517 0.00054658
v 0.50171324 0.06014306 0.00392131
v 0.50132990 0.05971396 0.00070710
v 0.50049274 0.06302850 0.00419448
v 0.46913030 0.04289257 0.00334817
v 0.50439352 0.08622664 0.00040367
v 0.47976656 0.09716912 0.00481561
v 0.48061965 0.10212932 0.00534337
v 0.47234018 0.09623467 0.00698052
v 0.47310374 0.09423719 0.00633693
v 0.47739867 0.09391500 0.00568580
v 0.50135807 0.08385453 0.00210179
v 0.50989966 0.05560309 0.00040072
v 0.49709351 0.05769145 0.00487587
v 0.47840054 0.04050565 0.00383690
v 0.47550456 0.08805883 0.01182540
v 0.48191423 0.15890486 0.01598653
v 0.48257965 0.17086387 0.01611235
v 0.50294578 0.08831394 0.00549343
v 0.42394895 -0.00441256 0.00036328
v 0.44612780 -0.00433628 0.00032102
v 0.43435883 0.00329022 0.00069421
v 0.50178710 0.08890841 0.00755064
v 0.48338533 0.16028757 0.01700745
v 0.49464662 0.04498029 0.00379544
v 0.49425073 0.05169784 0.00356165
v 0.48334189 0.02064735 0.00395745
v 0.48489261 0.02625917 0.00926068
v 0.48171283 0.01744895 0.00918914
v 0.50001126 0.07874228 0.00953334
v 0.50122099 0.05081375 0.00537023
v 0.50097639 0.04915386 0.00077879
v 0.50156083 0.05339574 0.00104563
v 0.50183085 0.04505746 0.00479391
v 0.50909225 0.04170518 0.00038548
v 0.50144278 0.04262650 0.00076483
v 0.50301029 0.10313908 0.01238981
v 0.42745608 0.03850104 0.00931456
v 0.47852249 0.07602910 0.00481973
v 0.47180073 0.07748606 0.00440969
v 0.46775196 0.07211913 0.00385385
v 0.47528647 0.07592128 0.01023075
v 0.49875335 0.04051201 0.00530548
v 0.48343251 0.07577970 0.00861619
v 0.46139563 0.05871664 0.00490590
v 0.46480217 0.06131106 0.00423194
v 0.46538019 0.05882276 0.01305551
v 0.51247655 0.11422312 0.00030878
v 0.46586327 0.06498794 0.00363713
v 0.44054177 0.05268272 0.00443700
v 0.45460437 0.15747575 0.04707353
v 0.44008066 0.04632391 0.00440583
v 0.47278668 0.00274878 0.00487812
v 0.46311560 0.00297560 0.00619479
v 0.46671392 0.00089717 0.00515262
v 0.44688989 0.05004688 0.00658556
v 0.50709174 0.13100071 0.00036216
v 0.50475875 0.13243229 0.00513508
v 0.50016135 0.12874236 0.00059892
v 0.47626310 0.02623664 0.01081478
v 0.48365745 0.03636038 0.01083890
v 0.47601584 0.03194415 0.01053974
v 0.43187690 0.03626407 0.00910878
v 0.41229177 0.02896022 0.01277359
v 0.40924024 0.02737901 0.01036206
v 0.41211168 0.02456401 0.01063702
v 0.40695537 0.02725524 0.01508854
v 0.40260421 0.02677811 0.01488859
v 0.46577894 0.03444547 0.01003400
v 0.41090402 0.02858492 0.00579556
v 0.46607564 0.00497929 0.00366840
v 0.40458701 0.03036841 0.00544217
v 0.40017331 0.03048095 0.00891467
v 0.48371573 0.03580903 0.00639286
v 0.41683740 0.04132517 0.03494417
v 0.40912937 0.03770435 0.03655918
v 0.40984907 0.03293900 0.03347845
v 0.43846379 0.01756991 0.00932592
v 0.43706700 0.02286739 0.01091086
v 0.43026820 0.02135785 0.01038575
v 0.46579393 0.06718789 0.02208726
v 0.46055230 0.06919747 0.02230879
v 0.46580225 0.07023411 0.01610788
v 0.44957534 0.06181289 0.02424910
v 0.45322045 0.06366834 0.02099889
v 0.45245046 0.06713427 0.02506411
v 0.43073006 0.02546434 0.01218488
v 0.45748870 0.06980122 0.02138403
v 0.45584615 0.06581419 0.01911711
v 0.41228055 0.02854018 0.02941526
v 0.42193501 0.03484203 0.02773164
v 0.41646569 0.03474303 0.03191568
v 0.42276586 0.03951385 0.03202168
v 0.45177485 0.00254534 0.00647023
v 0.40357418 0.02871338 0.03385156
v 0.40810732 0.02476397 0.02548520
v 0.46615690 0.01634363 0.00884769
v 0.46823136 0.01959049 0.00989887
v 0.45944821 0.02200795 0.01120837
v 0.45779378 0.01718293 0.00924276
v 0.42463233 0.01759690 0.00920852
v 0.42422142 0.02171855 0.01033117
v 0.41299990 0.02254627 0.01136288
v 0.42207724 0.02765833 0.00970430
v 0.45671909 0.07249128 0.02462825
v 0.50243485 0.13140608 0.00649474
v 0.41332694 0.01902032 0.00958941
v 0.47826398 0.03455724 0.01241532
v 0.40169353 0.13231419 0.03166964
v 0.40463030 0.13180350 0.03423003
v 0.46556481 0.08947844 0.02260689
v 0.46864045 0.10555713 0.02313091
v 0.46428128 0.09999329 0.02023015
v 0.47883083 0.03874588 0.00939805
v 0.47007996 0.09655849 0.02136991
v 0.46858089 0.09245614 0.01801525
v 0.40257526 0.03779191 0.03679116
v 0.47483122 0.03622277 0.01042015
v 0.45154701 0.06091394 0.01804627
v 0.50272718 0.13381367 0.01796454
v 0.41379237 0.02158869 0.00592407
v 0.41184162 0.02911680 0.02541452
v 0.47287181 0.01582296 0.00850537
v 0.46877816 0.01742854 0.00404509
v 0.43073612 0.11138395 0.03546521
v 0.42192834 0.09730924 0.03411160
v 0.42885975 0.09064801 0.03607281
v 0.46707532 0.03769040 0.01055810
v 0.41255223 0.09200653 0.03743387
v 0.41605128 0.08385715 0.03508855
v 0.40064900 0.02890056 0.02815307
v 0.39659402 0.11900346 0.03420716
v 0.39990741 0.12369215 0.04106007
v 0.39853688 0.03219042 0.03570853
v 0.50278238 0.12819067 0.01687116
v 0.46340036 0.10325427 0.02341003
v 0.46584018 0.10978151 0.02014928
v 0.46621960 0.10945866 0.02721278
v 0.47839376 0.12783680 0.02453487
v 0.48074280 0.13636314 0.02258002
v 0.45191710 0.01728055 0.00977894
v 0.46115565 0.01755173 0.00401109
v 0.44600186 0.01770863 0.00406482
v 0.47714869 0.12545440 0.03036707
v 0.46014418 0.10292089 0.02827716
v 0.48305889 0.13087545 0.01658661
v 0.40392664 0.11987223 0.05721568
v 0.47432612 0.06133611 0.02868768
v 0.47224762 0.06796503 0.02574141
v 0.46816098 0.06616255 0.02720585
v 0.46028804 0.10556223 0.03494380
v 0.46775981 0.11062307 0.03393237
v 0.47164004 0.10911644 0.02884732
v 0.47525508 0.06356044 0.02669406
v 0.47015412 0.06598367 0.02308552
v 0.45409686 0.10872841 0.03531780
v 0.45820665 0.10991779 0.03744458
v 0.45449566 0.11695679 0.03792955
v 0.45485182 0.02819733 0.01060102
v 0.45307755 0.03439728 0.00901821
v 0.44735857 0.02809268 0.01079420
v 0.44694025 0.03447640 0.00851171
v 0.44042140 0.03663127 0.00969924
v 0.44572728 0.03144804 0.00650213
v 0.46004315 0.02963455 0.00996698
v 0.47015070 0.02314729 0.01027042
v 0.46391157 0.11877047 0.03693824
v 0.43870070 0.03044435 0.00848051
v 0.45596070 0.09106907 0.03030136
v 0.45217549 0.08592567 0.03609933
v 0.41723895 0.02699013 0.01548398
v 0.41209023 0.02377413 0.01875513
v 0.41652995 0.02453125 0.01774678
v 0.44924460 0.03707140 0.00943446
v 0.45691979 0.10407345 0.03333279
v 0.45495642 0.10056105 0.02936792
v 0.45726373 0.10341595 0.02767061
v 0.41651752 0.02957784 0.02470800
v 0.42344213 0.03486592 0.02202142
v 0.46935769 0.12552159 0.03495957
v 0.47070530 0.12859367 0.03125736
v 0.46896840 0.07278945 0.02323319
v 0.46067241 0.07647066 0.02559790
v 0.46373776 0.07059035 0.02673138
v 0.50313338 0.10970226 0.01709688
v 0.50158712 0.10273493 0.01926755
v 0.42090072 0.02973932 0.01728065
v 0.49226011 0.12960429 0.01900627
v 0.48773204 0.12543885 0.01766930
v 0.42470839 0.11442768 0.04158822
v 0.42940125 0.12303336 0.04055872
v 0.44871242 0.02227779 0.01144759
v 0.49586458 0.13386168 0.01855910
v 0.45432501 0.10122786 0.03475829
v 0.47737561 0.11287018 0.01904980
v 0.47568848 0.10259107 0.01887431
v 0.47992857 0.11357882 0.01545482
v 0.43453479 0.03005267 0.00950066
v 0.47682748 0.01689197 0.00428035
v 0.44341511 0.13291537 0.03540057
v 0.43248120 0.12758543 0.03832726
v 0.44275242 0.12411573 0.03319769
v 0.44826350 0.09730907 0.03512563
v 0.47221771 0.09512878 0.01740375
v 0.47274839 0.09906157 0.01862135
v 0.47799718 0.09684984 0.01591541
v 0.44947039 0.12627186 0.03550223
v 0.47451586 0.01822126 0.01035594
v 0.48581043 0.11052161 0.01890284
v 0.48369229 0.10463029 0.01701037
v 0.47708468 0.11885032 0.02628614
v 0.47756875 0.11833565 0.02024983
v 0.45693818 0.13323102 0.03638982
v 0.48129885 0.09863573 0.01640672
v 0.47818972 0.10130095 0.01590062
v 0.47730167 0.11185573 0.02582100
v 0.48889199 0.10007778 0.01497627
v 0.47615368 0.10826448 0.02343997
v 0.48798629 0.10371472 0.01998773
v 0.49135184 0.10070183 0.02940187
v 0.48925331 0.10313410 0.02827817
v 0.46304399 0.13028367 0.03356413
v 0.46090489 0.09422597 0.02706967
v 0.48250333 0.09503805 0.01449267
v 0.48075803 0.09728818 0.01194030
v 0.46966318 0.12504798 0.02878356
v 0.46339639 0.09089987 0.02321680
v 0.46961321 0.10079750 0.02393611
v 0.47542517 0.12176872 0.03020985
v 0.47284280 0.11856416 0.03117042
v 0.45673734 0.09714339 0.03009864
v 0.45940834 0.12275483 0.03861947
v 0.49960806 0.12575042 0.01937571
v 0.49713498 0.10172159 0.02876419
v 0.49815775 0.10115840 0.02163946
v 0.49959711 0.10799165 0.02157034
v 0.46001058 0.12856671 0.03750592
v 0.46626564 0.12878594 0.03675987
v 0.42612523 0.03106978 0.01592543
v 0.46206042 0.12304432 0.03689699
v 0.47264246 0.09288293 0.01644019
v 0.43729780 0.11984328 0.03456180
v 0.42795543 0.11838160 0.03788499
v 0.47120563 0.08885500 0.01617753
v 0.46998310 0.08640605 0.01601028
v 0.47389373 0.11300934 0.02947024
v 0.48841755 0.10681018 0.02310395
v 0.41188259 0.02363891 0.01569408
v 0.45285911 0.11297311 0.03885476
v 0.46787613 0.11853957 0.03417002
v 0.49582044 0.10859189 0.02907308
v 0.50311278 0.11669712 0.01804862
v 0.49346509 0.11498980 0.01804627
v 0.50231674 0.12399149 0.00755479
v 0.46946197 0.11811550 0.03116616
v 0.40905612 0.13144273 0.04691503
v 0.40521129 0.12435062 0.04728162
v 0.45905613 0.11538859 0.03789243
v 0.48949363 0.11428161 0.02082500
v 0.49323174 0.11057234 0.02630249
v 0.49375750 0.09133645 0.01947330
v 0.49106260 0.09633099 0.01887073
v 0.46335573 0.05612863 0.01457420
v 0.46393751 0.06506599 0.01257426
v 0.44550124 0.08767194 0.03444894
v 0.45199066 0.09149186 0.03578363
v 0.44552936 0.08894471 0.03796327
v 0.40472694 0.12803556 0.04258472
v 0.50289684 0.09878247 0.01800661
v 0.40242949 0.11430419 0.05752855
v 0.45582772 0.09496451 0.03375443
v 0.49774689 0.09093097 0.01912987
v 0.45065375 0.09510468 0.03751055
v 0.48196388 0.12190868 0.01704446
v 0.48333019 0.12400203 0.01452343
v 0.49147715 0.10985322 0.03299350
v 0.49084040 0.09807347 0.02342285
v 0.48798204 0.11970069 0.01933024
v 0.42144850 0.10874247 0.04075834
v 0.41459666 0.10116346 0.04167965
v 0.49301039 0.09244009 0.01615890
v 0.49379380 0.09649249 0.01395237
v 0.41997339 0.10346334 0.03759269
v 0.39743738 0.11565807 0.04156139
v 0.48936615 0.08558706 0.01684371
v 0.46012811 0.06097088 0.01530874
v 0.45856039 0.05654722 0.01597331
v 0.50218384 0.08949490 0.01717070
v 0.50296517 0.09667222 0.01341251
v 0.42657565 0.03506591 0.01686434
v 0.50302810 0.08934476 0.01361506
v 0.49483401 0.12180315 0.01766381
v 0.41184526 0.09713306 0.04181399
v 0.49898095 0.08581763 0.01849153
v 0.48352197 0.08935852 0.01371545
v 0.48658620 0.09290617 0.01416544
v 0.48885988 0.10568191 0.03216029
v 0.45384362 0.07084821 0.02685978
v 0.43673071 0.04844215 0.02858262
v 0.47429835 0.11091408 0.02543947
v 0.44985261 0.06536891 0.02818216
v 0.41157605 0.09512065 0.04099270
v 0.40872942 0.09043661 0.04127249
v 0.42881910 0.04813349 0.03469468
v 0.42354972 0.04348908 0.03261313
v 0.48857698 0.08043599 0.01862822
v 0.49107096 0.09033749 0.01412721
v 0.46242133 0.06584492 0.01422238
v 0.45885843 0.06831750 0.01695445
v 0.44049855 0.08274975 0.03841289
v 0.44571170 0.08430458 0.03629945
v 0.43462215 0.07876149 0.03684964
v 0.43383875 0.08889006 0.03523019
v 0.42164127 0.07696549 0.03613688
v 0.40585130 0.11973665 0.05222765
v 0.40807755 0.12587010 0.05242218
v 0.40075768 0.11335706 0.05083706
v 0.47250464 0.10500992 0.02589979
v 0.43723479 0.07652364 0.03584460
v 0.48894967 0.07362334 0.01723684
v 0.46977490 0.06688814 0.01441465
v 0.46963412 0.07018123 0.01696458
v 0.49550673 0.07762092 0.01909835
v 0.44072469 0.09637544 0.03610998
v 0.40961119 0.04148194 0.03670855
v 0.41556997 0.04702531 0.03677081
v 0.40917498 0.04650868 0.03691815
v 0.43196063 0.04856312 0.03060209
v 0.44163510 0.07664881 0.03691369
v 0.44618041 0.07679933 0.03625031
v 0.44742225 0.08097186 0.03517046
v 0.40740617 0.13418940 0.03965604
v 0.39889248 0.11416869 0.04672874
v 0.41107037 0.04811160 0.03972694
v 0.40286735 0.04711685 0.03899389
v 0.40213736 0.04966238 0.03885494
v 0.42871376 0.03841203 0.01508309
v 0.44292070 0.09114272 0.03634552
v 0.41469784 0.05007680 0.03946866
v 0.40848579 0.05317599 0.03950335
v 0.47458886 0.08292524 0.01465102
v 0.44417687 0.06650301 0.03160553
v 0.40344201 0.04529843 0.03653502
v 0.48464442 0.08190231 0.01529842
v 0.46685132 0.08111439 0.01678942
v 0.47495119 0.07596050 0.01441104
v 0.47079706 0.07459079 0.01633081
v 0.43751246 0.07065683 0.03765673
v 0.47230063 0.07233915 0.01372210
v 0.42551357 0.07011480 0.03814488
v 0.44117507 0.07048357 0.03185928
v 0.43904660 0.06762325 0.03342336
v 0.48533485 0.07376559 0.01344825
v 0.42893839 0.00500396 0.00362979
v 0.42906043 0.00181897 0.00573354
v 0.42551887 0.06240513 0.03714851
v 0.42382115 0.03482232 0.01140025
v 0.40785778 0.02573452 0.01824450
v 0.42595806 0.03228072 0.01100776
v 0.50301657 0.08211348 0.01461890
v 0.44392961 0.05744279 0.02927189
v 0.44346528 0.05289305 0.02527144
v 0.48154707 0.07416473 0.01547733
v 0.40126360 0.02973731 0.01830512
v 0.50267633 0.07309700 0.01150899
v 0.50266091 0.07728139 0.01641430
v 0.39826916 0.04577324 0.03661114
v 0.43832549 0.06268805 0.03571555
v 0.43830132 0.05416418 0.03239468
v 0.43189233 0.06365543 0.03889270
v 0.48205130 0.08340471 0.01694590
v 0.43677365 0.06139086 0.03717251
v 0.46601234 0.08540401 0.01848342
v 0.44232028 0.02666689 0.01166632
v 0.47863261 0.07881508 0.01499416
v 0.46401859 0.08373135 0.02375116
v 0.46629869 0.07744336 0.01919824
v 0.40895803 0.07340327 0.03406748
v 0.40356129 0.07724468 0.03726885
v 0.43493822 0.01732704 0.00396679
v 0.46331856 0.07750730 0.02257368
v 0.40807334 0.08915404 0.04930436
v 0.40336042 0.08060073 0.04206329
v 0.51258034 0.13074026 0.00029515
v 0.40293224 0.06773685 0.03631785
v 0.39930047 0.06196629 0.03581669
v 0.41171896 0.05989852 0.03779712
v 0.44306359 0.06172263 0.03328583
v 0.39982376 0.05480630 0.03899640
v 0.41391107 0.01788077 0.00389376
v 0.41912892 0.01720072 0.00421324
v 0.42136860 0.05528562 0.03753037
v 0.42578566 0.05636388 0.03721683
v 0.42351110 0.04963363 0.03665202
v 0.49373973 0.07007765 0.01441880
v 0.49777503 0.07289345 0.01614218
v 0.41895823 0.00903130 0.00340814
v 0.45688489 0.07758684 0.02619617
v 0.43040674 0.05425133 0.03603398
v 0.42771733 0.01728755 0.00411372
v 0.40733074 0.07086199 0.03339153
v 0.41864956 0.06058897 0.03973854
v 0.39959421 0.06877064 0.03725979
v 0.41181438 0.00348933 0.00280991
v 0.41298850 0.00297436 0.00058533
v 0.42748206 0.02951930 0.00833780
v 0.50093125 0.02756609 0.00451563
v 0.49985349 0.03657888 0.00080988
v 0.50125820 0.03139672 0.00056363
v 0.50017932 0.02485846 0.00059373
v 0.50930674 0.02134662 0.00043675
v 0.42315718 0.00327760 0.00088851
v 0.48187125 0.00318673 0.00387706
v 0.47984882 0.01107203 0.00422996
v 0.48324781 0.00370277 0.00060139
v 0.49644315 0.02681905 0.00382421
v 0.48965453 0.02764854 0.00369100
v 0.42119229 0.00385060 0.00293937
v 0.50226186 0.01626316 0.00600499
v 0.50193169 0.01173204 0.00448678
v 0.50208515 0.01678733 0.00061972
v 0.42187348 0.00160796 0.00630784
v 0.49089842 0.00360283 0.00356790
v 0.46950653 -0.00390237 0.00020314
v 0.50180637 0.00710775 0.00065330
v 0.48666486 0.01963615 0.00408455
v 0.49835865 0.00216066 0.00025600
v 0.49517423 0.00475036 0.00008967
v 0.48825640 -0.00088103 0.00046407
v 0.50036259 -0.00343567 0.00040376
v 0.40741188 0.02587317 0.00578303
v 0.39996161 0.02781341 0.00474932
v 0.49136863 -0.00710469 0.00024825
v 0.40562323 0.02483390 0.00369839
v 0.49549523 0.01136275 0.00360264
v 0.48949200 0.01516115 0.00360506
v 0.49514346 0.00227840 0.00457810
v 0.39587388 0.02608673 0.00407925
v 0.50126344 0.00499830 0.00435304
v 0.40865297 0.02227835 0.00425646
v 0.50151591 0.02221709 0.00529804
v 0.50444875 -0.00839591 0.00053166
v 0.50947526 0.00190050 0.00049438
v 0.48336329 0.03447720 0.00367729
v 0.49859325 0.02096522 0.00413978
v 0.48017218 -0.00462917 0.00031473
v 0.39758439 0.07268942 0.03948320
v 0.40339933 0.08002419 0.04819163
v 0.39960775 0.10997422 0.05557879
v 0.39407675 0.04284862 0.03718175
v 0.39755460 0.10422294 0.05840900
v 0.39874171 0.12617911 0.03141454
v 0.39778059 0.13223481 0.03437891
v 0.15749423 0.29717704 -0.00007491
v 0.15993068 0.30592428 -0.00008892
v 0.14888295 0.30151363 -0.00025444
v 0.16562715 0.29728073 -0.00025425
v 0.15190682 0.29636391 0.00046530
v 0.15283270 0.30912625 -0.00030823
v 0.14608192 0.30750519 -0.00017485
v 0.16210749 0.31233249 -0.00015819
v 0.14679839 0.29623281 0.00424808
v 0.15771509 0.29818698 0.00382049
v 0.14425752 0.31314442 -0.00000384
v 0.16865974 0.29847187 0.00449693
v 0.14358017 0.29122241 0.00302058
v 0.15288477 0.29573765 0.00401459
v 0.16352191 0.29280864 0.00331770
v 0.17979195 0.29602750 -0.00026439
v 0.17258957 0.29682534 0.00052486
v 0.18245694 0.29799239 0.00327841
v 0.18616713 0.29538279 0.00026095
v 0.20725914 0.29252210 0.00462276
v 0.21661063 0.29270122 0.00511268
v 0.21115424 0.29875973 0.00459011
v 0.20800684 0.29613879 0.00051480
v 0.19599849 0.29662469 0.00010634
v 0.20252701 0.29910327 0.00370106
v 0.22339779 0.29892076 0.00467380
v 0.19124272 0.29686292 -0.00025508
v 0.19311154 0.30817281 0.00000634
v 0.18800626 0.31113083 -0.00025287
v 0.21744123 0.29668565 0.00007994
v 0.22014195 0.29755650 0.00283033
v 0.20242120 0.30072368 -0.00015218
v 0.21682739 0.30414115 -0.00008460
v 0.22977069 0.29859025 0.00009661
v 0.23074782 0.30492473 -0.00004254
v 0.18472048 0.29741435 0.00418263
v 0.19903300 0.29772701 0.00476525
v 0.19176278 0.29864102 0.00444146
v 0.18137690 0.29402039 0.00371776
v 0.19051481 0.29080333 0.00488577
v 0.23283756 0.29641923 0.00022096
v 0.24294608 0.29738110 0.00023361
v 0.24382421 0.30597467 -0.00008687
v 0.20764700 0.31115037 -0.00005150
v 0.23195098 0.29969923 0.00463284
v 0.20029702 0.29184765 0.00485911
v 0.23827702 0.29700994 0.00277289
v 0.22131205 0.28458222 0.00432193
v 0.23199647 0.28898854 0.00522068
v 0.23682169 0.29557797 0.00459367
v 0.17357646 0.31201038 -0.00032381
v 0.17465787 0.30597889 -0.00035225
v 0.17605144 0.28913697 0.00339606
v 0.17408675 0.29937706 0.00474011
v 0.15692385 0.26543845 0.00463924
v 0.16392270 0.26432285 0.00338561
v 0.16807078 0.26947236 0.00363726
v 0.16390160 0.27114386 0.00318785
v 0.15312152 0.25006859 0.00399979
v 0.15060366 0.25708310 0.00427794
v 0.14311042 0.25128406 0.00376976
v 0.14791099 0.24719147 0.00413765
v 0.14626700 0.28414076 0.00385264
v 0.14410021 0.28684084 0.00457942
v 0.15676443 0.25384929 0.00320910
v 0.16458622 0.25125178 0.00302393
v 0.15878304 0.25851394 0.00422718
v 0.14386770 0.27820615 0.00427549
v 0.15845470 0.24952450 0.00348847
v 0.14630291 0.26364460 0.00431915
v 0.14551734 0.26958947 0.00440673
v 0.16259635 0.28807510 0.00454594
v 0.17063111 0.28507246 0.00359564
v 0.15021910 0.27658026 0.00428955
v 0.15275418 0.28157377 0.00388056
v 0.17104971 0.26776718 0.00339253
v 0.17515894 0.27182887 0.00382176
v 0.18817068 0.27631871 0.00480719
v 0.19330692 0.28456111 0.00454596
v 0.18197908 0.28108268 0.00402303
v 0.15969194 0.28581550 0.00376041
v 0.14975652 0.28902706 0.00323371
v 0.15625543 0.27828758 0.00407313
v 0.17668074 0.28538826 0.00427959
v 0.19370376 0.27948547 0.00425260
v 0.18062248 0.26465232 0.00301046
v 0.18153083 0.27495066 0.00417232
v 0.17646074 0.26738825 0.00448233
v 0.19687443 0.27538344 0.00344465
v 0.19293027 0.26884238 0.00332051
v 0.20195943 0.26992105 0.00354868
v 0.15236343 0.27233117 0.00478651
v 0.19916014 0.28339175 0.00380561
v 0.16625711 0.28216618 0.00438187
v 0.16620314 0.27633216 0.00387448
v 0.15762919 0.27493410 0.00331424
v 0.20213025 0.27814743 0.00399699
v 0.24053122 0.31163344 0.00003661
v 0.15946351 0.24496493 0.00371166
v 0.19768050 0.26354697 0.00332338
v 0.14748700 0.23999977 0.00397667
v 0.15771586 0.27165174 0.00474315
v 0.17531510 0.27736513 0.00399876
v 0.17886103 0.25636243 0.00391538
v 0.17604553 0.25828089 0.00493880
v 0.18529112 0.25762879 0.00381118
v 0.19324209 0.27413606 0.00478913
v 0.18129171 0.28927785 0.00281991
v 0.16735674 0.23869945 0.00354598
v 0.17067230 0.25416434 0.00326159
v 0.16964806 0.24460783 0.00350536
v 0.17632031 0.24609692 0.00356218
v 0.15814708 0.23574515 0.00366922
v 0.17975607 0.24951007 0.00327349
v 0.21197374 0.28320388 0.00370989
v 0.21110466 0.27531675 0.00382432
v 0.21501502 0.27532460 0.00359602
v 0.19737864 0.24590518 0.00421180
v 0.20074302 0.25169613 0.00301956
v 0.19172716 0.24933528 0.00315507
v 0.21721951 0.28672409 0.00458156
v 0.20486595 0.24841359 0.00406776
v 0.22267334 0.27778992 0.00367158
v 0.18619108 0.26627607 0.00461655
v 0.18904237 0.27036671 0.00283380
v 0.17906394 0.24191708 0.00354534
v 0.23384427 0.24573777 0.00362453
v 0.23201506 0.25050712 0.00282431
v 0.22925126 0.24753195 0.00464860
v 0.20720072 0.25488867 0.00419753
v 0.20307029 0.25934798 0.00354548
v 0.18256239 0.24756678 0.00426419
v 0.23937871 0.25380049 0.00360069
v 0.23947974 0.24654877 0.00396635
v 0.20708659 0.25071069 0.00312775
v 0.21576047 0.26201885 0.00369062
v 0.21568241 0.25427231 0.00389211
v 0.22181306 0.25830032 0.00360652
v 0.20646666 0.28569059 0.00486433
v 0.20867299 0.24576572 0.00429216
v 0.21530510 0.25055201 0.00348573
v 0.22773002 0.25529480 0.00337699
v 0.18610614 0.24932289 0.00333488
v 0.18912971 0.25423522 0.00300346
v 0.22464044 0.24710888 0.00413118
v 0.22020839 0.24250937 0.00416586
v 0.19610048 0.25628217 0.00402927
v 0.22425197 0.24873041 0.00252883
v 0.21585981 0.26921479 0.00337210
v 0.23687104 0.27659799 0.00357827
v 0.22969168 0.27569528 0.00375886
v 0.23765733 0.26848115 0.00327105
v 0.22663817 0.26568095 0.00354045
v 0.23264430 0.23856576 0.00384194
v 0.23199633 0.25792185 0.00389692
v 0.20303920 0.24044725 0.00408175
v 0.24698738 0.26819158 0.00358130
v 0.23754526 0.26058480 0.00332937
v 0.18728894 0.24104106 0.00353350
v 0.19030823 0.24405671 0.00419397
v 0.21714301 0.23820174 0.00374146
v 0.22953000 0.28529566 0.00356145
v 0.23729054 0.28821638 0.00379350
v 0.20748718 0.26314734 0.00354220
v 0.19043972 0.26007073 0.00343196
v 0.19684205 0.23857826 0.00378664
v 0.17003208 0.26280000 0.00335411
v 0.24029652 0.28408998 0.00320564
v 0.14519295 0.23320436 0.00408585
v 0.14343582 0.22266478 0.00410394
v 0.24188240 0.27902219 0.00349424
v 0.15302689 0.23227345 0.00434187
v 0.17132966 0.25831858 0.00374755
v 0.14962416 0.22638129 0.00415075
v 0.15726719 0.22565712 0.00456355
v 0.15355375 0.22014286 0.00373820
v 0.15634736 0.21746007 0.00421268
v 0.16274601 0.22442770 0.00414086
v 0.16371915 0.23140981 0.00381032
v 0.16300381 0.21626809 0.00456051
v 0.16610493 0.21938389 0.00382421
v 0.15347316 0.20918631 0.00423634
v 0.16165924 0.19450876 0.00403362
v 0.15582593 0.19472060 0.00412748
v 0.15845538 0.18866495 0.00403087
v 0.20605829 0.23651517 0.00396973
v 0.22650117 0.23739732 0.00420497
v 0.22492857 0.22984377 0.00378845
v 0.22942390 0.23090044 0.00364949
v 0.16465286 0.18751254 0.00392211
v 0.17333153 0.21086363 0.00390842
v 0.18525529 0.21151485 0.00384721
v 0.17183555 0.21734706 0.00429008
v 0.17906297 0.22460212 0.00387847
v 0.18569051 0.21843645 0.00401754
v 0.21910758 0.23051406 0.00396518
v 0.22950032 0.22006057 0.00392114
v 0.14413392 0.20633959 0.00336213
v 0.14263470 0.19655086 0.00330248
v 0.14936406 0.20249332 0.00414590
v 0.23509549 0.23243304 0.00387738
v 0.23926972 0.22588739 0.00388103
v 0.14390279 0.21188797 0.00450386
v 0.16054000 0.21192596 0.00352385
v 0.14747538 0.21604814 0.00439871
v 0.24072928 0.23498832 0.00393749
v 0.17636209 0.23393871 0.00386459
v 0.14941982 0.20953962 0.00339833
v 0.18406017 0.23623110 0.00376898
v 0.19609603 0.22313075 0.00394646
v 0.18975905 0.23255331 0.00384257
v 0.18439142 0.23033405 0.00399877
v 0.15758845 0.20899592 0.00459093
v 0.21543978 0.22317362 0.00397737
v 0.21032759 0.22769924 0.00390434
v 0.20408890 0.22786528 0.00380978
v 0.16915840 0.20039192 0.00456598
v 0.17886267 0.20595287 0.00410190
v 0.19630410 0.23000649 0.00365578
v 0.22117091 0.21551367 0.00362571
v 0.14584314 0.19368765 0.00335539
v 0.20359123 0.21804805 0.00394137
v 0.14963187 0.18742634 0.00379036
v 0.23895478 0.21881471 0.00392539
v 0.17955847 0.19680567 0.00422749
v 0.18583276 0.20131907 0.00434011
v 0.16905035 0.22620562 0.00348932
v 0.23772857 0.21099828 0.00387886
v 0.16404686 0.20155271 0.00361571
v 0.15790495 0.20344113 0.00368523
v 0.14943274 0.19509024 0.00399119
v 0.17991786 0.18598716 0.00406503
v 0.18648661 0.19004179 0.00418565
v 0.19693667 0.21510326 0.00470160
v 0.16931975 0.19382160 0.00351248
v 0.16888876 0.21130532 0.00446277
v 0.16684281 0.20854363 0.00325277
v 0.17253425 0.22381632 0.00402033
v 0.21269192 0.21562044 0.00413489
v 0.20939350 0.21066240 0.00403136
v 0.23802475 0.20280417 0.00401274
v 0.24395774 0.20304719 0.00398351
v 0.19207326 0.20657568 0.00387407
v 0.19104617 0.19720469 0.00410099
v 0.23066787 0.20254071 0.00381161
v 0.19918116 0.20074432 0.00376631
v 0.19708978 0.19225241 0.00382658
v 0.20276905 0.20813421 0.00358209
v 0.21828049 0.20859399 0.00392585
v 0.21042034 0.19157210 0.00408950
v 0.20336038 0.19260912 0.00410613
v 0.20642417 0.18375567 0.00410570
v 0.17879603 0.17501032 0.00440394
v 0.17477477 0.18407002 0.00393937
v 0.17065016 0.17169727 0.00404637
v 0.23292174 0.17287581 0.00415104
v 0.23744224 0.18345637 0.00426362
v 0.22574275 0.17133045 0.00424048
v 0.20018765 0.18543794 0.00414828
v 0.21433518 0.18122505 0.00425308
v 0.21637952 0.14580338 0.00422716
v 0.19990879 0.14363775 0.00411285
v 0.20469522 0.13458181 0.00430952
v 0.20093869 0.17741339 0.00351750
v 0.20784252 0.17202402 0.00411311
v 0.19228506 0.19165035 0.00396024
v 0.21630972 0.19219174 0.00371186
v 0.20008235 0.17027576 0.00407854
v 0.14344430 0.17543654 0.00348714
v 0.14320234 0.16785627 0.00434609
v 0.23178416 0.19140917 0.00410637
v 0.22125441 0.19215340 0.00394831
v 0.21973048 0.18361653 0.00417702
v 0.25118906 0.19848296 0.00377969
v 0.16426063 0.17017995 0.00438698
v 0.17381343 0.16590242 0.00406822
v 0.16227154 0.16294756 0.00429765
v 0.16830364 0.15780252 0.00425336
v 0.16715471 0.14740530 0.00398401
v 0.17584346 0.14084640 0.00415814
v 0.17122583 0.15134201 0.00411888
v 0.22658737 0.15112238 0.00415885
v 0.22276182 0.15666544 0.00417184
v 0.14836156 0.14519924 0.00422382
v 0.14711794 0.14000598 0.00392444
v 0.14739901 0.15773214 0.00376459
v 0.18153314 0.14254208 0.00416112
v 0.18018049 0.15264083 0.00400288
v 0.22275681 0.19916081 0.00391883
v 0.21987695 0.17221095 0.00423946
v 0.17876831 0.16027980 0.00421650
v 0.18327797 0.16777727 0.00418453
v 0.22693768 0.18396317 0.00393518
v 0.15051032 0.15091364 0.00410186
v 0.17005205 0.13468661 0.00407899
v 0.16226143 0.14221600 0.00408637
v 0.15486424 0.13995462 0.00424811
v 0.15634090 0.15330779 0.00422751
v 0.19953687 0.16310803 0.00411280
v 0.15073901 0.17428923 0.00319386
v 0.14975944 0.16837387 0.00396434
v 0.20985013 0.16189845 0.00422018
v 0.20824670 0.20245961 0.00377421
v 0.20513518 0.19840436 0.00372914
v 0.21389073 0.20065253 0.00365989
v 0.15785544 0.17379913 0.00446126
v 0.22397556 0.14081201 0.00429120
v 0.18484289 0.17808154 0.00415625
v 0.15066200 0.17866647 0.00451258
v 0.16007572 0.18092830 0.00448222
v 0.23302511 0.14862810 0.00396913
v 0.15281927 0.16589951 0.00380594
v 0.16488475 0.17884243 0.00398679
v 0.18655854 0.15540526 0.00426863
v 0.20741726 0.15109436 0.00428619
v 0.19958342 0.15431779 0.00424465
v 0.19170937 0.17297931 0.00416363
v 0.23671936 0.13453736 0.00444130
v 0.15518990 0.16146243 0.00417935
v 0.19216430 0.15162555 0.00418439
v 0.21543170 0.15951857 0.00417989
v 0.22618692 0.16393856 0.00422818
v 0.23865390 0.14803792 0.00391588
v 0.19532935 0.17797574 0.00395123
v 0.24281040 0.18993224 0.00421048
v 0.18938979 0.16196471 0.00433412
v 0.19026597 0.14049293 0.00423961
v 0.15990288 0.13358875 0.00405418
v 0.14516719 0.18162645 0.00409108
v 0.24186473 0.17624551 0.00418632
v 0.16951323 0.18110949 0.00407149
v 0.17440618 0.19507877 0.00469149
v 0.23781174 0.16620401 0.00421948
v 0.23404840 0.15916370 0.00400896
v 0.19516548 0.18472428 0.00443441
v 0.19809466 0.20641586 0.00341042
v 0.23005039 0.21083010 0.00374352
v 0.18857201 0.18395559 0.00362756
v 0.24197519 0.15978590 0.00345185
v 0.24147864 0.15257444 0.00432874
v 0.27492180 0.30837435 -0.00018971
v 0.28228538 0.31267461 -0.00006784
v 0.26257579 0.31243736 -0.00000665
v 0.26842998 0.30283018 0.00001496
v 0.25581145 0.29799320 0.00463183
v 0.24568563 0.29255867 0.00385779
v 0.25460728 0.29017168 0.00358563
v 0.24867551 0.29856005 0.00459046
v 0.25992512 0.29399838 0.00468532
v 0.28646749 0.30792911 -0.00007812
v 0.27792975 0.30064068 -0.00019588
v 0.29002730 0.30173384 0.00010812
v 0.30921210 0.29822490 0.00434213
v 0.29673390 0.29767526 0.00321174
v 0.29788668 0.29463050 0.00516033
v 0.30903829 0.29684300 0.00030578
v 0.31019649 0.30245873 0.00016335
v 0.30426089 0.29774888 0.00017492
v 0.31840533 0.29669038 0.00005887
v 0.30589632 0.29324265 0.00476765
v 0.29221427 0.29705430 0.00048873
v 0.31215322 0.29351341 0.00497092
v 0.28651723 0.29819216 0.00018935
v 0.29710784 0.31180086 -0.00003373
v 0.31885300 0.29854222 0.00420437
v 0.32359515 0.29703780 0.00028064
v 0.33064677 0.29670503 0.00012223
v 0.33262456 0.30134591 0.00007440
v 0.25348432 0.30330343 -0.00004777
v 0.27973080 0.29825150 0.00413190
v 0.28746013 0.29977287 0.00479865
v 0.28067605 0.29732005 0.00024870
v 0.32326567 0.29723240 0.00428798
v 0.33134770 0.29865739 0.00434063
v 0.25301209 0.29788233 -0.00000548
v 0.27407414 0.29704229 0.00002927
v 0.26375812 0.29705835 0.00034933
v 0.33778610 0.29707309 0.00048993
v 0.25970495 0.29960377 0.00465450
v 0.27314453 0.29743207 0.00494715
v 0.26690066 0.29894106 0.00346322
v 0.26971162 0.29045016 0.00484755
v 0.34798953 0.30566759 0.00028875
v 0.33421809 0.30970515 0.00017366
v 0.34837089 0.30972794 0.00004761
v 0.38174139 0.30967585 0.00022562
v 0.38698433 0.30495731 0.00036973
v 0.34510517 0.29861133 0.00046101
v 0.30175230 0.30376704 -0.00012049
v 0.28327121 0.29270021 0.00505531
v 0.30718216 0.31089460 -0.00014427
v 0.35794521 0.30347007 0.00021705
v 0.35172522 0.29764815 0.00066422
v 0.29394139 0.29171598 0.00495894
v 0.31485411 0.30585134 -0.00008939
v 0.32376250 0.31024793 0.00013705
v 0.32510856 0.30609875 -0.00018336
v 0.27243942 0.28751136 0.00353088
v 0.27882334 0.28929914 0.00319966
v 0.35937073 0.30964808 0.00013031
v 0.35962347 0.31004496 0.00008190
v 0.35963653 0.30957398 0.00012801
v 0.27970782 0.28172337 0.00365216
v 0.37481396 0.30289150 0.00024181
v 0.36043132 0.30966079 0.00008944
v 0.24684565 0.28587019 0.00359642
v 0.36929228 0.30960801 0.00009099
v 0.26485047 0.28312535 0.00374986
v 0.25998488 0.27706166 0.00348670
v 0.26975340 0.28042963 0.00372283
v 0.34477859 0.29909071 0.00465398
v 0.33789572 0.29608854 0.00458930
v 0.34262881 0.28900690 0.00347569
v 0.30855761 0.28808454 0.00327256
v 0.30385021 0.28676057 0.00333878
v 0.27374417 0.27501267 0.00365750
v 0.24583298 0.25369581 0.00345237
v 0.25253533 0.26026937 0.00357452
v 0.31662519 0.28878529 0.00319500
v 0.31081882 0.28381917 0.00369249
v 0.30245295 0.27879162 0.00374117
v 0.29526707 0.27906657 0.00371707
v 0.29754092 0.27193585 0.00347981
v 0.26402148 0.27056105 0.00338512
v 0.26979922 0.26794006 0.00353977
v 0.27925561 0.27074914 0.00363186
v 0.35479614 0.29784069 0.00419430
v 0.25719784 0.28279520 0.00386398
v 0.37361696 0.29705981 0.00446749
v 0.36334105 0.29854422 0.00460115
v 0.36569849 0.29046441 0.00411633
v 0.31138802 0.27039550 0.00350098
v 0.36642905 0.30635826 0.00044904
v 0.34872800 0.29111079 0.00433378
v 0.35522977 0.29154396 0.00438487
v 0.31900322 0.29161421 0.00504697
v 0.27165872 0.25532848 0.00400449
v 0.26787107 0.25059741 0.00316350
v 0.27292113 0.24996649 0.00384820
v 0.31204142 0.27972416 0.00377534
v 0.25886277 0.26238031 0.00340371
v 0.25617655 0.25157259 0.00318193
v 0.26178811 0.24741980 0.00395325
v 0.25153009 0.25121402 0.00395983
v 0.27188617 0.24364171 0.00392572
v 0.24672982 0.24809882 0.00397702
v 0.26338304 0.25556563 0.00367799
v 0.25080919 0.28054725 0.00400304
v 0.28098135 0.25615331 0.00366052
v 0.27910028 0.24817866 0.00364409
v 0.28678816 0.24846714 0.00352385
v 0.28919359 0.26282384 0.00352547
v 0.28749961 0.29064197 0.00353873
v 0.33202577 0.29143445 0.00476039
v 0.32662533 0.28948756 0.00303347
v 0.30493341 0.24317658 0.00376055
v 0.30919053 0.24502346 0.00436505
v 0.30373316 0.25010473 0.00350723
v 0.26137210 0.24271537 0.00387620
v 0.38062817 0.29841696 0.00066477
v 0.29226662 0.24429421 0.00381556
v 0.29676961 0.25737598 0.00372441
v 0.29115738 0.28514657 0.00357882
v 0.29732948 0.28699732 0.00337759
v 0.31697990 0.27585327 0.00362298
v 0.26432848 0.28914322 0.00380264
v 0.32159079 0.28207127 0.00367749
v 0.32015490 0.23763589 0.00413701
v 0.31989965 0.24540457 0.00416023
v 0.27751079 0.26120808 0.00383211
v 0.30692508 0.26342086 0.00371209
v 0.29676208 0.26471986 0.00365947
v 0.25066892 0.24265482 0.00379790
v 0.33742863 0.28049200 0.00398713
v 0.34178834 0.27592823 0.00368755
v 0.34534234 0.28128232 0.00390277
v 0.28315852 0.24186797 0.00384958
v 0.35184357 0.27584515 0.00357854
v 0.28500506 0.23513180 0.00403860
v 0.35344788 0.28104862 0.00399174
v 0.33640771 0.28710297 0.00353366
v 0.35453355 0.26427522 0.00361336
v 0.33396401 0.27389694 0.00386638
v 0.33589791 0.26728396 0.00375614
v 0.29591279 0.23814424 0.00402808
v 0.32942336 0.28150568 0.00398192
v 0.32481026 0.27064400 0.00374026
v 0.34126937 0.26021216 0.00372822
v 0.30920195 0.25576098 0.00362419
v 0.38198715 0.26842799 0.00396195
v 0.36876944 0.27791541 0.00401789
v 0.36819671 0.26912461 0.00393124
v 0.31881079 0.26212442 0.00377731
v 0.31610108 0.25330690 0.00354045
v 0.33108600 0.25284772 0.00388228
v 0.33832264 0.25227043 0.00375021
v 0.31156659 0.25149204 0.00419130
v 0.34539580 0.25387632 0.00380927
v 0.32653233 0.25758612 0.00414443
v 0.33282439 0.24730574 0.00393785
v 0.35951072 0.28692462 0.00344407
v 0.37139907 0.28826241 0.00389592
v 0.33649376 0.24470348 0.00407463
v 0.36336077 0.28176619 0.00390142
v 0.36744448 0.25426936 0.00376587
v 0.35559428 0.25255937 0.00346705
v 0.36687409 0.26157951 0.00399782
v 0.38092375 0.29052556 0.00406619
v 0.35092339 0.24490963 0.00385530
v 0.32099781 0.25599216 0.00440843
v 0.27587170 0.07147196 0.00433414
v 0.27520882 0.08628603 0.00435597
v 0.26592912 0.07524145 0.00433525
v 0.37959459 0.25422376 0.00360345
v 0.37586240 0.24883506 0.00413255
v 0.39064644 0.25311515 0.00385948
v 0.35964285 0.07850085 0.03414118
v 0.35671797 0.08095504 0.02996584
v 0.36172540 0.07743374 0.02994028
v 0.34614005 0.09221965 0.01167776
v 0.34092851 0.09141586 0.01518595
v 0.34409193 0.09596045 0.01372012
v 0.32308730 0.24870365 0.00457998
v 0.35199685 0.09315977 0.01973711
v 0.35496327 0.09884631 0.01933156
v 0.35142115 0.09584012 0.01744596
v 0.36538119 0.24932320 0.00393503
v 0.37505990 0.28041331 0.00404723
v 0.36276980 0.07239752 0.00643664
v 0.36080839 0.06682031 0.00525017
v 0.35640997 0.06540398 0.01421844
v 0.37374354 0.09737183 0.03416951
v 0.37293563 0.10550367 0.03419083
v 0.36843253 0.09846661 0.03376285
v 0.30252968 0.07348439 0.00440495
v 0.29532156 0.08262045 0.00441307
v 0.28673878 0.06884042 0.00436845
v 0.38617760 0.27559717 0.00374206
v 0.30927925 0.03343012 0.00432363
v 0.31579492 0.04612946 0.00442266
v 0.29908908 0.03638741 0.00427661
v 0.36023549 0.07752404 0.01525146
v 0.35515722 0.08093244 0.01458041
v 0.35880107 0.07952917 0.00981373
v 0.38968822 0.28914668 0.00406179
v 0.37906423 0.25905997 0.00397476
v 0.36001250 0.09893019 0.01877590
v 0.37526705 0.24213840 0.00411429
v 0.36724956 0.29714558 0.00027008
v 0.28253978 0.10415550 0.00441675
v 0.27529886 0.11249787 0.00440282
v 0.26750046 0.09954378 0.00427528
v 0.38612109 0.23690096 0.00417709
v 0.28594620 0.27450371 0.00362878
v 0.32801607 0.07175550 0.00451248
v 0.32437328 0.08100827 0.00441983
v 0.31266321 0.08085912 0.00440753
v 0.34246780 0.11395473 0.00484318
v 0.35534660 0.11989537 0.00409496
v 0.34796363 0.12272675 0.00476975
v 0.36419164 0.07393278 0.02561304
v 0.36344372 0.07474706 0.02962188
v 0.31093711 0.06598969 0.00444950
v 0.24742524 0.27451550 0.00385086
v 0.36107298 0.23807359 0.00384928
v 0.39229703 0.02879822 0.03522950
v 0.39513164 0.03120734 0.03368629
v 0.31376354 0.02748168 0.00421853
v 0.30069024 0.02467825 0.00413609
v 0.35754945 0.09852216 0.03078559
v 0.36202120 0.10140159 0.02962054
v 0.35921864 0.10032495 0.03666082
v 0.35677419 0.10087082 0.03562625
v 0.35580477 0.09910600 0.02758342
v 0.37312291 0.29789014 0.00057593
v 0.36216030 0.07649866 0.00706848
v 0.35070652 0.10601940 0.01889493
v 0.34810979 0.10104909 0.01798043
v 0.34073491 0.09033013 0.01868292
v 0.26086063 0.06707565 0.00435763
v 0.26492836 0.05750308 0.00434332
v 0.34874990 0.08526103 0.02102564
v 0.34584257 0.08700827 0.01431928
v 0.35229795 0.08475178 0.01145081
v 0.38669221 0.29835780 0.00047097
v 0.37953803 0.29919306 0.00390222
v 0.34786152 0.08728220 0.02011376
v 0.26842303 0.13096808 0.00443265
v 0.27141107 0.13850914 0.00439199
v 0.25946291 0.14144418 0.00450166
v 0.38659001 0.29918406 0.00438782
v 0.25753628 0.03989778 0.00433548
v 0.25975200 0.04925593 0.00440648
v 0.24725604 0.04460713 0.00425737
v 0.34955705 0.10869398 0.00462574
v 0.34115294 0.10843218 0.00435170
v 0.36072288 0.10539167 0.03538502
v 0.35759405 0.10501476 0.02883553
v 0.25361744 0.07479583 0.00441234
v 0.25155658 0.08726218 0.00433883
v 0.38653713 0.09931656 0.04115118
v 0.39409377 0.10782816 0.04474654
v 0.38998998 0.10519038 0.03940897
v 0.29532879 0.04640418 0.00440506
v 0.30211697 0.05517531 0.00433852
v 0.29141968 0.05537927 0.00433949
v 0.37427738 0.08991445 0.03036631
v 0.37633139 0.09392883 0.03008324
v 0.35222189 0.10355753 0.01964947
v 0.34638032 0.09560662 0.01942913
v 0.39345066 0.29794671 0.00444238
v 0.28550664 0.08086544 0.00434523
v 0.23524226 0.02157521 0.00417168
v 0.22979212 0.03461091 0.00424395
v 0.21428890 0.02352293 0.00406587
v 0.27612670 0.05440438 0.00426607
v 0.37196268 0.10651666 0.02892788
v 0.37064809 0.10772269 0.02566365
v 0.36721611 0.09729659 0.02920999
v 0.25491827 0.05419365 0.00429161
v 0.35940369 0.08851264 0.02651022
v 0.36471195 0.08972235 0.03453431
v 0.36820660 0.10490280 0.02378229
v 0.35973220 0.10350055 0.02498640
v 0.38651780 0.10045924 0.03706117
v 0.38947685 0.10856992 0.03246335
v 0.38254788 0.10173335 0.03053647
v 0.36153459 0.09971152 0.02403345
v 0.35193576 0.09683063 0.01307583
v 0.35595146 0.10866560 0.01531745
v 0.39281637 0.04966347 0.05218710
v 0.30611647 0.08831100 0.00429182
v 0.38712425 0.03023122 0.03340373
v 0.39193629 0.02463887 0.02785491
v 0.38787041 0.02553694 0.02822877
v 0.36402421 0.09677062 0.02500498
v 0.38243505 0.12227277 0.02827593
v 0.37471509 0.11434941 0.02597611
v 0.37780770 0.11275257 0.03368452
v 0.39033345 0.04956101 0.03782292
v 0.37922471 0.11559446 0.02343823
v 0.37974187 0.11723283 0.01526711
v 0.37466092 0.11804105 0.01426894
v 0.39516699 0.05067418 0.03810910
v 0.39057107 0.12795141 0.03453761
v 0.38562495 0.12643389 0.03366958
v 0.38190866 0.11968194 0.03362535
v 0.37141582 0.11215783 0.02471492
v 0.38280259 0.11065187 0.03398833
v 0.36107385 0.29643248 0.00026073
v 0.37318128 0.12499885 0.00504888
v 0.37875470 0.12872349 0.00472733
v 0.37280882 0.13022117 0.00457823
v 0.38877947 0.08745712 0.06014340
v 0.38356060 0.12269904 0.01429840
v 0.26693900 0.04278945 0.00429747
v 0.27317371 0.03453237 0.00424759
v 0.28115399 0.04866872 0.00433951
v 0.16324541 0.02407487 0.00397723
v 0.17291979 0.02962151 0.00417361
v 0.16785870 0.03261333 0.00393108
v 0.38286583 0.03573813 0.03524821
v 0.36312698 0.07953229 0.03437863
v 0.38727308 0.03648691 0.03428191
v 0.36976180 0.11753808 0.01925114
v 0.37024297 0.11668944 0.01218548
v 0.36690542 0.10125161 0.02341005
v 0.39457973 0.03639071 0.03543739
v 0.34009371 0.05811009 0.00456270
v 0.33448103 0.06448170 0.00467151
v 0.33154158 0.05767064 0.00456562
v 0.26519600 0.03313970 0.00423273
v 0.35379631 0.09891923 0.00550384
v 0.35187348 0.09322872 0.00905418
v 0.35639737 0.10415311 0.02441928
v 0.37798715 0.12248542 0.01316845
v 0.35336437 0.09328081 0.00631568
v 0.29920690 0.22630816 0.00401925
v 0.28517692 0.22397740 0.00387492
v 0.29052201 0.21475322 0.00422427
v 0.31960856 0.09012786 0.00452972
v 0.39246248 0.03839063 0.03634906
v 0.38990732 0.03862026 0.03595910
v 0.35704785 0.09040479 0.02123817
v 0.35822021 0.08781350 0.02139602
v 0.25296027 0.21655207 0.00387809
v 0.25315442 0.22802485 0.00390395
v 0.26563824 0.21073136 0.00407237
v 0.26823004 0.22232301 0.00410557
v 0.24415721 0.21255529 0.00404597
v 0.25111141 0.20655600 0.00393506
v 0.27447436 0.23526209 0.00388615
v 0.27593646 0.20556185 0.00393702
v 0.26829579 0.19874298 0.00417291
v 0.27001643 0.19060787 0.00413291
v 0.26221799 0.23265606 0.00406295
v 0.25638430 0.20405189 0.00390469
v 0.36726372 0.04995650 0.06131139
v 0.34646054 0.09900916 0.00445903
v 0.38370417 0.12181356 0.02134173
v 0.38737600 0.13137965 0.02620809
v 0.29014655 0.23132718 0.00389572
v 0.29973778 0.20930711 0.00422256
v 0.30089630 0.19792009 0.00431989
v 0.30941544 0.20269144 0.00383056
v 0.24609872 0.06369518 0.00431630
v 0.31796690 0.20867114 0.00408482
v 0.30523855 0.21970105 0.00416089
v 0.26020849 0.19581721 0.00420402
v 0.36216940 0.09763221 0.02269902
v 0.39130397 0.13366334 0.01792369
v 0.30183389 0.23303793 0.00407588
v 0.31601941 0.19795093 0.00420569
v 0.37244646 0.06118659 0.05964350
v 0.27660568 0.21786579 0.00385402
v 0.30740575 0.23394694 0.00390773
v 0.28171139 0.19073414 0.00423444
v 0.28295066 0.20413954 0.00400284
v 0.29081513 0.19490863 0.00422096
v 0.33855784 0.23562824 0.00390074
v 0.33167576 0.21929880 0.00408520
v 0.34286203 0.22563675 0.00393409
v 0.29292253 0.20765390 0.00403518
v 0.35209158 0.23745948 0.00383042
v 0.25203772 0.19026715 0.00398795
v 0.32012099 0.21634607 0.00398183
v 0.32861305 0.20920000 0.00403080
v 0.24754678 0.23421894 0.00397492
v 0.34021999 0.21097877 0.00408848
v 0.31172554 0.23579977 0.00424484
v 0.37219213 0.23354407 0.00420127
v 0.35484313 0.22251731 0.00404839
v 0.31433666 0.22780917 0.00423039
v 0.32402905 0.22612559 0.00407036
v 0.32443269 0.19365410 0.00403799
v 0.33405653 0.19921506 0.00400793
v 0.39037747 0.22724769 0.00447647
v 0.37936178 0.22022092 0.00394844
v 0.36103270 0.21082203 0.00417304
v 0.34932776 0.20993143 0.00427757
v 0.36920243 0.21563970 0.00418436
v 0.36451382 0.20646536 0.00420334
v 0.32026135 0.18553932 0.00438415
v 0.34674184 0.21479225 0.00394498
v 0.33080634 0.18982258 0.00418521
v 0.26116212 0.17229406 0.00374957
v 0.26410599 0.17722781 0.00410075
v 0.25550048 0.17728318 0.00382810
v 0.27656920 0.18313171 0.00440935
v 0.35346247 0.20297023 0.00409309
v 0.25850016 0.18429943 0.00423159
v 0.27101408 0.17325780 0.00439583
v 0.38828145 0.13096606 0.01426927
v 0.37680504 0.20411907 0.00411491
v 0.30669034 0.18639479 0.00437638
v 0.31592959 0.18200125 0.00420240
v 0.36538031 0.22360648 0.00395809
v 0.29140827 0.18606546 0.00435485
v 0.27128350 0.17974673 0.00427070
v 0.24343798 0.14429207 0.00447801
v 0.27765569 0.17263828 0.00428614
v 0.34660041 0.20227715 0.00397508
v 0.34407358 0.19488356 0.00419390
v 0.31689732 0.15373179 0.00429584
v 0.31537142 0.16861021 0.00428579
v 0.30505686 0.16631026 0.00422889
v 0.30454338 0.15593087 0.00415094
v 0.32113602 0.16438519 0.00423308
v 0.24797026 0.13586398 0.00446976
v 0.25063445 0.14282511 0.00547539
v 0.25672128 0.16417231 0.00370049
v 0.26982440 0.16674217 0.00411468
v 0.38397723 0.21000090 0.00430692
v 0.35056950 0.20139343 0.00506147
v 0.26276053 0.15963263 0.00398202
v 0.29771400 0.17854802 0.00429251
v 0.35584138 0.18812257 0.00415007
v 0.35965789 0.19261811 0.00406726
v 0.34996749 0.18609940 0.00429088
v 0.26538966 0.14608935 0.00480958
v 0.27169533 0.15602742 0.00444404
v 0.26462043 0.15171518 0.00430708
v 0.27583851 0.15313093 0.00424201
v 0.27310264 0.14704116 0.00416227
v 0.38303375 0.18294456 0.00447025
v 0.37046956 0.18386924 0.00409975
v 0.37283496 0.17672497 0.00434027
v 0.32438963 0.17883818 0.00436401
v 0.35839765 0.17946592 0.00411774
v 0.39225170 0.17821720 0.00437967
v 0.30779459 0.14611583 0.00426963
v 0.30664974 0.17576186 0.00434266
v 0.37181066 0.19191529 0.00414595
v 0.27770231 0.16362000 0.00416501
v 0.27841302 0.14249102 0.00423307
v 0.28321584 0.15640928 0.00416840
v 0.33643483 0.18705784 0.00433335
v 0.33181201 0.17081596 0.00431065
v 0.33464976 0.18059883 0.00443757
v 0.38244471 0.15830537 0.00500850
v 0.38673386 0.16328323 0.00784620
v 0.38509538 0.16373570 0.00457633
v 0.28906214 0.15635441 0.00427205
v 0.28504115 0.14283640 0.00426591
v 0.33821444 0.17384705 0.00433132
v 0.35078743 0.17064402 0.00428681
v 0.38741180 0.15960124 0.00380914
v 0.39074209 0.15865098 0.00769709
v 0.36017063 0.16672520 0.00418766
v 0.37973989 0.15060411 0.00374165
v 0.38042162 0.15602950 0.00521907
v 0.36301352 0.17518601 0.00415523
v 0.30921183 0.17092378 0.00413882
v 0.38938932 0.15739514 0.00440805
v 0.28441819 0.18090667 0.00447488
v 0.28798939 0.17367462 0.00428298
v 0.38712493 0.14829679 0.00392382
v 0.29048130 0.14802506 0.00426948
v 0.38262761 0.19848635 0.00419740
v 0.36699714 0.19812581 0.00408597
v 0.30048290 0.14336568 0.00430752
v 0.29882687 0.15827992 0.00418594
v 0.24654912 0.17556315 0.00407070
v 0.24733002 0.16833535 0.00390220
v 0.38667005 0.19067480 0.00433156
v 0.29503581 0.16716715 0.00410126
v 0.36504262 0.15310536 0.00437985
v 0.35986946 0.14325871 0.00400080
v 0.36406393 0.14608430 0.00351264
v 0.35422563 0.15478182 0.00413292
v 0.24875774 0.18096719 0.00410589
v 0.36896176 0.15000104 0.00537920
v 0.28556592 0.16524892 0.00431525
v 0.37203515 0.15664069 0.00581726
v 0.36690737 0.14281394 0.00500439
v 0.35360545 0.14518886 0.00392262
v 0.29156832 0.13769859 0.00435795
v 0.37157197 0.16833320 0.00422594
v 0.35382480 0.13576974 0.00436883
v 0.33245253 0.16475716 0.00426103
v 0.36009738 0.13711830 0.00507543
v 0.39272408 0.19548042 0.00410293
v 0.33132135 0.15877311 0.00412185
v 0.37538547 0.14688234 0.00411469
v 0.38104848 0.14552715 0.00386246
v 0.35176995 0.16172118 0.00440296
v 0.39246416 0.15069138 0.00418308
v 0.37323488 0.14204390 0.00430828
v 0.31700000 0.14401313 0.00435192
v 0.25384938 0.16219907 0.00420897
v 0.37654962 0.13626523 0.00457747
v 0.38204072 0.13674155 0.00484292
v 0.38894469 0.05187531 0.04107794
v 0.39825753 0.06897582 0.04188167
v 0.39670125 0.06210723 0.04674102
v 0.39063421 0.14082306 0.00525498
v 0.34652774 0.17774989 0.00417700
v 0.38856086 0.13546784 0.00434753
v 0.37897357 0.17176368 0.00462195
v 0.37995020 0.04161396 0.03462701
v 0.30368511 0.13595649 0.00420666
v 0.35292137 0.08831122 0.02001097
v 0.19295810 0.01753923 0.00405941
v 0.35859343 0.10625670 0.01907455
v 0.31214844 0.13756559 0.00437230
v 0.34373157 0.16244250 0.00419933
v 0.33763122 0.12159161 0.00456748
v 0.32814585 0.11360062 0.00452646
v 0.38611709 0.16848701 0.00370109
v 0.32461080 0.14368044 0.00422151
v 0.32982510 0.13565651 0.00421204
v 0.33457691 0.14501524 0.00401354
v 0.39047224 0.16881369 0.00507231
v 0.32811316 0.15186240 0.00433117
v 0.37944347 0.03469590 0.03345675
v 0.39552150 0.03163030 0.02592496
v 0.39522163 0.18146013 0.00368004
v 0.37840115 0.16376814 0.00568324
v 0.37199140 0.16125615 0.00454365
v 0.38470038 0.03081072 0.02861410
v 0.34396393 0.14599616 0.00405851
v 0.33928893 0.15362227 0.00424676
v 0.39570543 0.02985576 0.01683790
v 0.34932422 0.15145382 0.00417646
v 0.24264107 0.15861064 0.01039084
v 0.38810628 0.16793465 0.01247899
v 0.25226613 0.14108192 0.00935015
v 0.24448652 0.14279662 0.01023737
v 0.38014998 0.13026076 0.01289590
v 0.39151346 0.01963118 0.00401802
v 0.39723041 0.02907160 0.01526468
v 0.37543160 0.04381007 0.05621478
v 0.25360779 0.15286685 0.01057008
v 0.25152782 0.16029059 0.01066898
v 0.28098340 0.12327022 0.00432395
v 0.28608718 0.13107094 0.00439944
v 0.39016738 0.02272904 0.00350696
v 0.24814394 0.14927975 0.01034048
v 0.28696786 0.03355098 0.00438292
v 0.28595234 0.02185272 0.00414784
v 0.25263042 0.14683586 0.01081427
v 0.25666005 0.15719374 0.00957435
v 0.36765379 0.16196940 0.01365926
v 0.37280086 0.17049235 0.01366787
v 0.37066084 0.16663892 0.01184851
v 0.26277460 0.14435808 0.01041290
v 0.38070630 0.16469012 0.01411785
v 0.39795892 0.17261643 0.00434655
v 0.36841475 0.04815451 0.05757303
v 0.38233365 0.16205121 0.00995870
v 0.37764433 0.16359180 0.00721161
v 0.37903061 0.16856408 0.01082201
v 0.39695020 0.16694120 0.00683560
v 0.36661307 0.12757272 0.00627916
v 0.36324909 0.12542796 0.00959349
v 0.36653602 0.12204800 0.00499493
v 0.39274931 0.16431219 0.00532786
v 0.26046927 0.15894133 0.01078144
v 0.39187321 0.16838041 0.01269979
v 0.37998093 0.17022717 0.01395982
v 0.37807479 0.07386807 0.05658197
v 0.24586672 0.07649665 0.00433756
v 0.26434847 0.15595334 0.00823873
v 0.36133791 0.12399839 0.00519711
v 0.37888092 0.03410273 0.02944119
v 0.36211120 0.10300988 0.02037316
v 0.36160290 0.10649086 0.01991660
v 0.36303749 0.12847837 0.00732124
v 0.36141640 0.12401453 0.01111484
v 0.36702268 0.11114658 0.02154814
v 0.36106159 0.12883936 0.00546348
v 0.39365982 0.17800677 0.01546122
v 0.37623826 0.03842834 0.03512929
v 0.38561512 0.16360579 0.01090298
v 0.38663190 0.16658788 0.01429730
v 0.39060701 0.17139946 0.01915929
v 0.37693507 0.08657847 0.03281670
v 0.37020484 0.07728422 0.03237835
v 0.37359839 0.07984686 0.03515410
v 0.37380872 0.03861577 0.03296977
v 0.25993112 0.16180312 0.00884471
v 0.24510614 0.16116236 0.00878051
v 0.24649087 0.16179460 0.00353259
v 0.37311216 0.15677729 0.01388425
v 0.38189268 0.15959116 0.01400505
v 0.35509577 0.10097120 0.02361195
v 0.38570860 0.16356219 0.01876396
v 0.23565687 0.07019816 0.00436540
v 0.25387390 0.16268328 0.00984988
v 0.25238248 0.12081394 0.00432876
v 0.25933350 0.12681780 0.00439306
v 0.35445578 0.10760646 0.01924707
v 0.39100133 0.16094312 0.01072641
v 0.38879790 0.15751507 0.01384140
v 0.38449486 0.16027489 0.01546096
v 0.36369980 0.15578856 0.01195502
v 0.39513202 0.15752936 0.00844416
v 0.39568897 0.15163101 0.00597201
v 0.39737708 0.15772549 0.00647385
v 0.39647230 0.15329295 0.00967334
v 0.37826274 0.15573208 0.01383236
v 0.36055684 0.11456371 0.01910115
v 0.36695420 0.11898698 0.01929096
v 0.35971185 0.12196839 0.01875973
v 0.33331523 0.10224884 0.00446294
v 0.37323153 0.14760066 0.01386251
v 0.39290464 0.14711196 0.00707738
v 0.39279698 0.15779066 0.01516871
v 0.23676288 0.08826457 0.00435258
v 0.38893296 0.12108606 0.03413791
v 0.24195619 0.14586658 0.00994631
v 0.39150088 0.14469449 0.01376926
v 0.38498527 0.13556833 0.01315971
v 0.39332998 0.14000413 0.01476464
v 0.32375165 0.10177281 0.00440813
v 0.39210533 0.02684900 0.01251556
v 0.38510925 0.08230097 0.05990905
v 0.39700083 0.18421236 0.01830189
v 0.39931602 0.17495711 0.01169543
v 0.39454469 0.03164694 0.00602286
v 0.28019289 0.03314821 0.00424221
v 0.37649461 0.01965328 0.02051650
v 0.37976481 0.02382151 0.02118810
v 0.37677867 0.02640648 0.02037897
v 0.36403000 0.15753909 0.01387108
v 0.39387606 0.16176251 0.01925097
v 0.35984404 0.06205129 0.01023072
v 0.39168807 0.15706944 0.01854980
v 0.37535600 0.02685947 0.02433165
v 0.37172142 0.02463774 0.02409548
v 0.37378755 0.02241607 0.02108438
v 0.35334980 0.11147919 0.01606226
v 0.39791037 0.17568444 0.01929549
v 0.38124756 0.08395531 0.04746060
v 0.38509395 0.08901112 0.05035578
v 0.38863469 0.09632750 0.04652186
v 0.35719598 0.12051664 0.01418856
v 0.35626504 0.12877712 0.01413053
v 0.35347471 0.14047422 0.01405894
v 0.34897938 0.12876829 0.01363406
v 0.39714521 0.14826481 0.01562126
v 0.39572622 0.15029503 0.01419251
v 0.38300538 0.01867343 0.01997208
v 0.38289165 0.03145407 0.02195670
v 0.38969870 0.09470082 0.05473939
v 0.38878370 0.10804757 0.02898425
v 0.38493470 0.10806074 0.02814317
v 0.35981397 0.14859746 0.01374774
v 0.38373891 0.08456225 0.05355605
v 0.39711111 0.14449310 0.01822204
v 0.39801029 0.14987035 0.02067724
v 0.35318611 0.13893035 0.01164238
v 0.37980147 0.10188750 0.02975150
v 0.39426633 0.14245846 0.02324673
v 0.36795053 0.11735049 0.00907581
v 0.39377731 0.09950088 0.05695066
v 0.39170899 0.10019691 0.05054869
v 0.35713961 0.13195214 0.00918485
v 0.27710573 0.02429009 0.00400179
v 0.36833426 0.01583607 0.00371621
v 0.35816075 0.14549896 0.01264465
v 0.35796334 0.12030648 0.01278626
v 0.35944658 0.11201449 0.01123361
v 0.38560689 0.11089427 0.02957595
v 0.17799273 0.03335532 0.00409452
v 0.24092791 0.12293491 0.00443504
v 0.37283516 0.01564877 0.01805466
v 0.37953023 0.09433880 0.03218609
v 0.33725684 0.13703706 0.00409615
v 0.36527948 0.01856984 0.00478480
v 0.36147495 0.01696022 0.00355020
v 0.35887653 0.13585747 0.00643239
v 0.36964692 0.14099204 0.01387064
v 0.36857635 0.13376929 0.00352253
v 0.39085932 0.11234863 0.03198435
v 0.38656080 0.11234617 0.03282335
v 0.35653519 0.01459843 0.00508286
v 0.37890193 0.03411241 0.02165918
v 0.37680834 0.03536847 0.02333090
v 0.34294365 0.13671646 0.00436488
v 0.24927105 0.03615427 0.00412877
v 0.36784126 0.02480290 0.01984460
v 0.36899924 0.02465522 0.02327676
v 0.38662402 0.13761355 0.01072198
v 0.35427366 0.02746930 0.01868371
v 0.34921663 0.03128341 0.01957457
v 0.34947032 0.02869139 0.01591168
v 0.35880449 0.02233876 0.00421700
v 0.35140612 0.02005821 0.00502155
v 0.35998351 0.12377100 0.01374032
v 0.34984992 0.02514111 0.00440057
v 0.34902498 0.03045096 0.00479240
v 0.34265638 0.03272134 0.00444091
v 0.36225836 0.02354797 0.01918172
v 0.35845776 0.03214605 0.02028773
v 0.36353002 0.13245877 0.01372109
v 0.34903667 0.13942532 0.00391729
v 0.39414547 0.14735993 0.02407745
v 0.39763455 0.15329727 0.02455727
v 0.35252838 0.03492598 0.01931627
v 0.39460302 0.16826502 0.01914315
v 0.30045809 0.06596253 0.00446060
v 0.36842289 0.01864468 0.01620620
v 0.37461026 0.03309059 0.02726607
v 0.39630000 0.14811139 0.02802516
v 0.36224312 0.02189079 0.01714445
v 0.14507044 0.01854847 0.00397114
v 0.38497468 0.01609247 0.01459003
v 0.39394111 0.15632339 0.02124596
v 0.36537576 0.02316164 0.01368139
v 0.36493898 0.02690704 0.00986210
v 0.36833432 0.02534814 0.00627442
v 0.36191829 0.12001511 0.01131356
v 0.38256095 0.09478103 0.03478345
v 0.37380333 0.02370011 0.00922561
v 0.37193211 0.02352449 0.00506764
v 0.39024748 0.13518049 0.03370946
v 0.37071046 0.01548530 0.01371889
v 0.34010304 0.02198860 0.00456125
v 0.39506453 0.16194390 0.00939470
v 0.38583729 0.01936204 0.02239501
v 0.37881688 0.02030301 0.00970004
v 0.36739046 0.02310430 0.00538259
v 0.36713228 0.02938184 0.02187485
v 0.38845281 0.01771847 0.01848347
v 0.32229245 0.03507484 0.00444442
v 0.33481343 0.02618095 0.00429247
v 0.38093007 0.02346866 0.00536984
v 0.38765114 0.02786513 0.00450197
v 0.39619972 0.14364083 0.03128073
v 0.39058296 0.13581415 0.02646169
v 0.37201077 0.03329248 0.02552118
v 0.36665995 0.03413629 0.02057274
v 0.38699286 0.02810732 0.02502776
v 0.35747562 0.03439557 0.00464823
v 0.36118737 0.02871659 0.00512257
v 0.35905330 0.04175990 0.00506972
v 0.34788610 0.03902550 0.00477014
v 0.29660564 0.12685556 0.00435438
v 0.38511108 0.02741664 0.02300557
v 0.38077032 0.08807314 0.04335786
v 0.34228511 0.07281882 0.00440723
v 0.33628813 0.08383226 0.00465672
v 0.35467437 0.03956974 0.02200283
v 0.35996394 0.04880183 0.01509704
v 0.35376515 0.03829670 0.01572368
v 0.37505739 0.11757835 0.00534587
v 0.32752196 0.01977538 0.00457761
v 0.37012684 0.02796440 0.02679505
v 0.37749018 0.12553019 0.01099874
v 0.39264578 0.13821042 0.03353326
v 0.35364318 0.02701956 0.01475179
v 0.36072826 0.02974802 0.00980947
v 0.39271440 0.05789151 0.03746307
v 0.37856391 0.01980445 0.00350670
v 0.36114140 0.03471126 0.00924941
v 0.33268033 0.03935789 0.00427629
v 0.37224174 0.03881013 0.02364479
v 0.37388741 0.03702585 0.02865024
v 0.36410460 0.04010486 0.02477601
v 0.36365338 0.03519815 0.02221770
v 0.36858040 0.04030527 0.02239052
v 0.31659409 0.02055778 0.00455285
v 0.14352363 0.11929941 0.00409224
v 0.35950874 0.04698744 0.02340775
v 0.15021401 0.11022269 0.00406602
v 0.15124386 0.12815532 0.00402372
v 0.15426880 0.11952355 0.00410678
v 0.18547643 0.13134310 0.00421312
v 0.16458484 0.12667381 0.00410466
v 0.16935162 0.12016673 0.00415306
v 0.18579032 0.11870449 0.00417082
v 0.19616790 0.11494515 0.00435695
v 0.19558435 0.12363236 0.00427021
v 0.14752786 0.10213523 0.00410061
v 0.18449164 0.11043291 0.00433876
v 0.22591877 0.12845631 0.00445010
v 0.23311035 0.12014936 0.00438116
v 0.16903092 0.11342843 0.00414301
v 0.19530028 0.10180846 0.00420041
v 0.36344450 0.03444421 0.00646780
v 0.17725027 0.10212245 0.00414568
v 0.17637954 0.09405960 0.00425823
v 0.21391497 0.13064611 0.00434926
v 0.20333192 0.10523368 0.00422868
v 0.23992043 0.10942183 0.00430944
v 0.22602583 0.11256139 0.00431085
v 0.15726549 0.10179198 0.00415030
v 0.16732743 0.09142492 0.00418616
v 0.20645003 0.12418781 0.00430858
v 0.21178475 0.11830140 0.00428208
v 0.22268455 0.10204504 0.00431178
v 0.23021691 0.09824773 0.00412510
v 0.23847477 0.10104924 0.00425736
v 0.18558861 0.09147907 0.00429711
v 0.21202968 0.10789971 0.00425675
v 0.20302006 0.09312398 0.00424254
v 0.22024394 0.08996189 0.00429845
v 0.14865833 0.13508821 0.00394380
v 0.21056923 0.08144496 0.00426594
v 0.35870510 0.03926155 0.02431848
v 0.35871503 0.03771412 0.02144979
v 0.17959571 0.12574247 0.00421376
v 0.17561389 0.08502165 0.00432321
v 0.14932377 0.09013505 0.00415452
v 0.15643043 0.07699746 0.00413302
v 0.15816378 0.08640555 0.00422861
v 0.16672392 0.08187927 0.00434467
v 0.14731136 0.06714295 0.00426039
v 0.14499263 0.04760104 0.00430276
v 0.15023145 0.04980707 0.00360911
v 0.14313249 0.05349376 0.00403543
v 0.16202133 0.05141652 0.01524671
v 0.15555002 0.04668486 0.01152095
v 0.15445230 0.05125626 0.01364409
v 0.16474300 0.04742374 0.01227575
v 0.19644510 0.08453592 0.00428296
v 0.14424076 0.03541585 0.02893011
v 0.14499582 0.04143294 0.02291970
v 0.14319975 0.03941936 0.02223482
v 0.14435442 0.04716005 0.02855473
v 0.14498885 0.04298554 0.02984745
v 0.16849742 0.07091314 0.00413348
v 0.17613005 0.07864350 0.00422047
v 0.15298450 0.05786078 0.00408030
v 0.16025412 0.05285254 0.00356508
v 0.16348207 0.05934736 0.00427515
v 0.18513425 0.07833422 0.00421711
v 0.18199221 0.06568188 0.00424071
v 0.19698785 0.07105161 0.00432034
v 0.14791577 0.03614870 0.01258638
v 0.14347411 0.04086264 0.01573008
v 0.14946644 0.04268203 0.00824319
v 0.15223194 0.03711024 0.00857262
v 0.14494405 0.03238606 0.01494059
v 0.15603894 0.04796062 0.00501421
v 0.15789076 0.03117745 0.01690372
v 0.17477197 0.05462106 0.00419259
v 0.21906495 0.07264151 0.00435745
v 0.21687426 0.06055687 0.00421091
v 0.15781414 0.04713212 0.02837304
v 0.15059547 0.04851853 0.02382952
v 0.16613146 0.05071958 0.00425703
v 0.23943163 0.05834669 0.00442444
v 0.15573849 0.04290202 0.02984382
v 0.22723280 0.07933888 0.00432911
v 0.20336985 0.03660074 0.00418803
v 0.20862552 0.04422536 0.00426977
v 0.18986928 0.04313692 0.00437900
v 0.19332910 0.03240379 0.00405290
v 0.19550417 0.05793449 0.00437425
v 0.21233767 0.06743608 0.00429530
v 0.16549473 0.05143086 0.01710181
v 0.17172926 0.04671351 0.02875464
v 0.17232140 0.04372191 0.02919593
v 0.16188875 0.04637185 0.00647073
v 0.16878996 0.04570541 0.00620050
v 0.17511807 0.04825814 0.00385806
v 0.17071061 0.04660167 0.01114934
v 0.16876887 0.04358025 0.00830061
v 0.14442743 0.04995766 0.01731294
v 0.15067469 0.05131468 0.01580100
v 0.14622834 0.04932918 0.01324740
v 0.17336384 0.04132204 0.00407079
v 0.17066408 0.04123801 0.01326924
v 0.18393058 0.04989109 0.00458684
v 0.18258029 0.04294687 0.00487692
v 0.17242823 0.04997594 0.01627841
v 0.15038845 0.03441338 0.02902710
v 0.17118389 0.04932071 0.02104334
v 0.16676469 0.03863087 0.00933925
v 0.17122715 0.03269746 0.01458271
v 0.14320865 0.03974973 0.00426037
v 0.17416328 0.04425425 0.01660138
v 0.16483842 0.03854301 0.02904258
v 0.18553100 0.05530142 0.00448361
v 0.17344090 0.04359938 0.02104712
v 0.20776359 0.05634227 0.00430158
v 0.16612123 0.04041286 0.00465656
v 0.17482802 0.03916645 0.02172008
v 0.17424941 0.03438281 0.01689773
v 0.15954118 0.03888829 0.00450368
v 0.16995754 0.03638882 0.00479047
v 0.17402468 0.03929577 0.02395235
v 0.14871300 0.04593943 0.00451306
v 0.21513089 0.04958263 0.00429397
v 0.18341855 0.03706019 0.00425550
v 0.19659558 0.05231612 0.00430971
v 0.22766384 0.05417469 0.00445397
v 0.17251790 0.03587307 0.02862154
v 0.24179885 0.01328792 0.00406337
v 0.32711365 0.02746593 0.00419019
v 0.25628174 0.02185169 0.00402090
v 0.16535186 0.03441816 0.02953498
v 0.38589433 0.09596746 0.04344212
v 0.22770024 0.04681267 0.00424667
v 0.36193780 0.05269508 0.03429602
v 0.36182977 0.05392438 0.01841149
v 0.36150942 0.05104326 0.02837615
v 0.34907672 0.07537421 0.00406796
v 0.34765905 0.08273049 0.00438652
v 0.24037791 0.05006848 0.00436747
v 0.35318923 0.07793652 0.00189189
v 0.35755074 0.05630122 0.02759349
v 0.26908159 0.02385202 0.00414632
v 0.38008195 0.12425043 0.00524912
v 0.35428400 0.07849882 0.00431287
v 0.35455150 0.08506383 0.00600449
v 0.29796478 0.11023262 0.00441531
v 0.30665203 0.11927837 0.00445847
v 0.38431407 0.12565775 0.00531745
v 0.38293472 0.09284963 0.03980097
v 0.36089973 0.06179786 0.03219205
v 0.35811078 0.06086265 0.02806771
v 0.36380345 0.06715074 0.02914390
v 0.38532198 0.12992637 0.00553678
v 0.36416683 0.11689656 0.00652194
v 0.39219114 0.13720977 0.01940934
v 0.37844022 0.08570723 0.03995102
v 0.15417182 0.04741479 0.00728119
v 0.34946222 0.12977557 0.00450340
v 0.39079216 0.11712565 0.02970789
v 0.38255538 0.12924713 0.00410020
v 0.34221084 0.09117529 0.00467694
v 0.39193443 0.13709317 0.00536379
v 0.37127742 0.11486878 0.00481081
v 0.34671336 0.08826873 0.00450209
v 0.36743105 0.11978090 0.00677256
v 0.35088454 0.09129975 0.00388619
v 0.35593868 0.05709661 0.02196804
v 0.35894247 0.05481061 0.01435686
v 0.34034404 0.09453989 0.00427425
v 0.37827926 0.04238094 0.05023260
v 0.36486665 0.05356017 0.05167350
v 0.37225563 0.06666718 0.04944385
v 0.36436922 0.05665612 0.04665171
v 0.37195271 0.04776479 0.05468985
v 0.38431701 0.04169458 0.04574664
v 0.37908842 0.04270869 0.03850437
v 0.38424366 0.04294433 0.03728206
v 0.37700043 0.04316172 0.04477514
v 0.35384233 0.05996741 0.01724911
v 0.37224834 0.04585846 0.05179537
v 0.35187546 0.05658126 0.00480343
v 0.35507193 0.06171010 0.00372888
v 0.34372701 0.06342101 0.00400199
v 0.35811887 0.06648378 0.02115530
v 0.32927224 0.08966564 0.00449117
v 0.35232639 0.06542879 0.00460751
v 0.38522168 0.04499252 0.04582937
v 0.31568697 0.11366945 0.00456030
v 0.32557681 0.12002287 0.00440777
v 0.32004590 0.12226696 0.00448834
v 0.37585456 0.04507999 0.03550706
v 0.36549766 0.05147104 0.05484351
v 0.38430488 0.04558493 0.03737400
v 0.38610594 0.04921121 0.03847337
v 0.14333652 0.04440594 0.01858335
v 0.14426468 0.04656396 0.02430853
v 0.30638919 0.09941764 0.00456787
v 0.29084424 0.09589785 0.00455908
v 0.29082629 0.10765053 0.00441445
v 0.39452092 0.11998183 0.03002190
v 0.37163863 0.04693977 0.04556749
v 0.36938249 0.04699767 0.04281204
v 0.30798394 0.10815702 0.00438546
v 0.39636532 0.11966579 0.03863618
v 0.36482735 0.04371722 0.03439032
v 0.37127427 0.04405493 0.03491298
v 0.36020593 0.04802189 0.03531007
v 0.36411898 0.06607482 0.03314032
v 0.36432913 0.06246011 0.03804806
v 0.36558048 0.05095028 0.03942766
v 0.37121972 0.04863784 0.03498458
v 0.33348185 0.13001577 0.00457581
v 0.37170876 0.06403134 0.05517492
v 0.36347439 0.05196054 0.04634531
v 0.36589434 0.05057879 0.03468611
v 0.32500579 0.12865020 0.00444643
v 0.35464875 0.10430340 0.00800541
v 0.36883292 0.04953291 0.04737606
v 0.36042462 0.04393377 0.00823181
v 0.35322841 0.10419754 0.00400387
v 0.35944989 0.04628191 0.03091629
v 0.36197692 0.10973871 0.00536508
v 0.36905102 0.07219081 0.03601872
v 0.35831806 0.05749186 0.01111815
v 0.35644808 0.10889664 0.00401321
v 0.35831491 0.07382742 0.00417774
v 0.36434001 0.05578269 0.00636089
v 0.25370014 0.09688516 0.00432226
v 0.27631384 0.09368214 0.00440282
v 0.31751405 0.12980625 0.00439616
v 0.31041241 0.12808509 0.00434637
v 0.36008422 0.08306874 0.03380362
v 0.37392079 0.07732319 0.04155265
v 0.36844498 0.06690087 0.04283830
v 0.36289253 0.04849109 0.00894052
v 0.36097206 0.05547777 0.03867300
v 0.35919720 0.08122185 0.00545138
v 0.35762025 0.04839753 0.00530902
v 0.36243069 0.04934133 0.00447880
v 0.35691545 0.05385069 0.00426350
v 0.32700117 0.04398055 0.00450097
v 0.35598044 0.05740940 0.00441765
v 0.32366971 0.05243760 0.00444391
v 0.31865175 0.06146719 0.00462696
v 0.30974172 0.05424434 0.00442295
v 0.33753060 0.05113551 0.00469553
v 0.36763272 0.04102113 0.02935158
v 0.36128447 0.06062727 0.00491683
v 0.36035298 0.11357591 0.00487164
v 0.35697579 0.04397504 0.02910563
v 0.14630324 0.03515963 0.00388707
v 0.35731453 0.11646509 0.00536159
v 0.35526274 0.08081012 0.02127183
v 0.35367421 0.08203567 0.02518359
v 0.15299259 0.03872949 0.00465642
v 0.36948333 0.08260828 0.03049596
v 0.35333419 0.04372384 0.00466982
v 0.35936945 0.07096168 0.01374288
v 0.35446984 0.08510864 0.02476589
v 0.35925310 0.06588522 0.02892642
v 0.34845382 0.04895456 0.00452516
v 0.34733306 0.07149034 0.00427468
v 0.36844721 0.07562102 0.02908726
v 0.37754728 0.08091300 0.04460463
v 0.36379117 0.07639370 0.02012507
v 0.36096337 0.06797083 0.02433657
v 0.34408996 0.05280356 0.00405486
v 0.15796037 0.03299417 0.00389240
v 0.18014969 0.01980554 0.00407434
v 0.18589853 0.02854946 0.00403625
v 0.14532262 0.03342013 0.02120501
v 0.14488147 0.03265098 0.02633207
v 0.14560199 0.02610695 0.00397558
v 0.15089715 0.03147973 0.01854417
v 0.14441459 0.03174052 0.01859550
v 0.14905039 0.03174750 0.00401671
v 0.15652798 0.03342060 0.02037029
v 0.16563604 0.03162530 0.01753324
v 0.16420152 0.03327997 0.02083394
v 0.15656836 0.03460868 0.02908491
v 0.15448959 0.01711798 0.00404787
v 0.15477670 0.02673928 0.00396237
v 0.20102920 0.02763821 0.00406482
v 0.19427943 0.02354914 0.00393008
v 0.16568741 0.03444400 0.02672598
v 0.17223782 0.03232607 0.01800026
v 0.26055807 0.10592843 0.00432346
v 0.25241255 0.10989534 0.00440490
v 0.26528941 0.12013967 0.00437392
v 0.48875587 0.18712205 0.04577812
v 0.48864185 0.18754133 0.04587411
v 0.45683809 0.15243533 0.05015794
v 0.45675813 0.15241090 0.05017815
v 0.45671376 0.15238407 0.05018740
v 0.48898849 0.18693597 0.04568129
v 0.49216701 0.17949774 0.04363401
v 0.45692444 0.15253341 0.05014671
v 0.49297917 0.19476254 0.04564984
v 0.49327317 0.19480726 0.04556886
v 0.49251975 0.19465391 0.04577067
v 0.49286179 0.19473479 0.04568071
v 0.49616874 0.19314653 0.04446044
v 0.49629972 0.19262765 0.04434467
v 0.44345117 0.16435983 0.05591051
v 0.44453590 0.16380736 0.05550558
v 0.45005107 0.16122101 0.05347971
v 0.45267157 0.15872969 0.05233041
v 0.43000729 0.15644331 0.05874536
v 0.43018091 0.15666764 0.05872681
v 0.42821483 0.15396516 0.05891290
v 0.42919265 0.15531703 0.05882151
v 0.49420686 0.17858210 0.04289078
v 0.49246403 0.17886425 0.04345181
v 0.43707054 0.16781231 0.05832236
v 0.43799454 0.16738909 0.05798444
v 0.41887425 0.14030067 0.05967494
v 0.42012915 0.14208317 0.05956467
v 0.43267401 0.16153100 0.05870330
v 0.43277572 0.16196182 0.05873671
v 0.43318418 0.16369211 0.05887093
v 0.43380806 0.16447670 0.05880109
v 0.45148675 0.14777899 0.05106372
v 0.45121695 0.14733595 0.05107858
v 0.49584152 0.18699928 0.04364870
v 0.49530873 0.18361275 0.04330655
v 0.43497766 0.12218413 0.05219708
v 0.43481361 0.12190743 0.05220504
v 0.45391288 0.15750141 0.05177887
v 0.45496387 0.15686314 0.05137130
v 0.49181363 0.11030205 0.03350454
v 0.49213936 0.11064272 0.03345788
v 0.49423472 0.11283416 0.03315767
v 0.49448389 0.11243390 0.03302423
v 0.49505424 0.10606178 0.03191178
v 0.49534444 0.10498239 0.03166566
v 0.49598292 0.10260763 0.03112416
v 0.49516126 0.10253255 0.03135788
v 0.43638109 0.12377482 0.05201419
v 0.43627270 0.12365196 0.05202831
v 0.48984819 0.10211360 0.03287902
v 0.48967672 0.10280802 0.03303282
v 0.49107276 0.10078832 0.03231812
v 0.49089205 0.10098388 0.03240088
v 0.48883548 0.10682317 0.03387736
v 0.48997981 0.10831543 0.03375711
v 0.44665881 0.13985082 0.05132961
v 0.44655246 0.13969881 0.05133881
v 0.49466168 0.08460673 0.02885532
v 0.49273480 0.08489761 0.02947249
v 0.49509974 0.08478839 0.02875167
v 0.49487315 0.08469443 0.02880528
v 0.49481524 0.08497979 0.02886475
v 0.49496551 0.08487869 0.02880502
v 0.49236870 0.08495287 0.02958974
v 0.49361611 0.08496659 0.02922009
v 0.41151998 0.12958254 0.06028092
v 0.41222741 0.13066796 0.06023068
v 0.37911339 0.04171296 0.05694008
v 0.37855035 0.04202409 0.05715386
v 0.37490795 0.04407705 0.05854282
v 0.37459541 0.04439673 0.05868323
v 0.36924700 0.04686632 0.06064214
v 0.36825270 0.04841603 0.06116762
v 0.37321528 0.04580838 0.05930325
v 0.37279268 0.04591998 0.05944568
v 0.48870903 0.18772729 0.04588160
v 0.45642934 0.15217531 0.05024127
v 0.49239867 0.17899564 0.04349072
v 0.45928679 0.15416838 0.04968465
v 0.49336667 0.19482149 0.04554310
v 0.49662875 0.19132413 0.04405382
v 0.49007381 0.19150536 0.04603376
v 0.44894225 0.16156313 0.05386071
v 0.45345252 0.15798723 0.05198790
v 0.43031157 0.15683646 0.05871285
v 0.49239523 0.17887539 0.04347396
v 0.44087559 0.16606946 0.05693081
v 0.42262410 0.14562710 0.05934545
v 0.43547159 0.16656877 0.05861486
v 0.45374431 0.15020455 0.05074981
v 0.49492275 0.18115941 0.04305868
v 0.43290750 0.11869251 0.05229746
v 0.45841763 0.15476563 0.05003197
v 0.49551625 0.11077559 0.03247134
v 0.49292186 0.10232794 0.03199488
v 0.48921960 0.10465926 0.03344284
v 0.49130264 0.11004048 0.03361811
v 0.44469039 0.13703730 0.05149998
v 0.41455164 0.13423411 0.06006561
v 0.37696910 0.04289788 0.05775426
v 0.36744452 0.04967566 0.06159474
v 0.37123889 0.04633031 0.05996935
v 0.44229028 0.16536515 0.05640511
v 0.42516797 0.14885998 0.05906565
v 0.49240459 0.17896239 0.04348404
v 0.49481031 0.18003489 0.04292586
v 0.49488884 0.17875606 0.04271330
v 0.49497968 0.18079463 0.04298776
v 0.49165185 0.11041632 0.03356965
v 0.49577966 0.10946916 0.03219962
v 0.48891599 0.10579864 0.03370183
v 0.36739832 0.04985365 0.06163484
v 0.38290415 0.04015592 0.05558026
v 0.14220000 -0.00245021 0.00009760
v 0.14220000 -0.00446209 0.00009096
v 0.14220000 -0.00022597 0.00023366
v 0.14220000 0.00323051 0.00371533
v 0.14220000 0.00300989 0.00193744
v 0.14220000 0.29880609 -0.00026366
v 0.14220000 0.29650467 -0.00000533
v 0.14220000 0.29639307 0.00218696
v 0.14220000 0.30711669 -0.00019197
v 0.14220000 0.30495089 -0.00022372
v 0.14220000 0.31079278 -0.00007891
v 0.14220000 0.29544540 0.00271948
v 0.14220000 0.29188386 0.00259353
v 0.14220000 0.28463688 0.00416665
v 0.14220000 0.28289083 0.00376560
v 0.14220000 0.24884473 0.00388706
v 0.14220000 0.24494971 0.00411366
v 0.14220000 0.28002619 0.00402697
v 0.14220000 0.27053703 0.00397961
v 0.14220000 0.26967667 0.00395122
v 0.14220000 0.28761484 0.00330286
v 0.14220000 0.25798467 0.00423326
v 0.14220000 0.25541618 0.00405108
v 0.14220000 0.24323793 0.00407487
v 0.14220000 0.25873975 0.00424119
v 0.14220000 0.23048578 0.00442742
v 0.14220000 0.22605960 0.00433713
v 0.14220000 0.27300828 0.00400423
v 0.14220000 0.23749102 0.00426754
v 0.14220000 0.23453297 0.00425872
v 0.14220000 0.21120227 0.00414907
v 0.14220000 0.20766606 0.00340322
v 0.14220000 0.22136176 0.00412024
v 0.14220000 0.21667047 0.00427036
v 0.14220000 0.21345648 0.00440510
v 0.14220000 0.19812570 0.00332251
v 0.14220000 0.01293192 0.00382537
v 0.14220000 0.00841044 0.00371972
v 0.14220000 0.08100338 0.00421923
v 0.14220000 0.07746631 0.00422607
v 0.14220000 0.07396460 0.00424943
v 0.14220000 0.05274193 0.00421700
v 0.14220000 0.04935163 0.00450572
v 0.14220000 0.09552699 0.00422624
v 0.14220000 0.09420216 0.00423521
v 0.14220000 0.06586040 0.00423999
v 0.14220000 0.05416703 0.00404670
v 0.14220000 0.04627417 0.00432733
v 0.14220000 0.04072762 0.00428133
v 0.14220000 0.04128141 0.01642074
v 0.14220000 0.04425774 0.01878498
v 0.14220000 0.03955943 0.02202221
v 0.14220000 0.04083751 0.01636114
v 0.14220000 0.04202933 0.02202046
v 0.14220000 0.03995282 0.02192758
v 0.14220000 0.02536787 0.00391177
v 0.14220000 0.02022112 0.00391559
v 0.14220000 0.03856734 0.00415339
v 0.14220000 0.03487101 0.00383785
v 0.14220000 0.03368588 0.00386964
v 0.14220000 0.03040100 0.00388597
v 0.14220000 0.00607615 0.00370173
v 0.14220000 0.00357325 0.00033460
v 0.14220000 0.31315601 -0.00006368
v 0.14220000 0.29103221 0.00300900
v 0.14220000 0.27857549 0.00439601
v 0.14220000 0.25173516 0.00383570
v 0.14220000 0.25128173 0.00377065
v 0.14220000 0.25117501 0.00373917
v 0.14220000 0.25081454 0.00378595
v 0.14220000 0.27781874 0.00416606
v 0.14220000 0.26301585 0.00432404
v 0.14220000 0.22228785 0.00405761
v 0.14220000 0.01700675 0.00392724
v 0.14220000 0.10233597 0.00415597
v 0.14220000 0.08841607 0.00418865
v 0.14220000 0.05375144 0.00402250
v 0.14220000 0.01830555 0.00394974
v 0.40632890 0.07633382 0.11718434
v 0.40645459 0.07654818 0.11717859
v 0.40696633 0.07742092 0.11715520
v 0.40714049 0.07771793 0.11714724
v 0.42577747 0.10950170 0.11629525
v 0.42610868 0.11006655 0.11628011
v 0.42155839 0.10230641 0.11648812
v 0.42179952 0.10271764 0.11647710
v 0.42842462 0.11401617 0.11617423
v 0.42865933 0.11441645 0.11616350
v 0.41554798 0.09205617 0.11676289
v 0.41572997 0.09236654 0.11675457
v 0.42995258 0.11662199 0.11610438
v 0.43033051 0.11726651 0.11608710
v 0.42020077 0.09999110 0.11655019
v 0.42044227 0.10040296 0.11653914
v 0.40610275 0.07594815 0.11719468
v 0.40790262 0.07901768 0.11711240
v 0.42670213 0.11107862 0.11625298
v 0.42269308 0.10424153 0.11643625
v 0.41722115 0.09490962 0.11668640
v 0.41421120 0.08977641 0.11682400
v 0.40526369 0.07451720 0.11723304
v 0.43115383 0.11867061 0.11604947
v 0.40640038 0.07620831 0.11756333
v 0.40694183 0.07713171 0.11753858
v 0.40773713 0.07848803 0.11750222
v 0.42603755 0.10969783 0.11666562
v 0.42669321 0.11081600 0.11663564
v 0.42170012 0.10230071 0.11686390
v 0.42267443 0.10396231 0.11681936
v 0.42859627 0.11406149 0.11654865
v 0.42997082 0.11640568 0.11648581
v 0.41571523 0.09209399 0.11713750
v 0.41732260 0.09483523 0.11706402
v 0.43149033 0.11899707 0.11641634
v 0.42053440 0.10031266 0.11691720
v 0.43681046 0.12807009 0.11617313
v 0.43777781 0.12971982 0.11612891
v 0.43839727 0.13077626 0.11610059
v 0.43317610 0.12187200 0.11633928
v 0.41432027 0.08971501 0.11720127
v 0.43971721 0.13302731 0.11604025
v 0.44035293 0.13411148 0.11601119
v 0.40537606 0.07446142 0.11761016
v 0.41340728 0.06966902 0.11450830
v 0.43898713 0.05440499 0.10462872
v 0.44112886 0.05723445 0.10440908
v 0.44372307 0.06704638 0.10508738
v 0.44567907 0.08320479 0.10689456
v 0.44596086 0.08345949 0.10684827
v 0.44645359 0.07426032 0.10534080
v 0.44497194 0.07944217 0.10654873
v 0.44487922 0.08212721 0.10697350
v 0.45504751 0.08686869 0.10464504
v 0.46159519 0.09359039 0.10368828
v 0.46275022 0.09545702 0.10362022
v 0.44706357 0.08327578 0.10649253
v 0.46212846 0.10065673 0.10457457
v 0.46141389 0.10356781 0.10521806
v 0.46144371 0.10822725 0.10589836
v 0.46148359 0.11254209 0.10652468
v 0.46325703 0.11504617 0.10636664
v 0.45177734 0.08125094 0.10478851
v 0.45171715 0.08282389 0.10503910
v 0.45260771 0.08376169 0.10491245
v 0.44493054 0.07220945 0.10549127
v 0.46215462 0.10267128 0.10486474
v 0.46622506 0.11867304 0.10601873
v 0.44571098 0.08317206 0.10652756
v 0.43164167 0.11950259 0.11602716
v 0.43756047 0.12959659 0.11575658
v 0.43665553 0.12805329 0.11579795
v 0.43841096 0.13104702 0.11571770
v 0.43794561 0.13025341 0.11573898
v 0.43309631 0.12198334 0.11596066
v 0.43940251 0.13273803 0.11567238
v 0.43623237 0.12733162 0.11581730
v 0.43988007 0.13355247 0.11565055
v 0.46616718 0.11869631 0.10562056
v 0.46266037 0.10254474 0.10427648
v 0.46197984 0.10336842 0.10460108
v 0.46263787 0.10081216 0.10402691
v 0.46146633 0.10815583 0.10546220
v 0.46150171 0.11198398 0.10601788
v 0.46143988 0.10402195 0.10485863
v 0.46150872 0.11274224 0.10612794
v 0.46288517 0.11468577 0.10600528
v 0.46580402 0.11825254 0.10566313
v 0.44024057 0.13416726 0.11563407
v 0.40624029 0.07630384 0.11762516
v 0.40678174 0.07722724 0.11760041
v 0.40757704 0.07858356 0.11756405
v 0.42587746 0.10979336 0.11672745
v 0.42653312 0.11091153 0.11669747
v 0.42251434 0.10405784 0.11688119
v 0.42154003 0.10239624 0.11692573
v 0.42843618 0.11415702 0.11661048
v 0.42981073 0.11650121 0.11654764
v 0.41555514 0.09218952 0.11719933
v 0.41716251 0.09493076 0.11712585
v 0.43133024 0.11909260 0.11647817
v 0.42037431 0.10040819 0.11697903
v 0.43665037 0.12816562 0.11623496
v 0.43761772 0.12981535 0.11619074
v 0.43823718 0.13087179 0.11616242
v 0.43301601 0.12196753 0.11640111
v 0.41416018 0.08981054 0.11726310
v 0.43955712 0.13312284 0.11610208
v 0.44019284 0.13420701 0.11607302
v 0.40521597 0.07455695 0.11767199
v 0.44008047 0.13426279 0.11569590
v 0.42843618 0.11415703 0.11661048
v 0.43133025 0.11909261 0.11647818
v 0.42037431 0.10040820 0.11697903
v 0.43665037 0.12816562 0.11623497
v 0.43761772 0.12981536 0.11619074
v 0.43823718 0.13087180 0.11616243
v 0.43301600 0.12196752 0.11640111
v 0.41416018 0.08981054 0.11726311
v 0.44082928 0.13529240 0.11604392
v 0.44867783 0.14867742 0.11568513
v 0.44659130 0.14511902 0.11578052
v 0.44340471 0.13968458 0.11592619
v 0.43116178 0.11852991 0.11691137
v 0.43263812 0.12104767 0.11684388
v 0.41428159 0.08974219 0.11768305
v 0.41561107 0.09200951 0.11762227
v 0.43822195 0.13057041 0.11658862
v 0.43899396 0.13188702 0.11655332
v 0.40739283 0.07799400 0.11799797
v 0.41267692 0.08700556 0.11775641
v 0.43990742 0.13344484 0.11651156
v 0.44106977 0.13542714 0.11645843
v 0.42249358 0.10374703 0.11730764
v 0.42524047 0.10843162 0.11718207
v 0.42652320 0.11061920 0.11712343
v 0.42755719 0.11238259 0.11707616
v 0.44652801 0.14473569 0.11620890
v 0.44833721 0.14782112 0.11612620
v 0.41727544 0.09484795 0.11754619
v 0.42034089 0.10007581 0.11740605
v 0.43310482 0.12184359 0.11682255
v 0.43660957 0.12782064 0.11666233
v 0.40631986 0.07616414 0.11804702
v 0.40675446 0.07690532 0.11802715
v 0.44153188 0.13621521 0.11643730
v 0.44376498 0.14002359 0.11633521
v 0.44892699 0.14882694 0.11609923
v 0.42616696 0.11001167 0.11713971
v 0.42169779 0.10238989 0.11734402
v 0.42862724 0.11420747 0.11702724
v 0.42983104 0.11626044 0.11697221
v 0.41574131 0.09223162 0.11761632
v 0.42074567 0.10076612 0.11738755
v 0.43729384 0.12898761 0.11663104
v 0.43785963 0.12995252 0.11660518
v 0.45075307 0.15216105 0.11567602
v 0.45072786 0.15217357 0.11559141
v 0.45085293 0.15211148 0.11601119
v 0.40529940 0.07451554 0.11795199
v 0.40534104 0.07449486 0.11809177
v 0.43906148 0.11381599 0.11386031
v 0.44055057 0.11632615 0.11378790
v 0.42272966 0.08470105 0.11442020
v 0.42418886 0.08689097 0.11430932
v 0.44652975 0.12561298 0.11337994
v 0.44764690 0.12672363 0.11321134
v 0.41591712 0.07290737 0.11470568
v 0.42114274 0.08195383 0.11448670
v 0.44896872 0.12803777 0.11301186
v 0.44998687 0.13010612 0.11301442
v 0.43051599 0.09895989 0.11420918
v 0.43398843 0.10321152 0.11380338
v 0.43546784 0.10528174 0.11366878
v 0.43582904 0.10744661 0.11388136
v 0.45536596 0.13946190 0.11279547
v 0.45681526 0.14276208 0.11285176
v 0.42520103 0.09011859 0.11448513
v 0.42831106 0.09531983 0.11432777
v 0.44102130 0.11711966 0.11376500
v 0.44486368 0.12289523 0.11347438
v 0.41482481 0.07108906 0.11476220
v 0.41515634 0.07189174 0.11478214
v 0.45039164 0.13092841 0.11301544
v 0.45189416 0.13517273 0.11319552
v 0.43515965 0.10464554 0.11366651
v 0.42979967 0.09755533 0.11421487
v 0.43620283 0.10968696 0.11410136
v 0.43742852 0.11172686 0.11403787
v 0.42433180 0.08710550 0.11429846
v 0.42872173 0.09600664 0.11430699
v 0.44561388 0.12402287 0.11341764
v 0.44607550 0.12504994 0.11343200
v 0.45728772 0.14383792 0.11287011
v 0.45761100 0.14806878 0.11302732
v 0.45754605 0.14810501 0.11295806
v 0.45786829 0.14792527 0.11330168
v 0.41356196 0.06958927 0.11491665
v 0.41351045 0.06961582 0.11478068
v 0.44047713 0.05761032 0.10512509
v 0.44139548 0.06108374 0.10536521
v 0.44563688 0.08324807 0.10737977
v 0.44604753 0.08361924 0.10731231
v 0.44557776 0.07445666 0.10609704
v 0.44377980 0.08074483 0.10756285
v 0.44377959 0.08074587 0.10756307
v 0.44486716 0.08221109 0.10745573
v 0.48292570 0.13266635 0.10357853
v 0.48226368 0.13308730 0.10383806
v 0.47707318 0.13616756 0.10584023
v 0.47585211 0.13648562 0.10625112
v 0.45282979 0.08520308 0.10552571
v 0.45500280 0.08743383 0.10520818
v 0.46092506 0.09351348 0.10434281
v 0.46136681 0.09422741 0.10431678
v 0.44629121 0.08383950 0.10727228
v 0.44830235 0.08350444 0.10662347
v 0.46235308 0.09582130 0.10425866
v 0.46175786 0.10079903 0.10517227
v 0.46138497 0.10306230 0.10561814
v 0.46139080 0.10397373 0.10575121
v 0.46145562 0.11231930 0.10696630
v 0.46205654 0.11316780 0.10691275
v 0.47774984 0.12616602 0.10415928
v 0.47885344 0.12640901 0.10386639
v 0.48604591 0.12796161 0.10195294
v 0.48603218 0.12847735 0.10203332
v 0.46773514 0.12041367 0.10629247
v 0.47242793 0.12335362 0.10532904
v 0.44343309 0.06879051 0.10589799
v 0.44377960 0.08074552 0.10756301
v 0.48165738 0.13347282 0.10407573
v 0.47357202 0.13707954 0.10701835
v 0.44885178 0.08341290 0.10644622
v 0.46158436 0.10224999 0.10543858
v 0.46141853 0.10830675 0.10638385
v 0.46367095 0.11544734 0.10676888
v 0.48244991 0.12720088 0.10291190
v 0.48602100 0.12889754 0.10209880
v 0.47583544 0.12548836 0.10462947
v 0.45120042 0.08240402 0.10559719
v 0.45117043 0.08318775 0.10572205
v 0.45161415 0.08365501 0.10565895
v 0.44438149 0.07284581 0.10621523
v 0.46159166 0.10281213 0.10551955
v 0.48385642 0.12780601 0.10258232
v 0.47885395 0.13314332 0.10486232
v 0.48532815 0.13107265 0.10262697
v 0.48609912 0.12928770 0.10213323
v 0.43859858 0.05512855 0.10531775
v 0.47716206 0.12623771 0.10434503
v 0.47385893 0.13837077 0.10665762
v 0.47370176 0.13846911 0.10688803
v 0.47342545 0.13864199 0.10729312
v 0.43869181 0.05458702 0.10495933
v 0.43846430 0.05472906 0.10528160
v 0.43844766 0.05473945 0.10530517
v 0.43892854 0.05444110 0.10469431
v 0.48277361 0.13284251 0.10318368
v 0.48208238 0.13328204 0.10345465
v 0.47685598 0.13635428 0.10546634
v 0.47397776 0.13710400 0.10643484
v 0.47808645 0.12597911 0.10356511
v 0.48230063 0.12690699 0.10244668
v 0.48651425 0.12779837 0.10132302
v 0.48650079 0.12830434 0.10140187
v 0.46772155 0.12050171 0.10584331
v 0.47435797 0.12465931 0.10448085
v 0.48394871 0.12761605 0.10206049
v 0.47888621 0.13290638 0.10435143
v 0.48566650 0.13092347 0.10203785
v 0.48659486 0.12877415 0.10144333
v 0.47694169 0.12611874 0.10392686
v 0.44308105 0.13938002 0.11555872
v 0.44067990 0.13528507 0.11566849
v 0.44664816 0.14546341 0.11539565
v 0.44389026 0.14076005 0.11552173
v 0.44845399 0.14854309 0.11531310
v 0.44019809 0.13446337 0.11569052
v 0.44008047 0.13426279 0.11569589
v 0.45061549 0.15222935 0.11521429
v 0.45029874 0.15168917 0.11522877
v 0.45166893 0.15160073 0.11480742
v 0.45725655 0.14826648 0.11264934
v 0.48216652 0.12664296 0.10202873
v 0.48364388 0.12727857 0.10168254
v 0.48246420 0.13311064 0.10289667
v 0.48166529 0.13301674 0.10312083
v 0.47891520 0.13269351 0.10389245
v 0.47714686 0.13569664 0.10486354
v 0.48704023 0.12831277 0.10082353
v 0.48624156 0.13016183 0.10133500
v 0.47303064 0.12391449 0.10434732
v 0.47510234 0.12508471 0.10390312
v 0.47674371 0.12601185 0.10355118
v 0.47779648 0.12588344 0.10321850
v 0.48693182 0.12777142 0.10077576
v 0.48695408 0.12788256 0.10078556
v 0.48403162 0.12744539 0.10159169
v 0.48627815 0.12760504 0.10094592
v 0.48263697 0.13300078 0.10282894
v 0.47838886 0.12581119 0.10303131
v 0.48693501 0.12765173 0.10075710
v 0.46770935 0.12058080 0.10543979
v 0.46635028 0.11892005 0.10559910
v 0.48597047 0.13078945 0.10150860
v 0.48350011 0.13242820 0.10248707
v 0.47666085 0.13652203 0.10513044
v 0.47457234 0.13706605 0.10583321
v 0.47434227 0.13712597 0.10591062
v 0.47424836 0.13812711 0.10608668
v 0.44067194 0.13527148 0.11566886
v 0.47667787 0.13649312 0.10512109
v 0.48335804 0.13252245 0.10254334
v 0.48598153 0.13076383 0.10150152
v 0.41372300 0.03461732 0.12092081
v 0.41720241 0.03734927 0.12080128
v 0.40927228 0.03240002 0.12370535
v 0.41238250 0.04594234 0.12816469
v 0.40502822 0.02751765 0.12226661
v 0.40708261 0.02918537 0.11849757
v 0.40517699 0.05196092 0.11823118
v 0.40689470 0.04636889 0.11589190
v 0.40377565 0.04485271 0.11795352
v 0.40328899 0.02794027 0.12544880
v 0.40104888 0.02912888 0.11756188
v 0.41317862 0.02877887 0.11607248
v 0.40004269 0.03904421 0.11856430
v 0.40820224 0.03885935 0.12788599
v 0.41747013 0.05463142 0.12832550
v 0.42290248 0.05837233 0.12525833
v 0.41539983 0.05659185 0.12535319
v 0.40857938 0.04610806 0.12558580
v 0.41088759 0.02939772 0.11445326
v 0.40490732 0.02945003 0.11213284
v 0.43090055 0.02911289 0.10395368
v 0.42353485 0.02874988 0.11238700
v 0.39945025 0.03078035 0.12595712
v 0.42090197 0.02697357 0.10792778
v 0.41909022 0.03125175 0.11398771
v 0.40053590 0.03788350 0.12547994
v 0.40053615 0.04370812 0.12325264
v 0.40413202 0.04973757 0.12221061
v 0.42359424 0.03527507 0.11129041
v 0.40914516 0.05187983 0.12542417
v 0.42588912 0.05542946 0.11941758
v 0.42917416 0.06312551 0.11958823
v 0.40707801 0.05570086 0.12210355
v 0.41619164 0.03211099 0.11603593
v 0.43157414 0.06186327 0.11814353
v 0.42763495 0.07956392 0.12609273
v 0.42536245 0.08321330 0.12288266
v 0.42335314 0.07940186 0.12462200
v 0.45062752 0.08354907 0.10640024
v 0.44237152 0.07517541 0.10886548
v 0.44377944 0.08074569 0.10756315
v 0.42032341 0.07502898 0.12381806
v 0.41521512 0.07048103 0.11645242
v 0.45007528 0.09517308 0.12568403
v 0.44243951 0.09025759 0.12740084
v 0.44547302 0.09023836 0.12146014
v 0.44024617 0.08347602 0.12387708
v 0.41031677 0.05944533 0.12390913
v 0.43141027 0.08466865 0.12555103
v 0.42853655 0.08780523 0.12291491
v 0.42248815 0.03986299 0.11528086
v 0.42094033 0.04380701 0.12125441
v 0.43275851 0.09661147 0.12453931
v 0.42390769 0.06532640 0.12874737
v 0.43137378 0.07462656 0.12773549
v 0.42941715 0.06600480 0.12380067
v 0.43036423 0.06915502 0.12128404
v 0.43580890 0.07649865 0.12408909
v 0.44976565 0.09341894 0.12039367
v 0.44455915 0.08435363 0.11977381
v 0.42702264 0.06109554 0.12555511
v 0.43916188 0.07663021 0.12033704
v 0.46801705 0.12066234 0.12095742
v 0.46994242 0.12449050 0.12199025
v 0.47063097 0.13260547 0.12432628
v 0.43542660 0.07191369 0.11698853
v 0.43813084 0.08407250 0.12795907
v 0.42706707 0.07315390 0.12847691
v 0.47272013 0.13372100 0.12026808
v 0.44806054 0.10205051 0.12822370
v 0.45151213 0.09932971 0.12238506
v 0.47595662 0.13080456 0.11798417
v 0.43791716 0.05908669 0.10793755
v 0.41575108 0.06531178 0.12354934
v 0.47294486 0.13726779 0.12344372
v 0.46836643 0.14089685 0.12833601
v 0.42380967 0.06952381 0.12566812
v 0.43966288 0.10792733 0.12563130
v 0.44308407 0.11397056 0.12529121
v 0.43776990 0.10991119 0.11695435
v 0.43656998 0.10271914 0.12436563
v 0.43564878 0.10481893 0.11410112
v 0.45836286 0.10801702 0.12106931
v 0.45644984 0.11487259 0.12715702
v 0.43174597 0.08301570 0.12898571
v 0.43060028 0.09746893 0.11604179
v 0.43633673 0.08746961 0.12844319
v 0.45493159 0.13010079 0.11647560
v 0.44657816 0.12514664 0.11395344
v 0.45129122 0.12317652 0.12753416
v 0.47552083 0.13811689 0.11915139
v 0.44840392 0.08626976 0.10998394
v 0.44764423 0.11947366 0.12554291
v 0.45246548 0.11613257 0.12794131
v 0.43947811 0.09349748 0.12880016
v 0.46137377 0.10286665 0.10577299
v 0.44375048 0.10626363 0.12729051
v 0.43967128 0.09706382 0.12623992
v 0.46033980 0.12677710 0.12841487
v 0.45812587 0.13230634 0.12813364
v 0.44776571 0.10975171 0.12664031
v 0.45788145 0.13536118 0.12624399
v 0.44499859 0.10092444 0.12931777
v 0.46787305 0.11951993 0.11085234
v 0.47892249 0.13215782 0.11213764
v 0.47739462 0.12636327 0.10478632
v 0.48331907 0.12891202 0.10562056
v 0.47671634 0.13772358 0.11648132
v 0.41469881 0.06512544 0.11984559
v 0.44618816 0.09581830 0.12782797
v 0.47862363 0.13483469 0.10850916
v 0.48367073 0.13180339 0.10551276
v 0.46442677 0.11437732 0.12111717
v 0.45878607 0.13349774 0.12005018
v 0.47567894 0.13814425 0.11289792
v 0.46261557 0.13805499 0.11907322
v 0.46379063 0.13622276 0.11757459
v 0.45424975 0.09812149 0.11872173
v 0.45607933 0.13628924 0.11515505
v 0.45758935 0.10542541 0.11778771
v 0.47202530 0.13698630 0.10924272
v 0.45457948 0.09278523 0.11054061
v 0.46003215 0.09795020 0.10798978
v 0.45499097 0.15373885 0.11561569
v 0.46799966 0.14945277 0.11323790
v 0.46367614 0.15333912 0.11361021
v 0.47567963 0.14147448 0.10909843
v 0.46103913 0.15426604 0.11730686
v 0.45905914 0.14424962 0.11469955
v 0.47157446 0.14767218 0.11691442
v 0.45813234 0.15017553 0.12060482
v 0.47403362 0.14433064 0.11729201
v 0.47683482 0.14212245 0.11600727
v 0.47320172 0.14379408 0.11170199
v 0.46612822 0.15096054 0.11782947
v 0.47129422 0.14797465 0.12312656
v 0.46192995 0.14154185 0.12520007
v 0.46787025 0.14507807 0.12660639
v 0.46333127 0.14547576 0.12048670
v 0.47294519 0.14581039 0.12690554
v 0.46359741 0.15256030 0.12169840
v 0.47540319 0.14405149 0.12470067
v 0.46108428 0.10936200 0.11282834
v 0.46225911 0.14676122 0.12518026
v 0.39298107 0.03313038 0.11801316
v 0.39455971 0.03988119 0.12154560
v 0.39400370 0.03506308 0.12193953
v 0.39147002 0.04051012 0.11861035
v 0.43041802 0.02618190 0.10347375
v 0.43082663 0.02788665 0.10360415
v 0.42916657 0.02621300 0.10385124
v 0.41300322 0.02851085 0.10900721
v 0.41306414 0.02849149 0.10898619
v 0.41368772 0.02836548 0.10878175
v 0.47014733 0.14806068 0.10966300
v 0.47010240 0.14808659 0.10968023
v 0.47015818 0.14804433 0.10965735
v 0.47017838 0.14800767 0.10964591
v 0.40119454 0.04389392 0.11480108
v 0.40079174 0.04329647 0.11483273
v 0.43119798 0.03004011 0.10381202
v 0.43113502 0.03259477 0.10420864
v 0.40563442 0.02896024 0.11126931
v 0.40664666 0.02863828 0.11092008
v 0.40557004 0.05722397 0.11546899
v 0.40543827 0.05667864 0.11542760
v 0.43102940 0.03688141 0.10487415
v 0.43304962 0.04152189 0.10495858
v 0.40509541 0.05061983 0.11463359
v 0.40537642 0.04978074 0.11442575
v 0.40638194 0.05845184 0.11540869
v 0.40624265 0.05824118 0.11541904
v 0.41119787 0.06600851 0.11509143
v 0.41089426 0.06576849 0.11514639
v 0.41290223 0.06880576 0.11499733
v 0.41250608 0.06815559 0.11501921
v 0.46645788 0.15019314 0.11107774
v 0.46550565 0.15114554 0.11150234
v 0.45953086 0.15566642 0.11395130
v 0.45744130 0.15491236 0.11446238
v 0.45577150 0.15263391 0.11462291
v 0.45648991 0.15167171 0.11426653
v 0.46205331 0.15436735 0.11300755
v 0.46140033 0.15470364 0.11325186
v 0.45802333 0.14985408 0.11354078
v 0.45797394 0.14909318 0.11344295
v 0.45744855 0.15038778 0.11379098
v 0.45768998 0.15016361 0.11368589
v 0.47321653 0.14086906 0.10768478
v 0.47392624 0.14181130 0.10761268
v 0.47472207 0.14286789 0.10753183
v 0.47435496 0.14325390 0.10769831
v 0.40373848 0.04506376 0.11421611
v 0.40320197 0.04481705 0.11433948
v 0.39222588 0.03359290 0.11594978
v 0.39285584 0.03328870 0.11571708
v 0.39775835 0.04138651 0.11545407
v 0.39600406 0.04136743 0.11597396
v 0.38906682 0.03738260 0.11745161
v 0.38940835 0.03682359 0.11726716
v 0.39004027 0.04012026 0.11756648
v 0.38987378 0.03965205 0.11754684
v 0.39928943 0.03025059 0.11335074
v 0.40171393 0.02995083 0.11258399
v 0.41595860 0.02761047 0.10799343
v 0.42239704 0.02644915 0.10590324
v 0.40915511 0.02784043 0.11005464
v 0.43087780 0.02823126 0.10363987
v 0.46893098 0.14876367 0.11012941
v 0.47204770 0.14409716 0.10851052
v 0.39921358 0.04095564 0.11495673
v 0.42108906 0.02590471 0.10621244
v 0.40498271 0.05479335 0.11528448
v 0.43100119 0.02906208 0.10372600
v 0.43553780 0.04723731 0.10506256
v 0.40624799 0.04717830 0.11378113
v 0.40975686 0.06486931 0.11535230
v 0.46432381 0.15232759 0.11202932
v 0.45562931 0.15425847 0.11490557
v 0.45792322 0.14831199 0.11334252
v 0.47386102 0.14377327 0.10792231
v 0.39543064 0.03204536 0.11476598
v 0.39243209 0.04132858 0.11703253
v 0.39039713 0.03520521 0.11673316
v 0.40400169 0.02966797 0.11186048
v 0.40467489 0.02954479 0.11164167
v 0.40570903 0.04610473 0.11378293
v 0.40635178 0.06094541 0.11578650
v 0.45491490 0.15362373 0.11502455
v 0.45479733 0.15401000 0.11511671
v 0.46361136 0.15340003 0.11240023
v 0.39037748 0.04142107 0.11765841
v 0.39057774 0.04086017 0.11751578
v 0.47013865 0.14806304 0.10961889
v 0.46909009 0.14864595 0.10959836
v 0.46619448 0.15031963 0.11070870
v 0.46456766 0.15194673 0.11143410
v 0.45935559 0.15582915 0.11356136
v 0.45612801 0.15466442 0.11435078
v 0.45638128 0.15177067 0.11384730
v 0.45740332 0.15040182 0.11334031
v 0.46144230 0.15475449 0.11278064
v 0.45775361 0.15007657 0.11318782
v 0.45769260 0.14913677 0.11306700
v 0.47189742 0.14413663 0.10809490
v 0.47023569 0.14761288 0.10910421
v 0.47352902 0.14188761 0.10727609
v 0.47450514 0.14318355 0.10717693
v 0.47394688 0.14377056 0.10743009
v 0.45485547 0.15353379 0.11456272
v 0.45464604 0.15422183 0.11472689
v 0.46358697 0.15342296 0.11194466
v 0.46999184 0.14819237 0.10926258
v 0.47009035 0.14801930 0.10920763
v 0.45480208 0.15345299 0.11414782
v 0.45619233 0.15184652 0.11349597
v 0.45657604 0.15502912 0.11385237
v 0.45537208 0.15466956 0.11415793
v 0.45451013 0.15441214 0.11437668
v 0.45470957 0.15375691 0.11422034
v 0.46356506 0.15344356 0.11153538
v 0.46157042 0.15468194 0.11231288
v 0.46478674 0.15160457 0.11089936
v 0.46408076 0.15266728 0.11126690
v 0.46984515 0.14832160 0.10890655
v 0.46898657 0.14875346 0.10922625
v 0.47004209 0.14797559 0.10879669
v 0.46994919 0.14813880 0.10884851
v 0.47033265 0.14716306 0.10858993
v 0.47020760 0.14751275 0.10867891
v 0.47402401 0.14376813 0.10698789
v 0.47297317 0.14395583 0.10732877
v 0.46804233 0.14922842 0.10957785
v 0.46595785 0.15043326 0.11037716
v 0.45919813 0.15597535 0.11321104
v 0.45692910 0.15099515 0.11315051
v 0.45736269 0.15041443 0.11293542
v 0.46089337 0.15510229 0.11257679
v 0.45751130 0.15027645 0.11287073
v 0.45748541 0.14987775 0.11281947
v 0.47176241 0.14417209 0.10772152
v 0.47380976 0.14280266 0.10690893
v 0.47431025 0.14346715 0.10685809
v 0.47424655 0.13814643 0.10609008
v 0.47398079 0.14097945 0.10658830
v 0.45727919 0.14842589 0.11266617
v 0.39961547 0.06488465 0.11749124
v 0.40023589 0.06594272 0.11746288
v 0.39844023 0.06288037 0.11754497
v 0.39855156 0.06307023 0.11753988
v 0.39475003 0.05658706 0.11771367
v 0.39514697 0.05726402 0.11769552
v 0.40414328 0.07260643 0.11728425
v 0.40458202 0.07335467 0.11726420
v 0.40244292 0.06970662 0.11736199
v 0.39692829 0.06030189 0.11761409
v 0.39786405 0.06189776 0.11757131
v 0.40302763 0.07070379 0.11733526
v 0.39472867 0.05655064 0.11771464
v 0.40526369 0.07451720 0.11723303
v 0.40454388 0.07304221 0.11764820
v 0.39973948 0.06484872 0.11786784
v 0.40245317 0.06947669 0.11774378
v 0.39861152 0.06292508 0.11791940
v 0.39486480 0.05653538 0.11809068
v 0.39689139 0.05999155 0.11799804
v 0.39795601 0.06180717 0.11794937
v 0.40317212 0.07070279 0.11771091
v 0.39480233 0.05651408 0.11796184
v 0.39484104 0.05649486 0.11809177
v 0.41233362 0.06839391 0.11463961
v 0.40615772 0.06101883 0.11538895
v 0.40972946 0.06513478 0.11493350
v 0.40618936 0.05840322 0.11499265
v 0.40508430 0.05043719 0.11414366
v 0.40495625 0.05517908 0.11488319
v 0.40547385 0.05732112 0.11504579
v 0.41092252 0.06607796 0.11471752
v 0.40508086 0.05038066 0.11399201
v 0.40510719 0.05036883 0.11412673
v 0.43181041 0.03705014 0.10420017
v 0.43493204 0.04422060 0.10433062
v 0.43877206 0.05412085 0.10465078
v 0.43247696 0.03402726 0.10320288
v 0.43187583 0.03439543 0.10378801
v 0.40967404 0.07189673 0.11595017
v 0.39549990 0.05609043 0.11741678
v 0.43071713 0.02607031 0.10308642
v 0.41306203 0.02848620 0.10885581
v 0.40087615 0.04377565 0.11441222
v 0.39912015 0.04117104 0.11455020
v 0.41442362 0.02780824 0.10801382
v 0.42114716 0.02557282 0.10567981
v 0.42286127 0.02628631 0.10527460
v 0.42982682 0.02604332 0.10316318
v 0.43192714 0.03231322 0.10346474
v 0.40898268 0.02768544 0.10961686
v 0.41228063 0.02826002 0.10871918
v 0.40622457 0.02856270 0.11056843
v 0.43082204 0.02606992 0.10287057
v 0.43124790 0.02893751 0.10316783
v 0.40612356 0.04733403 0.11337501
v 0.40313121 0.04481265 0.11389368
v 0.39207649 0.03368440 0.11554160
v 0.39489622 0.03232279 0.11450003
v 0.39750093 0.04165046 0.11510358
v 0.39274971 0.04159878 0.11651163
v 0.38870158 0.03755420 0.11711958
v 0.38988596 0.03561566 0.11647995
v 0.38956825 0.03999155 0.11722186
v 0.39912206 0.03035729 0.11295016
v 0.40326664 0.02984486 0.11163943
v 0.40448625 0.02962170 0.11124303
v 0.43060892 0.02596895 0.10291914
v 0.43072188 0.02598511 0.10288787
v 0.41339543 0.02837244 0.10840364
v 0.41302653 0.02855126 0.10854001
v 0.40548090 0.04605390 0.11337715
v 0.39001679 0.04172181 0.11734414
v 0.39028316 0.04097573 0.11715441
v 0.40260629 0.03000377 0.11144084
v 0.40367582 0.02980808 0.11109322
v 0.40431677 0.02969080 0.11088489
v 0.40591572 0.02871670 0.11026438
v 0.39441609 0.03257203 0.11426110
v 0.39812354 0.03084764 0.11290136
v 0.38942674 0.03598440 0.11625247
v 0.39137479 0.03426692 0.11541798
v 0.40675475 0.02820556 0.10993878
v 0.39194228 0.03376660 0.11517489
v 0.38837346 0.03770836 0.11682130
v 0.39897170 0.03045315 0.11259029
v 0.42089142 0.12375498 0.08123678
v 0.42435676 0.12203477 0.09286686
v 0.41562595 0.12637872 0.06393612
v 0.41549773 0.12644237 0.06350581
v 0.42302096 0.12270780 0.08875465
v 0.42262751 0.12290312 0.08743416
v 0.42805834 0.12020723 0.10566063
v 0.42778358 0.12034362 0.10473852
v 0.41951286 0.12444924 0.07698103
v 0.41872450 0.12484059 0.07433522
v 0.42942530 0.11952866 0.11024832
v 0.42923262 0.11962431 0.10960166
v 0.42091593 0.12375275 0.08168989
v 0.42079232 0.12381411 0.08127505
v 0.42100425 0.12370891 0.08198631
v 0.41605994 0.12616328 0.06539267
v 0.42425766 0.12209390 0.09290513
v 0.42403445 0.12220470 0.09215600
v 0.42464542 0.12190141 0.09420650
v 0.42447097 0.12198801 0.09362102
v 0.41496452 0.12670706 0.06171629
v 0.41485155 0.12676314 0.06133716
v 0.42954126 0.11947110 0.11063749
v 0.42955598 0.11946380 0.11068688
v 0.43095784 0.11876790 0.11539171
v 0.43090015 0.11879654 0.11519809
v 0.42971980 0.11938247 0.11123671
v 0.42622662 0.12111650 0.09951320
v 0.42582498 0.12131588 0.09816522
v 0.42228212 0.12307457 0.08627500
v 0.41793205 0.12523396 0.07167568
v 0.41753191 0.12543260 0.07033274
v 0.42855913 0.11995864 0.10734135
v 0.41442745 0.12697366 0.05991381
v 0.43259416 0.12268408 0.11357788
v 0.43845229 0.13186457 0.11456159
v 0.43864158 0.13372531 0.11217684
v 0.43440878 0.12780960 0.11035726
v 0.43501253 0.13163845 0.10600485
v 0.42878798 0.12670824 0.09750568
v 0.43165104 0.12834222 0.10239411
v 0.43176224 0.12542918 0.10718270
v 0.42179423 0.13843058 0.06128660
v 0.42206419 0.13655628 0.06488136
v 0.43356679 0.13292057 0.10028070
v 0.42757694 0.13981022 0.07412741
v 0.42325542 0.13571740 0.06926173
v 0.42594124 0.13628114 0.07534478
v 0.42792881 0.13531114 0.08198960
v 0.41580729 0.12694142 0.06353628
v 0.41526331 0.12725798 0.06163874
v 0.42474049 0.12287137 0.09295405
v 0.42836237 0.12897324 0.09290427
v 0.42395829 0.12521844 0.08730259
v 0.43258396 0.13386076 0.09628341
v 0.42966242 0.12006299 0.11003672
v 0.42325962 0.12538824 0.08523126
v 0.42751661 0.13086483 0.08779194
v 0.42888595 0.12254729 0.10418804
v 0.42084941 0.12632890 0.07753750
v 0.42100135 0.12393121 0.08163535
v 0.43247189 0.12901928 0.10347335
v 0.42205352 0.13192114 0.07201507
v 0.42059689 0.13454126 0.06419551
v 0.42468964 0.13327972 0.07674142
v 0.43191000 0.12415974 0.10952658
v 0.42474685 0.12890083 0.08365496
v 0.43876280 0.13490083 0.11067450
v 0.43876266 0.13490089 0.11067406
v 0.43869073 0.13493660 0.11043264
v 0.43864229 0.13496064 0.11027009
v 0.42794537 0.14027065 0.07436999
v 0.42703185 0.14072412 0.07130411
v 0.42498845 0.14173847 0.06444624
v 0.42449565 0.14198310 0.06279233
v 0.42894892 0.13977248 0.07773801
v 0.42811671 0.14018559 0.07494503
v 0.42977064 0.13936457 0.08049582
v 0.43686916 0.13584084 0.10431923
v 0.43685962 0.13584557 0.10428723
v 0.43684704 0.13585182 0.10424500
v 0.43453480 0.13699962 0.09648486
v 0.43448449 0.13702460 0.09631602
v 0.43431903 0.13710673 0.09576072
v 0.42352919 0.14246286 0.05954879
v 0.44021509 0.13417990 0.11554858
v 0.43535521 0.13659237 0.09923825
v 0.42407772 0.14219056 0.06138971
v 0.43731662 0.13561872 0.10582096
v 0.43595310 0.13629557 0.10124486
v 0.43779540 0.13538105 0.10742781
v 0.43116322 0.13867329 0.08516945
v 0.42376273 0.14234693 0.06033256
v 0.42135125 0.13878162 0.05959729
v 0.42007887 0.13661169 0.05965545
v 0.42328398 0.14207773 0.05950893
v 0.41671929 0.13088221 0.05980904
v 0.41479467 0.12759993 0.05989702
v 0.42351418 0.14247031 0.05949841
v 0.44166827 0.13163739 0.05248685
v 0.49196009 0.10162720 0.03306289
v 0.48969631 0.10297804 0.03393722
v 0.43348706 0.11899397 0.05305445
v 0.43534529 0.12212815 0.05296435
v 0.43660505 0.12355599 0.05280018
v 0.49098518 0.10081546 0.03323331
v 0.48995501 0.10193035 0.03370517
v 0.48988198 0.10222610 0.03377068
v 0.43713328 0.12439909 0.05276749
v 0.49174038 0.10144426 0.03310130
v 0.47984909 0.11032046 0.09244383
v 0.48266369 0.10866775 0.09235737
v 0.47728811 0.11176914 0.09046693
v 0.47980917 0.11032967 0.09191448
v 0.45892826 0.12263797 0.09431688
v 0.45855038 0.12282541 0.09304345
v 0.46416353 0.11975385 0.10124377
v 0.46218941 0.12085640 0.09919145
v 0.48580808 0.10659831 0.08393882
v 0.48565198 0.10667783 0.08349088
v 0.45966312 0.12222657 0.09504431
v 0.48354050 0.10812519 0.09129710
v 0.48603821 0.10660635 0.08927267
v 0.48449148 0.10735834 0.08349170
v 0.47882306 0.11082255 0.08873038
v 0.48532381 0.10686048 0.08312603
v 0.44974288 0.12749521 0.07459108
v 0.44872720 0.12800946 0.07155756
v 0.45145816 0.12658923 0.07831430
v 0.49140954 0.10211533 0.03922984
v 0.49173332 0.10186378 0.03692809
v 0.49016365 0.10290155 0.04130671
v 0.48987403 0.10294174 0.03647054
v 0.44297046 0.13097368 0.05621218
v 0.49195171 0.10163594 0.03320564
v 0.48982116 0.10294907 0.03558766
v 0.46615911 0.11869955 0.10556505
v 0.46594245 0.11878664 0.10407479
v 0.48295247 0.10850192 0.09248807
v 0.47728144 0.11176246 0.09007172
v 0.48725367 0.10585230 0.08773028
v 0.44472346 0.13008021 0.06122719
v 0.47545441 0.09881119 0.07973310
v 0.48052070 0.09521767 0.08789720
v 0.47570568 0.09426506 0.09366346
v 0.47554678 0.09779695 0.09647436
v 0.47657362 0.10167109 0.09474918
v 0.46837821 0.10111416 0.09762579
v 0.48137953 0.10256803 0.09072565
v 0.46164427 0.10759408 0.10203152
v 0.47218102 0.10292335 0.08922991
v 0.47812565 0.10623765 0.09138012
v 0.47808082 0.10591655 0.08661313
v 0.46298719 0.10545469 0.09351847
v 0.45759484 0.11320610 0.09332529
v 0.46159586 0.11343619 0.10475237
v 0.45788067 0.12099272 0.09347968
v 0.46089831 0.11868273 0.09884998
v 0.48395217 0.10099198 0.08747387
v 0.47919348 0.09518579 0.07941662
v 0.48026873 0.10058098 0.07698752
v 0.48458728 0.10559282 0.08283054
v 0.45147023 0.11622386 0.08364171
v 0.48194092 0.10332743 0.08230936
v 0.44318188 0.11481015 0.07443998
v 0.44697055 0.12386990 0.07325371
v 0.43856875 0.12163725 0.05969190
v 0.44724746 0.11319949 0.07874036
v 0.49052107 0.10095929 0.03808312
v 0.43860271 0.13499636 0.11073633
v 0.43860257 0.13499642 0.11073589
v 0.43853064 0.13503213 0.11049447
v 0.43848220 0.13505617 0.11033192
v 0.42778528 0.14036618 0.07443182
v 0.42687176 0.14081965 0.07136594
v 0.42482836 0.14183400 0.06450807
v 0.42433556 0.14207863 0.06285416
v 0.42795662 0.14028112 0.07500686
v 0.42878883 0.13986801 0.07779984
v 0.42961055 0.13946010 0.08055765
v 0.43670907 0.13593637 0.10438106
v 0.43669953 0.13594110 0.10434906
v 0.43668695 0.13594735 0.10430683
v 0.43437471 0.13709515 0.09654669
v 0.43432440 0.13712013 0.09637785
v 0.43415894 0.13720226 0.09582255
v 0.44005500 0.13427543 0.11561041
v 0.43519512 0.13668790 0.09930008
v 0.42391763 0.14228609 0.06145154
v 0.43715653 0.13571425 0.10588279
v 0.43579301 0.13639110 0.10130669
v 0.43763531 0.13547658 0.10748964
v 0.43100313 0.13876882 0.08523128
v 0.42336910 0.14255839 0.05961062
v 0.42360264 0.14244246 0.06039439
v 0.42335409 0.14256584 0.05956024
v 0.43860270 0.13499636 0.11073633
v 0.43860258 0.13499643 0.11073590
v 0.43853064 0.13503214 0.11049446
v 0.43848221 0.13505617 0.11033193
v 0.42778528 0.14036618 0.07443181
v 0.43670906 0.13593637 0.10438106
v 0.43669953 0.13594110 0.10434907
v 0.43668695 0.13594735 0.10430684
v 0.43432440 0.13712013 0.09637786
v 0.43415894 0.13720227 0.09582255
v 0.42336910 0.14255838 0.05961062
v 0.44005500 0.13427543 0.11561040
v 0.42391763 0.14228609 0.06145155
v 0.43715652 0.13571425 0.10588279
v 0.43579302 0.13639110 0.10130670
v 0.44530341 0.15474059 0.09758054
v 0.44435971 0.15074084 0.10131680
v 0.43862190 0.13518403 0.11049608
v 0.42767145 0.14846714 0.06162105
v 0.43053228 0.15043323 0.06599058
v 0.43766966 0.15714649 0.07409839
v 0.43810209 0.15470180 0.07899509
v 0.43629299 0.15385757 0.07561536
v 0.43243191 0.14868671 0.07360741
v 0.43636692 0.15872065 0.06829329
v 0.44442333 0.14944670 0.10348099
v 0.44081585 0.14590863 0.09960697
v 0.43904805 0.14069905 0.10307871
v 0.43416121 0.14702780 0.08064789
v 0.44287592 0.14588726 0.10497385
v 0.44183921 0.14459344 0.10428859
v 0.42678144 0.14529511 0.06421746
v 0.43075569 0.14407825 0.07638752
v 0.44416492 0.14552975 0.10886364
v 0.43630010 0.13895654 0.09865600
v 0.44701393 0.14767892 0.11291971
v 0.44825050 0.15117140 0.11072547
v 0.43441736 0.13727488 0.09637945
v 0.43671644 0.13769711 0.10167979
v 0.43673151 0.13598717 0.10436069
v 0.43943317 0.13964712 0.10570109
v 0.44063267 0.13950764 0.10902227
v 0.43092001 0.14234190 0.07949563
v 0.43935838 0.15033118 0.08900045
v 0.44125474 0.15521816 0.08636002
v 0.44200658 0.14937001 0.09734212
v 0.43443998 0.14234142 0.08861017
v 0.44277368 0.15513310 0.09042422
v 0.43123776 0.15601076 0.05919983
v 0.43113218 0.15583070 0.05920466
v 0.43143074 0.15633987 0.05919101
v 0.43128575 0.15609260 0.05919764
v 0.42668431 0.14824524 0.05940800
v 0.42552892 0.14627482 0.05946081
v 0.42370440 0.14316327 0.05954422
v 0.42991008 0.15374651 0.05926053
v 0.42342252 0.14268254 0.05955711
v 0.44544044 0.15479826 0.09784625
v 0.44534106 0.15484760 0.09751270
v 0.43968389 0.15765584 0.07852661
v 0.43878882 0.15810015 0.07552266
v 0.43774980 0.15861593 0.07203558
v 0.43769929 0.15864100 0.07186605
v 0.43730567 0.15883640 0.07054502
v 0.43780732 0.15858738 0.07222861
v 0.44755080 0.15375067 0.10492885
v 0.44752756 0.15376221 0.10485086
v 0.44758790 0.15373226 0.10505335
v 0.45037255 0.15234994 0.11439897
v 0.44991554 0.15257680 0.11286520
v 0.44777130 0.15364121 0.10566888
v 0.44111295 0.15694645 0.08332268
v 0.44725377 0.15389812 0.10393198
v 0.44697633 0.15403584 0.10300085
v 0.44309214 0.15596397 0.08996506
v 0.44231359 0.15635044 0.08735218
v 0.44523436 0.15490056 0.09715462
v 0.45059495 0.15223954 0.11514537
v 0.43638237 0.15929473 0.06744632
v 0.43421581 0.16037022 0.06017510
v 0.43860248 0.15819266 0.07489726
v 0.44935673 0.15285420 0.11098977
v 0.44160056 0.15670439 0.08495917
v 0.44533069 0.15485274 0.09747792
v 0.43388910 0.16053240 0.05907863
v 0.45052577 0.15197545 0.10377985
v 0.45029849 0.15210874 0.10378065
v 0.45055486 0.15196181 0.10390743
v 0.45663066 0.14861559 0.11198193
v 0.45513720 0.14946093 0.11084847
v 0.45093313 0.15175449 0.10444771
v 0.45720365 0.14829599 0.11259293
v 0.45348738 0.15038936 0.10939441
v 0.45212611 0.14804960 0.05179833
v 0.49193560 0.11133095 0.03450547
v 0.49219952 0.11114452 0.03439926
v 0.49542604 0.11142316 0.03347909
v 0.49569680 0.11008030 0.03319979
v 0.49576757 0.10972932 0.03312679
v 0.49499214 0.10608707 0.03281911
v 0.49101921 0.11034464 0.03463264
v 0.49159937 0.11096906 0.03455213
v 0.48894821 0.10586569 0.03458724
v 0.48884929 0.10712459 0.03480292
v 0.45178119 0.14767902 0.05184629
v 0.44724215 0.14022524 0.05209626
v 0.49236016 0.11103105 0.03433461
v 0.49436489 0.11312772 0.03404739
v 0.49482702 0.10531148 0.03275359
v 0.49544216 0.10302351 0.03223189
v 0.49341458 0.10283825 0.03280863
v 0.48882147 0.10747867 0.03486358
v 0.44539152 0.13758008 0.05225644
v 0.48942621 0.10407188 0.03417949
v 0.48912349 0.10520792 0.03443772
v 0.44481769 0.13666419 0.05229195
v 0.49222801 0.10185029 0.03301606
v 0.48907499 0.10538994 0.03447910
v 0.48885864 0.12930591 0.09660333
v 0.49366232 0.12636130 0.09183252
v 0.48723931 0.13018108 0.09382968
v 0.48840531 0.12956760 0.09644933
v 0.49042272 0.12814850 0.08763975
v 0.48621363 0.13078351 0.09386732
v 0.46094659 0.14515587 0.07732511
v 0.46040482 0.14541100 0.07499179
v 0.46204420 0.14459654 0.08046909
v 0.45710084 0.14707249 0.06470101
v 0.45688408 0.14715450 0.06301877
v 0.47572673 0.13719715 0.10373259
v 0.46895986 0.14115253 0.10326657
v 0.49406360 0.12611229 0.09132116
v 0.49205793 0.12717452 0.08707472
v 0.46461503 0.14333896 0.08979059
v 0.49005493 0.12737080 0.05058212
v 0.49013782 0.12732874 0.05082618
v 0.49093949 0.12672679 0.04590622
v 0.48940642 0.12765334 0.04693636
v 0.49065871 0.12702222 0.05078546
v 0.49403706 0.12502096 0.05002822
v 0.49443464 0.12477688 0.04961946
v 0.46582660 0.14273636 0.09381321
v 0.49541399 0.12403592 0.04340085
v 0.49377355 0.12497186 0.04243227
v 0.47571612 0.13720878 0.10393484
v 0.45345155 0.14889233 0.05276390
v 0.45308378 0.14907853 0.05166517
v 0.49219173 0.12708092 0.08650968
v 0.49181570 0.12728931 0.08605806
v 0.49111473 0.12772472 0.08696778
v 0.47592905 0.13707682 0.10366956
v 0.47596633 0.13705168 0.10354709
v 0.47579706 0.13715505 0.10370068
v 0.48451629 0.13196489 0.10081016
v 0.47582263 0.13713914 0.10366659
v 0.49378311 0.12628519 0.09163544
v 0.49382342 0.12625869 0.09152859
v 0.46562258 0.14283044 0.09285978
v 0.46540252 0.14293959 0.09211808
v 0.49292948 0.12549732 0.04357113
v 0.49768379 0.12279420 0.04672900
v 0.47614478 0.13696567 0.10424209
v 0.48582653 0.13117057 0.09983869
v 0.48774765 0.13000590 0.09841428
v 0.45355319 0.14884087 0.05306757
v 0.47967129 0.11999630 0.09352560
v 0.48336822 0.12502776 0.09239892
v 0.48411633 0.11427196 0.08608072
v 0.47720982 0.11228620 0.09038157
v 0.48035503 0.11165645 0.09208774
v 0.49427020 0.12375207 0.08163369
v 0.48950000 0.11404819 0.08480147
v 0.49715632 0.12211721 0.08497995
v 0.47986007 0.13140041 0.09699263
v 0.48462986 0.11092660 0.09158518
v 0.48461552 0.12624359 0.09829030
v 0.48100590 0.12435800 0.09841176
v 0.48259144 0.13305352 0.10271072
v 0.48517921 0.12978342 0.09539799
v 0.47911093 0.13125617 0.10079334
v 0.47017300 0.13086176 0.09982517
v 0.46661846 0.13575847 0.10328042
v 0.47352781 0.13114239 0.09810207
v 0.48978277 0.12547164 0.09700680
v 0.48706538 0.12760629 0.10058175
v 0.47447809 0.12478866 0.09925197
v 0.46765997 0.12090082 0.10380705
v 0.48588185 0.11684711 0.09590756
v 0.49023996 0.11024857 0.08796220
v 0.49129068 0.11966739 0.09107082
v 0.46016889 0.14112908 0.07962057
v 0.45640747 0.14610818 0.06414176
v 0.48757188 0.11835548 0.09766507
v 0.46233405 0.13317964 0.09057885
v 0.46484554 0.13193108 0.09904579
v 0.46533549 0.12615309 0.10002352
v 0.49237719 0.11353134 0.08766188
v 0.49589236 0.12309309 0.08912245
v 0.49499169 0.11454119 0.03833138
v 0.49371113 0.11705397 0.04036116
v 0.49567221 0.11178059 0.04043742
v 0.49705328 0.11400656 0.04467010
v 0.49773069 0.12184682 0.04673454
v 0.49426141 0.11327723 0.04773799
v 0.49438125 0.10383945 0.03440515
v 0.48950465 0.12497452 0.04695223
v 0.48826227 0.11786857 0.04710638
v 0.49125724 0.11860314 0.05131973
v 0.48943269 0.10687374 0.04789937
v 0.49413593 0.12405683 0.04993160
v 0.49013009 0.12650942 0.05083603
v 0.48870715 0.11282579 0.04290853
v 0.49616217 0.10559004 0.04410145
v 0.49300636 0.10419305 0.04129081
v 0.49176967 0.10774271 0.04642703
v 0.49184816 0.11970820 0.04327959
v 0.43059425 0.15683902 0.05951409
v 0.43278456 0.16119150 0.05950523
v 0.43143074 0.15633987 0.05919102
v 0.41432858 0.12702274 0.05958201
v 0.41430237 0.12703575 0.05949403
v 0.42135125 0.13878162 0.05959728
v 0.42007888 0.13661169 0.05965545
v 0.41671929 0.13088221 0.05980903
v 0.42124100 0.13886899 0.05917683
v 0.41707066 0.13175683 0.05936748
v 0.41468157 0.12768245 0.05947669
v 0.42338910 0.14253240 0.05907863
v 0.43515164 0.12215764 0.05256018
v 0.43318177 0.11883517 0.05265570
v 0.43648708 0.12367126 0.05238615
v 0.48989874 0.10202688 0.03326998
v 0.49103131 0.10080116 0.03275122
v 0.49486032 0.08466917 0.02922423
v 0.49367346 0.08484833 0.02960437
v 0.49508706 0.08476320 0.02917057
v 0.49493980 0.08486227 0.02922911
v 0.44152411 0.13171086 0.05207444
v 0.49198819 0.10159789 0.03258395
v 0.48966191 0.10298602 0.03348242
v 0.49507346 0.08473617 0.02962006
v 0.41906047 0.14017016 0.06001900
v 0.42151205 0.14365247 0.05980359
v 0.41116780 0.12889690 0.06035731
v 0.41130839 0.12882232 0.06065038
v 0.41426053 0.13343369 0.06045282
v 0.41167965 0.12947376 0.06063611
v 0.48868081 0.18698615 0.04608819
v 0.45682854 0.15244850 0.05025310
v 0.49307991 0.19463420 0.04601970
v 0.49318253 0.19464981 0.04599143
v 0.49295824 0.19460543 0.04605170
v 0.49625766 0.19281163 0.04480327
v 0.49664280 0.19128583 0.04446283
v 0.48876872 0.18699029 0.04617366
v 0.49026917 0.19114390 0.04634095
v 0.44390625 0.16411509 0.05615757
v 0.44898953 0.16152609 0.05426000
v 0.45026870 0.16113141 0.05382047
v 0.45270769 0.15881265 0.05275077
v 0.43022639 0.15650391 0.05910790
v 0.43037217 0.15669226 0.05909232
v 0.42936765 0.15531666 0.05918816
v 0.49359627 0.17652137 0.04318677
v 0.49216625 0.17675289 0.04364711
v 0.43732936 0.16776626 0.05865729
v 0.44080190 0.16617571 0.05738734
v 0.42224090 0.14468776 0.05973955
v 0.43300785 0.16192977 0.05908166
v 0.43344913 0.16379905 0.05922667
v 0.43542765 0.16628726 0.05900517
v 0.45162609 0.14773168 0.05143406
v 0.44693487 0.14002801 0.05169242
v 0.45693996 0.15245824 0.05054983
v 0.45405323 0.15033944 0.05109657
v 0.49572133 0.18622348 0.04398862
v 0.49497694 0.18149198 0.04351058
v 0.49223779 0.17925223 0.04399547
v 0.48876510 0.18677904 0.04614350
v 0.45414543 0.15729540 0.05209796
v 0.45825792 0.15479784 0.05050318
v 0.45929286 0.15408667 0.05008961
v 0.49207227 0.11064704 0.03389736
v 0.49429632 0.11297308 0.03357872
v 0.49547356 0.11108204 0.03294824
v 0.49494671 0.10570671 0.03231016
v 0.49572701 0.10280444 0.03164838
v 0.49315504 0.10256944 0.03237998
v 0.48931738 0.10438129 0.03379145
v 0.48882885 0.10713338 0.03434408
v 0.49116851 0.11018442 0.03409822
v 0.44502219 0.13729416 0.05185796
v 0.44250703 0.16532681 0.05675371
v 0.42548368 0.14880887 0.05938287
v 0.49236096 0.17856110 0.04385654
v 0.49476009 0.17932323 0.04325442
v 0.49491154 0.17685691 0.04284449
v 0.49508673 0.18078846 0.04337381
v 0.49178613 0.11084916 0.03401252
v 0.49577394 0.10959228 0.03263839
v 0.48893124 0.10583037 0.03412084
v 0.41181070 0.12852258 0.06045637
v 0.42668430 0.14824524 0.05940800
v 0.43043466 0.15648999 0.05951001
v 0.43034143 0.15630256 0.05951007
v 0.43045469 0.15658852 0.05951862
v 0.42583511 0.14875197 0.05973598
v 0.42441088 0.14694198 0.05989263
v 0.42216183 0.14408376 0.06014000
v 0.42910327 0.15422795 0.05957214
v 0.42181435 0.14364217 0.06017822
v 0.42173625 0.14353123 0.06018508
v 0.49311620 0.19458797 0.04615293
v 0.43042790 0.15655964 0.05944132
v 0.42193739 0.14341121 0.06010740
v 0.49368257 0.19403729 0.04621807
v 0.49635663 0.19243885 0.04518487
v 0.49290397 0.19385333 0.04642285
v 0.49306709 0.19406329 0.04640531
v 0.43337945 0.16237365 0.05950283
v 0.49048662 0.19074157 0.04668288
v 0.44071987 0.16629398 0.05789550
v 0.44224326 0.16553556 0.05732941
v 0.43537874 0.16597390 0.05943962
v 0.43694998 0.16719589 0.05915220
v 0.44274829 0.16528413 0.05714174
v 0.44401561 0.16418664 0.05660180
v 0.44904216 0.16148486 0.05470445
v 0.45020710 0.16112542 0.05430417
v 0.45808015 0.15483369 0.05102768
v 0.45900521 0.15419803 0.05065802
v 0.49231239 0.17811442 0.04427118
v 0.49220046 0.17874249 0.04439743
v 0.45187861 0.15973142 0.05359994
v 0.45268483 0.15888062 0.05323387
v 0.49470418 0.17853109 0.04362014
v 0.49483706 0.17636728 0.04326050
v 0.49493680 0.17474292 0.04299052
v 0.49387731 0.17447266 0.04326623
v 0.49191137 0.17439034 0.04383983
v 0.49204824 0.17566142 0.04398706
v 0.45439710 0.15048958 0.05148255
v 0.49665844 0.19124320 0.04491810
v 0.49593635 0.18727623 0.04454649
v 0.49503725 0.18186216 0.04401360
v 0.49511841 0.18134208 0.04391249
v 0.49520588 0.18078160 0.04380352
v 0.49490480 0.17943100 0.04369347
v 0.48911895 0.18590955 0.04637569
v 0.48912202 0.18608837 0.04640122
v 0.48913779 0.18700766 0.04653250
v 0.44441280 0.16384267 0.05643257
v 0.45051094 0.16103167 0.05419977
v 0.49291662 0.17422758 0.04351623
v 0.43761745 0.16771500 0.05903010
v 0.43374404 0.16391809 0.05962263
v 0.45709810 0.15247206 0.05097098
v 0.49558754 0.18535994 0.04436699
v 0.49205871 0.17953784 0.04455730
v 0.45440429 0.15706608 0.05245314
v 0.45929962 0.15399572 0.05054038
v 0.44431956 0.15546712 0.09827917
v 0.44307652 0.15619889 0.09838732
v 0.43727921 0.15909076 0.07945536
v 0.43810120 0.15851047 0.07578824
v 0.43530886 0.16007249 0.07297833
v 0.43522773 0.16011583 0.07282062
v 0.43480148 0.16033070 0.07151220
v 0.43577854 0.15979799 0.07301217
v 0.43855754 0.15847132 0.08430964
v 0.44686633 0.15412931 0.10408162
v 0.44639101 0.15438511 0.10322691
v 0.44126548 0.15705397 0.09067056
v 0.44023740 0.15758935 0.08815406
v 0.44294780 0.15626500 0.09803775
v 0.43309500 0.16103903 0.06060799
v 0.43398642 0.16072444 0.06837169
v 0.43855158 0.15822303 0.07491692
v 0.43946516 0.15797863 0.08578392
v 0.44300706 0.15623930 0.09837536
v 0.49143596 0.12783656 0.08674256
v 0.49388223 0.12641173 0.09153922
v 0.48897254 0.13051564 0.09251022
v 0.46131614 0.15398043 0.10009916
v 0.45893554 0.15518703 0.09281252
v 0.45275042 0.15973026 0.09855957
v 0.46620483 0.15008193 0.09359916
v 0.46323962 0.15341968 0.09014991
v 0.46692787 0.15089148 0.10182627
v 0.45201447 0.16032783 0.09068542
v 0.44712608 0.15954261 0.09823874
v 0.44647303 0.16194001 0.09146646
v 0.44463599 0.15686112 0.09712925
v 0.47585242 0.13721700 0.10373883
v 0.48880196 0.12954106 0.09657859
v 0.49671507 0.19108880 0.04656686
v 0.49242118 0.18716220 0.04972485
v 0.44003232 0.16728533 0.06215503
v 0.44506637 0.16487406 0.06087000
v 0.43514621 0.16448405 0.06150525
v 0.44081652 0.16497156 0.06826120
v 0.44957890 0.16106438 0.05923721
v 0.45082019 0.16090435 0.05468400
v 0.44447649 0.16520760 0.06930700
v 0.49126327 0.15351615 0.04526539
v 0.48883481 0.15140103 0.04751348
v 0.49130817 0.16879907 0.04429594
v 0.49473110 0.15718782 0.04422931
v 0.49430431 0.17286511 0.04623603
v 0.49562188 0.16506005 0.04738751
v 0.49660973 0.18070072 0.04886631
v 0.49520824 0.18291168 0.04543971
v 0.44894486 0.16394534 0.06989950
v 0.49748608 0.15869904 0.04866874
v 0.46210978 0.15117861 0.07389187
v 0.45557361 0.15738189 0.06577178
v 0.46032950 0.15499242 0.07955003
v 0.49330709 0.16461601 0.04963287
v 0.44249016 0.16370031 0.07905663
v 0.43534920 0.16038670 0.07278139
v 0.49298012 0.15563926 0.04992262
v 0.48964139 0.16438693 0.04681540
v 0.45658354 0.15513551 0.05544336
v 0.45939786 0.15267309 0.05709578
v 0.43876423 0.16113392 0.07898885
v 0.49182873 0.17366641 0.04840014
v 0.49107086 0.18111331 0.04765646
v 0.49452601 0.17527008 0.04979795
v 0.49624858 0.15118141 0.04854989
v 0.49419689 0.14774465 0.04434563
v 0.45924840 0.15280697 0.06014860
v 0.44725599 0.16276887 0.07931323
v 0.45636294 0.15744962 0.10181157
v 0.44969454 0.16201988 0.07470057
v 0.49504145 0.16598625 0.04359540
v 0.49719069 0.14423876 0.04723758
v 0.48895418 0.13998654 0.04686332
v 0.45065646 0.15223981 0.10378595
v 0.46568899 0.15021396 0.08639253
v 0.45425454 0.15262435 0.10989294
v 0.45733275 0.15042372 0.11263709
v 0.49334716 0.14462680 0.04990722
v 0.44930368 0.16086150 0.06266814
v 0.45043455 0.16173380 0.08483632
v 0.44400302 0.16257500 0.08577234
v 0.45439018 0.15810382 0.07656455
v 0.46534973 0.15072528 0.10952515
v 0.49465247 0.13887255 0.04477487
v 0.45413081 0.15612545 0.08008355
v 0.45851624 0.15660846 0.11169400
v 0.45179592 0.15821267 0.10738280
v 0.49354472 0.12982182 0.05050935
v 0.49724974 0.13156272 0.04667775
v 0.46455934 0.14924704 0.08160712
v 0.45158771 0.16050300 0.06728700
v 0.49024394 0.13857477 0.05069100
v 0.46077817 0.15218684 0.06766706
v 0.44849891 0.15652651 0.10429891
v 0.44133637 0.15993827 0.08275796
v 0.45563554 0.15802030 0.10572142
v 0.46327375 0.15371747 0.10609420
v 0.45607702 0.15604384 0.08292122
v 0.46924376 0.14725264 0.10199917
v 0.46925128 0.14182389 0.10326485
v 0.46569718 0.14387683 0.09226589
v 0.47093027 0.14439064 0.10542021
v 0.47410518 0.14376557 0.10652257
v 0.45635698 0.15646729 0.08824364
v 0.44290947 0.15861104 0.08919988
v 0.49381507 0.13023854 0.04380989
v 0.36757638 0.05013741 0.06181202
v 0.36766384 0.05009142 0.06200974
v 0.37916291 0.04167330 0.05733831
v 0.37727108 0.04271871 0.05805663
v 0.37480510 0.04412949 0.05900008
v 0.37331546 0.04565315 0.05966930
v 0.36934638 0.04671249 0.06100863
v 0.36764446 0.04936510 0.06190809
v 0.37157613 0.04611248 0.06025550
v 0.36754716 0.04973992 0.06199252
v 0.38317874 0.04002382 0.05589776
v 0.36778887 0.05002569 0.06229241
v 0.36784068 0.04999845 0.06240953
v 0.38348439 0.03987677 0.05625117
v 0.36771284 0.04961333 0.06239066
v 0.37760722 0.04251928 0.05839321
v 0.37550754 0.04372050 0.05919651
v 0.36786701 0.04901942 0.06225688
v 0.36777611 0.04936958 0.06233575
v 0.37195151 0.04587001 0.06057401
v 0.37006004 0.04637899 0.06121289
v 0.38015072 0.04124606 0.05744702
v 0.37921804 0.04162915 0.05778159
v 0.37469062 0.04418786 0.05950905
v 0.37342697 0.04548036 0.06007675
v 0.36945700 0.04654126 0.06141657
v 0.36984012 0.04888815 0.06472647
v 0.37024763 0.04874352 0.06824512
v 0.37212545 0.04785631 0.07622401
v 0.37852660 0.04470810 0.09880204
v 0.37949481 0.04421320 0.10151897
v 0.37337781 0.04724962 0.08098640
v 0.37516373 0.04632704 0.08563557
v 0.37633444 0.04575926 0.09006304
v 0.37677742 0.04553740 0.09147658
v 0.37003542 0.04884452 0.06737112
v 0.36941618 0.04917010 0.06597122
v 0.36900778 0.04938483 0.06504794
v 0.37297733 0.04742946 0.07893499
v 0.37410410 0.04679583 0.07994477
v 0.38053672 0.04312444 0.08369364
v 0.38130849 0.04319701 0.10328314
v 0.39790013 0.03113632 0.11002554
v 0.40237250 0.03048349 0.10677620
v 0.40835904 0.02712486 0.10803348
v 0.40469655 0.02853027 0.10041657
v 0.39786903 0.03274818 0.09270080
v 0.39098243 0.03435448 0.11255234
v 0.39126884 0.03587489 0.07542947
v 0.39027727 0.03573865 0.08312500
v 0.38441253 0.03890247 0.07505651
v 0.37794393 0.04269152 0.07914923
v 0.38674919 0.03860630 0.08249831
v 0.38856449 0.03768195 0.06837136
v 0.39312733 0.03376520 0.10113844
v 0.39014861 0.03581555 0.09649753
v 0.39673648 0.03264669 0.09564817
v 0.37231316 0.04574797 0.07386355
v 0.37440183 0.04479018 0.08454559
v 0.37867058 0.04356851 0.07240012
v 0.39442604 0.03365687 0.10876039
v 0.38714997 0.03602082 0.09241640
v 0.36994017 0.04791152 0.06774288
v 0.38881196 0.03594897 0.10955331
v 0.38647471 0.03858706 0.09065808
v 0.38573726 0.03894694 0.11442484
v 0.38282848 0.04098731 0.08703427
v 0.38186255 0.04085331 0.10759499
v 0.38181388 0.04067348 0.10197959
v 0.38548473 0.03981328 0.09990744
v 0.37950472 0.04328550 0.08426834
v 0.37596735 0.04389413 0.09059472
v 0.38368324 0.04038017 0.09411137
v 0.37849864 0.04379778 0.06570729
v 0.37845140 0.04377614 0.09968539
v 0.37900003 0.04126687 0.09243796
v 0.37102836 0.04410904 0.06721132
v 0.37405047 0.04451422 0.06235500
v 0.38497806 0.03915818 0.05797827
v 0.37953402 0.04137611 0.06032250
v 0.10533889 0.20227135 0.03320000
v 0.11133428 0.20007174 0.03320000
v 0.11770000 0.19880666 0.03320000
v 0.10362806 0.20420000 0.03320000
v 0.10479124 0.20420000 0.03320000
v 0.11770000 0.20420000 0.03320000
v 0.11689619 0.20420000 0.03320000
v 0.11443368 0.20420000 0.03320000
v 0.11770000 0.19880666 0.00299189
v 0.10362806 0.20420000 0.00384928
v 0.10479124 0.20420000 0.00384846
v 0.11770000 0.20420000 0.00484983
v 0.11689619 0.20420000 0.00480809
v 0.11443368 0.20420000 0.00381535
v 0.11770000 0.19810000 0.02847671
v 0.10250000 0.20420000 0.01450885
v 0.13671576 0.29658420 -0.00027123
v 0.12218775 0.31382124 -0.00024358
v 0.12894638 0.31359908 -0.00038534
v 0.12899500 0.30499742 -0.00009358
v 0.13512729 0.31319583 -0.00026937
v 0.11935224 0.29944839 -0.00040707
v 0.11834045 0.29564650 0.00141281
v 0.13867501 0.30676391 -0.00020751
v 0.12648115 0.29808241 0.00015871
v 0.13171595 0.29616432 0.00125044
v 0.13672483 0.29450785 0.00089941
v 0.13090452 0.29467211 0.00397882
v 0.12077427 0.29260524 0.00338225
v 0.13266105 0.28906993 0.00297381
v 0.12716268 0.28415917 0.00327395
v 0.13683792 0.29029325 0.00296401
v 0.12044713 0.28638429 0.00352626
v 0.12119922 0.27838316 0.00449106
v 0.12071819 0.27068498 0.00428955
v 0.12001612 0.27564155 0.00289964
v 0.12544339 0.27987106 0.00436532
v 0.11873981 0.26494076 0.00415211
v 0.13713455 0.27969731 0.00476206
v 0.14015189 0.28226138 0.00372176
v 0.13216966 0.28347962 0.00379783
v 0.13881096 0.28586692 0.00433773
v 0.12309613 0.25951036 0.00446014
v 0.13463541 0.25548331 0.00438357
v 0.12709597 0.26280740 0.00402085
v 0.13611987 0.26208410 0.00433128
v 0.14049675 0.24428113 0.00410650
v 0.14147368 0.27074450 0.00388609
v 0.12472455 0.25123696 0.00378772
v 0.14162039 0.25804685 0.00423018
v 0.12922301 0.26856499 0.00469816
v 0.12008428 0.25090854 0.00396288
v 0.11912918 0.24636065 0.00371835
v 0.12490046 0.24439499 0.00371199
v 0.13106213 0.24984095 0.00336488
v 0.13123923 0.24516193 0.00398082
v 0.13164124 0.23673059 0.00392227
v 0.12494987 0.27501833 0.00316850
v 0.11952050 0.24186380 0.00411448
v 0.13589868 0.27635493 0.00375258
v 0.12291048 0.23641908 0.00370080
v 0.13402161 0.26932398 0.00390816
v 0.12896136 0.22970304 0.00350127
v 0.13364145 0.22844986 0.00453749
v 0.12147254 0.22530778 0.00337972
v 0.14098912 0.22938591 0.00456561
v 0.13897921 0.23596272 0.00444474
v 0.12087855 0.21360915 0.00450994
v 0.13271402 0.22212423 0.00329573
v 0.12510061 0.21109228 0.00354489
v 0.13787411 0.22096843 0.00389542
v 0.13229561 0.20025139 0.00365612
v 0.13895157 0.20989415 0.00347223
v 0.12708247 0.20257102 0.00374785
v 0.13819837 0.21714254 0.00417300
v 0.13001675 0.21094008 0.00345834
v 0.11934378 0.20601669 0.00556101
v 0.12207742 0.20508843 0.00397337
v 0.12087023 0.21289877 0.01433568
v 0.12053873 0.21732332 0.01229822
v 0.11927543 0.20766304 0.01199513
v 0.11890050 0.20715958 0.01374445
v 0.11770000 0.30086822 -0.00027820
v 0.11770000 0.29723399 0.00107624
v 0.11770000 0.30647197 -0.00014996
v 0.11770000 0.30316154 -0.00010156
v 0.11770000 0.29557072 0.00160670
v 0.11770000 0.29332476 0.00343241
v 0.11770000 0.28502803 0.00397508
v 0.11770000 0.28035493 0.00458216
v 0.11770000 0.27392193 0.00281341
v 0.11770000 0.27077710 0.00359635
v 0.11770000 0.26962049 0.00427572
v 0.11770000 0.26514582 0.00416189
v 0.11770000 0.27811849 0.00351769
v 0.11770000 0.29105957 0.00337095
v 0.11770000 0.28709903 0.00346591
v 0.11770000 0.26424879 0.00418600
v 0.11770000 0.26027833 0.00440050
v 0.11770000 0.25638613 0.00432880
v 0.11770000 0.25228634 0.00407536
v 0.11770000 0.25030530 0.00370461
v 0.11770000 0.24690431 0.00359319
v 0.11770000 0.24578858 0.00368391
v 0.11770000 0.24212043 0.00398873
v 0.11770000 0.23173017 0.00349054
v 0.11770000 0.22838096 0.00340080
v 0.11770000 0.21965802 0.00341982
v 0.11770000 0.21888654 0.00350004
v 0.11770000 0.23622927 0.00418960
v 0.11770000 0.23467140 0.00416283
v 0.11770000 0.20479662 0.00505535
v 0.11770000 0.21489905 0.00441385
v 0.11770000 0.20881023 0.00522724
v 0.11770000 0.21812143 0.01367730
v 0.11770000 0.21736537 0.01406106
v 0.11770000 0.20850046 0.01136339
v 0.11770000 0.21409834 0.01125314
v 0.11770000 0.21167544 0.01436551
v 0.11770000 0.20759648 0.01386598
v 0.11770000 0.20798282 0.01276264
v 0.11770000 0.31404660 -0.00018177
v 0.11770000 0.30962056 -0.00037590
v 0.11770000 0.29576050 0.00136929
v 0.11770000 0.27649103 0.00290656
v 0.11770000 0.24124455 0.00383337
v 0.11770000 0.22533985 0.00342277
v 0.11770000 0.24112721 0.00406858
v 0.11770000 0.20551501 0.00496290
v 0.11770000 0.20708637 0.00564799
v 0.11770000 0.20618963 0.00566753
v 0.11770000 0.21734957 0.01169751
v 0.11770000 0.20717263 0.01297975
v 0.11770000 0.20698701 0.01383369
v 0.10575558 0.30450126 -0.00017085
v 0.10855826 0.30991417 -0.00014887
v 0.11329968 0.31426757 -0.00012116
v 0.11655717 0.30855083 -0.00040959
v 0.10619603 0.29738729 0.00380391
v 0.10580128 0.29749511 0.00009322
v 0.11545578 0.30279677 -0.00010315
v 0.10480189 0.29149186 0.00314145
v 0.11123689 0.29691095 0.00093012
v 0.11132602 0.29481655 0.00353641
v 0.11250894 0.28844963 0.00335188
v 0.11327969 0.28284572 0.00469725
v 0.10626566 0.28511413 0.00356326
v 0.10956276 0.26675055 0.00423844
v 0.11363155 0.27090127 0.00266193
v 0.10859382 0.27109753 0.00307975
v 0.10999709 0.27931621 0.00292957
v 0.10283267 0.27176432 0.00323092
v 0.11278478 0.26097785 0.00434618
v 0.10451325 0.24889192 0.00287460
v 0.10258441 0.25335923 0.00415650
v 0.10349951 0.26041283 0.00393233
v 0.10368590 0.26590419 0.00312269
v 0.11233066 0.24894683 0.00312299
v 0.10342542 0.24544913 0.00414016
v 0.11415606 0.25433428 0.00424254
v 0.11092278 0.24307578 0.00352060
v 0.11363998 0.23986353 0.00320646
v 0.10488941 0.21328809 0.00476832
v 0.10443218 0.21822674 0.00390638
v 0.11149179 0.23266772 0.00425132
v 0.10485858 0.23064108 0.00354418
v 0.10812925 0.22839892 0.00344569
v 0.10910298 0.23764880 0.00385180
v 0.11713548 0.23448205 0.00421289
v 0.11574656 0.22997227 0.00341171
v 0.11281606 0.22538137 0.00347851
v 0.11745570 0.21929216 0.00342242
v 0.11299330 0.21680909 0.00427156
v 0.11474352 0.20461270 0.00388715
v 0.10319073 0.20718677 0.01436972
v 0.11018658 0.21197567 0.00604554
v 0.10728061 0.20728587 0.00634273
v 0.11226004 0.20957627 0.01441671
v 0.11702959 0.21830992 0.01400299
v 0.10464970 0.21965545 0.01354715
v 0.10794365 0.20558458 0.01455890
v 0.11231596 0.21739936 0.01055818
v 0.11434318 0.21028477 0.01001733
v 0.10250000 0.31487442 -0.00011385
v 0.10250000 0.31282021 -0.00012760
v 0.10250000 0.29860610 -0.00024043
v 0.10250000 0.29861622 0.00124534
v 0.10250000 0.29818447 0.00406319
v 0.10250000 0.29549553 0.00373326
v 0.10250000 0.30165167 -0.00035346
v 0.10250000 0.30874316 -0.00016216
v 0.10250000 0.30539239 -0.00017305
v 0.10250000 0.29120605 0.00315014
v 0.10250000 0.28707826 0.00341906
v 0.10250000 0.28198928 0.00348161
v 0.10250000 0.28100416 0.00340246
v 0.10250000 0.27680376 0.00304421
v 0.10250000 0.27415755 0.00314762
v 0.10250000 0.27987014 0.00341065
v 0.10250000 0.25330992 0.00414413
v 0.10250000 0.24898476 0.00293452
v 0.10250000 0.27144830 0.00321562
v 0.10250000 0.26595364 0.00309415
v 0.10250000 0.26129490 0.00378386
v 0.10250000 0.24832984 0.00308673
v 0.10250000 0.24549090 0.00412762
v 0.10250000 0.26031594 0.00392823
v 0.10250000 0.25341884 0.00415393
v 0.10250000 0.21766134 0.00397886
v 0.10250000 0.23964923 0.00386753
v 0.10250000 0.23716814 0.00375538
v 0.10250000 0.23619570 0.00371972
v 0.10250000 0.22833300 0.00348745
v 0.10250000 0.22688186 0.00344022
v 0.10250000 0.22216215 0.00367903
v 0.10250000 0.21647194 0.01017351
v 0.10250000 0.27194188 0.00322800
v 0.10250000 0.24520392 0.00405023
v 0.10250000 0.21849740 0.00376654
v 0.10250000 0.21932312 0.01355296
v 0.10250000 0.21900406 0.01365219
v 0.12232910 0.10810000 0.01009863
v 0.11961968 0.10810000 0.00546432
v 0.11956964 0.10810000 0.00547114
v 0.11770000 0.10810000 0.00572606
v 0.12044835 0.00305188 0.00019333
v 0.13911209 -0.00445352 0.00008813
v 0.11963283 0.00166056 0.00374025
v 0.13050791 0.00198234 0.00403438
v 0.12821035 0.00949289 0.00371326
v 0.13060163 0.00293599 0.00019289
v 0.13892415 0.00219156 0.00371358
v 0.13950710 0.00766276 0.00368862
v 0.12441225 0.01549584 0.00390473
v 0.13626936 0.10255942 0.00421760
v 0.14146855 0.09461976 0.00424349
v 0.12212859 0.10697653 0.01703179
v 0.12180113 0.10020661 0.01929187
v 0.12085381 0.10004507 0.01327498
v 0.12284175 0.09660424 0.00423124
v 0.11956735 0.10495859 0.02391755
v 0.12251510 0.10370094 0.00463220
v 0.12377242 0.07523148 0.00426980
v 0.13112508 0.07634358 0.00417795
v 0.11829113 0.08915353 0.00421745
v 0.13590426 0.08689689 0.00421882
v 0.12221834 0.06556005 0.00408133
v 0.11975293 0.06136673 0.00504947
v 0.13950981 0.07755494 0.00424366
v 0.12533204 0.06082521 0.00492069
v 0.13056349 0.03658985 0.00417715
v 0.13836060 0.04444994 0.00436112
v 0.13426745 0.04358379 0.00458702
v 0.13983432 0.05083459 0.00467765
v 0.13018131 0.06284466 0.00419201
v 0.12390868 0.05021171 0.00434202
v 0.13455248 0.03331765 0.00414507
v 0.13884553 0.03463506 0.00379762
v 0.12191063 0.03978838 0.00400242
v 0.12652552 0.05444196 0.00497735
v 0.12371306 0.04586662 0.01691460
v 0.12098280 0.04497135 0.01676608
v 0.13360389 0.05612680 0.00390333
v 0.12030838 0.04826334 0.01770677
v 0.12187274 0.04447879 0.01882598
v 0.12619671 0.04480157 0.02010762
v 0.13258236 0.04143013 0.01757329
v 0.13024190 0.04174259 0.02012630
v 0.13571668 0.04341231 0.01993518
v 0.13420368 0.04067978 0.02032165
v 0.12607409 0.02861751 0.00406399
v 0.11995105 0.02137324 0.00395197
v 0.13576627 0.02397016 0.00379109
v 0.13362516 0.01757989 0.00388582
v 0.11770000 0.00083258 0.00016181
v 0.11770000 -0.00602037 0.00006491
v 0.11770000 0.00214819 0.00284715
v 0.11770000 0.00320862 0.00024184
v 0.11770000 0.01436019 0.00381066
v 0.11770000 0.01132105 0.00369876
v 0.11770000 0.00517881 0.00380398
v 0.11770000 0.00170150 0.00376604
v 0.11770000 0.10301072 0.02567506
v 0.11770000 0.10017326 0.02466410
v 0.11770000 0.09992926 0.02201482
v 0.11770000 0.09989722 0.01982988
v 0.11770000 0.10711959 0.00520131
v 0.11770000 0.10700943 0.00460872
v 0.11770000 0.10336497 0.00454274
v 0.11770000 0.10088967 0.00425752
v 0.11770000 0.09691273 0.00402483
v 0.11770000 0.07688253 0.00422345
v 0.11770000 0.07681572 0.00422663
v 0.11770000 0.10483506 0.00896020
v 0.11770000 0.08986360 0.00417897
v 0.11770000 0.06405227 0.00434979
v 0.11770000 0.06207636 0.00483146
v 0.11770000 0.05897607 0.00446499
v 0.11770000 0.07618312 0.00421549
v 0.11770000 0.04756249 0.01603067
v 0.11770000 0.04874724 0.01585080
v 0.11770000 0.04478215 0.00417730
v 0.11770000 0.03941714 0.00400008
v 0.11770000 0.04767710 0.01840161
v 0.11770000 0.04756283 0.01721442
v 0.11770000 0.04920217 0.01667936
v 0.11770000 0.04937417 0.01777141
v 0.11770000 0.02917061 0.00403030
v 0.11770000 0.02487702 0.00398125
v 0.11770000 0.01877318 0.00399913
v 0.11770000 0.01620765 0.00400989
v 0.11770000 0.08104575 0.00422210
v 0.11770000 0.03359684 0.00401209
v 0.11770000 0.10125073 0.01329354
v 0.11770000 0.08932341 0.00419787
v 0.11770000 0.08894066 0.00422245
v 0.11770000 0.04904921 0.00420240
v 0.11770000 0.04688994 0.01718760
v 0.11770000 0.02132754 0.00393623
v 0.11555031 0.10810000 0.00601917
v 0.11354698 0.10810000 0.00601622
v 0.11449273 0.10810000 0.00617706
v 0.11508040 0.10810000 0.00623911
v 0.10836770 -0.00670327 0.00005479
v 0.11226912 0.00351835 0.00033771
v 0.10594701 0.00227442 0.00031505
v 0.10964403 0.00187215 0.00387351
v 0.10884289 0.01286165 0.00368654
v 0.10481093 0.08773901 0.00350705
v 0.10688056 0.09243278 0.00383946
v 0.10653336 0.10614848 0.00491211
v 0.10987591 0.10281905 0.00439738
v 0.11152309 0.09728332 0.00377687
v 0.10562280 0.10162342 0.01183230
v 0.11495847 0.10015097 0.02825533
v 0.11615527 0.09982480 0.02304045
v 0.10427463 0.10468804 0.03089532
v 0.10892033 0.08577903 0.00429669
v 0.11247775 0.07745415 0.00419762
v 0.10408436 0.07400328 0.00399686
v 0.10706503 0.09974307 0.02631770
v 0.11225013 0.10140708 0.01319870
v 0.11646406 0.10172321 0.01330081
v 0.11739735 0.07689468 0.00422448
v 0.10883643 0.10220886 0.01696317
v 0.10466930 0.06396246 0.00403375
v 0.11479155 0.06308172 0.00452260
v 0.11113058 0.06930179 0.00424427
v 0.10703633 0.10112107 0.03118056
v 0.11343476 0.10448630 0.02950238
v 0.10699577 0.04704497 0.00396169
v 0.11388129 0.05057663 0.01517521
v 0.11087729 0.03881561 0.00399629
v 0.10882318 0.05207789 0.01832741
v 0.11271752 0.05149606 0.01789488
v 0.11481928 0.02936088 0.00401871
v 0.10838888 0.02113851 0.00387114
v 0.11566562 0.01642339 0.00404176
v 0.10250000 0.00248039 0.00030543
v 0.10250000 -0.00156844 0.00018304
v 0.10250000 0.00227060 0.00384032
v 0.10250000 0.00233024 0.00276319
v 0.10250000 0.00437149 0.00380515
v 0.10250000 0.09804500 0.00402920
v 0.10250000 0.09459435 0.00383093
v 0.10250000 0.10251342 0.00438530
v 0.10250000 0.10113548 0.00417861
v 0.10250000 0.10004213 0.00405481
v 0.10250000 0.10434259 0.00709910
v 0.10250000 0.10500217 0.00606961
v 0.10250000 0.10154986 0.01446831
v 0.10250000 0.10139722 0.01211947
v 0.10250000 0.10068610 0.03108126
v 0.10250000 0.09993864 0.02844845
v 0.10250000 0.10356850 0.03091217
v 0.10250000 0.07378841 0.00397674
v 0.10250000 0.06555266 0.00400072
v 0.10250000 0.06207890 0.00402928
v 0.10250000 0.05994833 0.00413239
v 0.10250000 0.05382462 0.00399577
v 0.10250000 0.04341646 0.00392533
v 0.10250000 0.04029067 0.00392621
v 0.10250000 0.08714938 0.00358536
v 0.10250000 0.08606431 0.00392039
v 0.10250000 0.07772262 0.00390899
v 0.10250000 0.10152636 0.02025523
v 0.10250000 0.10164214 0.01982599
v 0.10250000 0.03152954 0.00392000
v 0.10250000 0.02611257 0.00386438
v 0.10250000 0.01707325 0.00373106
v 0.10250000 0.01309681 0.00364061
v 0.10250000 0.03583670 0.00392450
v 0.10250000 0.10542081 0.03095749
v 0.10250000 -0.00414096 0.00009710
v 0.10250000 0.09089566 0.00371604
v 0.10250000 0.04906913 0.00391656
v 0.10250000 0.07533854 0.00401217
v 0.10250000 0.02042222 0.00388952
v 0.10250000 -0.00521993 0.00008344
v 0.10250000 -0.00696931 0.00006129
v 0.05233137 0.29935056 0.00361932
v 0.04630197 0.29731519 0.00041822
v 0.04650667 0.29300592 0.00330575
v 0.04578930 0.30398578 -0.00006710
v 0.05390721 0.29933573 -0.00010495
v 0.05591590 0.31337004 -0.00018727
v 0.05661990 0.29358098 0.00317689
v 0.04734251 0.28070972 0.00297461
v 0.05203797 0.26196394 0.00409627
v 0.05501196 0.26017283 0.00763501
v 0.04749192 0.25623277 0.00315293
v 0.04292212 0.26174450 0.00435626
v 0.04973006 0.26174066 0.00917987
v 0.05324952 0.28461876 0.00274315
v 0.05431671 0.28030483 0.00325050
v 0.05011605 0.24781416 0.00273885
v 0.05703099 0.25468145 0.00300655
v 0.04621071 0.24379756 0.00324225
v 0.05098349 0.28074371 0.00902616
v 0.04801282 0.31729618 -0.00025039
v 0.05083770 0.23365203 0.00338198
v 0.05552594 0.26692683 0.00886608
v 0.04790135 0.27555544 0.00955056
v 0.04860965 0.26657447 0.00900986
v 0.05417193 0.27706927 0.00961569
v 0.05525974 0.22624129 0.00327514
v 0.05685404 0.23566896 0.00346903
v 0.04276276 0.22620340 0.00308127
v 0.05770000 0.30106812 -0.00010824
v 0.05770000 0.30501616 -0.00009368
v 0.05770000 0.29740304 0.00357777
v 0.05770000 0.29741543 0.00349519
v 0.05770000 0.31230487 -0.00017727
v 0.05770000 0.29709130 0.00354749
v 0.05770000 0.26177733 0.00421042
v 0.05770000 0.26077865 0.00626241
v 0.05770000 0.25740438 0.00362573
v 0.05770000 0.25917900 0.00387536
v 0.05770000 0.25525075 0.00314701
v 0.05770000 0.28049487 0.00322715
v 0.05770000 0.28325064 0.00290286
v 0.05770000 0.24899632 0.00269122
v 0.05770000 0.25352949 0.00293484
v 0.05770000 0.28141848 0.00892790
v 0.05770000 0.28119079 0.00724264
v 0.05770000 0.24350691 0.00323015
v 0.05770000 0.24356255 0.00322340
v 0.05770000 0.28587513 0.00269735
v 0.05770000 0.29151864 0.00302735
v 0.05770000 0.24335727 0.00323231
v 0.05770000 0.31393859 -0.00017840
v 0.05770000 0.31715712 -0.00019031
v 0.05770000 0.28027739 0.00910962
v 0.05770000 0.26206155 0.00959468
v 0.05770000 0.26350463 0.00941536
v 0.05770000 0.26161721 0.00914054
v 0.05770000 0.27019827 0.00882262
v 0.05770000 0.27577878 0.00915366
v 0.05770000 0.22108155 0.00333719
v 0.05770000 0.24264685 0.00325619
v 0.05770000 0.22679055 0.00331104
v 0.05770000 0.23480796 0.00346171
v 0.05770000 0.29825560 0.00007918
v 0.05770000 0.29407091 0.00319889
v 0.05770000 0.26026231 0.00771169
v 0.05770000 0.29353955 0.00318183
v 0.05770000 0.25472987 0.00298830
v 0.05770000 0.25431226 0.00300018
v 0.05770000 0.28055825 0.00506327
v 0.05770000 0.26671247 0.00880453
v 0.05770000 0.26806279 0.00909563
v 0.05770000 0.27714076 0.01022137
v 0.05770000 0.22549961 0.00360166
v 0.05770000 0.23636304 0.00344875
v 0.05770000 0.23540927 0.00347216
v 0.07292465 0.21620000 0.01173358
v 0.07853465 0.21620000 0.01132659
v 0.05950731 0.21620000 0.01255488
v 0.06080298 0.21620000 0.01194131
v 0.05820919 0.21620000 0.01385845
v 0.07979529 0.21620000 0.01188819
v 0.06518733 0.21620000 0.01161528
v 0.06839126 0.21620000 0.01150174
v 0.08220000 0.21620000 0.01169634
v 0.07921001 0.29373447 0.00331456
v 0.06836317 0.30593861 -0.00011748
v 0.06117388 0.29726629 0.00024783
v 0.05778629 0.29737174 0.00357710
v 0.06736431 0.31701838 -0.00013037
v 0.07246363 0.29854422 -0.00000825
v 0.06769239 0.29860339 0.00340247
v 0.07781188 0.30789552 -0.00011142
v 0.07589932 0.29818946 0.00317623
v 0.07610030 0.25739003 0.00387931
v 0.06754878 0.25544275 0.00271970
v 0.07451156 0.25357859 0.00251071
v 0.07251538 0.28615009 0.00275480
v 0.07352817 0.28072783 0.00276595
v 0.08145825 0.28435437 0.00274569
v 0.07291955 0.26090812 0.00433762
v 0.06156588 0.26164992 0.00428836
v 0.06062536 0.25774013 0.00376122
v 0.08021939 0.25496376 0.00352187
v 0.06318629 0.24086437 0.00331725
v 0.07033589 0.24123808 0.00326780
v 0.06713033 0.24910825 0.00291039
v 0.08194333 0.28027993 0.00336363
v 0.06875844 0.29311543 0.00323236
v 0.06027495 0.28660204 0.00267085
v 0.06455343 0.26049044 0.00790719
v 0.07426391 0.26064914 0.00851297
v 0.06795604 0.26276858 0.00993019
v 0.06527956 0.28092062 0.00317485
v 0.07745007 0.28060314 0.00869516
v 0.07706992 0.24636593 0.00286511
v 0.06546342 0.28113977 0.00922292
v 0.07209482 0.27790569 0.00913133
v 0.06011412 0.24937263 0.00267606
v 0.05780395 0.24350428 0.00323004
v 0.05911075 0.28156021 0.00890726
v 0.06068337 0.27468752 0.00876297
v 0.06121204 0.27721193 0.01082429
v 0.06308105 0.27087442 0.00966381
v 0.08086742 0.26215875 0.00424483
v 0.08078261 0.26129309 0.00877205
v 0.07878958 0.23567471 0.00310241
v 0.06354750 0.26613593 0.00863898
v 0.07060486 0.27260095 0.01008217
v 0.06899524 0.26682732 0.00956981
v 0.07841082 0.27390613 0.00974408
v 0.07514669 0.26781392 0.00943590
v 0.05859390 0.26209754 0.00964120
v 0.05992009 0.22482485 0.00389872
v 0.06287496 0.22098332 0.00367665
v 0.06542814 0.21790115 0.00381997
v 0.06979307 0.23169696 0.00351684
v 0.06809905 0.22603248 0.00319495
v 0.07616069 0.22308986 0.00286310
v 0.07520559 0.22678397 0.00355617
v 0.08074961 0.22381249 0.00308983
v 0.06415076 0.22824249 0.00340593
v 0.05831932 0.21798496 0.01392445
v 0.07887944 0.21832411 0.01394082
v 0.07125521 0.21851976 0.01372618
v 0.06538064 0.21773635 0.01314887
v 0.08220000 0.31156552 -0.00008132
v 0.08220000 0.31626358 -0.00006746
v 0.08220000 0.29856405 0.00346331
v 0.08220000 0.29868554 0.00280526
v 0.08220000 0.29914347 -0.00025082
v 0.08220000 0.30284574 -0.00023848
v 0.08220000 0.25688658 0.00371705
v 0.08220000 0.25999238 0.00408604
v 0.08220000 0.28026902 0.00334903
v 0.08220000 0.28392557 0.00276676
v 0.08220000 0.28028490 0.00897250
v 0.08220000 0.28026377 0.00363939
v 0.08220000 0.24752587 0.00269318
v 0.08220000 0.25053406 0.00298398
v 0.08220000 0.26220958 0.00425139
v 0.08220000 0.28500905 0.00278738
v 0.08220000 0.29307306 0.00328070
v 0.08220000 0.26151873 0.00787828
v 0.08220000 0.23886940 0.00263823
v 0.08220000 0.24150455 0.00253727
v 0.08220000 0.29635518 0.00345737
v 0.08220000 0.27691303 0.00993984
v 0.08220000 0.27857426 0.00971730
v 0.08220000 0.26788435 0.00932545
v 0.08220000 0.26929503 0.00940910
v 0.08220000 0.26493858 0.00906765
v 0.08220000 0.22698414 0.00260454
v 0.08220000 0.23158257 0.00242137
v 0.08220000 0.21770178 0.00325101
v 0.08220000 0.21836685 0.01371574
v 0.08220000 0.30815496 -0.00007507
v 0.08220000 0.25414093 0.00362970
v 0.08220000 0.28449932 0.00275369
v 0.08220000 0.26149674 0.00879403
v 0.08220000 0.22493719 0.00313826
v 0.08220000 0.22287804 0.00308001
v 0.08561614 0.21620000 0.01142381
v 0.08619828 0.21620000 0.01198178
v 0.08719994 0.21620000 0.01179858
v 0.09468129 0.21620000 0.01040619
v 0.08541244 0.21620000 0.01144006
v 0.10231637 0.21620000 0.00988533
v 0.09965267 0.21620000 0.01038061
v 0.10161495 0.21620000 0.01001575
v 0.08950548 0.29145702 0.00319796
v 0.08490350 0.29872478 0.00358649
v 0.08749522 0.31599418 -0.00004500
v 0.08706175 0.30844241 -0.00003480
v 0.08525384 0.29933143 -0.00032690
v 0.08790722 0.26242728 0.00427947
v 0.08702308 0.25213721 0.00389228
v 0.08342153 0.24780206 0.00265224
v 0.08902702 0.27997889 0.00296065
v 0.08744917 0.27993322 0.00927898
v 0.09057887 0.28613667 0.00284403
v 0.09081860 0.26644810 0.00559238
v 0.08736057 0.26223823 0.00887407
v 0.08359843 0.24017937 0.00244790
v 0.09374668 0.24588599 0.00400903
v 0.09628399 0.29847436 0.00361269
v 0.09556522 0.29889929 -0.00066274
v 0.09532516 0.30735632 -0.00017789
v 0.09998679 0.29945187 -0.00049443
v 0.09764934 0.31514698 -0.00011057
v 0.10073515 0.29856512 0.00418700
v 0.09610778 0.29041239 0.00317429
v 0.10156622 0.28121440 0.00346136
v 0.09308543 0.27005439 0.00328980
v 0.09695915 0.26618471 0.00296081
v 0.09639449 0.27520062 0.00317448
v 0.09143676 0.27550882 0.00370085
v 0.10207712 0.27719974 0.00304174
v 0.09563767 0.24930122 0.00313877
v 0.09027907 0.27321469 0.00961602
v 0.09391248 0.25948351 0.00389296
v 0.09250548 0.24255568 0.00307898
v 0.10209947 0.23713898 0.00374953
v 0.08334980 0.26789583 0.00930745
v 0.08356090 0.27799297 0.01001015
v 0.08618234 0.27151193 0.00921657
v 0.08355781 0.22995334 0.00215022
v 0.08657352 0.22832861 0.00328431
v 0.09069265 0.23507300 0.00383051
v 0.08780658 0.21926586 0.00304205
v 0.09607988 0.23675458 0.00374189
v 0.09483611 0.23273394 0.00355434
v 0.09234044 0.22612844 0.00342617
v 0.10045353 0.22633034 0.00343823
v 0.09525968 0.21951164 0.00324252
v 0.08669387 0.21842470 0.01341114
v 0.09349546 0.21627558 0.01409216
v 0.09771517 0.21858342 0.01356588
v 0.08783587 0.11594460 0.03320000
v 0.08968023 0.12546533 0.03320000
v 0.09620373 0.11805279 0.03320000
v 0.09752897 0.12533452 0.03320000
v 0.08367436 0.11420000 0.03320000
v 0.08945408 0.11420000 0.03320000
v 0.09552395 0.11420000 0.03320000
v 0.08741716 0.11420000 0.03320000
v 0.08220000 0.12604738 0.03320000
v 0.08220000 0.12478362 0.03320000
v 0.08220000 0.12319456 0.03320000
v 0.08220000 0.11509163 0.03320000
v 0.08220000 0.11420000 0.03320000
v 0.08220000 0.11575458 0.03320000
v 0.08220000 0.11420000 0.03090662
v 0.08337538 0.10918514 0.03320000
v 0.08674824 0.10946449 0.03320000
v 0.08613399 0.10885360 0.03320000
v 0.09455387 0.10870190 0.03320000
v 0.08220000 0.10860084 0.03320000
v 0.08220000 0.11253259 0.03320000
v 0.08220000 0.10893859 0.03320000
v 0.08220000 0.11358191 0.03320000
v 0.08220000 0.10867153 0.03320000
v 0.08373618 0.10810000 0.03320000
v 0.08635502 0.10810000 0.03320000
v 0.09601155 0.10810000 0.03320000
v 0.08630137 0.10810000 0.03320000
v 0.09409139 0.10810000 0.03320000
v 0.08537486 0.10810000 0.03320000
v 0.08307453 0.10810000 0.03320000
v 0.08251185 0.10810000 0.03320000
v 0.08275260 0.10810000 0.03320000
v 0.08220000 0.10810000 0.03320000
v 0.08556448 0.10810000 0.03320000
v 0.08833242 0.10810000 0.03320000
v 0.08779005 0.10810000 0.03320000
v 0.08635902 0.10810000 0.03320000
v 0.08947223 0.10810000 0.03320000
v 0.09473433 0.10810000 0.03320000
v 0.08593247 0.10810000 0.03320000
v 0.08220000 0.11253259 0.03096533
v 0.08220000 0.10893859 0.03117495
v 0.08220000 0.11358191 0.03090413
v 0.08220000 0.10867153 0.00613089
v 0.08220000 0.10860084 0.00595940
v 0.08373618 0.10810000 0.00575660
v 0.08635502 0.10810000 0.00460100
v 0.09601155 0.10810000 0.03118480
v 0.08630137 0.10810000 0.03119175
v 0.09409139 0.10810000 0.03122198
v 0.08251185 0.10810000 0.00571245
v 0.08220000 0.10810000 0.00683174
v 0.08220000 0.10810000 0.03115619
v 0.08556448 0.10810000 0.03118457
v 0.08833242 0.10810000 0.00476958
v 0.08947223 0.10810000 0.00526661
v 0.09473433 0.10810000 0.03121664
v 0.08220000 0.10810000 0.00570120
v 0.05975296 0.12021146 0.03320000
v 0.06762123 0.12568971 0.03320000
v 0.06597961 0.12080800 0.03320000
v 0.06280621 0.12241844 0.03320000
v 0.07759919 0.11559946 0.03320000
v 0.06584831 0.11827591 0.03320000
v 0.08104644 0.12467849 0.03320000
v 0.06909803 0.12421156 0.03320000
v 0.06180777 0.11620641 0.03320000
v 0.05770000 0.12136645 0.03320000
v 0.06845162 0.11420000 0.03320000
v 0.07630869 0.11420000 0.03320000
v 0.06216925 0.11420000 0.03320000
v 0.06529963 0.11420000 0.03320000
v 0.05825692 0.11420000 0.03320000
v 0.05986588 0.11420000 0.03320000
v 0.05770000 0.11420000 0.03320000
v 0.06048734 0.11420000 0.03320000
v 0.05770000 0.12136645 0.02726707
v 0.06845162 0.11420000 0.03078284
v 0.07630869 0.11420000 0.03102117
v 0.06216925 0.11420000 0.02973273
v 0.06529963 0.11420000 0.03054552
v 0.05825692 0.11420000 0.02806448
v 0.05986588 0.11420000 0.02871126
v 0.05770000 0.11420000 0.02764396
v 0.06048734 0.11420000 0.02896108
v 0.08220000 0.11420000 0.03276387
v 0.05770000 0.12620000 0.02681671
v 0.05218113 0.12620000 0.01114316
v 0.05417254 0.00015262 0.00621029
v 0.05083441 0.00224854 0.00020162
v 0.05462410 0.00526589 0.00549472
v 0.04627020 -0.00930182 0.00009819
v 0.04415885 0.00256664 0.01533140
v 0.05320288 -0.00080329 0.01530792
v 0.05119142 0.00474576 0.01526869
v 0.04839340 -0.00154400 0.01165195
v 0.05303624 0.01375397 0.01486946
v 0.04670128 -0.00020069 0.00577406
v 0.05503898 0.00889335 0.00794737
v 0.04540905 0.01084390 0.01503574
v 0.05040511 0.12581316 0.00362985
v 0.04416578 0.12117307 0.00375440
v 0.04952127 0.11378579 0.00402721
v 0.05393320 0.12567377 0.00411571
v 0.05377787 0.11596120 0.00458377
v 0.05391499 0.12198369 0.00750155
v 0.05129510 0.12256822 0.01257680
v 0.05554514 0.12257876 0.02557624
v 0.05076471 0.10248612 0.00381452
v 0.05676235 0.10348946 0.00438275
v 0.05301969 0.09335145 0.00398490
v 0.04331524 0.10214390 0.00407694
v 0.04566863 0.08791104 0.00378036
v 0.05422734 0.10945015 0.00850648
v 0.05673611 0.10766720 0.00506333
v 0.05707941 0.10119051 0.01301415
v 0.05269944 0.10019413 0.01580325
v 0.05303210 0.12448675 0.02296482
v 0.05127040 0.10926729 0.01237122
v 0.05587140 0.10156815 0.02645771
v 0.05690058 0.10874990 0.02732697
v 0.05440922 0.11254689 0.02329577
v 0.05206136 0.11610584 0.01841241
v 0.05178578 0.10883647 0.01731888
v 0.05328411 0.10664740 0.02113676
v 0.04860525 0.10588769 0.00443972
v 0.05324379 0.09999970 0.02079133
v 0.04521379 0.06941719 0.00368626
v 0.05647313 0.08042883 0.00389530
v 0.05507955 0.07129417 0.00372834
v 0.04570463 0.04207933 0.01524974
v 0.05280630 0.06396518 0.00406335
v 0.05363267 0.04471019 0.01495414
v 0.04392917 0.05136665 0.01556911
v 0.04840534 0.05768865 0.01515223
v 0.05315637 0.05694130 0.01500963
v 0.05379910 0.05182361 0.01523790
v 0.05045634 0.05138143 0.00763236
v 0.05589448 0.04080036 0.01065075
v 0.05254857 0.05310583 0.00534099
v 0.05000531 0.04667610 0.00528648
v 0.05272854 0.04232714 0.00575625
v 0.04766921 0.06096931 0.00517887
v 0.04757471 0.03610387 0.01491248
v 0.04328342 0.05660669 0.00482657
v 0.04362333 0.03193038 0.01500004
v 0.04646755 0.01824050 0.01488018
v 0.05421675 0.02034239 0.01473615
v 0.04722056 0.02851602 0.01485262
v 0.04333399 0.02327517 0.01482368
v 0.05484837 0.01672578 0.00708067
v 0.05770000 0.00275527 0.00041581
v 0.05770000 0.00203326 0.00223588
v 0.05770000 0.00408650 0.01554871
v 0.05770000 0.00557246 0.01547137
v 0.05770000 0.00319600 0.01554083
v 0.05770000 0.00466054 0.00937046
v 0.05770000 0.00443628 0.00925377
v 0.05770000 -0.00015304 0.00702333
v 0.05770000 -0.00091279 0.00936532
v 0.05770000 -0.00888521 0.00009741
v 0.05770000 -0.00144132 0.00016525
v 0.05770000 -0.00069626 0.01189233
v 0.05770000 0.09869778 0.00382723
v 0.05770000 0.10244699 0.00431542
v 0.05770000 0.09406535 0.00392468
v 0.05770000 0.10713954 0.00558371
v 0.05770000 0.10731677 0.00765973
v 0.05770000 0.10378644 0.01005753
v 0.05770000 0.10204444 0.01187524
v 0.05770000 0.09958182 0.02377270
v 0.05770000 0.10080405 0.02640485
v 0.05770000 0.10119508 0.02733093
v 0.05770000 0.10760730 0.02765866
v 0.05770000 0.10122521 0.01353922
v 0.05770000 0.10062839 0.02027689
v 0.05770000 0.10368941 0.00437232
v 0.05770000 0.10730679 0.00496057
v 0.05770000 0.08168627 0.00386242
v 0.05770000 0.08983816 0.00386096
v 0.05770000 0.06472318 0.00393382
v 0.05770000 0.06950514 0.00374544
v 0.05770000 0.07349292 0.00379897
v 0.05770000 0.07990444 0.00390312
v 0.05770000 0.05446535 0.01506030
v 0.05770000 0.05589663 0.01499392
v 0.05770000 0.11196216 0.02776165
v 0.05770000 0.05479116 0.01367275
v 0.05770000 0.04715293 0.01340784
v 0.05770000 0.04482971 0.01299457
v 0.05770000 0.04207649 0.00450162
v 0.05770000 0.04311045 0.00454245
v 0.05770000 0.04634048 0.01421559
v 0.05770000 0.04757083 0.01427042
v 0.05770000 0.04171149 0.00460190
v 0.05770000 0.03924779 0.01462697
v 0.05770000 0.04075300 0.01467453
v 0.05770000 0.03954538 0.01081617
v 0.05770000 0.03934177 0.00942474
v 0.05770000 0.06075278 0.00426750
v 0.05770000 0.06163902 0.00408243
v 0.05770000 0.05384419 0.00514038
v 0.05770000 0.05539972 0.00507641
v 0.05770000 0.03257064 0.01446926
v 0.05770000 0.03264268 0.01446996
v 0.05770000 0.01438420 0.01149256
v 0.05770000 0.01141585 0.01171368
v 0.05770000 0.00734883 0.01541277
v 0.05770000 0.00927659 0.00424987
v 0.05770000 0.01381304 0.00493099
v 0.05770000 0.02409571 0.01494253
v 0.05770000 0.02436210 0.01495153
v 0.05770000 0.00089288 0.00459560
v 0.05770000 0.00459983 0.00401544
v 0.05770000 -0.00053231 0.01474025
v 0.05770000 0.00065769 0.00014199
v 0.05770000 0.10824098 0.02769481
v 0.05770000 0.10996462 0.02769118
v 0.05770000 0.10127549 0.01292040
v 0.05770000 0.05181952 0.00450907
v 0.05770000 0.01539135 0.01429906
v 0.05770000 0.01889283 0.01442664
v 0.05770000 0.01701007 0.00829578
v 0.05770000 0.01657539 0.00637987
v 0.07292728 0.00108626 0.00476064
v 0.06626487 0.00204527 0.00316273
v 0.06917466 0.00276580 0.00035837
v 0.05922108 0.00427046 0.00328392
v 0.06089978 0.00156438 0.00313091
v 0.05927186 0.00287129 0.00046485
v 0.06261822 -0.00057921 0.00815692
v 0.05965088 0.01182036 0.00346033
v 0.07067087 -0.00841243 0.00009653
v 0.06793577 0.00324908 0.00523838
v 0.07890217 0.00544727 0.00377621
v 0.07972172 0.00181459 0.00427717
v 0.05859896 0.00399544 0.01558739
v 0.07187813 0.00901838 0.00356207
v 0.06923500 -0.00201512 0.00004180
v 0.07822338 0.00284835 0.00044313
v 0.06039396 -0.00036998 0.01440020
v 0.05786977 0.00439049 0.00946125
v 0.05937790 0.01300641 0.01408851
v 0.06738022 0.00965855 0.00343594
v 0.06386084 0.10500319 0.00430378
v 0.06930717 0.10630786 0.00440991
v 0.06034897 0.10568941 0.00701383
v 0.06432937 0.09507655 0.00383938
v 0.07166678 0.10916615 0.03109118
v 0.07379243 0.09702982 0.00374021
v 0.07106695 0.10692755 0.00651827
v 0.06372334 0.10210031 0.01201052
v 0.07076208 0.10206662 0.01144665
v 0.07642247 0.10572871 0.00427040
v 0.07889220 0.10722612 0.00564651
v 0.07927369 0.10203831 0.01226840
v 0.08080411 0.10185148 0.02565917
v 0.07341318 0.09995275 0.02862961
v 0.08052746 0.10143486 0.03099292
v 0.07134119 0.10118671 0.03089332
v 0.06396091 0.10425522 0.03057565
v 0.06229114 0.08639180 0.00373938
v 0.06147129 0.09922817 0.02629584
v 0.07293427 0.08948714 0.00380327
v 0.06470734 0.10161699 0.01946795
v 0.06293335 0.10012737 0.02983002
v 0.07214899 0.10029278 0.02473832
v 0.07886082 0.10178881 0.02007679
v 0.06340905 0.06560747 0.00378271
v 0.06276241 0.07774065 0.00393541
v 0.07062619 0.08240815 0.00380002
v 0.06883695 0.07311840 0.00383891
v 0.07140272 0.06200731 0.00390150
v 0.07957936 0.04863044 0.00372480
v 0.07174764 0.05191100 0.00381179
v 0.06827715 0.05638649 0.00427603
v 0.07236525 0.03936352 0.00361675
v 0.07025866 0.04678926 0.00395852
v 0.06767322 0.04287639 0.00386170
v 0.05965314 0.06071062 0.00409004
v 0.07802738 0.03643492 0.00612092
v 0.06525835 0.06267708 0.00506743
v 0.05927781 0.05553386 0.01498847
v 0.06989361 0.03666406 0.00531191
v 0.05852517 0.04667123 0.01406576
v 0.07764548 0.07978422 0.00369577
v 0.07541634 0.06959222 0.00389990
v 0.05847015 0.04161612 0.00442307
v 0.06162032 0.05084062 0.00387596
v 0.06444603 0.04482876 0.00310255
v 0.06531626 0.04920605 0.00492926
v 0.05887281 0.03961195 0.01459390
v 0.06062851 0.03615783 0.00628806
v 0.05985293 0.03804893 0.01101341
v 0.06445793 0.03425443 0.01200931
v 0.06410965 0.03708112 0.00276912
v 0.05992671 0.05416334 0.00505367
v 0.06997200 0.03579473 0.00994768
v 0.08034303 0.03565092 0.00970448
v 0.07537409 0.01685491 0.00954208
v 0.06799053 0.01695956 0.00459691
v 0.08100621 0.01659653 0.00376787
v 0.06737689 0.01677736 0.01042635
v 0.07067817 0.02627925 0.01005398
v 0.06458765 0.02459891 0.01128866
v 0.06831031 0.03188625 0.01051975
v 0.06145311 0.01738424 0.00989502
v 0.07474426 0.01520194 0.00368131
v 0.06190819 0.01714158 0.01405271
v 0.05788074 0.02429046 0.01495324
v 0.05779885 0.03260889 0.01446564
v 0.08152153 0.02456461 0.01012956
v 0.06253458 0.01632042 0.00519174
v 0.08220000 0.00345873 0.00418037
v 0.08220000 0.00687549 0.00374435
v 0.08220000 0.00287862 0.00033082
v 0.08220000 0.00222408 0.00275843
v 0.08220000 0.00171535 0.00017187
v 0.08220000 -0.00008814 0.00018255
v 0.08220000 0.10713714 0.00801245
v 0.08220000 0.10154001 0.02669612
v 0.08220000 0.10012227 0.03007711
v 0.08220000 0.10116804 0.03100351
v 0.08220000 0.09513915 0.00359687
v 0.08220000 0.09852701 0.00380656
v 0.08220000 0.10181131 0.01641507
v 0.08220000 0.10167941 0.02034759
v 0.08220000 0.09310030 0.00360963
v 0.08220000 0.10364802 0.03105656
v 0.08220000 0.10176511 0.02402740
v 0.08220000 0.04180530 0.00360817
v 0.08220000 0.04487390 0.00365511
v 0.08220000 0.03882061 0.00349963
v 0.08220000 0.03884989 0.00347085
v 0.08220000 0.07623115 0.00371861
v 0.08220000 0.07806612 0.00368549
v 0.08220000 0.07907621 0.00369784
v 0.08220000 0.06580805 0.00362410
v 0.08220000 0.06767413 0.00365479
v 0.08220000 0.05721395 0.00364174
v 0.08220000 0.03576515 0.00753063
v 0.08220000 0.03605972 0.00552933
v 0.08220000 0.01670219 0.00525668
v 0.08220000 0.01694325 0.00933307
v 0.08220000 0.01635095 0.00375544
v 0.08220000 0.02463750 0.01014814
v 0.08220000 0.03328456 0.00984521
v 0.08220000 0.02323528 0.00997275
v 0.08220000 -0.00788970 0.00008376
v 0.08220000 0.00173758 0.00420296
v 0.08220000 0.10494568 0.00938927
v 0.08220000 0.10192971 0.02559305
v 0.08220000 0.10450379 0.00384724
v 0.08220000 0.10185688 0.01313021
v 0.08220000 0.04826274 0.00363998
v 0.08220000 0.05300503 0.00356864
v 0.08220000 0.03542246 0.00983071
v 0.08220000 0.01678344 0.00377898
v 0.08537486 0.10810000 0.00626560
v 0.08307453 0.10810000 0.00709298
v 0.08275260 0.10810000 0.00720877
v 0.08779005 0.10810000 0.00695659
v 0.08635902 0.10810000 0.00648154
v 0.08593247 0.10810000 0.00638795
v 0.09753421 0.00277712 0.00029157
v 0.08635275 0.00291024 0.00021353
v 0.09703336 0.01329948 0.00360102
v 0.09099233 0.00146438 0.00393966
v 0.10099324 0.00235464 0.00383332
v 0.09843836 0.09644371 0.00408335
v 0.10045253 0.10066814 0.00411788
v 0.08848957 0.10228217 0.02529513
v 0.08514366 0.10158296 0.02058632
v 0.08551614 0.09439343 0.00354033
v 0.08513907 0.10388067 0.00363198
v 0.08804825 0.10023509 0.03104053
v 0.09436121 0.10290727 0.00421857
v 0.08964940 0.09047416 0.01965828
v 0.09000654 0.10131149 0.01882266
v 0.08696838 0.09841325 0.01729993
v 0.08453686 0.10171199 0.01381843
v 0.09235815 0.10211705 0.01591120
v 0.08355333 0.07755561 0.00368244
v 0.08623399 0.05973890 0.00332825
v 0.09301908 0.07250261 0.00385634
v 0.08513982 0.06684289 0.00354857
v 0.08402467 0.04225833 0.00360658
v 0.08637636 0.04767675 0.00350481
v 0.08224693 0.03884744 0.00347015
v 0.09308382 0.05330864 0.00382203
v 0.09240991 0.04216687 0.00370112
v 0.08893695 0.03355629 0.00456456
v 0.09049267 0.03841439 0.00515069
v 0.08414516 0.03588481 0.00525355
v 0.09208157 0.08997163 0.00397871
v 0.10192891 0.10483986 0.00623350
v 0.09261061 0.10652794 0.00567244
v 0.09766395 0.10104691 0.01256420
v 0.09887807 0.08622524 0.00370810
v 0.09711204 0.10016947 0.03096331
v 0.09707936 0.10109767 0.02564162
v 0.10225883 0.10162057 0.01993495
v 0.09902640 0.05906283 0.00402211
v 0.09932070 0.04085047 0.00389962
v 0.09439823 0.03295576 0.00385508
v 0.09636691 0.08050736 0.00407145
v 0.08845805 0.02530987 0.01031947
v 0.08783269 0.03472947 0.01021361
v 0.08539029 0.01698454 0.00923539
v 0.08758972 0.01762730 0.00382914
v 0.08841074 0.02747861 0.00563414
v 0.09446720 0.01944515 0.00391458
v 0.08939888 0.02290195 0.00391868
f 1 2 3
f 5 7 6
f 1 8 7
f 8 9 7
f 5 10 1
f 7 5 1
f 15 16 11
f 15 11 14
f 18 15 17
f 19 15 18
f 17 20 18
f 3 8 1
f 23 24 18
f 9 8 27
f 2 4 3
f 3 4 30
f 4 13 30
f 8 30 31
f 3 30 8
f 22 25 23
f 11 36 32
f 11 16 36
f 16 15 19
f 34 36 35
f 36 16 19
f 35 36 19
f 33 36 34
f 32 36 33
f 38 37 39
f 24 35 19
f 24 19 18
f 28 42 26
f 42 41 26
f 43 39 44
f 42 45 41
f 25 43 44
f 23 25 44
f 40 41 45
f 47 48 40
f 46 43 25
f 41 46 25
f 41 25 26
f 29 42 28
f 42 49 47
f 42 47 45
f 50 42 29
f 47 40 45
f 24 37 35
f 47 49 51
f 24 39 37
f 39 24 44
f 23 44 24
f 43 38 39
f 52 38 43
f 53 51 49
f 42 50 49
f 53 49 50
f 2 1 54
f 4 2 56
f 1 10 58
f 13 4 57
f 15 14 61
f 14 11 63
f 17 15 62
f 21 12 66
f 20 17 68
f 18 20 70
f 23 18 71
f 22 23 72
f 26 25 74
f 28 26 76
f 29 28 78
f 31 30 80
f 25 22 82
f 12 31 81
f 32 21 84
f 11 32 85
f 30 13 87
f 50 29 79
f 54 55 2
f 56 57 4
f 58 59 1
f 57 60 13
f 61 62 15
f 63 64 14
f 62 65 17
f 66 67 21
f 68 69 20
f 70 71 18
f 71 72 23
f 72 73 22
f 74 75 26
f 76 77 28
f 78 79 29
f 80 81 31
f 82 74 25
f 81 83 12
f 84 85 32
f 85 86 11
f 87 80 30
f 79 88 50
f 1 89 90
f 1 90 54
f 2 55 56
f 10 91 58
f 1 59 89
f 11 86 63
f 12 83 66
f 13 92 93
f 13 60 92
f 14 64 61
f 17 65 94
f 20 69 70
f 17 94 68
f 21 67 95
f 21 95 84
f 22 73 96
f 22 96 97
f 26 75 76
f 28 77 78
f 22 97 98
f 22 99 82
f 22 98 99
f 13 93 87
f 5 6 100
f 6 7 102
f 10 5 105
f 91 10 107
f 100 101 5
f 102 103 6
f 104 102 7
f 105 106 10
f 107 108 91
f 6 109 110
f 6 103 109
f 6 110 100
f 5 101 111
f 5 111 105
f 10 106 107
f 7 9 112
f 9 27 114
f 12 21 116
f 27 8 118
f 8 31 120
f 21 32 121
f 33 34 122
f 32 33 124
f 34 35 125
f 31 12 127
f 35 37 129
f 37 38 130
f 41 40 132
f 43 46 134
f 46 41 133
f 48 47 136
f 47 51 138
f 40 48 139
f 38 52 140
f 52 43 135
f 51 53 142
f 104 7 113
f 112 113 7
f 114 115 9
f 116 117 12
f 118 119 27
f 120 118 8
f 121 116 21
f 122 123 33
f 124 121 32
f 125 126 34
f 127 128 31
f 129 125 35
f 130 131 37
f 132 133 41
f 134 135 43
f 133 134 46
f 136 137 48
f 138 136 47
f 139 132 40
f 140 130 38
f 135 141 52
f 142 143 51
f 113 144 104
f 9 115 112
f 27 145 114
f 27 119 145
f 12 117 127
f 33 123 124
f 31 146 120
f 34 126 122
f 31 128 146
f 37 147 129
f 37 131 147
f 52 141 148
f 48 149 139
f 48 137 149
f 52 150 140
f 52 151 150
f 52 148 151
f 51 143 152
f 51 152 138
f 104 144 153
f 53 50 154
f 50 88 156
f 142 53 158
f 154 155 53
f 156 157 50
f 158 159 142
f 53 155 160
f 50 157 154
f 53 160 161
f 53 161 158
f 164 165 166
f 164 162 165
f 167 170 171
f 171 170 172
f 167 171 175
f 164 167 175
f 176 163 162
f 176 162 164
f 176 164 177
f 177 163 176
f 177 164 175
f 178 179 180
f 181 182 183
f 183 184 185
f 187 188 182
f 189 190 191
f 189 192 190
f 193 194 192
f 193 192 189
f 188 187 195
f 196 183 182
f 197 194 193
f 198 196 182
f 200 197 193
f 179 178 199
f 200 203 197
f 198 204 196
f 205 204 198
f 199 185 179
f 202 201 206
f 207 188 208
f 208 197 207
f 195 206 209
f 202 206 187
f 205 198 210
f 187 206 195
f 188 198 182
f 197 198 207
f 188 207 198
f 180 172 212
f 203 198 197
f 211 190 192
f 201 209 206
f 194 213 192
f 199 181 185
f 201 213 209
f 201 211 213
f 181 199 187
f 192 213 211
f 209 213 195
f 212 167 168
f 167 212 170
f 212 168 186
f 183 185 181
f 188 195 208
f 214 215 216
f 195 213 208
f 208 213 194
f 197 208 194
f 169 186 168
f 217 193 189
f 218 219 220
f 191 221 189
f 217 189 221
f 217 222 193
f 222 217 220
f 202 187 199
f 181 187 182
f 223 214 216
f 224 222 220
f 224 225 222
f 200 193 222
f 220 217 218
f 223 226 214
f 227 220 219
f 228 226 223
f 223 222 225
f 225 224 229
f 220 227 230
f 230 224 220
f 225 229 231
f 223 225 231
f 229 232 231
f 200 222 233
f 223 233 222
f 228 223 231
f 200 233 216
f 216 233 223
f 172 170 212
f 212 178 180
f 236 232 229
f 224 236 229
f 237 238 228
f 227 236 230
f 238 226 228
f 224 230 236
f 235 231 232
f 235 232 239
f 231 237 228
f 166 165 240
f 168 167 242
f 169 168 244
f 164 166 246
f 167 164 247
f 186 169 249
f 199 178 251
f 201 202 253
f 202 199 255
f 211 201 256
f 190 211 258
f 219 218 260
f 212 186 262
f 221 191 264
f 217 221 265
f 191 190 267
f 218 217 266
f 227 219 270
f 178 212 263
f 236 227 274
f 234 236 275
f 240 241 166
f 242 243 168
f 244 245 169
f 246 247 164
f 247 248 167
f 249 250 186
f 251 252 199
f 253 254 201
f 255 253 202
f 256 257 211
f 258 259 190
f 260 261 219
f 262 263 212
f 264 265 221
f 265 266 217
f 267 268 191
f 266 269 218
f 270 271 227
f 263 272 178
f 274 275 236
f 275 276 234
f 166 241 277
f 167 248 242
f 168 243 244
f 166 277 246
f 201 254 256
f 199 252 255
f 211 257 278
f 211 278 258
f 191 268 279
f 191 279 264
f 190 259 280
f 186 250 262
f 169 245 249
f 190 280 267
f 218 269 281
f 218 281 282
f 219 261 270
f 218 282 283
f 218 283 260
f 178 272 284
f 178 284 251
f 234 276 273
f 227 271 274
f 162 163 285
f 165 162 287
f 240 165 289
f 285 286 162
f 287 288 165
f 289 290 240
f 162 286 287
f 165 291 292
f 165 288 291
f 165 292 293
f 165 293 289
f 171 172 90
f 172 173 54
f 173 174 56
f 163 177 91
f 177 175 58
f 175 171 89
f 184 183 63
f 180 179 66
f 173 172 93
f 174 173 92
f 183 196 61
f 196 204 94
f 205 210 70
f 204 205 68
f 179 185 95
f 185 184 84
f 210 198 96
f 198 203 97
f 215 214 76
f 214 226 78
f 203 200 98
f 216 215 82
f 200 216 99
f 172 180 87
f 285 163 295
f 90 89 171
f 54 90 172
f 56 55 173
f 91 294 163
f 58 91 177
f 89 59 175
f 63 86 184
f 66 83 180
f 93 92 173
f 92 60 174
f 61 64 183
f 94 65 196
f 70 69 205
f 68 94 204
f 95 67 179
f 84 95 185
f 96 73 210
f 97 96 198
f 76 75 215
f 78 77 214
f 98 97 203
f 82 99 216
f 99 98 200
f 87 93 172
f 295 296 285
f 173 55 54
f 174 57 56
f 163 297 298
f 163 294 297
f 175 59 58
f 174 60 57
f 196 62 61
f 183 64 63
f 196 65 62
f 179 67 66
f 205 69 68
f 210 71 70
f 210 72 71
f 210 73 72
f 215 75 74
f 214 77 76
f 226 79 78
f 180 81 80
f 215 74 82
f 180 83 81
f 184 85 84
f 184 86 85
f 180 80 87
f 226 88 79
f 163 298 299
f 163 299 295
f 231 235 300
f 239 232 302
f 226 238 304
f 232 236 306
f 236 234 307
f 235 239 303
f 237 231 301
f 238 237 310
f 234 273 312
f 88 226 314
f 300 301 231
f 302 303 239
f 304 305 226
f 306 302 232
f 307 308 236
f 303 309 235
f 301 310 237
f 310 311 238
f 312 313 234
f 314 156 88
f 235 309 300
f 234 313 307
f 238 315 304
f 238 311 315
f 236 308 306
f 273 316 312
f 226 305 314
f 319 321 322
f 323 324 325
f 326 325 324
f 327 328 329
f 326 330 331
f 326 331 325
f 324 322 321
f 325 333 332
f 334 333 325
f 334 325 331
f 335 336 337
f 338 334 331
f 339 338 336
f 324 323 322
f 340 331 330
f 341 327 335
f 326 324 330
f 337 336 340
f 327 341 328
f 342 338 339
f 339 336 343
f 336 331 340
f 331 336 338
f 335 343 336
f 335 327 343
f 344 343 327
f 347 346 333
f 348 347 333
f 349 350 351
f 352 353 354
f 346 347 355
f 356 352 354
f 353 352 357
f 354 353 347
f 358 356 354
f 358 354 347
f 358 347 348
f 348 333 334
f 342 360 334
f 338 342 334
f 360 348 334
f 361 360 342
f 343 342 339
f 342 343 344
f 358 348 359
f 344 361 342
f 351 362 363
f 359 348 350
f 346 355 364
f 361 366 360
f 367 362 360
f 366 367 360
f 348 360 362
f 333 346 332
f 367 363 362
f 362 350 348
f 329 344 327
f 351 350 362
f 368 361 344
f 328 369 329
f 368 344 329
f 370 368 329
f 361 368 366
f 368 371 366
f 371 368 373
f 373 365 371
f 364 355 353
f 355 347 353
f 328 341 374
f 369 370 329
f 373 368 370
f 365 373 376
f 365 376 375
f 377 376 373
f 365 375 372
f 319 322 277
f 323 325 242
f 325 332 244
f 322 323 246
f 318 320 380
f 320 319 240
f 352 356 256
f 357 352 255
f 356 358 278
f 358 359 258
f 349 351 279
f 351 363 264
f 359 350 280
f 346 364 262
f 332 346 249
f 350 349 267
f 363 367 281
f 367 366 282
f 365 372 270
f 366 371 283
f 371 365 260
f 364 353 284
f 353 357 251
f 372 375 274
f 277 241 319
f 242 248 323
f 244 243 325
f 246 277 322
f 380 381 318
f 240 382 320
f 256 254 352
f 255 252 357
f 278 257 356
f 258 278 358
f 279 268 349
f 264 279 351
f 280 259 359
f 262 250 346
f 249 245 332
f 267 280 350
f 281 269 363
f 282 281 367
f 270 261 365
f 283 282 366
f 260 283 371
f 284 272 364
f 251 284 353
f 273 276 375
f 274 271 372
f 319 241 240
f 325 243 242
f 332 245 244
f 318 381 379
f 323 247 246
f 323 248 247
f 320 382 380
f 345 383 384
f 345 385 383
f 346 250 249
f 345 384 386
f 357 252 251
f 352 254 253
f 352 253 255
f 356 257 256
f 345 386 385
f 359 259 258
f 365 261 260
f 364 263 262
f 363 265 264
f 363 266 265
f 349 268 267
f 363 269 266
f 372 271 270
f 364 272 263
f 375 275 274
f 375 276 275
f 319 320 387
f 320 318 389
f 321 319 391
f 324 321 393
f 340 330 395
f 335 337 397
f 330 324 394
f 341 335 398
f 337 340 401
f 374 341 404
f 318 379 406
f 379 378 405
f 387 388 319
f 389 390 320
f 391 392 321
f 393 394 324
f 395 396 340
f 397 398 335
f 394 399 330
f 398 400 341
f 401 402 337
f 404 403 374
f 406 389 318
f 405 406 379
f 321 392 407
f 320 390 387
f 321 407 393
f 319 388 391
f 340 396 408
f 341 400 409
f 337 402 397
f 330 399 395
f 340 408 401
f 341 409 404
f 405 378 411
f 411 412 405
f 378 410 413
f 378 413 411
f 328 374 414
f 369 328 415
f 370 369 417
f 373 370 419
f 377 373 420
f 376 377 422
f 375 376 423
f 273 375 425
f 374 403 427
f 414 415 328
f 415 416 369
f 417 418 370
f 419 420 373
f 420 421 377
f 422 423 376
f 423 424 375
f 425 426 273
f 427 428 374
f 374 428 414
f 369 416 417
f 370 418 429
f 370 429 419
f 375 424 425
f 377 421 422
f 273 426 316
f 403 430 427
f 431 432 388
f 431 388 387
f 433 434 390
f 433 390 389
f 435 436 392
f 435 392 391
f 437 438 394
f 437 394 393
f 439 440 396
f 439 396 395
f 441 442 398
f 441 398 397
f 438 443 399
f 438 399 394
f 442 444 400
f 442 400 398
f 445 446 402
f 445 402 401
f 447 448 403
f 447 403 404
f 449 433 389
f 449 389 406
f 450 449 406
f 450 406 405
f 436 451 407
f 436 407 392
f 434 431 387
f 434 387 390
f 451 437 393
f 451 393 407
f 432 435 391
f 432 391 388
f 440 452 408
f 440 408 396
f 444 453 409
f 444 409 400
f 446 441 397
f 446 397 402
f 443 439 395
f 443 395 399
f 452 445 401
f 452 401 408
f 453 447 404
f 453 404 409
f 456 455 412
f 456 412 411
f 454 457 413
f 454 413 410
f 457 456 411
f 457 411 413
f 458 459 415
f 458 415 414
f 459 460 416
f 459 416 415
f 461 462 418
f 461 418 417
f 463 464 421
f 463 421 420
f 465 466 423
f 465 423 422
f 466 467 424
f 466 424 423
f 468 469 426
f 468 426 425
f 448 470 427
f 470 471 428
f 470 428 427
f 471 458 414
f 471 414 428
f 460 461 417
f 460 417 416
f 462 472 429
f 462 429 418
f 467 468 425
f 467 425 424
f 464 465 422
f 464 422 421
f 469 317 316
f 469 316 426
f 448 473 430
f 448 430 403
f 448 470 427
f 473 470 427
f 473 427 430
f 483 477 482
f 481 484 474
f 474 484 482
f 482 484 485
f 482 485 486
f 485 484 487
f 477 478 476
f 475 478 477
f 475 477 483
f 482 486 483
f 487 484 479
f 487 479 488
f 483 486 475
f 490 479 480
f 479 490 488
f 489 488 490
f 490 491 489
f 481 474 379
f 485 487 384
f 487 488 386
f 379 381 481
f 384 383 485
f 386 384 487
f 385 386 488
f 474 378 379
f 481 381 380
f 484 481 292
f 479 484 291
f 481 380 293
f 380 382 289
f 292 291 484
f 291 288 479
f 293 292 481
f 289 293 380
f 479 288 287
f 382 290 289
f 480 479 493
f 478 475 495
f 490 480 496
f 491 490 499
f 479 287 503
f 287 286 504
f 286 285 505
f 493 494 480
f 495 492 478
f 496 497 490
f 499 500 491
f 501 502 475
f 503 493 479
f 504 503 287
f 505 504 286
f 475 502 506
f 475 506 495
f 480 494 496
f 490 497 499
f 491 507 498
f 491 500 507
f 285 508 505
f 285 296 508
f 477 476 509
f 476 478 511
f 474 482 513
f 482 477 510
f 488 489 515
f 475 486 517
f 489 491 519
f 486 485 521
f 485 383 523
f 385 488 516
f 383 385 524
f 378 474 525
f 478 492 526
f 491 498 527
f 501 475 518
f 509 510 477
f 511 512 476
f 513 514 474
f 510 513 482
f 515 516 488
f 517 518 475
f 519 520 489
f 521 522 486
f 523 521 485
f 516 524 385
f 524 523 383
f 525 410 378
f 526 511 478
f 527 528 491
f 518 529 501
f 474 531 532
f 474 514 531
f 476 533 509
f 476 512 533
f 486 522 534
f 489 520 515
f 486 534 535
f 486 535 517
f 491 528 519
f 474 532 536
f 474 536 525
f 492 530 526
f 498 530 527
f 501 529 530
f 537 538 510
f 537 510 509
f 539 540 512
f 539 512 511
f 541 542 514
f 541 514 513
f 538 541 513
f 538 513 510
f 543 544 516
f 543 516 515
f 545 546 520
f 545 520 519
f 544 547 524
f 544 524 516
f 548 454 410
f 548 410 525
f 549 539 511
f 549 511 526
f 550 551 528
f 550 528 527
f 553 554 532
f 553 532 531
f 542 553 531
f 542 531 514
f 555 537 509
f 555 509 533
f 540 555 533
f 540 533 512
f 546 543 515
f 546 515 520
f 551 545 519
f 551 519 528
f 554 556 536
f 554 536 532
f 556 548 525
f 556 525 536
f 552 549 526
f 552 526 530
f 557 550 527
f 557 527 530
f 560 561 562
f 560 559 561
f 558 562 563
f 562 561 565
f 563 564 558
f 565 566 562
f 558 564 567
f 562 566 563
f 558 567 299
f 567 568 295
f 299 298 558
f 295 299 567
f 568 296 295
f 560 562 110
f 559 560 109
f 562 558 100
f 558 298 111
f 298 297 105
f 297 294 107
f 110 109 560
f 109 103 559
f 100 110 562
f 111 101 558
f 105 111 298
f 107 106 297
f 558 101 100
f 559 103 102
f 559 102 104
f 297 106 105
f 294 108 107
f 561 559 569
f 565 561 571
f 559 104 573
f 569 570 561
f 571 572 565
f 573 574 559
f 559 574 569
f 561 570 571
f 104 153 573
f 578 576 579
f 579 577 580
f 579 576 577
f 579 581 582
f 579 580 581
f 584 576 578
f 578 586 585
f 578 585 584
f 578 579 582
f 589 580 577
f 588 589 577
f 590 588 586
f 591 589 590
f 590 589 588
f 592 593 594
f 593 595 594
f 595 593 591
f 578 590 586
f 578 582 590
f 591 590 582
f 595 591 582
f 582 581 567
f 587 582 563
f 567 564 582
f 563 566 587
f 582 564 563
f 587 566 565
f 581 568 567
f 577 576 506
f 576 583 495
f 580 589 496
f 589 591 499
f 591 593 507
f 581 580 505
f 568 581 508
f 506 502 577
f 495 506 576
f 496 494 580
f 499 497 589
f 498 507 593
f 507 500 591
f 505 508 581
f 508 296 568
f 580 494 493
f 583 492 495
f 589 497 496
f 591 500 499
f 577 502 501
f 580 493 503
f 580 503 504
f 580 504 505
f 584 585 596
f 582 587 598
f 592 594 600
f 595 582 599
f 594 595 603
f 587 565 572
f 596 597 584
f 598 599 582
f 600 601 592
f 599 603 595
f 603 600 594
f 572 604 587
f 587 605 606
f 592 601 607
f 592 607 602
f 587 606 598
f 587 608 605
f 587 604 608
f 583 576 609
f 576 584 611
f 588 577 612
f 586 588 613
f 593 592 615
f 585 586 614
f 498 593 618
f 577 501 620
f 492 583 621
f 592 602 622
f 584 597 623
f 596 585 625
f 609 610 583
f 611 609 576
f 612 613 588
f 613 614 586
f 615 616 593
f 614 617 585
f 618 619 498
f 620 612 577
f 621 530 492
f 622 615 592
f 623 624 584
f 625 623 596
f 584 626 611
f 585 617 627
f 593 616 618
f 583 610 628
f 583 628 621
f 501 530 620
f 498 619 530
f 584 624 626
f 585 627 629
f 585 629 625
f 602 623 622
f 632 633 599
f 632 599 598
f 634 635 601
f 634 601 600
f 636 634 600
f 636 600 603
f 575 637 604
f 575 604 572
f 638 639 606
f 638 606 605
f 635 640 607
f 635 607 601
f 640 641 602
f 640 602 607
f 639 632 598
f 639 598 606
f 642 638 605
f 642 605 608
f 637 642 608
f 637 608 604
f 643 644 610
f 643 610 609
f 645 643 609
f 645 609 611
f 646 647 616
f 646 616 615
f 648 649 619
f 648 619 618
f 650 552 530
f 650 530 621
f 641 651 622
f 651 646 615
f 651 615 622
f 631 652 623
f 631 623 597
f 652 653 624
f 652 624 623
f 630 654 623
f 630 623 596
f 655 645 611
f 655 611 626
f 647 648 618
f 647 618 616
f 644 656 628
f 644 628 610
f 656 650 621
f 656 621 628
f 649 557 530
f 649 530 619
f 653 655 626
f 653 626 624
f 641 657 623
f 641 623 602
f 641 651 622
f 657 651 622
f 657 622 623
f 450 455 412
f 450 412 405
f 658 659 660
f 660 661 662
f 662 658 660
f 663 664 665
f 665 664 666
f 667 668 669
f 667 669 670
f 669 671 670
f 672 673 668
f 674 675 676
f 677 678 674
f 675 681 676
f 675 682 681
f 683 684 665
f 685 675 674
f 685 674 678
f 686 687 681
f 686 681 684
f 678 677 688
f 666 683 665
f 689 681 682
f 690 688 661
f 682 675 685
f 691 692 693
f 663 682 685
f 669 673 671
f 660 659 661
f 694 661 659
f 684 681 689
f 695 661 694
f 696 691 697
f 693 697 691
f 689 682 663
f 663 685 678
f 664 663 678
f 668 673 669
f 688 690 678
f 664 698 666
f 666 698 692
f 673 676 671
f 695 690 661
f 695 699 690
f 694 700 695
f 674 676 673
f 698 693 692
f 700 679 695
f 701 695 679
f 700 680 679
f 702 697 693
f 689 665 684
f 665 689 663
f 677 674 673
f 672 677 673
f 701 702 693
f 679 702 701
f 659 700 694
f 679 703 697
f 698 690 699
f 695 701 699
f 698 678 690
f 664 678 698
f 693 698 701
f 701 698 699
f 697 702 679
f 688 677 672
f 662 688 672
f 661 688 662
f 684 683 704
f 705 706 707
f 709 710 711
f 711 712 713
f 714 705 715
f 705 716 706
f 705 707 715
f 717 718 719
f 720 713 721
f 722 723 724
f 720 721 725
f 726 719 718
f 724 727 722
f 728 706 729
f 725 721 730
f 731 728 732
f 728 733 734
f 722 727 732
f 719 726 735
f 731 733 728
f 735 726 736
f 737 725 736
f 736 725 735
f 738 712 739
f 740 733 731
f 712 711 739
f 709 711 713
f 732 728 729
f 709 720 727
f 714 741 705
f 742 743 744
f 732 727 744
f 742 727 745
f 746 741 714
f 747 748 749
f 709 713 720
f 725 750 751
f 752 742 745
f 730 753 735
f 754 755 756
f 751 750 757
f 750 756 757
f 743 742 752
f 760 761 751
f 757 760 751
f 754 759 755
f 762 760 757
f 706 734 707
f 763 747 764
f 733 765 734
f 764 747 743
f 764 743 752
f 706 728 734
f 747 763 748
f 744 743 758
f 707 734 715
f 732 744 731
f 725 730 735
f 743 747 749
f 749 758 743
f 750 725 737
f 715 734 767
f 744 740 731
f 727 720 745
f 708 765 740
f 741 746 738
f 708 768 765
f 740 765 733
f 745 720 769
f 769 770 745
f 750 737 756
f 752 745 770
f 756 737 754
f 754 766 759
f 771 754 772
f 754 771 766
f 720 725 769
f 710 723 773
f 751 761 769
f 751 769 725
f 741 774 773
f 741 716 705
f 774 710 773
f 756 775 757
f 770 769 761
f 776 762 775
f 762 757 775
f 736 777 737
f 754 737 777
f 741 738 739
f 775 756 755
f 774 741 739
f 779 726 718
f 710 774 739
f 711 710 739
f 724 723 710
f 706 716 729
f 726 780 736
f 780 726 779
f 716 741 773
f 716 773 723
f 723 722 716
f 724 709 727
f 709 724 710
f 746 781 738
f 722 729 716
f 781 782 738
f 722 732 729
f 740 744 758
f 753 713 712
f 712 738 753
f 719 738 782
f 719 753 738
f 719 735 783
f 742 744 727
f 719 783 753
f 783 735 753
f 782 717 719
f 713 730 721
f 730 713 753
f 784 763 785
f 776 786 787
f 776 788 786
f 776 778 788
f 787 762 776
f 764 790 785
f 790 764 770
f 790 770 761
f 790 787 785
f 787 786 785
f 790 760 787
f 764 752 770
f 781 717 782
f 785 786 784
f 784 786 789
f 791 717 781
f 785 763 764
f 760 790 761
f 718 792 793
f 779 718 793
f 794 795 796
f 797 798 799
f 800 801 799
f 760 762 787
f 800 799 798
f 802 803 804
f 804 805 802
f 806 794 807
f 779 793 808
f 717 792 718
f 809 794 796
f 810 800 798
f 808 780 779
f 795 792 717
f 786 788 789
f 811 812 800
f 801 813 797
f 814 813 815
f 809 796 817
f 818 819 820
f 800 812 801
f 821 822 820
f 818 820 822
f 823 809 817
f 824 825 820
f 819 826 820
f 817 803 823
f 818 815 819
f 808 793 810
f 827 828 829
f 827 819 828
f 795 794 792
f 798 808 810
f 808 798 797
f 814 808 797
f 806 793 792
f 819 815 813
f 813 801 812
f 806 792 794
f 831 813 812
f 828 813 831
f 828 819 813
f 832 833 834
f 835 805 804
f 810 793 806
f 800 810 806
f 805 836 802
f 834 833 835
f 820 826 824
f 838 826 827
f 827 826 819
f 835 833 805
f 829 839 827
f 826 838 840
f 840 841 824
f 838 827 839
f 824 826 840
f 839 842 838
f 840 838 842
f 780 777 736
f 780 808 777
f 771 772 822
f 825 824 841
f 777 772 754
f 795 717 791
f 791 843 795
f 820 830 821
f 830 816 821
f 795 843 796
f 825 841 837
f 845 840 842
f 846 845 842
f 841 840 847
f 840 845 847
f 843 817 796
f 791 834 843
f 843 804 817
f 777 808 814
f 841 847 848
f 797 813 814
f 817 804 803
f 828 831 829
f 801 797 799
f 814 772 777
f 849 837 841
f 835 804 843
f 822 814 815
f 822 772 814
f 843 834 835
f 818 822 815
f 830 820 825
f 837 849 844
f 850 851 852
f 853 850 852
f 854 855 856
f 855 857 856
f 847 845 858
f 859 860 861
f 860 859 862
f 832 863 833
f 862 847 860
f 864 847 862
f 841 848 849
f 833 865 805
f 863 865 833
f 866 867 832
f 863 868 865
f 869 870 871
f 871 872 873
f 872 871 870
f 874 870 869
f 865 868 875
f 860 847 858
f 859 876 862
f 877 860 858
f 878 849 848
f 876 879 862
f 848 847 864
f 878 848 864
f 878 864 879
f 880 869 881
f 882 880 881
f 867 883 884
f 874 876 861
f 864 862 879
f 851 883 867
f 867 852 851
f 867 863 832
f 882 855 880
f 878 844 849
f 854 879 876
f 854 876 874
f 884 868 863
f 885 868 884
f 867 884 863
f 870 874 886
f 854 874 869
f 880 854 869
f 855 854 880
f 857 855 887
f 856 879 854
f 882 887 855
f 866 853 852
f 866 852 867
f 888 889 823
f 888 890 889
f 888 823 803
f 890 891 892
f 893 894 895
f 893 895 896
f 897 891 898
f 897 898 899
f 894 893 900
f 898 901 899
f 893 902 900
f 891 890 898
f 888 903 890
f 904 899 905
f 906 907 908
f 909 903 888
f 910 911 909
f 900 912 908
f 898 890 903
f 912 913 908
f 913 906 908
f 906 914 907
f 903 915 916
f 916 898 903
f 917 912 900
f 902 917 900
f 911 915 903
f 800 806 807
f 800 807 904
f 918 915 911
f 794 892 807
f 916 901 898
f 807 892 897
f 919 901 916
f 920 916 915
f 897 904 807
f 921 918 916
f 913 922 906
f 829 923 924
f 919 916 918
f 915 918 920
f 914 906 922
f 902 925 917
f 913 912 917
f 897 892 891
f 926 916 920
f 905 811 904
f 897 899 904
f 921 920 918
f 829 924 839
f 926 921 916
f 914 922 927
f 926 920 921
f 917 928 913
f 928 917 925
f 929 925 902
f 929 902 927
f 923 829 831
f 803 930 888
f 802 930 803
f 931 932 933
f 794 809 889
f 930 802 934
f 935 936 937
f 934 888 930
f 811 800 904
f 938 939 940
f 941 942 943
f 944 924 923
f 945 907 914
f 946 812 811
f 892 794 889
f 888 934 909
f 942 941 947
f 914 927 945
f 948 937 936
f 932 949 933
f 950 951 947
f 950 896 951
f 949 932 952
f 889 809 823
f 890 892 889
f 953 945 902
f 946 831 812
f 927 902 945
f 896 954 951
f 911 910 918
f 955 910 956
f 957 925 929
f 957 929 958
f 959 955 960
f 909 934 961
f 946 959 960
f 951 942 947
f 850 962 851
f 963 962 850
f 964 943 942
f 958 927 922
f 927 958 929
f 965 966 967
f 955 919 910
f 918 910 919
f 938 957 958
f 909 911 903
f 968 934 802
f 935 962 969
f 965 949 952
f 964 861 943
f 957 970 971
f 938 970 957
f 938 940 970
f 959 946 811
f 936 935 969
f 875 836 805
f 923 960 972
f 964 942 951
f 805 865 875
f 973 974 975
f 976 951 954
f 977 975 978
f 972 960 955
f 979 975 977
f 980 951 976
f 955 956 972
f 978 931 933
f 909 961 910
f 910 961 981
f 910 981 956
f 973 975 979
f 948 936 982
f 983 948 982
f 958 922 913
f 984 875 885
f 985 875 986
f 974 973 886
f 936 987 982
f 908 981 961
f 908 961 968
f 988 913 928
f 948 977 937
f 876 859 861
f 979 977 948
f 989 883 851
f 989 851 962
f 990 967 989
f 963 969 962
f 990 965 967
f 991 973 979
f 992 899 901
f 948 983 979
f 993 928 925
f 992 905 899
f 985 896 895
f 975 994 861
f 872 995 873
f 936 969 987
f 872 996 995
f 954 985 986
f 935 965 990
f 954 896 985
f 944 923 972
f 957 971 925
f 997 982 987
f 986 875 984
f 937 978 933
f 937 933 949
f 987 969 963
f 965 935 949
f 937 949 935
f 988 958 913
f 977 978 937
f 998 999 987
f 872 886 996
f 997 987 999
f 938 958 988
f 952 986 984
f 964 951 980
f 873 995 996
f 952 984 966
f 980 976 931
f 873 1000 1001
f 989 962 935
f 956 981 945
f 990 989 935
f 959 905 992
f 934 968 961
f 944 972 1002
f 975 861 964
f 986 952 954
f 954 952 932
f 978 980 931
f 988 928 1003
f 980 978 964
f 954 932 931
f 976 954 931
f 994 874 861
f 1004 925 971
f 982 997 983
f 1003 928 993
f 858 845 941
f 964 978 975
f 868 885 875
f 1000 873 996
f 939 988 1003
f 1005 991 1006
f 1006 991 997
f 989 885 884
f 989 884 883
f 967 885 989
f 939 938 988
f 984 885 967
f 972 956 945
f 1002 972 945
f 974 994 975
f 874 994 886
f 967 966 984
f 941 877 858
f 886 994 974
f 877 861 860
f 870 886 872
f 959 811 905
f 877 941 943
f 861 877 943
f 842 839 924
f 965 952 966
f 944 842 924
f 919 959 992
f 950 893 896
f 1007 1008 940
f 991 996 886
f 1009 1010 1011
f 959 919 955
f 991 886 973
f 1007 1012 1008
f 991 979 983
f 1013 1014 1015
f 992 901 919
f 1016 1014 1011
f 908 907 981
f 1017 1009 1018
f 1014 1013 1011
f 1005 996 991
f 1004 993 925
f 1005 1000 996
f 1008 1012 1019
f 1013 1015 1020
f 1003 993 1004
f 1021 1022 1008
f 1023 1013 1020
f 1023 1020 1024
f 842 944 846
f 1008 1019 1021
f 1007 939 1003
f 1011 1013 1009
f 1013 1018 1009
f 1025 1003 1004
f 1007 1003 1025
f 1025 1004 1026
f 1025 1026 1019
f 1019 1026 1027
f 1028 1027 1026
f 970 1029 971
f 1004 971 1026
f 1027 1030 1019
f 1031 1019 1030
f 1031 1030 1032
f 1021 1019 1031
f 1007 1025 1012
f 991 983 997
f 1028 971 1029
f 971 1028 1026
f 1025 1019 1012
f 1017 1033 1032
f 1032 1020 1031
f 1033 1020 1032
f 1033 1024 1020
f 1021 1028 1022
f 1029 1022 1028
f 1007 940 939
f 1016 1028 1021
f 970 940 1029
f 1014 1016 1021
f 802 836 1034
f 968 802 1034
f 1010 1027 1028
f 1016 1010 1028
f 846 941 845
f 1027 1010 1030
f 1014 1021 1015
f 1010 1032 1030
f 1017 1032 1010
f 1009 1017 1010
f 1021 1031 1015
f 1016 1011 1010
f 1034 894 1035
f 1008 1029 940
f 1036 846 944
f 1015 1031 1020
f 1008 1022 1029
f 846 1036 941
f 1002 1036 944
f 1034 1035 968
f 1036 1002 953
f 981 907 945
f 1035 908 968
f 945 953 1002
f 960 923 831
f 1035 894 900
f 946 960 831
f 908 1035 900
f 1036 947 941
f 1034 836 875
f 1034 875 895
f 953 902 950
f 893 950 902
f 947 953 950
f 947 1036 953
f 895 875 985
f 1034 895 894
f 1037 1038 1039
f 1040 1038 1037
f 1040 1041 1038
f 1042 1043 1039
f 1045 1040 1037
f 1039 1038 1046
f 1043 1045 1037
f 1047 1048 1049
f 1048 1050 1049
f 1051 1052 1053
f 1051 1053 1054
f 1055 1045 1043
f 1056 1054 1057
f 1057 1054 1053
f 1052 1058 1059
f 1060 1055 1061
f 1045 1062 1040
f 1049 1050 1063
f 1060 1062 1045
f 1064 1062 1065
f 871 1051 869
f 1051 871 873
f 1042 850 853
f 1051 1054 869
f 1042 1039 850
f 881 869 1054
f 882 881 1056
f 1039 1046 850
f 1054 1056 881
f 1052 1051 1067
f 1037 1039 1043
f 1062 1060 1065
f 1061 1068 1069
f 882 1044 887
f 1069 1068 1049
f 1068 1047 1049
f 1069 1071 1061
f 1072 1060 1073
f 1069 1074 1071
f 1075 1076 1077
f 1075 1078 1076
f 1079 1080 1081
f 1082 1075 1077
f 1083 1074 1069
f 1084 1085 1086
f 1049 1063 1069
f 1056 1044 882
f 1087 1088 1070
f 1087 1070 1066
f 1079 1089 1080
f 1090 1091 1081
f 1089 1092 1080
f 1093 1094 1095
f 1094 1075 1082
f 1055 1068 1061
f 1066 1044 1056
f 1075 1094 1093
f 1096 963 850
f 1075 1097 1078
f 1098 1078 1097
f 1096 850 1046
f 1099 1085 1084
f 1097 1100 1098
f 1089 1098 1100
f 1101 1102 1103
f 1075 1104 1097
f 1105 1106 1107
f 1000 1005 1106
f 1097 1108 1100
f 1109 963 1096
f 1104 1110 1097
f 1109 1111 963
f 1108 1112 1100
f 1006 1113 1105
f 1107 1006 1105
f 1100 1114 1089
f 1090 1115 1103
f 1103 1084 1116
f 1079 1098 1089
f 963 1111 998
f 987 963 998
f 997 1117 1006
f 1118 1106 1105
f 1038 1041 1119
f 1120 1119 1041
f 1116 1084 1086
f 1121 997 999
f 1116 1086 1076
f 1120 1122 1119
f 1005 1107 1106
f 1121 999 998
f 1118 1105 1123
f 997 1121 1117
f 1115 1123 1105
f 1107 1005 1006
f 1091 1103 1116
f 1091 1090 1103
f 1090 1124 1115
f 1117 1113 1006
f 1125 1091 1116
f 1086 1122 1077
f 1113 1117 1102
f 1052 1067 1058
f 1110 1108 1097
f 1058 1067 1126
f 1058 1126 1127
f 1110 1128 1108
f 1101 1105 1113
f 1113 1102 1101
f 1091 1125 1098
f 1121 998 1111
f 1086 1077 1076
f 1057 1066 1056
f 1115 1101 1103
f 1115 1105 1101
f 1051 873 1001
f 1129 1059 1130
f 1052 1129 1053
f 1087 1066 1057
f 1081 1091 1098
f 1129 1052 1059
f 1079 1081 1098
f 1099 1111 1109
f 1121 1111 1099
f 1114 1131 1089
f 1117 1121 1102
f 1076 1125 1116
f 1038 1119 1046
f 1046 1119 1096
f 1106 1118 1126
f 1131 1132 1089
f 1088 1053 1129
f 1124 1090 1133
f 1132 1124 1133
f 1077 1120 1041
f 1082 1077 1041
f 1134 1058 1127
f 1135 1134 1127
f 1122 1096 1119
f 1134 1059 1058
f 1136 1133 1090
f 1099 1109 1096
f 1122 1099 1096
f 1000 1106 1001
f 1085 1099 1122
f 1087 1057 1053
f 1001 1067 1051
f 1129 1130 1137
f 1132 1138 1124
f 1099 1102 1121
f 1099 1084 1102
f 1067 1001 1126
f 1139 1124 1138
f 1126 1001 1106
f 1130 1140 1137
f 1087 1053 1088
f 1132 1131 1138
f 1114 1139 1138
f 1103 1102 1084
f 1131 1114 1138
f 1118 1127 1126
f 1118 1141 1127
f 1077 1122 1120
f 1098 1125 1076
f 1098 1076 1078
f 1137 1088 1129
f 1041 1040 1094
f 1062 1094 1040
f 1137 1142 1088
f 1094 1062 1064
f 1088 1143 1070
f 1094 1064 1095
f 1082 1041 1094
f 1144 1132 1133
f 1086 1085 1122
f 1145 1132 1144
f 1146 1147 1148
f 1149 1150 1151
f 1145 1089 1132
f 1142 1143 1088
f 1142 1152 1143
f 1146 1153 1154
f 1114 1100 1155
f 1156 1157 1158
f 1073 1060 1061
f 1154 1153 1159
f 1159 1160 1154
f 1140 1130 1161
f 1162 1112 1108
f 1158 1163 1154
f 1158 1154 1160
f 1164 1089 1145
f 1157 1163 1158
f 1165 1166 1167
f 1168 1165 1169
f 1166 1170 1167
f 1168 1166 1165
f 1017 1171 1033
f 1172 1023 1024
f 1173 1090 1081
f 1173 1136 1090
f 1168 1169 1155
f 1172 1024 1033
f 1172 1033 1171
f 1136 1174 1175
f 1171 1148 1147
f 1176 1137 1140
f 1100 1112 1155
f 1064 1065 1095
f 1171 1160 1172
f 1163 1177 1147
f 1171 1017 1148
f 1137 1176 1142
f 1168 1178 1166
f 1178 1168 1179
f 1171 1174 1160
f 1177 1174 1171
f 1160 1174 1136
f 1162 1168 1112
f 1168 1155 1112
f 1147 1177 1171
f 1168 1162 1179
f 1072 1065 1060
f 1083 1180 1074
f 1135 1161 1134
f 1164 1092 1089
f 1164 1080 1092
f 1134 1130 1059
f 1181 1173 1081
f 1181 1081 1080
f 1095 1065 1072
f 1069 1182 1083
f 1069 1183 1182
f 1183 1184 1185
f 1186 1187 1188
f 1072 1189 1095
f 1095 1189 1190
f 1191 1192 1182
f 1069 1063 1183
f 1184 1183 1063
f 1153 1013 1023
f 1083 1182 1192
f 1193 1184 1063
f 1194 1195 1196
f 1197 1195 1198
f 1164 1181 1080
f 1194 1198 1195
f 1199 1200 1201
f 1075 1093 1104
f 1185 1182 1183
f 1202 1182 1185
f 1191 1182 1202
f 1185 1184 1203
f 1153 1018 1013
f 1173 1160 1136
f 1167 1141 1118
f 1204 1104 1093
f 1202 1185 1203
f 1061 1071 1073
f 1148 1017 1018
f 1199 1201 1205
f 1160 1173 1158
f 1158 1173 1156
f 1206 1200 1202
f 1187 1093 1190
f 1095 1190 1093
f 1207 1208 1209
f 1210 1184 1193
f 1123 1139 1118
f 1211 1208 1207
f 1187 1204 1093
f 1210 1203 1184
f 1153 1023 1172
f 1195 1209 1196
f 1159 1153 1172
f 1212 1213 1214
f 1210 1202 1203
f 1215 1216 1217
f 1146 1163 1147
f 1219 1176 1211
f 1210 1201 1202
f 1214 1180 1212
f 1163 1146 1154
f 1212 1220 1213
f 1144 1133 1175
f 1175 1133 1136
f 1221 1215 1217
f 1153 1148 1018
f 1210 1222 1201
f 1221 1186 1215
f 1211 1176 1208
f 1148 1153 1146
f 1219 1211 1223
f 1173 1181 1156
f 1213 1224 1218
f 1073 1189 1072
f 1149 1151 1219
f 1189 1225 1226
f 1149 1219 1227
f 1169 1118 1139
f 1164 1157 1156
f 1073 1225 1189
f 1214 1195 1197
f 1201 1206 1202
f 1224 1213 1220
f 1164 1156 1181
f 1144 1228 1145
f 1123 1115 1139
f 1229 1225 1073
f 1145 1228 1164
f 1175 1174 1177
f 1163 1175 1177
f 1230 1193 1063
f 1104 1204 1110
f 1230 1063 1050
f 1144 1175 1163
f 1163 1228 1144
f 1190 1189 1226
f 1230 1050 1231
f 1179 1162 1232
f 1172 1160 1159
f 1223 1211 1207
f 1233 1179 1232
f 1195 1207 1209
f 1196 1166 1194
f 1178 1194 1166
f 1233 1194 1178
f 1228 1163 1157
f 1194 1233 1198
f 1200 1234 1202
f 1235 1207 1195
f 1197 1216 1214
f 1198 1216 1197
f 1178 1179 1233
f 1222 1210 1193
f 1237 1223 1235
f 1232 1238 1233
f 1214 1216 1225
f 1223 1237 1227
f 1225 1215 1226
f 1215 1225 1216
f 1110 1239 1128
f 1157 1164 1228
f 1235 1223 1207
f 1127 1141 1135
f 1195 1237 1235
f 1237 1195 1214
f 1234 1242 1191
f 1227 1219 1223
f 1229 1073 1071
f 1229 1214 1225
f 1234 1243 1242
f 1229 1180 1214
f 1243 1244 1242
f 1167 1135 1141
f 1071 1180 1229
f 1134 1161 1130
f 1074 1180 1071
f 1162 1108 1128
f 1245 1162 1246
f 1214 1213 1237
f 1246 1162 1128
f 1201 1200 1206
f 1237 1218 1227
f 1243 1234 1247
f 1247 1234 1200
f 1239 1110 1204
f 1187 1190 1188
f 1193 1230 1248
f 1188 1190 1226
f 1227 1218 1149
f 1188 1226 1215
f 1188 1215 1186
f 1115 1124 1139
f 1232 1162 1245
f 1193 1248 1222
f 1165 1167 1118
f 1249 1232 1245
f 1201 1222 1205
f 1169 1165 1118
f 1237 1213 1218
f 1205 1222 1248
f 1238 1232 1249
f 1247 1250 1243
f 1244 1243 1250
f 1224 1236 1218
f 1251 1252 1253
f 1254 1251 1253
f 1238 1249 1221
f 1221 1217 1238
f 1242 1254 1253
f 1255 1236 1224
f 1180 1083 1212
f 1256 1236 1255
f 1244 1254 1242
f 1212 1083 1192
f 1212 1192 1257
f 1212 1257 1220
f 1258 1224 1220
f 1259 1128 1239
f 1240 1254 1244
f 1200 1199 1260
f 1220 1257 1258
f 1261 1224 1258
f 1262 1263 1264
f 1257 1192 1191
f 1258 1257 1191
f 1216 1198 1233
f 1244 1250 1240
f 1262 1241 1263
f 1263 1240 1250
f 1217 1216 1233
f 1253 1252 1261
f 1263 1241 1240
f 1239 1265 1259
f 1258 1253 1261
f 1233 1238 1217
f 1265 1245 1266
f 1114 1155 1139
f 1264 1250 1267
f 1245 1246 1266
f 1224 1261 1255
f 1266 1259 1265
f 1169 1139 1155
f 1161 1135 1170
f 1135 1167 1170
f 1255 1261 1252
f 1267 1268 1264
f 1161 1269 1140
f 1267 1250 1247
f 1269 1161 1170
f 1055 1060 1045
f 1204 1249 1239
f 1260 1247 1200
f 1260 1267 1247
f 1264 1263 1250
f 1267 1260 1268
f 1242 1253 1191
f 1258 1191 1253
f 1202 1234 1191
f 1265 1239 1249
f 1265 1249 1245
f 1270 1259 1271
f 1187 1249 1204
f 1152 1142 1219
f 1208 1140 1269
f 1259 1270 1128
f 1270 1246 1128
f 1170 1209 1269
f 1209 1208 1269
f 1208 1176 1140
f 1219 1142 1176
f 1271 1259 1266
f 1266 1246 1270
f 1266 1270 1271
f 1186 1249 1187
f 1219 1151 1152
f 1249 1186 1221
f 1166 1209 1170
f 1166 1196 1209
f 1143 1152 1150
f 670 1272 1273
f 1272 676 1274
f 1272 1274 1275
f 1152 1151 1150
f 671 676 1272
f 670 1048 1047
f 670 1276 1048
f 1277 1268 1278
f 704 1279 686
f 1273 1276 670
f 670 671 1272
f 1278 1280 1281
f 1276 1275 1048
f 683 1279 704
f 683 1282 1279
f 1278 1268 1280
f 1275 1276 1272
f 1050 1048 1275
f 676 681 687
f 1264 1283 1262
f 684 704 686
f 1272 1276 1273
f 666 1282 683
f 1277 1278 1284
f 1278 1285 1284
f 1199 1205 1286
f 1282 1285 1281
f 1282 666 692
f 1282 692 1285
f 1275 1231 1050
f 691 696 1284
f 1280 1260 1286
f 1260 1280 1268
f 1268 1283 1264
f 1277 1283 1268
f 1288 1231 1275
f 1288 1275 1274
f 1231 1248 1230
f 1289 1205 1248
f 1287 1284 696
f 1288 1248 1231
f 1248 1288 1289
f 697 703 1287
f 691 1285 692
f 1282 1281 1280
f 697 1287 696
f 1285 1278 1281
f 1282 1280 1279
f 1205 1289 1286
f 1286 1260 1199
f 1284 1285 691
f 1288 1274 687
f 676 687 1274
f 1277 1284 1287
f 686 1288 687
f 1288 686 1289
f 1279 1289 686
f 1289 1279 1286
f 1279 1280 1286
f 658 662 1290
f 679 680 1292
f 680 700 1294
f 700 659 1296
f 659 658 1297
f 703 679 1293
f 758 749 1300
f 755 759 1302
f 734 765 1304
f 749 748 1306
f 748 763 1308
f 759 766 1309
f 715 767 1311
f 765 768 1313
f 775 755 1314
f 776 775 1315
f 778 776 1316
f 768 708 1318
f 767 734 1305
f 708 740 1321
f 740 758 1323
f 763 784 1324
f 789 788 1325
f 788 778 1327
f 784 789 1328
f 825 837 451
f 822 821 1330
f 821 816 1332
f 771 822 1331
f 766 771 1334
f 816 830 431
f 837 844 437
f 830 825 435
f 878 879 452
f 857 887 453
f 856 857 441
f 844 878 439
f 879 856 445
f 1044 1066 1336
f 1066 1070 1338
f 887 1044 447
f 1149 1218 1339
f 1218 1236 1341
f 1240 1241 1342
f 1150 1149 1344
f 1251 1254 1346
f 1254 1240 1348
f 1236 1256 1349
f 1255 1252 1350
f 1241 1262 1352
f 1256 1255 1353
f 1252 1251 1355
f 1070 1143 1356
f 1143 1150 1358
f 1262 1283 1359
f 1277 1287 1361
f 1283 1277 1363
f 1287 703 1364
f 1290 1291 658
f 1292 1293 679
f 1294 1295 680
f 1296 1294 700
f 1297 1298 659
f 1293 1299 703
f 1300 1301 758
f 1302 1303 755
f 1304 1305 734
f 1306 1307 749
f 1308 1306 748
f 1309 1310 759
f 1311 1312 715
f 1313 1304 765
f 1314 1315 775
f 1315 1316 776
f 1316 1317 778
f 1318 1319 768
f 1305 1320 767
f 1321 1322 708
f 1323 1321 740
f 1324 1308 763
f 1325 1326 789
f 1327 1325 788
f 1328 1329 784
f 451 436 825
f 1330 1331 822
f 1332 1330 821
f 1331 1333 771
f 1334 1335 766
f 431 434 816
f 437 451 837
f 435 432 830
f 452 440 878
f 453 444 857
f 441 446 856
f 439 443 844
f 445 452 879
f 1336 1337 1044
f 1338 1336 1066
f 447 453 887
f 1339 1340 1149
f 1341 1339 1218
f 1342 1343 1240
f 1344 1345 1150
f 1346 1347 1251
f 1348 1346 1254
f 1349 1341 1236
f 1350 1351 1255
f 1352 1342 1241
f 1353 1354 1256
f 1355 1350 1252
f 1356 1357 1070
f 1358 1356 1143
f 1359 1360 1262
f 1361 1362 1277
f 1363 1359 1283
f 1364 1365 1287
f 680 1366 1292
f 680 1295 1366
f 659 1298 1296
f 703 1299 1364
f 658 1291 1297
f 708 1367 1318
f 708 1322 1367
f 755 1303 1314
f 759 1368 1302
f 759 1310 1368
f 749 1307 1300
f 758 1369 1323
f 758 1301 1369
f 768 1319 1313
f 778 1317 1370
f 767 1320 1311
f 784 1329 1324
f 778 1370 1327
f 789 1326 1328
f 830 432 431
f 766 1335 1309
f 816 1371 1332
f 771 1333 1334
f 816 434 433
f 825 436 435
f 844 438 437
f 878 440 439
f 857 442 441
f 844 443 438
f 857 444 442
f 856 446 445
f 1044 1337 448
f 1044 448 447
f 1070 1372 1338
f 1150 1345 1358
f 1149 1340 1344
f 1251 1347 1373
f 1256 1374 1349
f 1256 1354 1374
f 1240 1375 1348
f 1240 1343 1375
f 1255 1351 1353
f 1262 1360 1352
f 1251 1376 1355
f 1251 1373 1376
f 1070 1357 1372
f 1277 1362 1363
f 1287 1377 1361
f 1287 1365 1377
f 816 450 1371
f 816 433 449
f 816 449 450
f 1379 1380 1378
f 1386 1381 1379
f 1382 1386 1379
f 1387 1388 1389
f 1390 1386 1382
f 1394 1395 1393
f 1382 1385 1397
f 1396 1397 1385
f 1397 1399 1390
f 1400 1384 1401
f 1392 1391 1401
f 1401 1391 1400
f 1391 1393 1400
f 1384 1383 1401
f 1399 1397 1396
f 1395 1387 1400
f 1393 1395 1400
f 1388 1387 1395
f 1399 1396 1383
f 1383 1396 1392
f 1403 1394 1393
f 1398 1403 1393
f 1397 1390 1382
f 1407 1408 1409
f 1410 1411 1412
f 1383 1392 1401
f 1388 1395 1413
f 1395 1394 1403
f 1403 1413 1395
f 1411 1408 1415
f 1406 1413 1403
f 1409 1416 1402
f 1388 1413 1402
f 1407 1402 1413
f 1406 1418 1413
f 1412 1417 1419
f 1415 1414 1420
f 1412 1420 1417
f 1416 1421 1404
f 1409 1411 1416
f 1421 1416 1411
f 1409 1408 1411
f 1418 1407 1413
f 1415 1420 1411
f 1420 1412 1411
f 1407 1409 1402
f 1421 1405 1404
f 1421 1422 1405
f 1421 1411 1410
f 1421 1410 1422
f 1408 1407 1418
f 1422 1410 1425
f 1426 1422 1425
f 1410 1412 1425
f 1427 1428 1426
f 1422 1426 1428
f 1412 1423 1425
f 1429 1425 1423
f 1430 1425 1429
f 1430 1426 1425
f 1431 1432 1429
f 1419 1423 1412
f 1433 1427 1426
f 1432 1433 1426
f 1424 1429 1423
f 1432 1431 1433
f 1429 1426 1430
f 1432 1426 1429
f 1422 1428 1405
f 1428 1427 1405
f 1380 1379 1435
f 1379 1381 1438
f 1383 1384 1439
f 1381 1386 1441
f 1386 1390 1443
f 1390 1399 1445
f 1384 1400 1447
f 1389 1388 1449
f 1400 1387 1451
f 1387 1389 1452
f 1388 1402 1453
f 1404 1405 1455
f 1399 1383 1440
f 1402 1416 1458
f 1416 1404 1460
f 1427 1433 1461
f 1433 1431 1463
f 1431 1434 1465
f 1405 1427 1462
f 1435 1436 1380
f 1438 1435 1379
f 1439 1440 1383
f 1441 1442 1381
f 1443 1444 1386
f 1445 1446 1390
f 1447 1448 1384
f 1449 1450 1389
f 1451 1447 1400
f 1452 1451 1387
f 1453 1454 1388
f 1455 1456 1404
f 1440 1457 1399
f 1458 1459 1402
f 1460 1458 1416
f 1461 1462 1427
f 1463 1464 1433
f 1465 1463 1431
f 1462 1466 1405
f 1381 1442 1438
f 1386 1444 1441
f 1388 1454 1449
f 1399 1467 1445
f 1384 1448 1439
f 1390 1446 1443
f 1402 1468 1453
f 1389 1450 1452
f 1399 1457 1467
f 1402 1459 1468
f 1404 1456 1460
f 1433 1464 1461
f 1405 1466 1455
f 1431 1429 1471
f 1429 1424 1470
f 1434 1431 1472
f 1465 1434 1474
f 1469 1470 1424
f 1471 1472 1431
f 1470 1471 1429
f 1472 1473 1434
f 1474 1475 1465
f 1434 1473 1476
f 1434 1476 1477
f 1434 1477 1474
f 1378 1380 1478
f 1380 1436 1480
f 1436 1437 1481
f 1478 1479 1378
f 1480 1478 1380
f 1481 1480 1436
f 1437 1482 1481
f 1379 1378 112
f 1382 1379 114
f 1385 1382 145
f 1391 1392 127
f 1393 1391 124
f 1396 1385 120
f 1398 1393 122
f 1392 1396 146
f 1403 1398 129
f 1406 1403 147
f 1414 1415 148
f 1420 1414 139
f 1417 1420 149
f 1418 1406 140
f 1408 1418 150
f 1415 1408 151
f 1423 1419 152
f 1424 1423 142
f 1419 1417 138
f 1469 1424 1485
f 1378 1479 153
f 112 115 1379
f 114 145 1382
f 145 119 1385
f 127 117 1391
f 124 123 1393
f 120 146 1396
f 122 126 1398
f 146 128 1392
f 129 147 1403
f 147 131 1406
f 148 141 1414
f 139 149 1420
f 149 137 1417
f 140 150 1418
f 150 151 1408
f 151 148 1415
f 152 143 1423
f 142 1484 1424
f 138 152 1419
f 1485 1486 1469
f 153 144 1378
f 1378 113 112
f 1379 115 114
f 1391 117 116
f 1385 119 118
f 1385 118 120
f 1391 116 121
f 1393 123 122
f 1391 121 124
f 1398 126 125
f 1392 128 127
f 1398 125 129
f 1406 131 130
f 1414 133 132
f 1414 135 134
f 1414 134 133
f 1417 137 136
f 1417 136 138
f 1414 132 139
f 1406 130 140
f 1414 141 135
f 1424 1484 1487
f 1424 1487 1485
f 1423 143 142
f 1469 1486 1488
f 1378 144 113
f 1490 1491 1494
f 1493 1489 1492
f 1489 1493 1495
f 1489 1495 1496
f 1489 1497 1491
f 1496 1497 1489
f 1498 1499 1500
f 1494 1491 1497
f 1501 1502 1503
f 1504 1505 1506
f 1505 1503 1506
f 1507 1508 1509
f 1500 1499 1510
f 1510 1499 1511
f 1512 1513 1510
f 1514 1512 1510
f 1510 1511 1514
f 1513 1509 1508
f 1513 1512 1509
f 1498 1503 1502
f 1515 1503 1498
f 1516 1515 1517
f 1506 1503 1515
f 1518 1506 1515
f 1516 1518 1515
f 1509 1519 1507
f 1498 1502 1520
f 1519 1521 1507
f 1500 1515 1498
f 1500 1517 1515
f 1497 1504 1494
f 1497 1505 1504
f 1517 1500 1508
f 1522 1517 1508
f 1522 1516 1517
f 1505 1497 1523
f 1499 1498 1520
f 1522 1508 1507
f 1513 1500 1510
f 1508 1500 1513
f 1497 1501 1523
f 1505 1523 1503
f 1503 1523 1501
f 1525 1526 1527
f 1526 1528 1527
f 1520 1502 1525
f 1530 1520 1525
f 1533 1529 1531
f 1529 1533 1496
f 1532 1526 1524
f 1533 1531 1534
f 1528 1526 1532
f 1496 1533 1501
f 1529 1496 1495
f 1535 1525 1527
f 1525 1501 1533
f 1535 1530 1525
f 1526 1525 1533
f 1530 1499 1520
f 1499 1536 1537
f 1534 1526 1533
f 1526 1534 1524
f 1536 1499 1530
f 1496 1501 1497
f 1535 1539 1530
f 1539 1536 1530
f 1537 1511 1499
f 1502 1501 1525
f 1540 1537 1536
f 1541 1514 1511
f 1511 1537 1540
f 1540 1541 1511
f 1539 1540 1536
f 1540 1539 1542
f 1539 1538 1542
f 1547 1514 1548
f 1514 1549 1548
f 1547 1548 1550
f 1550 1548 1551
f 1552 1550 1551
f 1550 1552 1553
f 1554 1509 1512
f 1554 1519 1509
f 1555 1553 1552
f 1549 1514 1541
f 1512 1514 1547
f 1554 1512 1556
f 1556 1512 1547
f 1543 1519 1554
f 1544 1554 1556
f 1544 1543 1554
f 1543 1521 1519
f 1549 1541 1540
f 1545 1544 1553
f 1549 1551 1548
f 1550 1556 1547
f 1544 1556 1553
f 1540 1557 1549
f 1553 1556 1550
f 1545 1553 1555
f 1540 1542 1557
f 1558 1552 1559
f 1555 1552 1558
f 1552 1560 1559
f 1562 1563 1560
f 1560 1564 1559
f 1538 1561 1542
f 1561 1557 1542
f 1557 1551 1549
f 1562 1551 1557
f 1562 1552 1551
f 1560 1552 1562
f 1561 1565 1557
f 1562 1557 1563
f 1563 1557 1565
f 1495 1493 1438
f 1529 1495 1441
f 1527 1528 1449
f 1534 1531 1445
f 1532 1524 1439
f 1531 1529 1443
f 1535 1527 1453
f 1528 1532 1452
f 1524 1534 1467
f 1539 1535 1468
f 1538 1539 1460
f 1565 1561 1461
f 1561 1538 1455
f 1566 1565 1465
f 1438 1442 1495
f 1441 1444 1529
f 1449 1454 1527
f 1445 1467 1534
f 1439 1448 1532
f 1443 1446 1531
f 1453 1468 1535
f 1452 1450 1528
f 1467 1457 1524
f 1468 1459 1539
f 1460 1456 1538
f 1461 1464 1565
f 1455 1466 1561
f 1465 1567 1566
f 1493 1436 1435
f 1493 1437 1436
f 1493 1435 1438
f 1524 1440 1439
f 1495 1442 1441
f 1529 1444 1443
f 1531 1446 1445
f 1532 1448 1447
f 1528 1450 1449
f 1532 1447 1451
f 1532 1451 1452
f 1527 1454 1453
f 1538 1456 1455
f 1524 1457 1440
f 1539 1459 1458
f 1539 1458 1460
f 1561 1462 1461
f 1565 1464 1463
f 1566 1567 1570
f 1565 1463 1465
f 1561 1466 1462
f 1566 1570 1571
f 1566 1571 1569
f 1491 1490 1572
f 1518 1516 1575
f 1507 1521 1577
f 1506 1518 1576
f 1516 1522 1580
f 1522 1507 1582
f 1490 1494 1583
f 1494 1504 1585
f 1504 1506 1587
f 1543 1544 1588
f 1544 1545 1590
f 1545 1546 1591
f 1521 1543 1593
f 1572 1573 1491
f 1575 1576 1518
f 1577 1578 1507
f 1576 1579 1506
f 1580 1581 1516
f 1582 1580 1522
f 1583 1584 1490
f 1585 1586 1494
f 1587 1585 1504
f 1588 1589 1543
f 1590 1588 1544
f 1591 1590 1545
f 1593 1594 1521
f 1490 1595 1572
f 1490 1584 1595
f 1506 1579 1596
f 1507 1578 1597
f 1516 1581 1575
f 1507 1597 1598
f 1494 1586 1583
f 1507 1598 1582
f 1506 1596 1587
f 1546 1599 1591
f 1543 1589 1593
f 1546 1592 1599
f 1521 1600 1577
f 1521 1594 1600
f 1489 1491 1601
f 1492 1489 1603
f 1493 1492 1605
f 1437 1493 1606
f 1491 1573 1607
f 1573 1574 1608
f 1601 1602 1489
f 1603 1604 1492
f 1605 1606 1493
f 1606 1482 1437
f 1607 1601 1491
f 1608 1607 1573
f 1489 1602 1603
f 1492 1609 1610
f 1492 1604 1609
f 1492 1610 1611
f 1492 1611 1605
f 1574 1612 1608
f 1574 1613 1612
f 1546 1545 1614
f 1545 1555 1616
f 1555 1558 1617
f 1558 1559 1619
f 1564 1560 1620
f 1560 1563 1622
f 1563 1565 1624
f 1565 1566 1625
f 1559 1564 1626
f 1566 1569 1628
f 1568 1564 1630
f 1564 1568 1631
f 1592 1546 1632
f 1614 1615 1546
f 1616 1614 1545
f 1617 1618 1555
f 1619 1617 1558
f 1620 1621 1564
f 1622 1623 1560
f 1624 1622 1563
f 1625 1624 1565
f 1626 1627 1559
f 1628 1629 1566
f 1630 1631 1568
f 1631 1626 1564
f 1632 1633 1592
f 1555 1634 1616
f 1555 1618 1634
f 1560 1623 1620
f 1566 1629 1625
f 1559 1635 1619
f 1564 1621 1630
f 1559 1627 1635
f 1569 1631 1628
f 1546 1615 1632
f 1636 1637 1573
f 1636 1573 1572
f 1637 1638 1574
f 1637 1574 1573
f 1639 1640 1576
f 1639 1576 1575
f 1641 1642 1578
f 1641 1578 1577
f 1640 1643 1579
f 1640 1579 1576
f 1644 1645 1581
f 1644 1581 1580
f 1646 1644 1580
f 1646 1580 1582
f 1647 1648 1584
f 1647 1584 1583
f 1649 1650 1586
f 1649 1586 1585
f 1651 1649 1585
f 1651 1585 1587
f 1652 1653 1589
f 1652 1589 1588
f 1654 1652 1588
f 1654 1588 1590
f 1655 1654 1590
f 1655 1590 1591
f 1656 1657 1594
f 1656 1594 1593
f 1658 1636 1572
f 1658 1572 1595
f 1648 1658 1595
f 1648 1595 1584
f 1643 1659 1596
f 1643 1596 1579
f 1642 1660 1597
f 1642 1597 1578
f 1645 1639 1575
f 1645 1575 1581
f 1660 1661 1598
f 1660 1598 1597
f 1650 1647 1583
f 1650 1583 1586
f 1661 1646 1582
f 1661 1582 1598
f 1659 1651 1587
f 1659 1587 1596
f 1662 1655 1591
f 1662 1591 1599
f 1653 1656 1593
f 1653 1593 1589
f 1663 1662 1599
f 1663 1599 1592
f 1664 1641 1577
f 1664 1577 1600
f 1657 1664 1600
f 1657 1600 1594
f 1665 1666 1602
f 1665 1602 1601
f 1667 1668 1604
f 1667 1604 1603
f 1669 1670 1606
f 1669 1606 1605
f 1670 1483 1482
f 1670 1482 1606
f 1637 1671 1607
f 1671 1665 1601
f 1671 1601 1607
f 1638 1672 1608
f 1637 1671 1607
f 1672 1671 1607
f 1672 1607 1608
f 1666 1667 1603
f 1666 1603 1602
f 1673 1674 1610
f 1673 1610 1609
f 1668 1673 1609
f 1668 1609 1604
f 1674 1675 1611
f 1674 1611 1610
f 1675 1669 1605
f 1675 1605 1611
f 1638 1672 1608
f 1676 1672 1608
f 1676 1608 1612
f 1638 1677 1613
f 1638 1613 1574
f 1677 1676 1612
f 1677 1612 1613
f 1678 1679 1615
f 1678 1615 1614
f 1680 1678 1614
f 1680 1614 1616
f 1681 1682 1618
f 1681 1618 1617
f 1683 1681 1617
f 1683 1617 1619
f 1684 1685 1623
f 1684 1623 1622
f 1686 1684 1622
f 1686 1622 1624
f 1687 1686 1624
f 1687 1624 1625
f 1688 1689 1627
f 1688 1627 1626
f 1690 1691 1629
f 1690 1629 1628
f 1692 1688 1626
f 1692 1626 1631
f 1694 1693 1633
f 1694 1633 1632
f 1695 1680 1616
f 1695 1616 1634
f 1682 1695 1634
f 1682 1634 1618
f 1691 1687 1625
f 1691 1625 1629
f 1696 1683 1619
f 1696 1619 1635
f 1689 1696 1635
f 1689 1635 1627
f 1697 1690 1628
f 1697 1628 1631
f 1679 1694 1632
f 1679 1632 1615
f 1571 1570 1700
f 1698 1700 1476
f 1700 1570 1477
f 1570 1567 1474
f 1476 1473 1698
f 1477 1476 1700
f 1474 1477 1570
f 1698 1470 1469
f 1698 1472 1471
f 1698 1471 1470
f 1698 1473 1472
f 1567 1475 1474
f 1700 1698 1701
f 1571 1700 1703
f 1568 1699 1705
f 1569 1571 1704
f 1699 1568 1631
f 1701 1702 1700
f 1703 1704 1571
f 1705 1631 1568
f 1704 1706 1569
f 1631 1707 1699
f 1699 1708 1709
f 1699 1710 1708
f 1699 1711 1710
f 1699 1712 1711
f 1700 1702 1703
f 1699 1709 1705
f 1699 1707 1712
f 1569 1706 1713
f 1569 1713 1631
f 1714 1715 1702
f 1714 1702 1701
f 1716 1717 1704
f 1716 1704 1703
f 1718 1692 1631
f 1718 1631 1705
f 1717 1719 1706
f 1717 1706 1704
f 1720 1721 1709
f 1720 1709 1708
f 1715 1716 1703
f 1715 1703 1702
f 1721 1718 1705
f 1721 1705 1709
f 1719 1722 1713
f 1719 1713 1706
f 1722 1697 1631
f 1722 1631 1713
f 1698 1469 1723
f 1701 1698 1725
f 1714 1701 1727
f 1723 1724 1698
f 1725 1726 1701
f 1727 1728 1714
f 1469 1488 1723
f 1698 1724 1725
f 1701 1726 1727
f 1729 1730 1731
f 1730 1732 1731
f 1730 1733 1732
f 1734 1735 1736
f 1732 1737 1731
f 1735 1738 1739
f 1740 1734 1736
f 1734 1738 1735
f 1738 1734 1741
f 1742 1743 1744
f 1745 1742 1744
f 1746 1739 1738
f 1746 1747 1739
f 1745 1748 1742
f 1746 1749 1747
f 1751 1731 1737
f 1748 1752 1753
f 1754 1743 1755
f 1754 1744 1743
f 1746 1738 1757
f 1738 1741 1757
f 1740 1736 1758
f 1755 1743 1756
f 1759 1740 1758
f 1746 1757 1760
f 1760 1749 1746
f 1763 1735 1754
f 1760 1764 1749
f 1744 1754 1735
f 1755 1762 1754
f 1762 1761 1754
f 1749 1765 1732
f 1750 1762 1756
f 1749 1764 1765
f 1764 1760 1766
f 1763 1767 1735
f 1756 1762 1755
f 1765 1764 1766
f 1745 1744 1769
f 1744 1735 1739
f 1770 1771 1772
f 1733 1747 1749
f 1765 1766 1773
f 1766 1774 1773
f 1766 1776 1774
f 1745 1769 1748
f 1777 1778 1779
f 1780 1777 1779
f 1783 1770 1777
f 1778 1777 1770
f 1778 1770 1772
f 1773 1783 1732
f 1778 1775 1779
f 1739 1769 1744
f 1739 1747 1769
f 1783 1777 1737
f 1781 1758 1767
f 1748 1769 1784
f 1785 1781 1782
f 1784 1752 1748
f 1782 1759 1785
f 1785 1759 1758
f 1786 1763 1761
f 1775 1778 1772
f 1754 1761 1763
f 1769 1733 1784
f 1740 1741 1734
f 1786 1767 1763
f 1784 1733 1752
f 1752 1733 1729
f 1740 1787 1741
f 1733 1730 1729
f 1781 1785 1758
f 1757 1741 1768
f 1736 1767 1758
f 1733 1769 1747
f 1741 1787 1768
f 1773 1788 1783
f 1773 1732 1765
f 1732 1733 1749
f 1736 1735 1767
f 1751 1737 1777
f 1789 1757 1768
f 1760 1757 1789
f 1789 1766 1760
f 1780 1751 1777
f 1788 1770 1783
f 1770 1788 1771
f 1737 1732 1783
f 1779 1791 1780
f 1751 1780 1792
f 1753 1752 1793
f 1793 1729 1794
f 1729 1793 1752
f 1731 1794 1729
f 1731 1795 1794
f 1796 1797 1798
f 1799 1796 1791
f 1792 1798 1751
f 1798 1792 1796
f 1796 1792 1791
f 1792 1780 1791
f 1791 1790 1799
f 1799 1790 1800
f 1795 1731 1797
f 1731 1751 1797
f 1798 1797 1751
f 1796 1799 1801
f 1791 1779 1790
f 1779 1775 1802
f 1790 1779 1804
f 1799 1800 1808
f 1800 1790 1810
f 1801 1799 1814
f 1802 1803 1779
f 1804 1805 1790
f 1806 1807 1775
f 1808 1809 1799
f 1810 1811 1800
f 1814 1815 1801
f 1779 1803 1816
f 1790 1805 1817
f 1775 1807 1818
f 1799 1809 1814
f 1800 1811 1819
f 1801 1815 1812
f 1779 1816 1804
f 1775 1818 1802
f 1790 1817 1810
f 1800 1821 1808
f 1800 1822 1821
f 1800 1819 1822
f 1750 1756 1823
f 1756 1743 1825
f 1743 1742 1827
f 1742 1748 1828
f 1748 1753 1829
f 1753 1793 1831
f 1793 1794 1833
f 1794 1795 1835
f 1795 1797 1837
f 1797 1796 1838
f 1796 1801 1839
f 1801 1812 1842
f 1812 1813 1844
f 1813 1820 1845
f 1823 1824 1750
f 1825 1826 1756
f 1827 1825 1743
f 1828 1827 1742
f 1829 1830 1748
f 1831 1832 1753
f 1833 1834 1793
f 1835 1836 1794
f 1837 1835 1795
f 1838 1837 1797
f 1839 1840 1796
f 1842 1843 1801
f 1844 1842 1812
f 1845 1844 1813
f 1750 1824 1846
f 1756 1826 1823
f 1748 1830 1828
f 1753 1832 1829
f 1793 1834 1831
f 1794 1847 1833
f 1794 1836 1847
f 1796 1840 1838
f 1801 1848 1839
f 1801 1843 1848
f 1750 1846 1841
f 1820 1849 1845
f 1762 1750 1850
f 1761 1762 1852
f 1782 1781 1854
f 1781 1767 1856
f 1786 1761 1860
f 1767 1786 1864
f 1750 1841 1866
f 1850 1851 1762
f 1852 1853 1761
f 1854 1855 1782
f 1856 1857 1781
f 1860 1861 1786
f 1864 1865 1767
f 1866 1850 1750
f 1762 1851 1852
f 1761 1853 1867
f 1782 1855 1868
f 1781 1857 1869
f 1786 1861 1870
f 1767 1865 1856
f 1761 1871 1860
f 1761 1867 1871
f 1781 1869 1854
f 1782 1868 1858
f 1786 1870 1864
f 1841 1872 1866
f 1775 1772 1873
f 1774 1776 1875
f 1740 1759 1877
f 1771 1788 1879
f 1787 1740 1878
f 1759 1782 1882
f 1788 1773 1884
f 1773 1774 1886
f 1768 1787 1881
f 1772 1771 1888
f 1776 1766 1889
f 1789 1768 1891
f 1766 1789 1892
f 1806 1775 1893
f 1782 1858 1895
f 1858 1859 1896
f 1862 1863 1897
f 1859 1862 1899
f 1873 1874 1775
f 1875 1876 1774
f 1877 1878 1740
f 1879 1880 1771
f 1878 1881 1787
f 1882 1883 1759
f 1884 1885 1788
f 1886 1884 1773
f 1881 1887 1768
f 1888 1873 1772
f 1889 1890 1776
f 1891 1892 1789
f 1892 1889 1766
f 1893 1894 1806
f 1895 1882 1782
f 1896 1895 1858
f 1897 1898 1862
f 1899 1896 1859
f 1768 1900 1901
f 1775 1874 1893
f 1768 1901 1891
f 1776 1890 1875
f 1774 1876 1902
f 1771 1880 1903
f 1771 1903 1904
f 1759 1883 1905
f 1768 1887 1900
f 1774 1902 1886
f 1771 1904 1888
f 1788 1885 1879
f 1759 1905 1877
f 1806 1894 1906
f 1862 1898 1899
f 1863 1907 1897
f 1997 1998 1999
f 2000 1999 2001
f 1998 2002 2003
f 2003 2002 2004
f 1999 2003 2004
f 2005 2002 1998
f 2005 2006 2002
f 2007 2008 2009
f 2010 2009 2011
f 2010 2014 2013
f 2007 2009 2017
f 2009 2010 2018
f 2009 2018 2017
f 2007 2017 2019
f 2007 2019 2020
f 2021 2019 2017
f 2010 2022 2018
f 2023 2018 2022
f 2010 2013 2022
f 2018 2024 2017
f 2018 2023 2024
f 2015 2005 1997
f 2024 2023 2000
f 2025 2000 2023
f 2025 1997 2000
f 2015 1997 2025
f 2012 2016 2015
f 2020 2019 2026
f 2026 2019 2021
f 1997 1999 2000
f 1997 2005 1998
f 2017 2024 2021
f 2021 2024 2027
f 2027 2024 2000
f 2015 2016 2005
f 2028 2029 2030
f 2028 2031 2029
f 2007 2031 2028
f 2031 2032 2033
f 2031 2034 2032
f 2031 2007 2020
f 2026 2035 2034
f 2031 2020 2034
f 2020 2026 2034
f 2005 2016 2006
f 2026 2021 2039
f 2040 2039 2021
f 2026 2039 2035
f 2040 2035 2039
f 2027 2040 2021
f 2027 2041 2040
f 2042 2027 2000
f 2015 2022 2013
f 2042 2000 2001
f 2027 2042 2041
f 2042 2001 2041
f 2015 2025 2022
f 2023 2022 2025
f 2035 2037 2038
f 1998 2003 1999
f 2030 2036 2043
f 2043 2008 2030
f 2030 2008 2028
f 2028 2008 2007
f 2036 2030 2029
f 2031 2033 2029
f 2011 2014 2010
f 2008 2011 2009
f 2006 2016 2044
f 2006 2044 2002
f 2002 2044 2045
f 2002 2045 2004
f 2044 2016 1959
f 1964 1960 2016
f 1959 1962 2044
f 2016 1960 1959
f 2044 1962 1961
f 2044 1967 1966
f 2044 1968 1967
f 2044 1969 1968
f 2044 1961 1969
f 2013 2014 1982
f 2015 2013 1985
f 2012 2015 1992
f 2016 2012 1971
f 2043 2036 1993
f 2008 2043 1981
f 2014 2011 1986
f 2011 2008 1994
f 1964 2016 1978
f 1970 1965 1996
f 1965 1964 1995
f 1982 1974 2013
f 1985 1992 2015
f 1992 1972 2012
f 1971 1976 2016
f 1993 1980 2043
f 1981 1994 2008
f 1986 1984 2014
f 1994 1987 2011
f 1988 1993 2036
f 1978 1995 1964
f 1996 1990 1970
f 1995 1996 1965
f 2012 1972 1971
f 2013 1974 1973
f 2016 1976 1975
f 2016 1975 1977
f 2016 1977 1978
f 2043 1980 1979
f 2043 1979 1981
f 2014 1983 1982
f 2014 1984 1983
f 2013 1973 1985
f 2011 1987 1986
f 1970 1990 1989
f 1970 1989 1991
f 2033 2032 1909
f 2032 2034 1914
f 2034 2035 1920
f 2029 2033 1925
f 2035 2038 1926
f 2036 2029 1916
f 1988 2036 1924
f 1909 1912 2033
f 1914 1913 2032
f 1920 1915 2034
f 1925 1917 2029
f 1926 1921 2035
f 1916 1923 2036
f 1924 1929 1988
f 2032 1910 1909
f 2033 1912 1911
f 2032 1913 1910
f 2034 1915 1914
f 2029 1917 1916
f 2033 1911 1918
f 2035 1921 1920
f 2036 1923 1922
f 2036 1922 1924
f 2033 1918 1925
f 2038 1927 1926
f 2038 1928 1927
f 2038 1919 1928
f 1988 1929 1908
f 2001 1999 1942
f 2038 2037 1930
f 2037 2035 1954
f 2035 2040 1955
f 2040 2041 1938
f 2041 2001 1940
f 1999 2004 1947
f 2004 2045 1943
f 2045 2044 1956
f 2044 1966 1957
f 1966 1963 1950
f 1919 2038 1953
f 1942 1941 2001
f 1930 1933 2038
f 1954 1931 2037
f 1955 1954 2035
f 1938 1955 2040
f 1940 1939 2041
f 1947 1946 1999
f 1943 1948 2004
f 1956 1949 2045
f 1957 1956 2044
f 1950 1957 1966
f 1953 1958 1919
f 2037 1931 1930
f 2038 1933 1932
f 2038 1932 1934
f 1999 1936 1935
f 1999 1937 1936
f 2041 1939 1938
f 2001 1941 1940
f 1999 1935 1942
f 2045 1944 1943
f 1999 1945 1937
f 1999 1946 1945
f 2004 1948 1947
f 2045 1949 1944
f 1963 1951 1950
f 2038 1934 1952
f 2038 1952 1953
f 2054 2055 2049
f 2056 2057 1817
f 2058 2059 2050
f 2060 2061 1814
f 2062 2063 2051
f 2066 2067 1820
f 2068 2069 2074
f 2061 2066 1812
f 2069 2070 2076
f 2055 2056 2047
f 2059 2054 2046
f 2057 2062 1810
f 2067 2068 2078
f 2071 2060 2048
f 2072 2071 2052
f 2070 2064 2079
f 2063 2072 2053
f 2064 2065 2080
f 2065 2073 2082
f 2049 1803 2054
f 1817 1805 2056
f 2050 1807 2058
f 1814 1809 2060
f 2051 1811 2062
f 1820 1813 2066
f 2074 2075 2068
f 1812 1815 2061
f 2076 2077 2069
f 2047 2049 2055
f 2046 2050 2059
f 1810 1817 2057
f 2078 1820 2067
f 2048 2052 2071
f 2052 2053 2072
f 2079 2076 2070
f 2053 2051 2063
f 2080 2081 2064
f 2082 2080 2065
f 2054 1803 2046
f 2056 1805 2047
f 2058 1807 1806
f 2060 1809 2048
f 2062 1811 1810
f 2066 1813 1812
f 2068 2075 2078
f 2061 1815 1814
f 2069 2077 2074
f 2064 2083 2079
f 2064 2081 2083
f 2058 1806 2084
f 2084 2085 2058
f 1806 1906 2084
f 2099 2098 1959
f 2098 2092 1961
f 2093 2099 1964
f 2097 2096 2101
f 2089 2088 1966
f 2090 2089 1967
f 2091 2090 1968
f 2092 2091 1969
f 2094 2093 1970
f 2096 2095 2104
f 2095 2094 2103
f 2100 2097 2105
f 1959 1960 2099
f 1961 1962 2098
f 1964 1965 2093
f 2101 2102 2097
f 1966 1967 2089
f 1967 1968 2090
f 1968 1969 2091
f 1969 1961 2092
f 1970 2103 2094
f 2104 2101 2096
f 2103 2104 2095
f 2105 2106 2100
f 2099 1960 1964
f 2098 1962 1959
f 2088 1963 1966
f 2093 1965 1970
f 2097 2102 2107
f 2097 2107 2105
f 1963 2088 2086
f 2086 1951 1963
f 2088 2087 2086
f 2115 2110 2121
f 2121 2110 2109
f 2121 2109 2126
f 2115 2121 2128
f 2109 2055 2130
f 2108 2112 2131
f 2122 2123 2134
f 2118 2067 2136
f 2113 2071 2138
f 2124 2117 2140
f 2071 2072 2142
f 2116 2120 2144
f 2072 2063 2146
f 2055 2108 2148
f 2112 2111 2149
f 2114 2113 2150
f 2063 2115 2129
f 2125 2124 2153
f 2117 2116 2155
f 2067 2066 2156
f 2119 2118 2157
f 2066 2114 2151
f 2123 2125 2154
f 2120 2119 2158
f 2126 2127 2121
f 2128 2129 2115
f 2130 2126 2109
f 2131 2132 2108
f 2134 2135 2122
f 2136 2137 2118
f 2138 2139 2113
f 2140 2141 2124
f 2142 2143 2071
f 2144 2145 2116
f 2146 2147 2072
f 2148 2130 2055
f 2149 2131 2112
f 2150 2151 2114
f 2129 2146 2063
f 2153 2154 2125
f 2155 2140 2117
f 2156 2136 2067
f 2157 2158 2119
f 2151 2156 2066
f 2154 2134 2123
f 2158 2144 2120
f 2121 2127 2159
f 2121 2159 2128
f 2108 2132 2148
f 2111 2133 2149
f 2122 2135 2152
f 2118 2137 2157
f 2113 2139 2150
f 2124 2141 2153
f 2071 2143 2138
f 2116 2145 2155
f 2072 2147 2142
f 2133 2111 2160
f 2160 2161 2133
f 2111 2085 2160
f 2122 2152 2162
f 2162 2163 2122
f 2152 2164 2162
f 2088 2089 2167
f 2089 2090 2169
f 2090 2091 2171
f 2091 2092 2187
f 2093 2094 2177
f 2095 2096 2188
f 2094 2095 2175
f 2200 2201 2181
f 2201 2202 2189
f 2203 2200 2179
f 2097 2204 2190
f 2098 2099 2192
f 2092 2098 2191
f 2099 2093 2173
f 2204 2205 2193
f 2205 2206 2194
f 2096 2097 2185
f 2206 2203 2183
f 2167 2166 2088
f 2169 2168 2089
f 2171 2170 2090
f 2187 2172 2091
f 2177 2174 2093
f 2188 2176 2095
f 2175 2178 2094
f 2181 2180 2200
f 2189 2182 2201
f 2179 2184 2203
f 2190 2186 2097
f 2192 2191 2098
f 2191 2187 2092
f 2173 2192 2099
f 2193 2190 2204
f 2194 2193 2205
f 2185 2188 2096
f 2183 2194 2206
f 2088 2166 2165
f 2089 2168 2167
f 2090 2170 2169
f 2091 2172 2171
f 2093 2174 2173
f 2095 2176 2175
f 2094 2178 2177
f 2200 2180 2179
f 2201 2182 2181
f 2203 2184 2183
f 2097 2186 2185
f 2088 2165 2195
f 2195 2087 2088
f 2165 2196 2195
f 2189 2202 2197
f 2197 2199 2189
f 2202 2198 2197
f 2124 2125 2208
f 2125 2123 2210
f 2123 2122 2212
f 2073 2124 2213
f 2208 2209 2124
f 2210 2211 2125
f 2212 2210 2123
f 2213 2082 2073
f 2122 2207 2212
f 2124 2209 2214
f 2125 2211 2208
f 2124 2214 2213
f 2207 2122 2215
f 2215 2216 2207
f 2122 2163 2215
f 2220 2201 2200
f 2220 2202 2201
f 2220 2200 2203
f 2220 2203 2222
f 2205 2204 2224
f 2206 2205 2226
f 2203 2206 2228
f 2204 2100 2229
f 2222 2223 2220
f 2224 2225 2205
f 2226 2227 2206
f 2228 2222 2203
f 2229 2224 2204
f 2220 2223 2230
f 2220 2230 2221
f 2205 2225 2226
f 2206 2227 2228
f 2100 2106 2229
f 2202 2220 2219
f 2220 2221 2217
f 2219 2198 2202
f 2217 2219 2220
f 2221 2218 2217
f 2239 2238 2240
f 2239 2241 2242
f 2240 2241 2239
f 2241 2240 2244
f 2237 2239 2242
f 2240 2245 2244
f 2246 2244 2245
f 2247 2248 2249
f 2253 2251 2250
f 2252 2251 2253
f 2257 2242 2241
f 2256 2257 2250
f 2258 2254 2259
f 2254 2255 2259
f 2250 2257 2241
f 2247 2253 2246
f 2244 2250 2241
f 2244 2246 2250
f 2250 2246 2253
f 2252 2247 2249
f 2253 2247 2252
f 2254 2249 2248
f 2249 2260 2261
f 2254 2260 2249
f 2254 2258 2260
f 2262 2263 2261
f 2264 2263 2262
f 2260 2262 2261
f 2260 2258 2259
f 2255 2260 2259
f 2260 2255 2265
f 2262 2260 2265
f 2262 2266 2264
f 2265 2266 2262
f 2266 2265 2267
f 2269 2268 2266
f 2269 2266 2267
f 2270 2269 2267
f 2242 2243 2271
f 2237 2242 2272
f 2250 2251 2274
f 2252 2249 2276
f 2251 2252 2278
f 2256 2250 2280
f 2242 2257 2282
f 2257 2256 2284
f 2249 2261 2286
f 2263 2264 2287
f 2264 2266 2289
f 2266 2268 2291
f 2261 2263 2292
f 2243 2242 2283
f 2271 2272 2242
f 2272 2273 2237
f 2274 2275 2250
f 2276 2277 2252
f 2278 2279 2251
f 2280 2281 2256
f 2282 2283 2242
f 2284 2285 2257
f 2286 2276 2249
f 2287 2288 2263
f 2289 2290 2264
f 2291 2289 2266
f 2283 2293 2243
f 2294 2291 2268
f 2243 2293 2296
f 2251 2279 2274
f 2252 2277 2278
f 2250 2275 2280
f 2256 2281 2284
f 2257 2297 2282
f 2257 2285 2297
f 2264 2290 2287
f 2263 2288 2292
f 2243 2296 2298
f 2271 2243 2299
f 2298 2299 2243
f 2299 2300 2271
f 2269 2270 2078
f 2268 2269 2074
f 2294 2268 2079
f 2295 2294 2083
f 2078 2075 2269
f 2074 2077 2268
f 2079 2083 2294
f 2083 2081 2295
f 2269 2075 2074
f 2268 2077 2076
f 2268 2076 2079
f 2295 2081 2080
f 2295 2080 2082
f 2240 2238 1846
f 2245 2240 1823
f 2246 2245 1828
f 2247 2246 1829
f 2248 2247 1831
f 2254 2248 1833
f 2255 2254 1847
f 2265 2255 1838
f 2267 2265 1839
f 2270 2267 2236
f 2078 2270 1845
f 1846 1824 2240
f 1823 1826 2245
f 1828 1830 2246
f 1829 1832 2247
f 1831 2231 2248
f 1833 1847 2254
f 1847 2232 2255
f 1838 1840 2265
f 1839 2236 2267
f 2236 1843 2270
f 1841 1846 2238
f 1845 1849 2078
f 2240 1824 1823
f 2245 1826 1825
f 2245 1825 1827
f 2245 1827 1828
f 2246 1830 1829
f 2247 1832 1831
f 2248 2231 1833
f 2255 2232 1835
f 2255 1835 2233
f 2255 2233 1838
f 2265 1840 1839
f 2270 1843 2234
f 2270 2234 2235
f 2270 2235 1845
f 2238 2239 2301
f 2239 2237 2303
f 2237 2273 2305
f 1841 2238 2307
f 2301 2302 2238
f 2303 2304 2239
f 2305 2306 2237
f 2307 2308 1841
f 2238 2302 2309
f 2239 2304 2301
f 2237 2306 2310
f 2237 2310 2311
f 2237 2311 2303
f 2238 2309 2312
f 2238 2312 2307
f 2273 2313 2305
f 1841 2308 2314
f 2299 2298 2315
f 2300 2299 2316
f 2315 2316 2299
f 2316 2317 2300
f 2319 2320 2316
f 2319 2316 2315
f 2320 2321 2317
f 2320 2317 2316
f 2353 2354 2355
f 2354 2353 2357
f 2357 2353 2358
f 2359 2357 2358
f 2360 2358 2356
f 2365 2366 2364
f 2362 2364 2366
f 2367 2366 2365
f 2362 2361 2364
f 2362 2366 2367
f 2367 2365 2368
f 2365 2369 2368
f 2368 2369 2371
f 2373 2372 2355
f 2354 2357 2359
f 2359 2375 2354
f 2359 2360 2375
f 2354 2374 2355
f 2364 2361 2356
f 2360 2363 2375
f 2359 2358 2360
f 2360 2356 2361
f 2371 2370 2376
f 2371 2369 2370
f 2356 2358 2332
f 2364 2356 2330
f 2365 2364 2334
f 2369 2365 2338
f 2370 2369 2339
f 2355 2372 2350
f 2358 2353 2341
f 2353 2355 2351
f 2376 2370 2347
f 2332 2331 2356
f 2330 2335 2364
f 2334 2337 2365
f 2338 2340 2369
f 2339 2348 2370
f 2350 2351 2355
f 2341 2333 2358
f 2351 2342 2353
f 2347 2352 2376
f 2356 2331 2330
f 2358 2333 2332
f 2364 2335 2334
f 2365 2337 2336
f 2365 2336 2338
f 2369 2340 2339
f 2353 2342 2341
f 2370 2345 2344
f 2370 2344 2346
f 2370 2346 2347
f 2370 2348 2345
f 2376 2352 2107
f 2352 2349 2105
f 2107 2102 2376
f 2105 2107 2352
f 2376 2102 2101
f 2376 2101 2104
f 2376 2104 2103
f 2349 2106 2105
f 2361 2362 1971
f 2363 2360 1973
f 2362 2367 1975
f 2367 2368 1977
f 2368 2371 1978
f 2373 2355 1979
f 2355 2374 1981
f 2375 2363 1982
f 2354 2375 1983
f 2360 2361 1985
f 2374 2354 1986
f 2371 2376 1989
f 2376 2103 1991
f 1971 1972 2361
f 1973 1974 2363
f 1975 1976 2362
f 1977 1975 2367
f 1978 1977 2368
f 1979 1980 2373
f 1981 1979 2355
f 1982 1983 2375
f 1983 1984 2354
f 1985 1973 2360
f 1986 1987 2374
f 1989 1990 2371
f 1991 1989 2376
f 2363 1974 1982
f 2361 1992 1985
f 2361 1972 1992
f 2362 1976 1971
f 2373 1980 1993
f 2374 1994 1981
f 2354 1984 1986
f 2374 1987 1994
f 2373 1993 1988
f 2371 1995 1978
f 2371 1990 1996
f 2371 1996 1995
f 2372 2373 2329
f 2350 2372 2327
f 2373 1988 2328
f 2329 2324 2372
f 2327 2322 2350
f 2328 2329 2373
f 2372 2324 2323
f 2372 2323 2325
f 2372 2325 2326
f 2372 2326 2327
f 1988 1908 2328
f 2343 2320 2319
f 2343 2321 2320
f 2261 2377 2378
f 2261 2378 2286
f 2388 2283 2282
f 2400 2388 2282
f 2405 2406 2407
f 2408 2407 2406
f 2408 2409 2407
f 2408 2410 2409
f 2409 2410 2411
f 2408 2412 2410
f 2413 2411 2415
f 2411 2410 2415
f 2412 2415 2410
f 2415 2412 2417
f 2418 2421 2419
f 2422 2421 2418
f 2422 2418 2401
f 2401 2404 2422
f 2415 2417 2414
f 2404 2423 2422
f 2417 2424 2414
f 2404 2425 2423
f 2420 2423 2425
f 2424 2417 2412
f 2427 2428 2429
f 2429 2428 2405
f 2415 2414 2413
f 2429 2431 2409
f 2420 2428 2423
f 2405 2428 2420
f 2405 2431 2429
f 2416 2405 2420
f 2419 2421 2427
f 2427 2421 2428
f 2421 2422 2428
f 2405 2416 2406
f 2422 2423 2428
f 2424 2432 2414
f 2405 2407 2431
f 2434 2414 2432
f 2433 2434 2432
f 2430 2414 2434
f 2431 2407 2409
f 2408 2406 2382
f 2412 2408 2385
f 2406 2416 2280
f 2416 2420 2389
f 2425 2404 2388
f 2420 2425 2400
f 2424 2412 2391
f 2433 2432 2392
f 2432 2424 2377
f 2399 2397 2404
f 2382 2386 2408
f 2385 2384 2412
f 2280 2383 2406
f 2389 2387 2416
f 2388 2400 2425
f 2400 2390 2420
f 2391 2378 2424
f 2392 2395 2433
f 2377 2393 2432
f 2402 2380 2379
f 2402 2381 2380
f 2406 2383 2382
f 2412 2384 2276
f 2408 2386 2385
f 2416 2387 2280
f 2404 2283 2388
f 2420 2390 2389
f 2412 2276 2391
f 2432 2393 2392
f 2433 2395 2394
f 2433 2394 2396
f 2424 2378 2377
f 2404 2397 2283
f 2433 2396 2294
f 2433 2294 2398
f 2434 2433 2214
f 2430 2434 2208
f 2433 2398 2213
f 2214 2209 2434
f 2208 2211 2430
f 2213 2214 2433
f 2434 2209 2208
f 2430 2211 2210
f 2430 2210 2212
f 2398 2082 2213
f 2403 2401 2435
f 2401 2418 2437
f 2418 2419 2439
f 2419 2427 2443
f 2381 2402 2445
f 2435 2436 2403
f 2437 2438 2401
f 2439 2440 2418
f 2441 2442 2427
f 2443 2444 2419
f 2445 2446 2381
f 2401 2438 2448
f 2418 2440 2449
f 2427 2442 2443
f 2419 2444 2439
f 2401 2448 2450
f 2401 2450 2435
f 2418 2449 2437
f 2402 2447 2451
f 2402 2451 2445
f 2413 2414 2452
f 2427 2429 2454
f 2429 2409 2456
f 2411 2413 2458
f 2409 2411 2460
f 2414 2430 2462
f 2430 2212 2463
f 2212 2207 2464
f 2441 2427 2465
f 2452 2453 2413
f 2454 2455 2427
f 2456 2457 2429
f 2458 2459 2411
f 2460 2461 2409
f 2462 2452 2414
f 2463 2462 2430
f 2464 2463 2212
f 2465 2466 2441
f 2413 2467 2468
f 2413 2468 2458
f 2413 2453 2467
f 2426 2469 2470
f 2426 2471 2469
f 2426 2472 2471
f 2426 2470 2472
f 2429 2473 2454
f 2429 2457 2473
f 2409 2461 2456
f 2427 2455 2465
f 2411 2459 2460
f 2207 2216 2464
f 2441 2466 2474
f 2403 2402 2475
f 2404 2401 2477
f 2401 2403 2479
f 2399 2404 2478
f 2402 2379 2481
f 2402 2403 2482
f 2447 2402 2484
f 2403 2436 2486
f 2475 2476 2403
f 2477 2478 2404
f 2479 2477 2401
f 2478 2480 2399
f 2481 2475 2402
f 2482 2483 2402
f 2484 2485 2447
f 2486 2482 2403
f 2403 2476 2479
f 2399 2480 2487
f 2379 2488 2481
f 2402 2483 2484
f 2489 2490 2436
f 2489 2436 2435
f 2491 2492 2438
f 2491 2438 2437
f 2493 2494 2440
f 2493 2440 2439
f 2495 2496 2442
f 2495 2442 2441
f 2497 2498 2444
f 2497 2444 2443
f 2499 2318 2446
f 2499 2446 2445
f 2492 2500 2448
f 2492 2448 2438
f 2494 2501 2449
f 2494 2449 2440
f 2496 2497 2443
f 2496 2443 2442
f 2498 2493 2439
f 2498 2439 2444
f 2500 2502 2450
f 2500 2450 2448
f 2502 2489 2435
f 2502 2435 2450
f 2501 2491 2437
f 2501 2437 2449
f 2503 2504 2451
f 2503 2451 2447
f 2504 2499 2445
f 2504 2445 2451
f 2505 2506 2455
f 2508 2507 2466
f 2508 2466 2465
f 2509 2510 2470
f 2509 2470 2469
f 2511 2509 2469
f 2511 2469 2471
f 2506 2508 2465
f 2506 2465 2455
f 2507 2512 2474
f 2507 2474 2466
f 2513 2514 2476
f 2513 2476 2475
f 2515 2516 2478
f 2515 2478 2477
f 2517 2515 2477
f 2517 2477 2479
f 2516 2518 2480
f 2516 2480 2478
f 2519 2513 2475
f 2519 2475 2481
f 2520 2521 2483
f 2520 2483 2482
f 2523 2522 2485
f 2523 2485 2484
f 2490 2524 2486
f 2490 2486 2436
f 2524 2520 2482
f 2524 2482 2486
f 2514 2517 2479
f 2514 2479 2476
f 2518 2525 2487
f 2518 2487 2480
f 2526 2519 2481
f 2526 2481 2488
f 2521 2523 2484
f 2521 2484 2483
f 2573 2571 2574
f 2575 2572 2573
f 2573 2572 2571
f 2577 2578 2579
f 2580 2581 2582
f 2580 2582 2575
f 2580 2575 2584
f 2575 2573 2584
f 2585 2581 2586
f 2581 2585 2582
f 2582 2585 2587
f 2587 2588 2589
f 2588 2590 2589
f 2589 2582 2587
f 2589 2590 2591
f 2582 2591 2575
f 2591 2572 2575
f 2589 2591 2582
f 2580 2584 2592
f 2584 2574 2592
f 2584 2573 2574
f 2590 2576 2591
f 2591 2576 2572
f 2576 2579 2578
f 2595 2583 2579
f 2579 2583 2577
f 2571 2572 2330
f 2574 2571 2332
f 2572 2576 2334
f 2576 2578 2336
f 2578 2577 2338
f 2577 2583 2339
f 2592 2574 2341
f 2594 2593 2343
f 2596 2597 2344
f 2597 2598 2346
f 2598 2599 2347
f 2583 2596 2345
f 2330 2331 2571
f 2332 2333 2574
f 2334 2335 2572
f 2336 2337 2576
f 2338 2336 2578
f 2339 2340 2577
f 2341 2342 2592
f 2344 2345 2596
f 2346 2344 2597
f 2347 2346 2598
f 2345 2348 2583
f 2571 2331 2332
f 2572 2335 2330
f 2576 2337 2334
f 2577 2340 2338
f 2583 2348 2339
f 2592 2351 2350
f 2574 2333 2341
f 2592 2342 2351
f 2599 2352 2347
f 2599 2349 2352
f 2599 2598 2226
f 2598 2597 2228
f 2349 2599 2229
f 2230 2223 2597
f 2226 2225 2599
f 2228 2227 2598
f 2229 2106 2349
f 2597 2223 2222
f 2599 2225 2224
f 2598 2227 2226
f 2597 2222 2228
f 2599 2224 2229
f 2581 2580 2541
f 2587 2585 2545
f 2588 2587 2529
f 2585 2586 2546
f 2586 2581 2527
f 2580 2592 2548
f 2592 2350 2549
f 2541 2528 2581
f 2545 2530 2587
f 2529 2532 2588
f 2546 2534 2585
f 2527 2536 2586
f 2548 2542 2580
f 2549 2540 2592
f 2581 2528 2527
f 2587 2530 2529
f 2588 2532 2531
f 2585 2534 2533
f 2586 2536 2535
f 2592 2540 2539
f 2580 2542 2541
f 2585 2533 2545
f 2586 2535 2546
f 2592 2539 2548
f 2350 2322 2549
f 2576 2590 2552
f 2590 2588 2563
f 2579 2576 2550
f 2595 2579 2564
f 2583 2595 2556
f 2596 2583 2565
f 2597 2596 2566
f 2230 2597 2557
f 2221 2230 2567
f 2588 2531 2568
f 2531 2538 2569
f 2538 2537 2570
f 2537 2547 2561
f 2552 2551 2576
f 2563 2553 2590
f 2550 2564 2579
f 2564 2555 2595
f 2556 2565 2583
f 2565 2566 2596
f 2566 2558 2597
f 2557 2567 2230
f 2567 2560 2221
f 2568 2563 2588
f 2569 2568 2531
f 2570 2569 2538
f 2561 2570 2537
f 2576 2551 2550
f 2590 2553 2552
f 2595 2555 2554
f 2595 2554 2556
f 2597 2558 2557
f 2221 2560 2559
f 2221 2559 2218
f 2547 2562 2561
f 2593 2594 2517
f 2594 2343 2525
f 2343 2593 2519
f 2544 2543 2523
f 2517 2514 2593
f 2525 2518 2594
f 2519 2526 2343
f 2523 2521 2544
f 2593 2514 2513
f 2594 2516 2515
f 2594 2515 2517
f 2594 2518 2516
f 2593 2513 2519
f 2544 2521 2520
f 2543 2522 2523
f 2544 2520 2524
f 2600 2601 2602
f 2600 2602 1881
f 2603 2604 2161
f 2603 2161 2133
f 2455 2605 2505
f 2605 2506 2505
f 1663 1693 1633
f 1663 1633 1592
f 2606 2607 2127
f 2606 2127 2126
f 2608 2609 2129
f 2608 2129 2128
f 2610 2606 2126
f 2610 2126 2130
f 2611 2612 2132
f 2611 2132 2131
f 2613 2614 2135
f 2613 2135 2134
f 2615 2616 2137
f 2615 2137 2136
f 2617 2618 2139
f 2617 2139 2138
f 2619 2620 2141
f 2619 2141 2140
f 2621 2622 2143
f 2621 2143 2142
f 2623 2624 2145
f 2623 2145 2144
f 2625 2626 2147
f 2625 2147 2146
f 2627 2610 2130
f 2627 2130 2148
f 2628 2611 2131
f 2628 2131 2149
f 2629 2630 2151
f 2629 2151 2150
f 2609 2625 2146
f 2609 2146 2129
f 2631 2632 2154
f 2631 2154 2153
f 2633 2619 2140
f 2633 2140 2155
f 2634 2615 2136
f 2634 2136 2156
f 2635 2636 2158
f 2635 2158 2157
f 2630 2634 2156
f 2630 2156 2151
f 2632 2613 2134
f 2632 2134 2154
f 2636 2623 2144
f 2636 2144 2158
f 2607 2637 2159
f 2607 2159 2127
f 2637 2608 2128
f 2637 2128 2159
f 2612 2627 2148
f 2612 2148 2132
f 2603 2628 2149
f 2603 2149 2133
f 2614 2638 2152
f 2614 2152 2135
f 2616 2635 2157
f 2616 2157 2137
f 2618 2629 2150
f 2618 2150 2139
f 2620 2631 2153
f 2620 2153 2141
f 2622 2617 2138
f 2622 2138 2143
f 2624 2633 2155
f 2624 2155 2145
f 2626 2621 2142
f 2626 2142 2147
f 2638 2639 2164
f 2638 2164 2152
f 2640 2641 2642
f 2640 2642 2643
f 2643 2644 2640
f 2645 2640 2644
f 2642 2646 2647
f 2648 2649 2650
f 2651 2652 2653
f 2654 2655 2656
f 2657 2658 2659
f 2660 2661 2662
f 2651 2653 2663
f 2661 2640 2645
f 2661 2645 2662
f 2640 2661 2664
f 2653 2665 2663
f 2663 2665 2657
f 2666 2658 2657
f 2666 2657 2665
f 2667 2659 2658
f 2655 2659 2667
f 2646 2642 2668
f 2642 2669 2670
f 2667 2658 2671
f 2656 2667 2672
f 2671 2672 2667
f 2673 2672 2671
f 2673 2671 2674
f 2671 2658 2674
f 2658 2675 2674
f 2676 2662 2677
f 2677 2662 2651
f 2645 2651 2662
f 2676 2677 2678
f 2677 2679 2680
f 2677 2680 2678
f 2651 2663 2677
f 2677 2663 2679
f 2652 2651 2645
f 2650 2681 2648
f 2682 2683 2684
f 2685 2686 2687
f 2687 2686 2688
f 2679 2659 2655
f 2689 2690 2691
f 2663 2659 2679
f 2663 2657 2659
f 2692 2693 2689
f 2689 2691 2692
f 2687 2693 2685
f 2689 2694 2690
f 2695 2690 2694
f 2687 2696 2693
f 2689 2693 2696
f 2696 2694 2689
f 2697 2673 2698
f 2674 2699 2673
f 2698 2673 2699
f 2700 2701 2669
f 2688 2698 2699
f 2688 2686 2698
f 2690 2702 2703
f 2690 2695 2702
f 2704 2703 2702
f 2701 2705 2670
f 2673 2697 2672
f 2706 2702 2707
f 2707 2702 2708
f 2702 2695 2708
f 2698 2686 2709
f 2710 2711 2685
f 2685 2712 2710
f 2710 2712 2693
f 2693 2712 2685
f 2686 2685 2711
f 2686 2711 2709
f 2713 2714 2715
f 2716 2717 2718
f 2721 2722 2723
f 2720 2719 2724
f 2719 2725 2724
f 2726 2715 2714
f 2719 2727 2728
f 2729 2723 2722
f 2715 2707 2730
f 2661 2660 2664
f 2660 2700 2664
f 2708 2730 2707
f 2701 2700 2660
f 2710 2731 2711
f 2716 2718 2714
f 2714 2732 2716
f 2728 2725 2719
f 2722 2732 2713
f 2713 2732 2714
f 2707 2715 2706
f 2660 2662 2676
f 2727 2733 2728
f 2718 2734 2733
f 2693 2735 2710
f 2718 2733 2727
f 2736 2660 2676
f 2737 2734 2717
f 2714 2718 2727
f 2736 2701 2660
f 2718 2717 2734
f 2736 2676 2738
f 2731 2735 2740
f 2735 2692 2740
f 2741 2734 2742
f 2729 2722 2708
f 2740 2692 2691
f 2740 2703 2704
f 2701 2670 2669
f 2741 2733 2734
f 2728 2741 2743
f 2733 2741 2728
f 2708 2722 2730
f 2738 2676 2678
f 2715 2722 2713
f 2715 2730 2722
f 2744 2738 2654
f 2654 2738 2680
f 2742 2734 2737
f 2740 2704 2726
f 2744 2697 2731
f 2717 2723 2737
f 2731 2697 2709
f 2737 2723 2745
f 2682 2724 2683
f 2725 2683 2724
f 2668 2642 2670
f 2746 2737 2745
f 2737 2746 2742
f 2704 2715 2726
f 2704 2706 2715
f 2731 2709 2711
f 2664 2641 2640
f 2717 2716 2721
f 2744 2654 2656
f 2717 2721 2723
f 2692 2735 2693
f 2721 2716 2732
f 2744 2656 2672
f 2721 2732 2722
f 2691 2703 2740
f 2744 2672 2697
f 2683 2748 2749
f 2682 2720 2724
f 2750 2748 2683
f 2738 2678 2680
f 2682 2739 2720
f 2682 2751 2747
f 2703 2691 2690
f 2655 2667 2656
f 2748 2741 2742
f 2709 2697 2698
f 2683 2725 2750
f 2739 2682 2747
f 2731 2710 2735
f 2642 2641 2669
f 2751 2682 2684
f 2679 2654 2680
f 2725 2728 2750
f 2728 2743 2750
f 2655 2654 2679
f 2743 2741 2748
f 2743 2748 2750
f 2704 2702 2706
f 2700 2641 2664
f 2683 2749 2684
f 2669 2641 2700
f 2688 2752 2687
f 2646 2753 2647
f 2658 2666 2675
f 2754 2755 2756
f 2757 2758 2759
f 2760 2757 2759
f 2761 2762 2763
f 2764 2762 2761
f 2765 2758 2757
f 2766 2767 2768
f 2766 2769 2767
f 2770 2771 2772
f 2770 2773 2771
f 2766 2768 2774
f 2770 2775 2773
f 2776 2773 2775
f 2777 2769 2766
f 2757 2778 2779
f 2766 2774 2777
f 2780 2774 2768
f 2781 2782 2783
f 2784 2785 2786
f 2779 2787 2788
f 2789 2787 2779
f 2790 2763 2791
f 2761 2763 2790
f 2792 2761 2793
f 2794 2774 2780
f 2795 2796 2797
f 2777 2774 2798
f 2798 2774 2794
f 2777 2798 2799
f 2800 2801 2802
f 2794 2780 2795
f 2764 2761 2792
f 2797 2794 2795
f 2790 2791 2803
f 2800 2804 2805
f 2794 2797 2806
f 2798 2794 2806
f 2767 2769 2807
f 2800 2805 2801
f 2805 2808 2801
f 2798 2806 2809
f 2809 2810 2798
f 2811 2790 2803
f 2812 2790 2811
f 2801 2808 2813
f 2807 2769 2814
f 2815 2816 2804
f 2817 2807 2814
f 2818 2815 2819
f 2820 2804 2800
f 2804 2820 2815
f 2820 2802 2821
f 2820 2821 2810
f 2822 2817 2814
f 2823 2785 2784
f 2768 2824 2792
f 2800 2802 2820
f 2825 2821 2802
f 2825 2802 2826
f 2827 2825 2826
f 2828 2829 2830
f 2831 2813 2808
f 2826 2802 2832
f 2832 2802 2801
f 2824 2764 2792
f 2777 2810 2821
f 2810 2777 2799
f 2833 2792 2793
f 2799 2798 2810
f 2809 2820 2810
f 2834 2820 2809
f 2834 2815 2820
f 2815 2834 2819
f 2763 2835 2791
f 2819 2834 2836
f 2825 2822 2814
f 2837 2792 2833
f 2821 2769 2777
f 2838 2839 2840
f 2769 2821 2814
f 2839 2838 2841
f 2811 2803 2842
f 2768 2792 2837
f 2814 2821 2825
f 2843 2844 2845
f 2846 2811 2842
f 2847 2848 2849
f 2847 2850 2841
f 2851 2850 2847
f 2793 2761 2790
f 2851 2852 2850
f 2852 2853 2850
f 2854 2855 2851
f 2856 2851 2847
f 2849 2856 2847
f 2851 2856 2852
f 2857 2858 2859
f 2860 2861 2851
f 2861 2856 2851
f 2862 2863 2864
f 2840 2822 2825
f 2856 2849 2865
f 2866 2856 2865
f 2840 2825 2827
f 2796 2795 2867
f 2868 2869 2870
f 2871 2839 2841
f 2872 2873 2874
f 2875 2858 2857
f 2873 2872 2876
f 2780 2768 2837
f 2874 2873 2877
f 2844 2843 2878
f 2871 2841 2879
f 2866 2852 2856
f 2879 2841 2880
f 2881 2869 2857
f 2846 2842 2882
f 2883 2878 2843
f 2826 2832 2884
f 2826 2884 2885
f 2886 2887 2888
f 2884 2889 2885
f 2841 2850 2880
f 2884 2848 2889
f 2813 2832 2801
f 2813 2884 2832
f 2890 2875 2857
f 2887 2891 2888
f 2891 2887 2892
f 2893 2892 2858
f 2894 2892 2887
f 2813 2895 2884
f 2895 2813 2896
f 2897 2888 2891
f 2898 2899 2882
f 2884 2895 2848
f 2900 2892 2901
f 2902 2903 2904
f 2905 2900 2906
f 2806 2907 2809
f 2902 2904 2870
f 2876 2872 2897
f 2897 2891 2900
f 2846 2882 2886
f 2867 2846 2886
f 2897 2900 2876
f 2908 2797 2796
f 2899 2886 2882
f 2796 2867 2886
f 2904 2868 2870
f 2908 2796 2886
f 2908 2909 2797
f 2891 2892 2900
f 2880 2850 2853
f 2907 2806 2797
f 2898 2882 2870
f 2909 2907 2797
f 2906 2900 2901
f 2908 2886 2888
f 2831 2896 2813
f 2888 2909 2908
f 2893 2901 2892
f 2910 2899 2898
f 2910 2894 2899
f 2911 2912 2913
f 2893 2858 2875
f 2895 2896 2845
f 2914 2910 2898
f 2896 2915 2845
f 2916 2816 2815
f 2886 2894 2887
f 2916 2815 2818
f 2909 2872 2907
f 2886 2899 2894
f 2844 2849 2848
f 2914 2898 2870
f 2844 2917 2849
f 2849 2917 2865
f 2873 2876 2877
f 2881 2910 2914
f 2897 2909 2888
f 2872 2909 2897
f 2870 2869 2914
f 2905 2876 2900
f 2918 2865 2917
f 2859 2881 2857
f 2918 2878 2865
f 2893 2875 2919
f 2901 2893 2919
f 2844 2848 2895
f 2877 2920 2874
f 2921 2920 2877
f 2922 2923 2924
f 2921 2877 2911
f 2876 2912 2877
f 2911 2877 2912
f 2894 2910 2859
f 2872 2809 2907
f 2872 2874 2809
f 2913 2912 2925
f 2923 2926 2927
f 2928 2822 2839
f 2836 2834 2874
f 2874 2834 2809
f 2920 2836 2874
f 2906 2901 2929
f 2844 2895 2845
f 2910 2881 2859
f 2918 2917 2844
f 2881 2914 2869
f 2905 2912 2876
f 2817 2822 2928
f 2918 2844 2878
f 2854 2851 2856
f 2894 2859 2892
f 2924 2923 2930
f 2865 2878 2866
f 2901 2919 2931
f 2858 2892 2859
f 2929 2901 2931
f 2879 2880 2932
f 2933 2934 2902
f 2856 2861 2935
f 2936 2866 2878
f 2854 2856 2935
f 2937 2938 2939
f 2842 2933 2902
f 2940 2941 2931
f 2929 2931 2941
f 2942 2941 2943
f 2906 2929 2905
f 2941 2940 2943
f 2940 2944 2937
f 2923 2927 2930
f 2790 2812 2793
f 2793 2812 2833
f 2925 2905 2929
f 2925 2929 2942
f 2944 2940 2931
f 2945 2946 2947
f 2938 2948 2939
f 2949 2924 2930
f 2941 2942 2929
f 2839 2822 2840
f 2926 2950 2927
f 2925 2912 2905
f 2885 2838 2826
f 2847 2838 2885
f 2951 2952 2913
f 2953 2949 2930
f 2954 2955 2956
f 2889 2847 2885
f 2953 2937 2949
f 2847 2889 2848
f 2826 2838 2840
f 2957 2958 2959
f 2960 2927 2950
f 2871 2928 2839
f 2948 2961 2939
f 2937 2944 2949
f 2962 2963 2964
f 2951 2913 2925
f 2965 2966 2952
f 2967 2964 2968
f 2962 2964 2967
f 2969 2869 2868
f 2967 2968 2970
f 2842 2902 2870
f 2971 2968 2964
f 2882 2842 2870
f 2965 2972 2966
f 2930 2927 2973
f 2969 2922 2924
f 2890 2969 2924
f 2795 2837 2833
f 2930 2973 2953
f 2974 2924 2949
f 2964 2963 2961
f 2890 2924 2974
f 2975 2953 2976
f 2847 2841 2838
f 2977 2851 2855
f 2840 2827 2826
f 2818 2819 2978
f 2979 2980 2978
f 2812 2795 2833
f 2951 2925 2942
f 2963 2943 2940
f 2981 2956 2982
f 2983 2984 2957
f 2972 2967 2970
f 2985 2986 2987
f 2943 2963 2942
f 2780 2837 2795
f 2988 2989 2990
f 2937 2939 2940
f 2956 2981 2954
f 2991 2981 2982
f 2992 2952 2951
f 2965 2952 2992
f 2993 2948 2938
f 2964 2961 2983
f 2953 2973 2976
f 2994 2995 2996
f 2997 2996 2995
f 2938 2937 2975
f 2831 2818 2978
f 2998 2999 3000
f 2953 2975 2937
f 2951 3001 2992
f 3002 2948 2993
f 2951 2942 3001
f 2963 2940 2939
f 3003 2982 3004
f 2890 2869 2969
f 2795 2812 2811
f 2890 2857 2869
f 2978 2985 2987
f 3005 2961 2948
f 2947 2972 2970
f 2927 2960 2973
f 2939 2961 2963
f 2957 2964 2983
f 2964 2957 2971
f 2982 3006 3004
f 2957 2984 2988
f 2948 3002 3005
f 2854 2987 2986
f 2919 2890 2974
f 2975 2976 3007
f 2932 2880 2955
f 2867 2795 2811
f 2819 2836 2978
f 2836 2979 2978
f 2979 2836 2920
f 3008 2999 2954
f 2979 2920 2980
f 2961 3005 2984
f 2987 2854 3009
f 2944 2919 2949
f 2949 2919 2974
f 2880 2853 3010
f 2991 3000 3008
f 2977 3011 2946
f 3011 2977 2855
f 2921 2980 2920
f 2880 3010 2955
f 2855 2986 3011
f 2855 2854 2986
f 2958 3000 2959
f 2998 3000 2958
f 3000 2999 3008
f 2972 2965 2967
f 2986 2985 3011
f 2946 3011 2985
f 2919 2944 2931
f 2811 2846 2867
f 2984 3005 3012
f 2947 2946 2966
f 2919 2875 2890
f 2972 2947 2966
f 2852 2860 2853
f 2860 3010 2853
f 3006 3010 2860
f 2851 2977 2860
f 3003 2991 2982
f 2942 2963 2962
f 3013 2980 2921
f 3010 2956 2955
f 2911 3013 2921
f 3006 2860 2977
f 2989 2988 2984
f 2860 2852 2866
f 2868 2904 2926
f 2936 2861 2860
f 2991 3008 2981
f 2989 2984 3012
f 2981 3008 2954
f 2985 2980 3013
f 3013 2966 2985
f 2936 2860 3014
f 2866 3014 2860
f 2966 2946 2985
f 2968 2947 2970
f 2945 2947 2968
f 2973 2960 3015
f 2977 2946 2945
f 3004 2977 2945
f 3006 2977 3004
f 3016 3017 3018
f 2976 2973 3015
f 3019 3004 2945
f 3006 2982 3010
f 3020 3016 3018
f 2952 2966 3013
f 2982 2956 3010
f 2824 2768 2767
f 2950 2926 2904
f 3021 3017 3016
f 3019 2945 2968
f 2994 3017 3021
f 3022 2994 3021
f 3004 3019 3003
f 2980 2985 2978
f 2959 3003 3019
f 2988 2990 2957
f 3020 3018 3023
f 2950 3024 2960
f 2954 2999 3016
f 2998 2958 2995
f 2995 3022 2998
f 2962 3001 2942
f 3019 2968 2971
f 3013 2911 2913
f 2916 2804 2816
f 2913 2952 3013
f 3022 2995 2994
f 3025 3026 3027
f 2960 3024 3028
f 2954 3016 3020
f 2904 3029 2950
f 2993 2938 3030
f 2994 3031 3017
f 3026 3032 3027
f 2960 3028 3033
f 3034 3032 3026
f 2965 2992 2967
f 2962 2967 3001
f 3033 3028 3035
f 2967 2992 3001
f 3017 3031 3036
f 3027 3030 3025
f 2831 2808 2916
f 3036 3018 3017
f 3030 3027 3037
f 2818 2831 2916
f 3034 3038 3032
f 2990 2958 2957
f 2997 2958 2990
f 2958 2997 2995
f 3039 3005 3002
f 3032 3037 3027
f 2993 3030 3040
f 3040 3030 3037
f 2926 2922 2868
f 2969 2868 2922
f 3037 3042 3040
f 3039 3002 2993
f 3005 3039 3043
f 2976 3015 3007
f 3039 3040 3042
f 3039 2993 3040
f 3044 3045 3046
f 3039 3047 3043
f 3042 3047 3039
f 3048 3049 3050
f 3015 3026 3007
f 3026 3025 3007
f 2926 2923 2922
f 3007 3025 2975
f 3051 3044 3046
f 2975 3025 2938
f 2938 3025 3030
f 3052 3053 3054
f 3042 3037 3055
f 3055 3056 3042
f 3049 3056 3055
f 3049 3055 3057
f 3058 3059 3060
f 3061 3062 3063
f 3064 3063 3062
f 2831 2987 2915
f 3059 3058 3065
f 3066 3067 3068
f 3064 3069 3063
f 3050 3055 3052
f 3057 3055 3050
f 3070 2755 3071
f 3072 2996 3073
f 3050 3052 3054
f 2978 2987 2831
f 3047 3042 3056
f 3073 3074 3072
f 3075 3047 3076
f 3050 3049 3057
f 3073 3077 3074
f 3076 3047 3078
f 3069 3064 3079
f 3067 3080 3081
f 3067 3082 3080
f 3083 3082 3067
f 2864 3084 3085
f 3086 3087 3088
f 3073 3089 3077
f 3090 3089 3069
f 3083 3067 3066
f 3091 3092 3093
f 3091 3094 3092
f 3095 3082 3096
f 3086 3097 3087
f 3098 3077 3089
f 3098 3089 3090
f 3038 3095 3096
f 3099 3087 3097
f 3091 3093 3100
f 3091 3100 3101
f 3098 3090 3079
f 3051 3053 3044
f 3102 3077 3098
f 3091 3101 3103
f 3104 3083 3066
f 3053 3052 3044
f 3083 3104 3105
f 3032 3038 3096
f 3064 3106 3107
f 3108 3079 3064
f 3109 3106 3064
f 3045 3083 3105
f 3110 3107 3106
f 2845 2915 3009
f 3091 3103 3094
f 3096 3082 3083
f 2987 3009 2915
f 3111 3104 3066
f 3062 3112 3109
f 3113 3114 3115
f 3115 3114 3116
f 3046 3045 3105
f 3096 3045 3032
f 3105 3117 3046
f 3118 3046 3117
f 3078 3047 3056
f 3118 3051 3046
f 3048 3119 3049
f 3083 3045 3096
f 3120 3119 3113
f 3105 3104 3117
f 3119 3121 3113
f 3049 3078 3056
f 3087 3122 3123
f 3120 3076 3078
f 3123 3122 3124
f 3095 3033 3035
f 3125 3126 3103
f 3125 3127 3126
f 3116 3125 3115
f 3120 3128 3076
f 3129 3114 3113
f 3130 3131 3123
f 3123 3124 3130
f 3132 3128 3120
f 3077 3097 3086
f 3133 3103 3126
f 3049 3120 3078
f 3109 3092 3106
f 3065 3134 3121
f 3135 3136 3137
f 3043 3012 3005
f 3102 3097 3077
f 3134 3129 3121
f 3120 3049 3119
f 3052 3037 3032
f 3121 3129 3113
f 3138 3139 3140
f 3055 3037 3052
f 3116 3129 3141
f 3128 3142 3076
f 3018 3036 3074
f 2960 3033 3143
f 3144 3053 3051
f 3043 3145 3012
f 3144 3146 3053
f 3115 3120 3113
f 3144 3051 3118
f 3147 3148 3149
f 3115 3132 3120
f 3137 3150 3135
f 3137 3151 3150
f 3052 3032 3044
f 3045 3044 3032
f 3152 3153 3148
f 3152 3148 3147
f 3112 3142 3128
f 3154 3155 3147
f 3101 3132 3115
f 3000 3003 2959
f 3125 3101 3115
f 3018 3074 3023
f 3118 3117 3156
f 3103 3101 3125
f 3157 3158 3152
f 3000 2991 3003
f 3155 3157 3152
f 3050 3054 3060
f 3147 3155 3152
f 3114 3129 3116
f 3159 3138 3160
f 3161 3093 3109
f 3161 3100 3093
f 3100 3161 3128
f 3148 3153 3131
f 3158 3157 3086
f 3136 3162 3151
f 3012 3145 2989
f 3088 3158 3086
f 3048 3050 3059
f 3163 3159 3164
f 3136 3151 3137
f 3111 3066 3135
f 3059 3050 3060
f 3116 3127 3125
f 3116 3141 3127
f 3074 3165 3154
f 3131 3153 3123
f 3152 3158 3153
f 2845 3009 2843
f 3166 3111 3135
f 3166 3167 3111
f 3119 3048 3059
f 3059 3065 3119
f 3132 3100 3128
f 2854 2843 3009
f 3101 3100 3132
f 3166 3168 3167
f 3123 3153 3088
f 3153 3158 3088
f 3047 3075 3043
f 3169 3118 3170
f 2989 3145 3063
f 3169 3144 3118
f 3139 3144 3169
f 3167 3117 3104
f 3133 3094 3103
f 3171 3172 3170
f 3121 3119 3065
f 3053 3146 3054
f 3160 3173 3174
f 3060 3054 3146
f 3160 3175 3173
f 3172 3169 3170
f 3075 3076 3142
f 3065 3163 3134
f 3176 3172 3171
f 3177 3139 3169
f 3139 3177 3178
f 3169 3172 3177
f 3172 3178 3177
f 3179 3180 3130
f 3181 3171 3170
f 3077 3165 3074
f 3156 3117 3167
f 2984 2983 2961
f 2960 3143 3015
f 3173 3182 3174
f 3163 3183 3134
f 3138 3146 3144
f 3144 3139 3138
f 3184 3180 3179
f 3145 3043 3075
f 3087 3123 3088
f 3176 3178 3172
f 3061 3112 3062
f 3185 3141 3134
f 3186 3141 3185
f 3187 3188 3182
f 3175 3140 3178
f 3166 3135 3150
f 3140 3139 3178
f 3064 3062 3109
f 3093 3092 3109
f 3171 3189 3190
f 3190 3176 3171
f 3126 3191 3133
f 3148 3192 3149
f 3193 3171 3181
f 3194 3195 3196
f 3197 2883 2843
f 3198 3199 3200
f 3199 3201 3200
f 3199 3187 3202
f 3185 3134 3183
f 3183 3163 3203
f 3204 3205 3198
f 3206 3204 3198
f 3178 3207 3175
f 3200 3208 3198
f 3206 3198 3208
f 3209 3204 3206
f 3210 3209 3206
f 3176 3207 3178
f 3060 3146 3159
f 3136 3068 3067
f 3145 3061 3063
f 3211 3180 3212
f 3213 3085 3214
f 2808 2805 2804
f 3159 3058 3060
f 3136 3215 3216
f 3217 3173 3175
f 3207 3217 3175
f 3181 3170 3167
f 3068 3135 3066
f 3212 3180 3218
f 3156 3167 3170
f 3111 3167 3104
f 3061 3145 3075
f 3219 3186 3185
f 3170 3118 3156
f 3138 3140 3160
f 3181 3167 3168
f 3220 3195 3221
f 3143 3033 3095
f 3191 3186 3219
f 3061 3075 3142
f 3163 3065 3058
f 3222 3223 3224
f 3149 3192 3194
f 3173 3217 3225
f 3127 3186 3126
f 3136 3067 3215
f 3175 3160 3140
f 3173 3187 3182
f 3226 3181 3168
f 3201 3227 3200
f 3159 3174 3164
f 2916 2808 2804
f 3186 3191 3126
f 3159 3160 3174
f 3163 3164 3203
f 3163 3058 3159
f 3181 3226 3193
f 3228 3229 3227
f 3187 3173 3225
f 3229 3208 3227
f 3068 3136 3135
f 3230 3217 3207
f 3195 3231 3221
f 2936 3197 2861
f 3182 3164 3174
f 3211 3231 3232
f 3143 3095 3034
f 3233 3184 3124
f 3234 3231 3211
f 3159 3146 3138
f 3184 3130 3124
f 3184 3179 3130
f 3235 3225 3217
f 2994 3036 3031
f 3182 3188 3203
f 3182 3203 3164
f 3234 3236 3231
f 3187 3225 3202
f 3231 3236 3237
f 3095 3035 3238
f 3202 3225 3235
f 3239 3227 3201
f 3208 3200 3227
f 3073 3069 3089
f 3199 3239 3201
f 3090 3069 3079
f 3199 3240 3239
f 3235 3217 3241
f 3242 3243 3244
f 3245 3036 3072
f 3227 3239 3246
f 3246 3228 3227
f 3247 3244 3248
f 3194 3249 3250
f 3235 3241 3240
f 3242 3244 3247
f 3240 3199 3202
f 3180 3250 3249
f 3102 3099 3097
f 3240 3202 3235
f 3229 3206 3208
f 3107 3108 3064
f 3251 3108 3107
f 3206 3229 3252
f 3253 3240 3241
f 3254 3240 3253
f 3255 3183 3203
f 3239 3240 3254
f 3063 2997 2990
f 3256 3257 3258
f 3195 3250 3232
f 3129 3134 3141
f 3259 3260 3261
f 3262 3209 3210
f 3262 3210 3206
f 3098 3079 3108
f 3252 3262 3206
f 3263 3264 3265
f 3250 3195 3194
f 3266 3257 3256
f 3186 3127 3141
f 3185 3183 3255
f 3260 3264 3263
f 3267 3219 3185
f 3185 3255 3267
f 3268 3219 3267
f 3228 3252 3229
f 3250 3180 3232
f 3211 3232 3180
f 3252 3228 3246
f 3269 3256 3270
f 3063 2990 2989
f 3015 3143 3026
f 3232 3231 3195
f 3271 3219 3268
f 3188 3187 3203
f 3187 3255 3203
f 3131 3192 3148
f 3221 3272 3220
f 3131 3273 3192
f 3099 3263 3265
f 3221 3231 3237
f 3187 3199 3198
f 3026 3143 3034
f 3274 3261 3275
f 3194 3192 3249
f 3130 3273 3131
f 3107 3110 3251
f 3212 3234 3211
f 3255 3187 3267
f 3198 3267 3187
f 3149 3194 3196
f 3198 3205 3267
f 3259 3261 3274
f 3258 3251 3110
f 2994 2996 3036
f 3267 3205 3276
f 3192 3273 3249
f 3234 3212 3277
f 3099 3122 3087
f 3278 3279 3259
f 3106 3092 3275
f 3106 3275 3110
f 3276 3271 3268
f 3268 3267 3276
f 3270 3110 3275
f 3095 3238 3082
f 3102 3280 3099
f 3130 3249 3273
f 3130 3180 3249
f 3099 3280 3263
f 3281 3282 3283
f 3280 3284 3263
f 3258 3110 3270
f 3221 3237 3272
f 3285 3286 3287
f 3288 3263 3284
f 3234 3289 3290
f 3291 3278 3292
f 3258 3270 3256
f 3293 3291 3292
f 3279 3278 3291
f 3264 3260 3259
f 3279 3265 3264
f 3072 3036 2996
f 3294 3265 3279
f 3284 3266 3256
f 3295 3296 3281
f 3069 2997 3063
f 3196 3195 3220
f 3099 3294 3297
f 3298 3283 3299
f 3157 3155 3165
f 3295 3281 3283
f 3300 3288 3301
f 2997 3069 2996
f 3023 3074 3154
f 3256 3269 3300
f 3069 3073 2996
f 3301 3302 3303
f 2915 2896 2831
f 3284 3256 3302
f 3304 3305 3306
f 3099 3265 3294
f 3302 3256 3309
f 3256 3300 3309
f 3269 3260 3300
f 3301 3288 3302
f 3288 3284 3302
f 3074 3036 3245
f 3098 3108 3280
f 3108 3251 3280
f 3260 3263 3288
f 3260 3288 3300
f 3280 3102 3098
f 3301 3309 3300
f 3301 3303 3309
f 3247 3248 3310
f 3293 3292 3311
f 3302 3309 3303
f 3312 3248 3313
f 3248 3312 3310
f 3247 3310 3315
f 3275 3092 3094
f 3150 3151 3316
f 3243 3316 3317
f 3316 3243 3150
f 2935 2843 2854
f 3150 3243 3318
f 3245 3072 3074
f 3319 3190 3189
f 3244 3243 3317
f 3190 3319 3320
f 3321 3312 3313
f 3321 3322 3312
f 3275 3094 3274
f 3311 3094 3133
f 3311 3292 3094
f 3274 3094 3292
f 2935 3197 2843
f 2935 2861 3197
f 3242 3318 3243
f 3307 3299 3323
f 3320 3324 3190
f 3311 3133 3191
f 3325 3233 3297
f 3326 3311 3191
f 2878 2883 2936
f 3275 3261 3270
f 3327 3328 3329
f 3259 3274 3278
f 3299 3307 3298
f 3207 3176 3190
f 3207 3190 3324
f 3257 3251 3258
f 3324 3230 3207
f 3330 3331 3332
f 3333 3322 3321
f 3311 3296 3293
f 3333 3312 3322
f 3334 3335 3336
f 3270 3261 3269
f 3337 3332 3331
f 3321 3313 3338
f 3333 3321 3339
f 3329 3340 3327
f 3297 3122 3099
f 3260 3269 3261
f 3312 3333 3341
f 3297 3124 3122
f 3223 3342 3224
f 3320 3343 3324
f 3343 3344 3324
f 3292 3278 3274
f 3109 3112 3161
f 3344 3230 3324
f 3112 3128 3161
f 3314 3323 3296
f 3325 3294 3282
f 3345 3346 3347
f 3251 3257 3280
f 3348 3230 3344
f 3325 3297 3294
f 3349 3330 3350
f 3351 3343 3327
f 3264 3259 3279
f 3352 3353 3346
f 3352 3354 3333
f 3355 3356 3357
f 3350 3330 3358
f 3359 3295 3283
f 3151 3317 3316
f 3360 3361 3358
f 3295 3314 3296
f 3295 3359 3314
f 3360 3358 3362
f 3286 3283 3298
f 3359 3283 3286
f 3363 3357 3356
f 3280 3257 3284
f 3257 3266 3284
f 3364 3365 3366
f 3367 3368 3369
f 3312 3341 3310
f 3367 3369 3370
f 3320 3319 3328
f 3364 3366 3337
f 3360 3371 3372
f 3367 3373 3368
f 3365 3364 3374
f 3375 3282 3281
f 3016 2999 3021
f 3364 3337 3331
f 3298 3307 3286
f 3361 3376 3377
f 3360 3372 3378
f 3157 3165 3086
f 3362 3379 3371
f 3362 3371 3360
f 3077 3086 3165
f 3380 3381 3382
f 3375 3325 3282
f 3242 3383 3318
f 3318 3166 3150
f 3381 3384 3382
f 3328 3319 3385
f 3318 3383 3386
f 3168 3166 3318
f 3242 3247 3315
f 3374 3352 3345
f 3352 3346 3345
f 3022 3021 2999
f 3361 3377 3350
f 3242 3315 3383
f 3022 2999 2998
f 3374 3364 3352
f 3387 3348 3344
f 2959 3019 2971
f 3348 3380 3388
f 3389 3217 3230
f 3354 3341 3333
f 3348 3389 3230
f 3390 3168 3318
f 2959 2971 2957
f 3350 3377 3349
f 3327 3343 3328
f 3389 3348 3388
f 3391 3241 3389
f 3383 3315 3377
f 3320 3328 3343
f 3287 3286 3307
f 3386 3383 3335
f 3271 3392 3393
f 3394 3218 3184
f 3387 3344 3343
f 3310 3341 3315
f 3366 3395 3337
f 3396 3397 3392
f 3398 3168 3390
f 3399 3400 3401
f 3401 3400 3367
f 3402 2786 3403
f 3351 3387 3343
f 3241 3217 3389
f 3400 3399 3404
f 3388 3391 3389
f 3350 3358 3361
f 3398 3386 3405
f 3189 3171 3193
f 3367 3379 3401
f 3361 3335 3376
f 3390 3318 3398
f 3406 3335 3361
f 3314 3308 3323
f 3336 3335 3406
f 3404 3373 3400
f 3034 3095 3038
f 3386 3398 3318
f 3405 3193 3398
f 3398 3226 3168
f 3226 3398 3193
f 3189 3193 3405
f 3332 3358 3330
f 3112 3061 3142
f 3279 3291 3299
f 3308 3307 3323
f 3340 3407 3327
f 3407 3351 3327
f 3408 3382 3384
f 3395 3409 3410
f 3299 3294 3279
f 3285 3359 3286
f 3294 3299 3283
f 3407 3381 3351
f 3411 3410 3412
f 3155 3154 3165
f 3334 3386 3335
f 3189 3405 3319
f 3410 3413 3412
f 3386 3334 3405
f 3362 3358 3332
f 3408 3414 3382
f 3415 3362 3332
f 3377 3376 3383
f 3355 3414 3408
f 3241 3391 3416
f 3417 3355 3408
f 3418 3419 3357
f 3379 3362 3401
f 3420 3319 3405
f 3385 3319 3420
f 3383 3376 3335
f 3395 3332 3337
f 3372 3371 3379
f 3391 3388 3416
f 3415 3332 3395
f 3388 3380 3414
f 3421 3422 3423
f 3420 3405 3334
f 3406 3361 3360
f 3416 3388 3414
f 3363 3418 3357
f 3329 3424 3378
f 3425 3410 3426
f 3416 3253 3241
f 3427 3428 3429
f 3430 3418 3363
f 3430 3363 3431
f 3323 3299 3291
f 3372 3379 3421
f 3315 3341 3377
f 3432 3384 3433
f 3378 3406 3360
f 3378 3424 3434
f 3435 3372 3421
f 3348 3387 3380
f 3433 3436 3432
f 3349 3341 3354
f 3437 3436 3433
f 3421 3379 3367
f 3377 3341 3349
f 3410 3411 3415
f 3334 3336 3420
f 3408 3384 3432
f 3423 3435 3421
f 3381 3380 3387
f 3430 3431 3439
f 3435 3423 3440
f 3381 3387 3351
f 3254 3246 3239
f 3439 3431 3441
f 3218 3180 3184
f 3254 3442 3246
f 3441 3443 3439
f 3368 3413 3444
f 3293 3323 3291
f 3246 3445 3252
f 3415 3395 3410
f 3296 3323 3293
f 3413 3410 3425
f 3425 3447 3413
f 3246 3442 3445
f 3432 3448 3408
f 3449 3450 3440
f 3444 3413 3447
f 3420 3336 3424
f 3124 3297 3233
f 3451 3385 3420
f 2883 3197 2936
f 3380 3382 3452
f 3414 3380 3452
f 3362 3404 3399
f 3420 3424 3451
f 3437 3450 3449
f 3262 3252 3445
f 3417 3408 3448
f 3406 3424 3336
f 3404 3362 3415
f 3453 3454 3455
f 3367 3400 3373
f 3448 3456 3417
f 3355 3416 3414
f 3406 3434 3424
f 3442 3254 3419
f 3253 3416 3355
f 3457 3458 3459
f 3460 3459 3458
f 3281 3296 3462
f 3432 3436 3448
f 3463 3423 3464
f 3282 3294 3283
f 3434 3406 3378
f 3414 3452 3382
f 3423 3463 3440
f 3449 3440 3463
f 3418 3445 3442
f 3014 2866 2936
f 3430 3465 3445
f 3442 3419 3418
f 3466 3467 3468
f 3469 3448 3436
f 3429 3466 3468
f 3338 3339 3321
f 3421 3367 3470
f 3427 3429 3472
f 3254 3253 3419
f 3462 3296 3326
f 3473 3368 3444
f 3373 3411 3412
f 3339 3338 3474
f 3411 3404 3415
f 3404 3411 3373
f 3427 3472 3475
f 3451 3328 3385
f 3368 3373 3412
f 3472 3429 3468
f 3417 3356 3355
f 3423 3422 3464
f 3368 3412 3413
f 3357 3253 3355
f 3253 3357 3419
f 3451 3424 3329
f 3451 3329 3328
f 3456 3356 3417
f 3339 3353 3333
f 3445 3465 3262
f 3476 3356 3456
f 3478 3459 3479
f 3369 3368 3473
f 3352 3333 3353
f 3480 3481 3482
f 3378 3340 3329
f 3445 3418 3430
f 3463 3484 3449
f 3437 3449 3484
f 3470 3422 3421
f 3439 3465 3430
f 3330 3354 3331
f 3262 3465 3485
f 3453 3461 3478
f 3443 3485 3465
f 3485 3443 3467
f 3422 3470 3370
f 3448 3486 3456
f 3428 3487 3429
f 3461 3448 3469
f 3488 3463 3464
f 3347 3474 3338
f 3443 3465 3439
f 3356 3431 3363
f 3461 3486 3448
f 3489 3378 3372
f 3431 3356 3476
f 3347 3490 3474
f 3486 3491 3456
f 3453 3486 3461
f 3428 3218 3394
f 3370 3470 3367
f 3289 3234 3277
f 3475 3289 3277
f 3453 3478 3479
f 3494 3370 3495
f 3491 3486 3455
f 3441 3431 3476
f 3455 3486 3453
f 3441 3476 3496
f 3474 3497 3339
f 3438 3484 3463
f 3427 3475 3277
f 3497 3353 3339
f 3441 3496 3498
f 3499 3498 3496
f 3500 3281 3462
f 3481 3501 3483
f 3491 3476 3456
f 3326 3296 3311
f 3462 3326 3397
f 3353 3490 3346
f 3491 3496 3476
f 3393 3326 3191
f 3393 3392 3326
f 3475 3502 3289
f 3468 3467 3503
f 3397 3326 3392
f 3446 3488 3464
f 3503 3467 3443
f 3438 3488 3446
f 3393 3191 3219
f 3497 3490 3353
f 3464 3422 3480
f 3219 3271 3393
f 3438 3463 3488
f 3464 3480 3446
f 3480 3422 3481
f 3499 3496 3505
f 3506 3505 3496
f 3507 3508 3501
f 3491 3506 3496
f 3491 3455 3506
f 3483 3501 3508
f 3422 3370 3494
f 3501 3481 3494
f 3509 3508 3507
f 3455 3510 3506
f 3489 3340 3378
f 3352 3331 3354
f 3490 3347 3346
f 3494 3481 3422
f 3331 3352 3364
f 3375 3281 3500
f 3511 3233 3325
f 3500 3512 3375
f 3325 3375 3512
f 3511 3325 3512
f 3513 3514 3495
f 3433 3407 3340
f 3473 3513 3495
f 3369 3473 3370
f 3370 3473 3495
f 3384 3381 3407
f 3495 3514 3494
f 3494 3514 3501
f 3384 3407 3433
f 3330 3349 3354
f 3435 3489 3372
f 3511 3184 3233
f 3512 3515 3394
f 3428 3394 3515
f 3285 3504 3516
f 3362 3399 3401
f 3462 3397 3517
f 2771 2773 3518
f 3433 3450 3437
f 3517 3487 3515
f 3512 3500 3517
f 3517 3500 3462
f 3493 3516 3504
f 3487 3428 3515
f 3517 3397 3396
f 3519 3518 3520
f 3518 2773 3520
f 3519 3521 3518
f 3490 3497 3474
f 3520 2773 3522
f 3523 3436 3437
f 3524 3525 3526
f 2787 3521 3519
f 3528 3529 3530
f 3531 3529 3528
f 3526 3525 3532
f 3440 3489 3435
f 3533 3532 3525
f 2787 2789 3521
f 2789 2779 2778
f 3440 3450 3489
f 3534 3535 3536
f 3537 3538 3539
f 3540 3541 3542
f 3543 3537 3539
f 3544 3541 3545
f 3533 3546 3547
f 3548 3544 3549
f 3533 3525 3546
f 3550 3547 3546
f 3489 3450 3433
f 3551 3549 3544
f 3433 3340 3489
f 3552 3539 3538
f 3553 3554 3555
f 3536 3535 3556
f 3557 3537 3543
f 3285 3516 3359
f 3314 3359 3516
f 3394 3511 3512
f 2772 2771 3552
f 3556 3535 3558
f 3559 3560 3557
f 3561 3535 3534
f 3562 3533 3547
f 3552 3538 2772
f 3563 3536 3556
f 3561 3558 3535
f 3564 3565 3566
f 3544 3545 3551
f 3545 3561 3551
f 3539 3567 3568
f 3569 3532 3533
f 3568 3543 3539
f 3569 3533 3570
f 3568 3564 3543
f 3570 3533 3571
f 3534 3549 3561
f 3572 3573 3536
f 3549 3551 3561
f 3564 3568 3565
f 3564 3557 3543
f 3574 3570 3571
f 3534 3536 3573
f 3575 3576 3577
f 3578 3548 3549
f 3579 3557 3564
f 3569 3570 3580
f 3575 3548 3578
f 3564 3566 3579
f 3581 3582 3583
f 3584 3581 3583
f 2770 3538 2775
f 3585 3581 3584
f 2772 3538 2770
f 3574 3580 3570
f 3574 3586 3580
f 3540 3542 3587
f 3573 3588 3534
f 3562 3571 3533
f 3549 3534 3588
f 3541 3580 3586
f 3589 3553 3579
f 3209 3276 3205
f 3590 3585 3584
f 3566 3589 3579
f 3591 3592 3276
f 3574 3593 3586
f 3594 3595 3596
f 3578 3549 3588
f 3306 3553 3589
f 3209 3205 3204
f 3575 3578 3576
f 3593 3562 3597
f 3591 3276 3209
f 3569 3580 3540
f 3578 3588 3576
f 3545 3586 3593
f 3469 3436 3523
f 3591 3598 3592
f 3306 3599 3600
f 3545 3541 3586
f 3601 3602 3603
f 3593 3604 3545
f 3605 3606 3607
f 3605 3608 3606
f 3598 3487 3396
f 3587 3606 3609
f 3610 3609 3606
f 3576 3607 3577
f 3542 3541 3544
f 3548 3542 3544
f 3587 3607 3606
f 3541 3540 3580
f 3588 3573 3600
f 3575 3542 3548
f 3306 3600 3553
f 3492 3461 3469
f 3547 3611 3562
f 3528 3530 3612
f 3613 3614 3615
f 3600 3605 3588
f 3613 3616 3614
f 3593 3574 3571
f 3562 3593 3571
f 3599 3605 3600
f 3605 3599 3608
f 3608 3599 3617
f 3618 3613 3536
f 3619 3620 3621
f 3622 3526 3532
f 3620 3615 3623
f 3620 3572 3615
f 3613 3615 3572
f 3557 3620 3619
f 3554 3572 3620
f 3620 3557 3560
f 3572 3536 3613
f 3537 3557 3619
f 3605 3576 3588
f 3607 3576 3605
f 3624 2789 3529
f 3469 3523 3625
f 3624 3529 3626
f 3492 3469 3625
f 3531 3626 3529
f 3627 3628 3629
f 3630 3624 3539
f 3624 3626 3539
f 3567 3539 3626
f 3567 3626 3531
f 3630 3539 3552
f 3617 3599 3306
f 3622 3532 3569
f 3608 3610 3606
f 3631 3237 3236
f 3610 3608 3305
f 3553 3555 3559
f 3559 3579 3553
f 3523 3437 3471
f 3236 3632 3633
f 3579 3559 3557
f 3471 3437 3484
f 3608 3617 3305
f 3633 3631 3236
f 3587 3542 3577
f 3276 3592 3271
f 3634 3602 3635
f 3635 3636 3634
f 2782 3629 2783
f 3637 3528 3612
f 3638 3639 3640
f 3629 3222 2783
f 3641 3642 3639
f 3641 3639 3638
f 3636 3643 3634
f 3639 3644 3640
f 3642 3644 3639
f 2784 3628 3645
f 3646 3642 3647
f 3644 3642 3646
f 3471 3484 3438
f 3635 3602 3648
f 3649 3650 3651
f 3652 3653 3654
f 3655 3656 3657
f 3658 3659 3660
f 3654 3653 3661
f 3662 3659 3663
f 3664 3665 3666
f 3667 3666 3665
f 3660 3659 3662
f 3392 3271 3592
f 3222 2786 3223
f 3222 3668 2786
f 3664 3669 3670
f 3396 3392 3592
f 3671 3672 3673
f 3671 3673 3674
f 3223 2786 3402
f 3675 3676 3677
f 3234 3632 3236
f 3678 3677 3676
f 3209 3262 3591
f 3660 3662 3679
f 3632 3234 3290
f 3290 3680 3632
f 3677 3640 3681
f 3635 3682 3636
f 3669 3664 3651
f 3669 3651 3650
f 3467 3598 3485
f 3447 3683 3684
f 3485 3598 3262
f 3685 3686 3687
f 3591 3262 3598
f 3635 3688 3682
f 3447 3684 3444
f 3689 3685 3690
f 3669 3650 3691
f 3692 3636 3682
f 3223 3402 3596
f 3659 3693 3663
f 3694 3502 3475
f 3681 3640 3695
f 3222 3224 2783
f 3664 3670 3696
f 3697 3671 3698
f 3699 3700 3701
f 3636 3702 3643
f 3700 3703 3704
f 3502 3680 3289
f 3704 3701 3700
f 3705 3670 3669
f 3695 3640 3644
f 3692 3702 3636
f 3684 3706 3707
f 3680 3290 3289
f 3542 3575 3577
f 3691 3708 3669
f 3628 2784 3668
f 3709 3680 3502
f 3692 3682 3688
f 3709 3502 3694
f 3710 3711 3712
f 3498 3713 3714
f 3715 3716 3674
f 3716 3715 3717
f 3674 3716 3671
f 3607 3587 3577
f 3718 3713 3498
f 3719 3710 3712
f 3625 3523 3471
f 3668 2784 2786
f 3625 3471 3477
f 3598 3396 3592
f 3441 3714 3443
f 3720 3443 3714
f 3722 3723 3724
f 3635 3648 3688
f 3725 3712 3726
f 3727 3726 3712
f 3728 3722 3729
f 3697 3672 3671
f 3722 3724 3729
f 3723 3728 3729
f 3730 3731 3732
f 3733 3734 3735
f 3731 3730 3725
f 3736 3737 3738
f 3506 3510 3505
f 3634 3739 3740
f 3634 3643 3739
f 3731 3726 3741
f 3688 3566 3692
f 3737 3742 3738
f 3598 3467 3487
f 3692 3566 3702
f 3713 3720 3714
f 3726 3731 3725
f 3743 3744 3214
f 3745 3746 3747
f 3627 3645 3628
f 3505 3498 3499
f 3748 3737 3736
f 3223 3596 3342
f 3749 3750 3751
f 3715 3674 3673
f 3664 3696 3752
f 3567 3737 3748
f 3664 3752 3665
f 3733 3739 3734
f 3725 3719 3712
f 3752 3753 3665
f 3718 3498 3505
f 3719 3725 3749
f 3754 3755 3505
f 3756 3757 3758
f 3759 3760 3611
f 3752 3761 3753
f 3718 3505 3755
f 3751 3719 3749
f 3762 3503 3763
f 3468 3503 3762
f 3715 3733 3766
f 3762 3767 3468
f 3752 3745 3761
f 3505 3510 3754
f 3730 3768 3749
f 3749 3725 3730
f 3769 3770 3771
f 3742 3637 3772
f 3697 3698 3773
f 3472 3694 3475
f 3737 3637 3742
f 3767 3472 3468
f 3750 3749 3768
f 3774 3479 3775
f 3776 3774 3775
f 3777 3768 3730
f 3778 3779 3689
f 3778 3780 3779
f 3472 3767 3694
f 3774 3776 3781
f 3782 3697 3603
f 3783 3771 3784
f 3785 3786 3713
f 3477 3492 3625
f 3715 3673 3733
f 3787 3454 3479
f 3479 3454 3453
f 3670 3746 3696
f 3780 3788 3789
f 3787 3479 3774
f 3752 3696 3746
f 3510 3455 3454
f 3790 3769 3785
f 3603 3697 3773
f 3788 3784 3789
f 3791 3784 3788
f 3739 3733 3673
f 3790 3792 3769
f 3503 3720 3763
f 3793 3794 3795
f 3454 3787 3796
f 3687 3710 3797
f 3672 3697 3782
f 3686 3710 3687
f 3798 3788 3799
f 3718 3785 3713
f 3755 3800 3718
f 3752 3746 3745
f 3797 3710 3719
f 3797 3801 3687
f 3769 3792 3770
f 3802 3686 3685
f 3528 3637 3737
f 3803 3785 3718
f 3802 3779 3770
f 3804 3803 3800
f 3805 3719 3751
f 3787 3774 3781
f 3787 3781 3806
f 3770 3784 3771
f 3805 3751 3750
f 3779 3802 3689
f 3807 3767 3762
f 3808 3809 3810
f 3811 3796 3787
f 3454 3796 3812
f 3631 3633 3526
f 3754 3510 3812
f 3510 3454 3812
f 3740 3739 3672
f 3789 3784 3770
f 3673 3672 3739
f 3732 3806 3781
f 3797 3719 3805
f 3678 3813 3761
f 3814 3811 3806
f 3815 3778 3689
f 3687 3801 3685
f 3690 3815 3689
f 3767 3807 3694
f 3807 3709 3694
f 3784 3793 3783
f 3816 3775 3817
f 3690 3818 3815
f 3819 3818 3690
f 3816 3776 3775
f 3804 3820 3785
f 3753 2760 3665
f 3743 3797 3805
f 3478 3457 3459
f 3793 3821 3783
f 3803 3718 3800
f 3746 3822 3747
f 3699 3816 3817
f 3823 3776 3816
f 3823 3816 3699
f 3745 3678 3761
f 3800 3755 3754
f 3797 3743 2863
f 3801 3797 2863
f 3754 3824 3800
f 3808 3810 3825
f 3814 3796 3811
f 3814 3812 3796
f 3810 3826 3827
f 3812 3814 3754
f 3680 3709 3828
f 3800 3829 3804
f 3829 3800 3824
f 3633 3524 3526
f 3652 3715 3766
f 3824 3754 3814
f 3507 3830 3831
f 3732 3781 3776
f 3732 3832 3806
f 3826 3828 3709
f 3824 3814 3741
f 3827 3833 3834
f 3833 3783 3821
f 3835 3836 3791
f 3837 3621 3838
f 3487 3467 3466
f 3759 3826 3810
f 3823 3732 3776
f 3839 3840 3841
f 3429 3487 3466
f 3634 3782 3603
f 3830 3842 3831
f 3726 3820 3829
f 3806 3832 3814
f 3828 3550 3546
f 3611 3760 3843
f 3721 3844 3527
f 3727 3820 3726
f 3824 3741 3726
f 3805 3750 3845
f 3515 3512 3517
f 3793 3784 3791
f 3804 3785 3803
f 3478 3461 3457
f 3514 3513 3507
f 3846 3843 3760
f 3501 3514 3507
f 3847 3768 3777
f 3848 3849 3720
f 3849 3763 3720
f 3750 3768 3845
f 3791 3851 3793
f 3720 3713 3848
f 3804 3829 3820
f 3836 3851 3791
f 3513 3830 3507
f 3829 3824 3726
f 3711 3710 3686
f 3852 3763 3848
f 3763 3849 3848
f 3845 3768 3847
f 3845 3743 3805
f 3425 3683 3447
f 3836 3846 3809
f 3851 3836 3809
f 3713 3786 3848
f 3084 2864 2863
f 3852 3848 3771
f 3517 3396 3487
f 3809 3846 3760
f 3771 3848 3786
f 3771 3786 3769
f 3833 3852 3771
f 3771 3783 3833
f 3855 3791 3856
f 3573 3572 3554
f 3744 3743 3845
f 3553 3573 3554
f 3814 3832 3731
f 3855 3835 3791
f 3084 3743 3214
f 3857 3699 3817
f 3707 3858 3842
f 3857 3817 3853
f 3814 3731 3741
f 3428 3427 3218
f 3840 3744 3845
f 3573 3553 3600
f 3835 3855 3859
f 3769 3786 3785
f 3554 3620 3560
f 3837 3860 3861
f 3817 3764 3853
f 3212 3218 3277
f 3843 3862 3863
f 3724 3723 3756
f 3864 2760 3753
f 3853 3854 3857
f 3555 3554 3559
f 3554 3560 3559
f 3831 3842 3858
f 3759 3550 3828
f 3700 3699 3857
f 3427 3277 3218
f 3828 3826 3759
f 3862 3865 3863
f 3760 3759 3810
f 3550 3759 3611
f 3720 3503 3443
f 3809 3760 3810
f 3807 3762 3866
f 3583 3582 3815
f 3581 3799 3582
f 3862 3843 3846
f 3780 3582 3799
f 3780 3815 3582
f 3778 3815 3780
f 3868 3862 3846
f 3799 3788 3780
f 3852 3762 3763
f 3524 3546 3525
f 3798 3791 3788
f 3815 3584 3583
f 3753 3761 3864
f 3590 3584 3818
f 3869 3798 3581
f 3869 3581 3585
f 3603 3602 3634
f 3835 3846 3836
f 3818 3584 3815
f 3798 3799 3581
f 3870 3798 3869
f 3837 3838 3860
f 3724 3656 3655
f 3863 3562 3611
f 3547 3550 3611
f 3765 3817 3775
f 3866 3852 3827
f 3762 3852 3866
f 3633 3632 3546
f 3546 3524 3633
f 3852 3833 3827
f 3798 3870 3791
f 3870 3856 3791
f 2759 3665 2760
f 3764 3817 3765
f 3827 3826 3866
f 3724 3655 3729
f 3843 3863 3611
f 3680 3828 3632
f 3686 3712 3711
f 3872 3660 3679
f 3826 3709 3807
f 3739 3643 3565
f 3511 3394 3184
f 2788 3873 2765
f 3866 3826 3807
f 3689 3802 3685
f 3813 3864 3761
f 3792 3874 3727
f 3546 3632 3828
f 2776 2830 2829
f 3785 3820 3790
f 3875 3660 3872
f 3820 3874 3792
f 3790 3820 3792
f 3794 3793 3851
f 3794 3851 3809
f 3703 3876 3877
f 3562 3863 3865
f 3865 3597 3562
f 2776 2829 3522
f 3727 3874 3820
f 3878 3879 2758
f 3071 2755 3880
f 3875 3658 3660
f 3856 3870 3881
f 3498 3714 3441
f 3881 3855 3856
f 2776 3861 2830
f 3703 3857 3854
f 3808 3794 3809
f 3882 3883 3860
f 3703 3854 3876
f 3854 3867 3876
f 3758 3656 3724
f 3841 3884 3885
f 3700 3857 3703
f 3886 3887 3888
f 3883 3882 3657
f 3889 3890 3831
f 3891 3889 3831
f 3892 3770 3792
f 3780 3770 3779
f 3789 3770 3780
f 3886 3893 3884
f 3892 3686 3802
f 3071 3880 3894
f 3802 3770 3892
f 3895 3896 3657
f 3892 3712 3686
f 3892 3792 3727
f 3894 3897 3071
f 3823 3699 3898
f 3656 3883 3657
f 3892 3727 3712
f 3899 3900 3901
f 3777 3823 3898
f 3823 3730 3732
f 3758 3724 3756
f 3834 3833 3821
f 3731 3832 3732
f 3810 3827 3834
f 3873 3902 2765
f 3667 2759 2758
f 3834 3871 3850
f 3825 3810 3834
f 3903 3904 3884
f 3834 3821 3871
f 3904 3905 3885
f 3795 3871 3821
f 3793 3795 3821
f 3444 3906 3473
f 3903 3884 3893
f 2759 3667 3665
f 3688 3589 3566
f 3891 3831 3907
f 3878 2765 3902
f 3906 3444 3684
f 3878 2758 2765
f 3688 3648 3589
f 3777 3730 3823
f 3459 3460 3479
f 3878 3902 3873
f 3900 3908 3901
f 3701 3898 3699
f 3460 3775 3479
f 3649 3667 3879
f 3473 3906 3513
f 3701 3887 3898
f 3909 3908 3910
f 3908 3909 3901
f 3911 2760 3864
f 3912 3777 3898
f 3702 3565 3643
f 3908 3913 3914
f 3663 3883 3656
f 3811 3787 3806
f 3915 3590 3818
f 3085 3213 3916
f 3649 3666 3667
f 3901 3909 3917
f 3590 3869 3585
f 3513 3906 3830
f 3859 3870 3869
f 3859 3869 3918
f 3590 3915 3869
f 3777 3912 3847
f 3879 3667 2758
f 3915 3819 3919
f 3565 3702 3566
f 3841 3840 3847
f 3782 3634 3740
f 3920 3919 3921
f 3893 3922 3903
f 3782 3740 3672
f 3923 3614 3616
f 3747 3822 3677
f 3739 3565 3734
f 3613 3618 3616
f 3886 3924 3893
f 3925 3922 3926
f 3847 3912 3841
f 3927 3618 3536
f 3628 3222 3629
f 3865 3593 3597
f 3865 3604 3593
f 3402 3928 3929
f 3893 3930 3922
f 3747 3677 3745
f 3864 3813 3931
f 3677 3822 3640
f 3906 3684 3707
f 3822 3638 3640
f 3728 3723 3722
f 3563 3927 3536
f 3932 3670 3705
f 3933 3931 3813
f 3847 3840 3845
f 3893 3924 3930
f 3658 2828 3693
f 3923 3616 3920
f 3921 3923 3920
f 3925 3213 3904
f 3922 3925 3904
f 3670 3822 3746
f 3903 3922 3904
f 3670 3932 3822
f 3934 3604 3865
f 3658 3935 3936
f 3403 3928 3402
f 3723 3921 3756
f 3616 3618 3927
f 3737 3567 3531
f 3937 3616 3927
f 3932 3938 3641
f 3937 3920 3616
f 3936 2828 3658
f 3939 3604 3934
f 3939 3934 3940
f 3830 3906 3842
f 3734 3565 3748
f 3890 3507 3831
f 3936 3519 2828
f 3842 3906 3707
f 3638 3932 3641
f 3748 3736 3734
f 3715 3652 3717
f 3691 3917 3941
f 3936 2788 3519
f 3691 3899 3917
f 3899 3901 3917
f 3942 3926 3922
f 3943 3873 3936
f 3944 3922 3930
f 3915 3818 3819
f 3595 2783 3224
f 3942 3922 3944
f 3642 3641 3938
f 3222 3628 3668
f 3650 3899 3691
f 3915 3945 3869
f 3946 3942 3944
f 3932 3705 3938
f 3947 3919 3819
f 3948 3733 3735
f 3869 3945 3918
f 3685 3819 3690
f 3685 3947 3819
f 3656 3662 3663
f 3654 3675 3652
f 3658 3693 3659
f 3916 3875 3085
f 3948 3766 3733
f 3915 3919 3920
f 3945 3915 3949
f 3919 3947 3950
f 3655 3657 3896
f 3655 3896 3729
f 3951 3921 3919
f 3949 3915 3920
f 3891 3844 3889
f 3704 3703 3952
f 3703 3877 3953
f 3652 3675 3954
f 3875 3935 3658
f 3955 3951 3919
f 3877 3956 3957
f 3237 3958 3272
f 3914 3959 3960
f 3961 3959 3914
f 3877 3957 3953
f 3509 3507 3890
f 3703 3953 3952
f 3875 3916 3962
f 3664 3666 3651
f 3914 3960 3963
f 3717 3652 3954
f 3923 3615 3614
f 3962 3935 3875
f 3952 3953 3959
f 3949 3937 3945
f 3880 3945 3937
f 3918 3945 3880
f 3623 3615 3923
f 3681 3964 3965
f 3966 3900 3967
f 3968 3967 3900
f 3894 3969 3970
f 3734 3736 3735
f 3879 3878 3649
f 3623 3923 3895
f 3952 3888 3704
f 3943 3962 3942
f 3651 3666 3649
f 3971 3964 2753
f 3971 3965 3964
f 3638 3822 3932
f 3882 3838 3657
f 3657 3838 3895
f 3704 3888 3701
f 3649 3878 3968
f 3649 3968 3900
f 3887 3701 3888
f 3910 3914 3963
f 3859 3881 3870
f 3766 3948 3652
f 3855 3881 3859
f 3895 3621 3623
f 3653 3772 3661
f 3679 3972 3872
f 3878 3973 3968
f 3872 3972 3085
f 3213 3925 3916
f 3935 3962 3943
f 3914 3910 3908
f 3974 3954 3675
f 3918 3880 3859
f 3653 3948 3742
f 3959 3975 3952
f 3758 3757 3679
f 3653 3742 3772
f 3971 3974 3965
f 3084 2863 3743
f 3976 3952 3975
f 3959 3953 3977
f 3563 3556 3558
f 3926 3916 3925
f 3675 3965 3974
f 3967 3944 3930
f 3926 3962 3916
f 3604 3561 3545
f 3645 2823 2784
f 3748 3568 3567
f 3913 3908 3900
f 3967 3930 3966
f 3565 3568 3748
f 2668 3978 2646
f 3943 3936 3935
f 3973 3944 3967
f 3862 3934 3865
f 3962 3926 3942
f 3679 3757 3972
f 3838 3882 3860
f 3561 3604 3939
f 3940 3934 3862
f 3897 3894 3970
f 3675 3677 3681
f 3966 3930 3976
f 2668 2670 3979
f 3965 3675 3681
f 3859 2754 3835
f 2773 2776 3522
f 3652 3948 3653
f 3681 3695 3964
f 3959 3977 3960
f 3679 3656 3758
f 3846 3835 3070
f 3070 3835 2754
f 2775 3861 2776
f 3943 3878 3873
f 3070 3868 3846
f 3676 3980 3678
f 3961 3975 3959
f 3976 3975 3961
f 3537 2775 3538
f 3772 3980 3661
f 3649 3900 3899
f 3561 3969 3558
f 3948 3735 3738
f 2755 2754 3859
f 3948 3738 3742
f 3969 3563 3558
f 3894 3927 3563
f 3844 3721 3889
f 3813 3678 3933
f 3952 3924 3888
f 3952 3976 3924
f 3875 3872 3085
f 3897 3868 3071
f 3888 3924 3886
f 3520 3522 2829
f 2788 2757 2779
f 3868 3070 3071
f 3899 3650 3649
f 3738 3735 3736
f 3978 3971 2753
f 3403 3954 3928
f 3403 3717 3954
f 3968 3973 3967
f 3950 3685 3801
f 3889 3721 3890
f 2757 2788 2765
f 3939 3940 3970
f 3675 3654 3676
f 3685 3950 3947
f 3976 3930 3924
f 3561 3970 3969
f 3939 3970 3561
f 3519 2788 2787
f 3928 3954 3971
f 3661 3676 3654
f 2788 3936 3873
f 3951 3757 3756
f 3677 3678 3745
f 3911 3530 3529
f 3757 3951 3955
f 3913 3976 3961
f 3862 3868 3897
f 3897 3940 3862
f 3913 3961 3914
f 3981 3982 3305
f 3886 3912 3898
f 3981 3983 3982
f 3676 3661 3980
f 3898 3887 3886
f 3946 3943 3942
f 3612 3530 3911
f 3976 3913 3966
f 3911 3864 3612
f 3837 3861 2775
f 3509 3890 3721
f 3981 3984 3983
f 3717 2785 3716
f 3912 3886 3884
f 3900 3966 3913
f 3973 3946 3944
f 3985 3983 3984
f 3772 3637 3980
f 3716 2785 2823
f 2760 3911 2778
f 3839 3841 3885
f 3885 3744 3839
f 3970 3940 3897
f 3943 3946 3973
f 3679 3662 3656
f 3950 3801 2863
f 3958 3237 3631
f 3884 3841 3912
f 3979 3594 3986
f 2757 2760 2778
f 3885 3884 3904
f 3880 2755 3859
f 3943 3973 3878
f 3637 3933 3980
f 3744 3885 3905
f 3594 3596 3986
f 3987 3988 3627
f 3933 3612 3931
f 3698 3671 3716
f 3629 2782 3627
f 3627 2782 2781
f 3637 3612 3933
f 3987 2781 3989
f 3627 2781 3987
f 3990 3304 3991
f 3931 3612 3864
f 3933 3678 3980
f 3992 3978 3979
f 3624 3630 3521
f 3624 3521 2789
f 2823 3698 3716
f 3992 3971 3978
f 3304 3990 3305
f 3981 3305 3990
f 3993 3994 3995
f 3552 3521 3630
f 2771 3518 3552
f 2789 2778 3529
f 3623 3621 3620
f 3986 3992 3979
f 3996 3992 3986
f 3987 3989 3997
f 3595 3998 2783
f 3521 3552 3518
f 3928 3971 3992
f 3609 3610 3983
f 3992 3996 3929
f 3950 2862 3919
f 3929 3996 3986
f 3596 3929 3986
f 3985 3995 3999
f 3402 3929 3596
f 3991 3601 4000
f 3911 3529 2778
f 3929 3928 3992
f 2862 3955 3919
f 4001 4002 4003
f 3861 3860 2830
f 4001 4003 4004
f 4005 3644 3646
f 2823 3773 3698
f 3646 4006 4005
f 4003 4007 4004
f 4005 4006 4008
f 3621 3895 3838
f 3997 4009 4010
f 4011 4009 3997
f 3954 3974 3971
f 3978 2753 2646
f 2705 3979 2670
f 2785 3717 3403
f 3601 3773 3988
f 3601 3988 4000
f 3994 3999 3995
f 3403 2786 2785
f 3994 3993 4009
f 3603 3773 3601
f 4008 4006 4012
f 2828 2830 3693
f 3609 3983 3985
f 3883 3663 3860
f 2864 3085 3972
f 3994 4009 4013
f 4010 4000 3988
f 3958 3631 3526
f 3537 3619 3621
f 2775 3537 3621
f 3997 3989 4002
f 2863 2862 3950
f 3978 2668 3979
f 4003 4002 3989
f 3958 3526 3622
f 3984 3995 3985
f 4014 4005 4008
f 3981 4015 3984
f 3644 4005 4014
f 3896 3923 3921
f 4014 3695 3644
f 3995 3984 4015
f 2862 2864 3972
f 3937 3949 3920
f 4016 4004 4007
f 3964 3695 4014
f 2862 3757 3955
f 4004 3999 4001
f 2862 3972 3757
f 3999 4013 4001
f 4001 4011 4002
f 3990 3991 4000
f 4017 3999 4004
f 3937 3927 3894
f 3894 3880 3937
f 3306 3589 4018
f 3306 4018 3991
f 3837 2775 3621
f 4019 3990 4010
f 3648 4018 3589
f 3979 2705 3594
f 3756 3921 3951
f 4011 3997 4002
f 3085 3084 3214
f 4019 3981 3990
f 4015 3981 4019
f 3921 3723 3896
f 2753 4008 2647
f 3969 3894 3563
f 3994 4013 3999
f 3896 3895 3923
f 4013 4009 4011
f 3860 3663 2830
f 4004 4016 4017
f 4001 4013 4011
f 4018 3648 3601
f 3601 3991 4018
f 3224 3342 3596
f 3602 3601 3648
f 3993 4015 4019
f 2753 4014 4008
f 4017 3985 3999
f 3993 3995 4015
f 3729 3896 3723
f 3224 3596 3595
f 3610 3982 3983
f 2781 2783 3998
f 3610 3305 3982
f 3964 4014 2753
f 3990 4000 4010
f 3998 4020 2781
f 3989 2781 4020
f 4020 4003 3989
f 3519 2829 2828
f 3627 2823 3645
f 3773 2823 3988
f 4019 4010 4009
f 3993 4019 4009
f 3744 3840 3839
f 3520 2829 3519
f 3988 2823 3627
f 3304 3306 3991
f 3744 3905 3214
f 4007 4003 4020
f 3213 3214 3905
f 3904 3213 3905
f 3617 3306 3305
f 2830 3663 3693
f 3528 3737 3531
f 3997 4010 3988
f 3997 3988 3987
f 3953 3957 4021
f 3957 3956 4022
f 3844 3891 4023
f 3691 3941 4024
f 3831 3858 3907
f 3877 3876 3956
f 3867 3041 3956
f 3876 3867 3956
f 3706 3684 4026
f 3425 4027 3683
f 3956 3041 4022
f 3345 3347 3338
f 4028 4029 4030
f 4031 4029 4028
f 4028 4030 4032
f 4030 4033 4034
f 4030 4029 4033
f 4029 4035 4033
f 4036 4037 4032
f 4037 4028 4032
f 4037 4031 4028
f 4037 4039 4031
f 4036 4040 4041
f 4036 4041 4037
f 4037 4041 4042
f 4034 4033 4038
f 4033 4035 4038
f 4043 4044 4045
f 4043 4045 4046
f 4047 4048 4049
f 4050 4051 4052
f 4049 4050 4052
f 4049 4048 4053
f 4054 4055 4056
f 4054 4056 4043
f 4043 4046 4054
f 4050 4049 4057
f 4058 4057 4049
f 4054 4051 4059
f 4060 4061 4062
f 4063 4064 4065
f 4066 4067 4063
f 4067 4064 4063
f 4068 4062 4061
f 4062 4069 4070
f 4069 4062 4068
f 4055 4071 4056
f 4063 4046 4045
f 4054 4063 4065
f 4063 4054 4046
f 4054 4059 4055
f 4072 4061 4053
f 4065 4051 4054
f 4064 4067 4073
f 4065 4052 4051
f 4064 4052 4065
f 4061 4060 4057
f 4074 4069 4068
f 4061 4057 4058
f 4072 4053 4048
f 4053 4061 4058
f 4075 4076 4048
f 4048 4076 4072
f 4074 4072 4077
f 4074 4068 4072
f 4072 4068 4061
f 4077 4072 4076
f 4078 4035 4029
f 4078 4031 4079
f 4029 4031 4078
f 4037 4042 4039
f 4078 4079 4056
f 4080 4081 4042
f 4039 4042 4081
f 4079 4043 4056
f 4043 4079 4044
f 4079 4031 4044
f 4053 4058 4049
f 4071 4055 4059
f 4080 4066 4081
f 4060 4071 4059
f 4066 4045 4081
f 4063 4045 4066
f 4081 4045 4044
f 4044 4031 4039
f 4082 4083 4084
f 4082 4084 4085
f 4081 4044 4039
f 4052 4064 4049
f 4073 4047 4064
f 4049 4064 4047
f 4086 4087 4088
f 4089 4086 4088
f 4092 4093 4094
f 4092 4096 4093
f 4086 4094 4087
f 4086 4092 4094
f 4099 4100 4042
f 4062 4071 4060
f 4042 4100 4080
f 4095 4101 4102
f 4084 4103 4104
f 4105 4106 4107
f 4108 4100 4099
f 4040 4109 4041
f 4096 4092 4086
f 4102 4101 4110
f 4066 4080 4111
f 4112 4106 4105
f 4040 4091 4109
f 4109 4091 4090
f 4102 4109 4090
f 4109 4108 4041
f 4113 4114 4115
f 4116 4117 4118
f 4042 4041 4108
f 4098 4101 4095
f 4042 4108 4099
f 4119 4101 4098
f 4110 4101 4119
f 4109 4102 4108
f 4112 4120 4106
f 4115 4104 4103
f 4108 4121 4100
f 4122 4121 4110
f 4122 4110 4123
f 4124 4120 4112
f 4125 4071 4062
f 4126 4086 4089
f 4123 4110 4119
f 4097 4082 4119
f 4121 4122 4100
f 4122 4123 4085
f 4102 4090 4095
f 4127 4118 4117
f 4089 4128 4126
f 4102 4110 4108
f 4129 4123 4119
f 4130 4111 4100
f 4131 4113 4132
f 4107 4114 4105
f 4093 4096 4126
f 4080 4100 4111
f 4113 4131 4133
f 4086 4126 4096
f 4134 4112 4105
f 4130 4107 4111
f 4108 4110 4121
f 4107 4135 4111
f 4093 4126 4136
f 4137 4093 4138
f 4138 4139 4137
f 4094 4083 4082
f 4128 4140 4126
f 4131 4132 4137
f 4137 4141 4131
f 4142 4143 4144
f 4125 4062 4070
f 4145 4146 4147
f 4148 4144 4075
f 4112 4134 4116
f 4116 4124 4112
f 4082 4087 4094
f 4139 4141 4137
f 4149 4146 4145
f 4130 4100 4122
f 4118 4124 4116
f 4098 4097 4119
f 4082 4129 4119
f 4122 4085 4084
f 4122 4084 4130
f 4084 4104 4130
f 4123 4129 4085
f 4082 4085 4129
f 4075 4144 4150
f 4066 4135 4107
f 4067 4066 4107
f 4106 4067 4107
f 4105 4114 4113
f 4136 4138 4093
f 4105 4113 4151
f 4130 4114 4107
f 4097 4087 4082
f 4152 4105 4151
f 4152 4134 4105
f 4114 4130 4115
f 4115 4130 4104
f 4153 4139 4138
f 4139 4153 4141
f 4106 4073 4067
f 4154 4155 4156
f 4146 4157 4158
f 4066 4111 4135
f 4153 4159 4141
f 4131 4141 4133
f 4160 4155 4154
f 4160 4154 4161
f 4162 4157 4146
f 4163 4157 4164
f 4163 4164 4165
f 4073 4106 4166
f 4116 4134 4117
f 4134 4152 4117
f 4164 4157 4162
f 4149 4162 4146
f 4167 4162 4149
f 4168 4162 4167
f 4169 4165 4164
f 4159 4170 4171
f 4170 4147 4171
f 4133 4141 4159
f 4168 4164 4162
f 4159 4171 4133
f 4048 4148 4075
f 4156 4172 4173
f 4174 4171 4147
f 4168 4175 4164
f 4144 4176 4150
f 4177 4178 4179
f 4180 4163 4165
f 4181 4154 4156
f 4180 4165 4169
f 4180 4169 4182
f 4149 4145 4183
f 4167 4149 4183
f 4180 4182 4179
f 4184 4179 4185
f 4167 4173 4168
f 4182 4185 4179
f 4168 4173 4172
f 4170 4186 4147
f 4147 4186 4187
f 4167 4188 4173
f 4186 4170 4159
f 4118 4176 4143
f 4059 4050 4060
f 4189 4076 4075
f 4180 4179 4178
f 4159 4153 4186
f 4169 4164 4175
f 4133 4152 4151
f 4156 4169 4175
f 4156 4155 4169
f 4172 4175 4168
f 4076 4190 4077
f 4160 4185 4182
f 4172 4156 4175
f 4118 4191 4176
f 4160 4182 4155
f 4182 4169 4155
f 4133 4117 4152
f 4117 4192 4127
f 4133 4151 4113
f 4133 4192 4117
f 4076 4189 4190
f 4147 4187 4145
f 4144 4143 4176
f 4050 4059 4051
f 4050 4057 4060
f 4127 4192 4174
f 4187 4193 4145
f 4084 4083 4194
f 4174 4158 4127
f 4150 4189 4075
f 4084 4194 4103
f 4103 4194 4115
f 4189 4150 4178
f 4190 4189 4195
f 4073 4166 4047
f 4047 4166 4048
f 4191 4118 4127
f 4127 4158 4191
f 4178 4177 4189
f 4048 4166 4148
f 4195 4189 4177
f 4133 4171 4192
f 4166 4142 4148
f 4150 4176 4178
f 4195 4177 4198
f 4128 4196 4199
f 4199 4140 4128
f 4126 4140 4136
f 4194 4200 4115
f 4200 4113 4115
f 4132 4113 4200
f 4163 4176 4191
f 4180 4176 4163
f 4201 4199 4196
f 4120 4166 4106
f 4166 4120 4124
f 4202 4203 4204
f 4199 4202 4140
f 4204 4205 4202
f 4202 4206 4140
f 4205 4207 4208
f 4202 4205 4206
f 4204 4207 4205
f 4166 4143 4142
f 4204 4203 4209
f 4210 4211 4212
f 4213 4183 4193
f 4214 4215 4216
f 4210 4212 4217
f 4218 4219 4220
f 4220 4219 4221
f 4219 4222 4221
f 4223 4224 4215
f 4225 4226 4227
f 4216 4228 4181
f 4228 4216 4229
f 4216 4224 4229
f 4138 4136 4153
f 4204 4231 4207
f 4140 4206 4136
f 4201 4196 4197
f 4192 4171 4174
f 4233 4228 4229
f 4201 4203 4199
f 4136 4234 4153
f 4083 4200 4194
f 4201 4232 4203
f 4235 4203 4232
f 4153 4234 4236
f 4209 4203 4235
f 4094 4093 4200
f 4199 4203 4202
f 4237 4238 4239
f 4166 4124 4143
f 4209 4231 4204
f 4231 4209 4240
f 4224 4223 4241
f 4222 4239 4221
f 4200 4083 4094
f 4242 4213 4243
f 4222 4237 4239
f 4244 4245 4218
f 4193 4246 4243
f 4213 4193 4243
f 4224 4241 4247
f 4246 4237 4243
f 4235 4232 4230
f 4237 4246 4238
f 4249 4242 4243
f 4251 4229 4224
f 4188 4242 4223
f 4223 4242 4241
f 4201 4197 4232
f 4124 4118 4143
f 4245 4252 4253
f 4243 4237 4249
f 4254 4234 4136
f 4251 4224 4255
f 4256 4257 4210
f 4205 4254 4136
f 4206 4205 4136
f 4248 4227 4226
f 4227 4211 4257
f 4225 4235 4230
f 4158 4174 4146
f 4227 4258 4211
f 4259 4260 4252
f 4227 4235 4225
f 4227 4209 4235
f 4147 4146 4174
f 4248 4258 4227
f 4237 4222 4261
f 4236 4234 4221
f 4236 4221 4239
f 4209 4227 4257
f 4137 4200 4093
f 4210 4217 4262
f 4208 4254 4205
f 4240 4257 4231
f 4244 4218 4263
f 4200 4137 4132
f 4221 4234 4254
f 4264 4231 4256
f 4257 4256 4231
f 4231 4264 4207
f 4156 4173 4214
f 4221 4254 4265
f 4188 4214 4173
f 4211 4210 4257
f 4156 4214 4181
f 4242 4249 4266
f 4207 4264 4263
f 4267 4266 4249
f 4237 4261 4249
f 4256 4263 4264
f 4263 4256 4244
f 4148 4142 4144
f 4268 4269 4255
f 4176 4180 4178
f 4223 4214 4188
f 4214 4223 4215
f 4266 4241 4242
f 4270 4253 4271
f 4181 4214 4216
f 4219 4218 4245
f 4272 4268 4255
f 4207 4263 4208
f 4270 4271 4273
f 4220 4263 4218
f 4153 4236 4186
f 4266 4247 4241
f 4209 4257 4240
f 4181 4161 4154
f 4271 4274 4273
f 4258 4250 4211
f 4186 4236 4187
f 4253 4252 4271
f 4161 4181 4233
f 4236 4239 4238
f 4181 4228 4233
f 4157 4191 4158
f 4187 4236 4238
f 4267 4249 4275
f 4167 4183 4213
f 4220 4254 4208
f 4188 4167 4213
f 4157 4163 4191
f 4265 4254 4220
f 4183 4145 4193
f 4263 4220 4208
f 4188 4213 4242
f 4276 4247 4266
f 4193 4187 4246
f 4220 4221 4265
f 4246 4187 4238
f 4277 4278 4279
f 4280 4281 4282
f 4278 4273 4274
f 4283 4284 4285
f 4260 4271 4252
f 4279 4278 4286
f 4276 4266 4267
f 4277 4279 4287
f 4288 4289 4290
f 4279 4291 4292
f 4260 4293 4271
f 4224 4216 4215
f 4294 4277 4287
f 4292 4291 4295
f 4268 4272 4298
f 4287 4279 4292
f 4299 4294 4300
f 4293 4274 4271
f 4301 4268 4298
f 4302 4303 4282
f 4303 4304 4305
f 4306 4307 4308
f 4287 4300 4294
f 4286 4278 4274
f 4288 4309 4310
f 4302 4304 4303
f 4308 4314 4315
f 4316 4299 4298
f 4300 4287 4317
f 4318 4303 4305
f 4282 4303 4280
f 4319 4280 4303
f 4299 4320 4298
f 4318 4319 4303
f 4322 4306 4323
f 4322 4307 4306
f 4324 4325 4321
f 4308 4318 4305
f 4326 4292 4295
f 4327 4296 4328
f 4329 4292 4326
f 4330 4273 4331
f 4307 4314 4308
f 4306 4308 4305
f 4332 4267 4330
f 4328 4333 4327
f 4325 4324 4323
f 4288 4334 4309
f 4325 4323 4305
f 4305 4323 4306
f 4319 4335 4280
f 4336 4333 4337
f 4329 4287 4292
f 4334 4338 4309
f 4339 4328 4313
f 4329 4317 4287
f 4311 4324 4321
f 4340 4337 4333
f 4315 4341 4318
f 4311 4312 4324
f 4222 4219 4261
f 4318 4308 4315
f 4342 4329 4343
f 4344 4335 4319
f 4338 4334 4345
f 4278 4331 4273
f 4299 4300 4320
f 4346 4339 4313
f 4302 4340 4333
f 4315 4347 4341
f 4348 4329 4342
f 4297 4328 4296
f 4314 4347 4315
f 4329 4348 4317
f 4349 4317 4348
f 4339 4333 4328
f 4219 4270 4261
f 4345 4350 4338
f 4317 4285 4320
f 4344 4295 4351
f 4313 4328 4297
f 4316 4276 4332
f 4298 4284 4352
f 4289 4342 4343
f 4319 4318 4353
f 4351 4295 4291
f 4347 4289 4343
f 4320 4284 4298
f 4347 4353 4341
f 4354 4289 4347
f 4318 4341 4353
f 4355 4323 4324
f 4313 4321 4346
f 4326 4295 4353
f 4339 4304 4333
f 4261 4275 4249
f 4304 4302 4333
f 4321 4325 4346
f 4347 4314 4354
f 4284 4283 4357
f 4358 4282 4281
f 4304 4339 4346
f 4347 4343 4326
f 4281 4262 4217
f 4281 4217 4358
f 4270 4275 4261
f 4353 4344 4319
f 4353 4295 4344
f 4281 4359 4262
f 4346 4325 4304
f 4326 4353 4347
f 4305 4304 4325
f 4317 4320 4300
f 4358 4217 4340
f 4285 4317 4349
f 4259 4359 4281
f 4259 4252 4359
f 4259 4281 4280
f 4285 4284 4320
f 4360 4285 4349
f 4343 4329 4326
f 4360 4283 4285
f 4283 4360 4357
f 4330 4267 4275
f 4342 4310 4348
f 4273 4330 4275
f 4259 4280 4335
f 4332 4276 4267
f 4288 4310 4342
f 4245 4253 4219
f 4277 4330 4331
f 4332 4330 4277
f 4361 4360 4349
f 4316 4332 4294
f 4299 4316 4294
f 4277 4331 4278
f 4349 4310 4361
f 4310 4349 4348
f 4293 4260 4362
f 4363 4275 4270
f 4270 4273 4363
f 4275 4363 4273
f 4248 4250 4258
f 4250 4212 4211
f 4247 4364 4224
f 4260 4259 4365
f 4335 4365 4259
f 4362 4260 4365
f 4361 4366 4360
f 4253 4270 4219
f 4276 4364 4247
f 4250 4336 4212
f 4224 4364 4255
f 4274 4293 4362
f 4274 4362 4286
f 4364 4272 4255
f 4277 4294 4332
f 4361 4309 4338
f 4310 4309 4361
f 4337 4217 4212
f 4340 4217 4337
f 4367 4366 4350
f 4350 4366 4361
f 4350 4361 4338
f 4256 4262 4244
f 4210 4262 4256
f 4336 4250 4356
f 4359 4244 4262
f 4351 4365 4335
f 4351 4335 4344
f 4362 4365 4351
f 4244 4359 4245
f 4245 4359 4252
f 4272 4364 4276
f 4316 4272 4276
f 4368 4369 4370
f 4298 4272 4316
f 4368 4370 4371
f 4372 4373 4374
f 4375 4373 4372
f 4356 4327 4336
f 4327 4356 4296
f 4376 4372 4374
f 4377 4368 4378
f 4286 4362 4291
f 4351 4291 4362
f 4291 4279 4286
f 4377 4378 4379
f 4380 4381 4382
f 4383 4384 4385
f 4386 4384 4383
f 4380 4382 4387
f 4388 4381 4385
f 4389 4380 4387
f 4378 4390 4379
f 4336 4337 4212
f 4380 4385 4381
f 4391 4377 4379
f 4383 4385 4380
f 4379 4390 4388
f 4383 4380 4392
f 4383 4392 4386
f 4380 4389 4392
f 4393 4394 4395
f 4070 4069 4396
f 4397 4398 4399
f 4386 4392 4393
f 4393 4400 4401
f 4282 4358 4340
f 4402 4396 4069
f 4371 4396 4402
f 4400 4393 4392
f 4398 4381 4388
f 4399 4378 4403
f 4371 4402 4404
f 4390 4378 4399
f 4394 4393 4401
f 4394 4401 4405
f 4372 4376 4406
f 4406 4407 4408
f 4406 4409 4407
f 4390 4399 4398
f 4410 4411 4395
f 4289 4288 4342
f 4409 4406 4376
f 4411 4410 4412
f 4410 4395 4405
f 2762 4413 4414
f 4390 4398 4388
f 4405 4395 4394
f 4405 4415 4410
f 4327 4333 4336
f 4379 4416 4391
f 4417 4397 4407
f 4417 4398 4397
f 4069 4074 4373
f 4373 4375 4069
f 4417 4407 4409
f 4402 4069 4375
f 4402 4375 4372
f 4418 4391 4416
f 4419 4410 4420
f 4402 4372 4406
f 4388 4416 4379
f 4340 4302 4282
f 4417 4421 4398
f 4421 4382 4398
f 4385 4416 4388
f 4381 4398 4382
f 4371 4378 4368
f 4410 4415 4420
f 4416 4385 4384
f 4418 4384 4422
f 4418 4416 4384
f 4423 4418 4422
f 4423 4422 4424
f 4425 4426 4409
f 4427 4428 4412
f 4427 4412 4429
f 4426 4425 4430
f 4413 4431 4414
f 4429 4432 4428
f 4422 4393 4424
f 4373 4190 4433
f 4429 4434 4432
f 4411 4423 4424
f 4435 4436 4437
f 4386 4422 4384
f 4386 4393 4422
f 4190 4195 4433
f 4377 4391 4369
f 4438 4415 4405
f 4419 4412 4410
f 4401 4438 4405
f 4439 4438 4401
f 4440 4438 4439
f 4393 4395 4424
f 4441 4387 4442
f 4437 4443 4430
f 4411 4424 4395
f 4374 4373 4433
f 4444 4445 4184
f 4412 4419 4429
f 4420 4415 4438
f 4446 4441 4447
f 4448 4449 4450
f 4437 4451 4452
f 4437 4452 4443
f 4185 4160 4444
f 4443 4453 4430
f 4420 4438 4454
f 4374 4433 4455
f 4456 4457 4458
f 4448 4450 4459
f 4442 4448 4447
f 4434 4429 4460
f 4454 4461 4462
f 4368 4377 4369
f 4463 4392 4389
f 4464 4465 4466
f 4463 4400 4392
f 4459 4467 4448
f 4447 4441 4442
f 4468 4445 4469
f 4465 4470 4466
f 4445 4444 4471
f 4472 4466 4470
f 4444 4160 4161
f 4417 4409 4426
f 4473 4444 4161
f 4436 4435 4455
f 4445 4471 4469
f 4474 4468 4469
f 4475 4433 4198
f 4476 4466 4477
f 4476 4478 4479
f 4476 4477 4478
f 4471 4444 4473
f 4469 4470 4474
f 4480 4421 4417
f 4475 4455 4433
f 4481 4400 4463
f 4452 4453 4443
f 4482 4481 4463
f 4483 4484 4485
f 4435 4437 4425
f 4404 4403 4371
f 4403 4378 4371
f 4470 4486 4472
f 4487 4414 4431
f 4483 4485 4488
f 4452 4451 4468
f 4489 4479 4478
f 4426 4480 4417
f 4485 4489 4478
f 4488 4485 4478
f 4480 4426 4430
f 4480 4430 4490
f 4480 4490 4421
f 4491 4421 4490
f 4477 4466 4472
f 4459 4492 4467
f 4376 4493 4409
f 4494 4467 4492
f 4495 4496 4484
f 4453 4452 4497
f 4459 4450 4498
f 4435 4493 4455
f 4450 4499 4498
f 4421 4491 4442
f 4442 4387 4382
f 4401 4400 4481
f 4452 4468 4497
f 4449 4491 4490
f 4233 4473 4161
f 4473 4233 4500
f 4401 4481 4439
f 4490 4430 4449
f 4471 4500 4470
f 4409 4493 4425
f 4435 4425 4493
f 4406 4404 4402
f 4471 4473 4500
f 4501 4502 4503
f 4486 4470 4500
f 4477 4472 4504
f 4478 4477 4504
f 4446 4482 4463
f 4502 4505 4503
f 4478 4504 4506
f 4503 4505 4507
f 4479 4453 4497
f 4421 4442 4382
f 4481 4440 4439
f 4440 4481 4508
f 4446 4494 4482
f 4505 4502 4509
f 4502 4510 4511
f 4468 4474 4464
f 4444 4184 4185
f 4437 4430 4425
f 4488 4478 4506
f 4481 4482 4508
f 4483 4488 4512
f 4184 4445 4468
f 4508 4482 4513
f 4514 4513 4494
f 4125 4070 4370
f 4467 4446 4447
f 4446 4467 4494
f 4515 4502 4511
f 4406 4408 4404
f 4460 4431 4434
f 4387 4441 4389
f 4389 4441 4446
f 4464 4497 4468
f 4510 4501 4513
f 4464 4474 4465
f 4498 4499 4489
f 4516 4498 4489
f 4513 4482 4494
f 4479 4489 4499
f 4510 4513 4514
f 4470 4465 4474
f 4516 4489 4485
f 4469 4471 4470
f 4502 4515 4509
f 4464 4466 4497
f 4476 4497 4466
f 4492 4459 4514
f 4514 4494 4492
f 4508 4501 4503
f 4517 4518 4519
f 4520 4498 4516
f 4520 4514 4459
f 4442 4491 4449
f 4442 4449 4448
f 4497 4476 4479
f 4518 4505 4509
f 4521 4516 4485
f 4404 4408 4403
f 4518 4509 4519
f 4515 4522 4523
f 4521 4485 4524
f 4525 4515 4523
f 4397 4403 4408
f 4526 4514 4520
f 4514 4526 4511
f 4510 4514 4511
f 4419 4460 4429
f 4397 4399 4403
f 4503 4440 4508
f 4508 4513 4501
f 4484 4524 4485
f 4407 4397 4408
f 4522 4527 4523
f 4509 4515 4525
f 4458 4528 4529
f 4530 4523 4527
f 4484 4496 4524
f 4525 4523 4530
f 4396 4370 4070
f 4461 4507 4528
f 4440 4503 4507
f 4461 4440 4507
f 4501 4510 4502
f 4446 4463 4389
f 4531 4528 4507
f 4525 4532 4509
f 4528 4531 4529
f 4532 4525 4533
f 4518 4529 4531
f 4509 4534 4519
f 4534 4509 4532
f 4529 4535 4456
f 4536 4533 4525
f 4520 4537 4526
f 4538 4539 4540
f 4467 4447 4448
f 4541 4542 4543
f 4537 4520 4516
f 4370 4396 4371
f 4521 4537 4516
f 4544 4545 4546
f 4547 4548 4549
f 4526 4537 4550
f 4537 4521 4550
f 4551 4552 4553
f 4532 4533 4554
f 4511 4526 4515
f 4535 4529 4555
f 4515 4526 4522
f 4556 4557 4558
f 4559 4560 4561
f 4562 4563 4564
f 4535 4555 4565
f 4566 4567 4568
f 4517 4565 4555
f 4569 4570 4571
f 2934 4535 4565
f 4572 4535 2934
f 4532 4554 4542
f 4436 4451 4437
f 4532 4573 4534
f 4462 4461 4528
f 4496 4521 4524
f 4458 4462 4528
f 4521 4496 4550
f 4552 4551 4574
f 4543 4542 4575
f 4525 4530 4536
f 4431 4460 4576
f 4522 4526 4550
f 4577 4578 4579
f 4458 4529 4456
f 4543 4575 4580
f 4543 4580 3028
f 4460 4419 4576
f 4581 4430 4453
f 4522 4550 4527
f 4507 4505 4531
f 4519 4573 4517
f 4573 4519 4534
f 4582 4583 4584
f 4581 4449 4430
f 4585 4586 4587
f 4546 4588 4589
f 4536 4554 4533
f 4518 4517 4555
f 4590 4582 4584
f 4475 4198 4591
f 4592 4554 4536
f 3708 4593 4594
f 2903 4565 4517
f 2904 4517 4573
f 4177 4591 4198
f 4595 4566 4596
f 4505 4518 4531
f 4597 4598 4599
f 4600 4597 4599
f 4600 4601 4597
f 4550 4496 4527
f 4431 4602 4487
f 4569 4571 4603
f 4604 4605 4606
f 4527 4496 4530
f 4530 4496 4495
f 4520 4459 4498
f 4573 4532 4541
f 4554 4592 4575
f 4607 4608 4538
f 4518 4555 4529
f 4542 4554 4575
f 4461 4438 4440
f 4609 4610 4570
f 2904 4573 4543
f 4570 4610 4611
f 4607 4538 4540
f 2904 4543 3029
f 4487 4612 4414
f 4613 4612 4487
f 4609 4614 4610
f 4454 4438 4461
f 4541 4543 4573
f 4541 4532 4542
f 4615 4616 4617
f 4535 4618 4456
f 4619 4620 4621
f 4622 4585 4623
f 4624 4625 4600
f 4626 4540 4627
f 4628 4629 4630
f 4605 4549 4606
f 4631 4632 4633
f 4634 4635 4559
f 4431 4576 4602
f 4600 4625 4601
f 4636 4637 4553
f 4436 4455 4475
f 2835 4638 2803
f 2803 2791 2835
f 4564 4639 4538
f 4596 4566 4568
f 4640 4641 4642
f 4564 4643 4633
f 4644 4645 4646
f 4647 4621 4620
f 4646 4648 4649
f 4645 4650 4646
f 4611 4610 4547
f 4624 4598 4651
f 4624 4651 4625
f 4602 4613 4487
f 4643 4564 4538
f 4456 4613 4602
f 4652 4653 4654
f 4655 4651 4598
f 4567 4631 4568
f 4656 4605 4657
f 4630 4653 4652
f 2762 4414 2763
f 4581 4450 4449
f 4659 4562 4584
f 4613 4456 4618
f 4593 4660 4661
f 4562 4659 4563
f 4661 4660 4662
f 4436 4475 4591
f 4646 4663 4648
f 4664 4665 4666
f 4436 4591 4184
f 2934 4565 2902
f 4565 2903 2902
f 3941 4667 4024
f 4668 4669 4670
f 3941 3909 4671
f 4561 4644 4646
f 3941 4671 4667
f 4543 3028 3029
f 4672 4673 4674
f 4645 4644 4675
f 4676 4560 4559
f 4077 4373 4074
f 4190 4373 4077
f 4576 4419 4677
f 4677 4419 4420
f 4678 4679 4680
f 2933 4638 4572
f 2803 4638 2933
f 3028 3024 3029
f 2934 2933 4572
f 4612 2835 4414
f 4414 2835 2763
f 2903 4517 2904
f 4668 4682 4669
f 4683 4684 4685
f 4549 4548 4606
f 4674 4673 4664
f 4686 4687 4688
f 4593 4689 4660
f 4634 4559 4690
f 4593 4691 4689
f 4692 4670 4693
f 4646 4650 4694
f 4593 4695 4691
f 4696 4697 4698
f 4638 2835 4612
f 4613 4618 4612
f 4655 4598 4597
f 4638 4612 4618
f 4699 4683 4619
f 4700 4701 4656
f 4601 4625 4702
f 4682 4703 4669
f 4179 4591 4177
f 4605 4547 4549
f 4669 4703 4670
f 4701 4700 4704
f 4705 4706 4707
f 4547 4605 4656
f 4708 4659 4584
f 4709 4691 4695
f 4572 4618 4535
f 4413 4434 4431
f 4691 4709 4710
f 4638 4618 4572
f 4711 4712 4648
f 4713 4714 4251
f 4713 4715 4716
f 4717 4718 4713
f 4472 4486 4719
f 4720 4721 4722
f 4486 4723 4719
f 4724 4715 4713
f 4454 4677 4420
f 4198 4433 4195
f 4704 4700 4726
f 4713 4251 4717
f 4719 4706 4506
f 4727 4728 4682
f 4591 4179 4184
f 4706 4729 4506
f 4457 4454 4462
f 4730 4731 4732
f 4733 4607 4626
f 4560 4676 4666
f 4734 4735 4732
f 2752 2688 2699
f 4724 4301 4736
f 4737 4648 4663
f 4682 4728 4738
f 4512 4506 4729
f 4729 4739 4512
f 4734 4732 4740
f 4458 4457 4462
f 4705 4739 4729
f 4454 4457 4677
f 4706 4742 4707
f 4576 4677 4457
f 4718 4717 4269
f 4707 4742 4720
f 4269 4301 4718
f 4602 4576 4457
f 4455 4376 4374
f 4455 4493 4376
f 4724 4713 4718
f 4456 4602 4457
f 4301 4724 4718
f 4723 4716 4719
f 4706 4719 4716
f 4483 4743 4484
f 4720 4722 4744
f 4581 4453 4479
f 4744 4745 4720
f 4745 4744 4746
f 4747 4748 4749
f 4750 4745 4746
f 4269 4268 4301
f 4483 4739 4743
f 4730 4750 4731
f 4751 4747 4749
f 4752 4301 4352
f 4750 4746 4731
f 4512 4739 4483
f 4753 4754 4748
f 4301 4752 4736
f 4233 4229 4755
f 4756 4748 4754
f 4495 4484 4757
f 4755 4229 4714
f 4757 4484 4743
f 4301 4298 4352
f 4580 4575 4758
f 4759 4751 4749
f 4251 4714 4229
f 4581 4479 4450
f 4720 4745 4707
f 4705 4735 4760
f 4742 4715 4720
f 4716 4715 4742
f 4750 4707 4745
f 4753 4734 4754
f 4757 4743 4760
f 4674 4666 4676
f 4761 4760 4753
f 4734 4762 4754
f 4736 4721 4724
f 4734 4740 4762
f 4754 4762 4763
f 3963 3909 3910
f 4739 4705 4760
f 4747 4761 4748
f 4764 4580 4758
f 4764 4758 4765
f 4705 4707 4735
f 4743 4739 4760
f 4766 4759 4767
f 4711 4648 4737
f 4724 4721 4715
f 4730 4735 4707
f 4720 4715 4721
f 4730 4707 4750
f 4760 4735 4753
f 4436 4184 4468
f 4468 4451 4436
f 4768 4766 4769
f 4761 4753 4748
f 4753 4735 4734
f 4580 4764 3028
f 4740 4770 4762
f 4735 4730 4732
f 4759 4771 4767
f 4762 4772 4763
f 4721 4736 4722
f 4756 4767 4771
f 4773 4774 4775
f 4722 4776 4744
f 4777 4766 4767
f 4479 4499 4450
f 4625 4651 4702
f 4736 4778 4722
f 4773 4779 4774
f 4738 4780 4682
f 4769 4781 4768
f 4740 4782 4783
f 4255 4717 4251
f 4740 4783 4770
f 4729 4706 4705
f 4751 4759 4784
f 4731 4746 4785
f 4731 4785 4782
f 4786 4774 4779
f 4740 4732 4731
f 4350 4787 4367
f 4776 4786 4788
f 4779 4788 4786
f 4740 4731 4782
f 4717 4255 4269
f 4766 4784 4759
f 4756 4763 4789
f 4786 4776 4722
f 4762 4770 4772
f 4748 4756 4749
f 4789 4763 4790
f 4791 4792 4793
f 4747 4530 4495
f 4793 4794 4791
f 4763 4756 4754
f 4792 4791 4795
f 4345 4796 4350
f 4350 4796 4787
f 4796 4797 4787
f 4773 4798 4799
f 4767 4756 4789
f 4779 4773 4799
f 4768 4781 4765
f 4781 4800 4765
f 4789 4801 4767
f 4798 4802 4799
f 4749 4756 4771
f 4774 4722 4778
f 4801 4777 4767
f 4774 4786 4722
f 4779 4799 4788
f 4778 4775 4774
f 4803 4782 4785
f 4804 4805 4806
f 4784 4766 4768
f 4807 4808 4809
f 4808 4807 4810
f 4811 4810 4807
f 4812 4813 4814
f 4783 4792 4815
f 4805 4804 4816
f 4812 4814 4817
f 4794 4818 4791
f 4782 4803 4819
f 4805 4813 4820
f 4788 4799 4821
f 4772 4790 4763
f 4805 4816 4813
f 4811 4822 4810
f 4815 4792 4795
f 4810 4822 4823
f 4772 4824 4790
f 4825 4815 4795
f 4801 4789 4805
f 4777 4801 4805
f 4789 4806 4805
f 4826 4815 4825
f 4789 4790 4806
f 4827 4828 4829
f 4822 4830 4823
f 4819 4783 4782
f 4822 4831 4830
f 4826 4825 4832
f 4785 4746 4744
f 4833 4816 4806
f 4828 4834 4835
f 4792 4783 4819
f 4816 4833 4836
f 4837 4827 4838
f 4813 4839 4814
f 4772 4770 4815
f 4840 4792 4819
f 4815 4770 4783
f 4828 4827 4834
f 4841 4834 4827
f 4617 4616 4807
f 4842 4744 4776
f 4834 4841 4835
f 4776 4788 4843
f 4837 4844 4841
f 4842 4776 4843
f 4827 4837 4841
f 4785 4744 4842
f 4807 4616 4811
f 4831 4845 4830
f 4815 4824 4772
f 4820 4846 4847
f 4815 4826 4824
f 4848 4849 4845
f 4723 4714 4713
f 4616 4822 4811
f 4850 4851 4775
f 4846 4820 4852
f 4839 4816 4836
f 4793 4803 4853
f 4854 4855 4856
f 4855 4854 4857
f 4759 4749 4771
f 4775 4858 4850
f 4856 4859 4854
f 4821 4823 4860
f 4859 4861 4854
f 4816 4804 4806
f 4824 4806 4790
f 3028 4764 3035
f 4856 4862 4859
f 4813 4816 4839
f 4855 4857 4863
f 4845 4831 4864
f 4830 4860 4823
f 4848 4845 4864
f 4839 4865 4814
f 4847 4766 4777
f 4766 4847 4769
f 4803 4843 4853
f 4855 4863 4866
f 4795 4867 4825
f 4360 4850 4357
f 4855 4866 4868
f 4360 4851 4850
f 4856 4855 4862
f 4855 4868 4862
f 4716 4723 4713
f 4869 4846 4852
f 4870 4867 4795
f 4805 4847 4777
f 4871 4837 4838
f 4830 4849 4853
f 4794 4849 4818
f 4843 4803 4785
f 4860 4788 4821
f 4844 4837 4872
f 4833 4873 4836
f 4788 4860 4843
f 4810 4823 4821
f 4844 4874 4841
f 4798 4775 4851
f 4849 4848 4818
f 4798 4773 4775
f 4785 4842 4843
f 4872 4871 4875
f 4837 4871 4872
f 4791 4818 4876
f 4851 4877 4798
f 4819 4793 4840
f 4865 4839 4836
f 4875 4878 4872
f 4872 4879 4844
f 4860 4853 4843
f 4658 4880 4881
f 4882 4658 4881
f 4781 4769 4847
f 4874 4844 4883
f 4853 4860 4830
f 4806 4884 4833
f 4879 4872 4878
f 4812 4820 4813
f 4495 4757 4760
f 4830 4845 4849
f 4844 4879 4885
f 4812 4852 4820
f 4844 4885 4883
f 4764 3238 3035
f 4806 4824 4826
f 4817 4814 4886
f 4689 4691 4887
f 4888 4818 4848
f 4712 4711 4889
f 4664 4668 4665
f 2746 2745 4890
f 4849 4794 4793
f 4755 4500 4233
f 4884 4826 4832
f 4793 4819 4803
f 4884 4806 4826
f 4849 4793 4853
f 4702 4651 4891
f 4876 4818 4892
f 4761 4495 4760
f 4833 4832 4893
f 4758 4784 4765
f 4690 4559 4649
f 4585 4894 4895
f 4711 4737 4574
f 4832 4825 4867
f 4867 4893 4832
f 4817 4886 4896
f 4561 4560 4644
f 2745 4642 4890
f 4897 4898 4899
f 4896 4900 4817
f 4884 4832 4833
f 4706 4716 4742
f 4814 4865 4886
f 4795 4901 4870
f 4901 4795 4791
f 4660 4689 4902
f 3705 4903 3938
f 4812 4904 4852
f 4905 4886 4865
f 4905 4865 4906
f 4660 4902 4907
f 4905 4829 4886
f 4908 4909 4899
f 4661 4910 4903
f 4911 4909 4908
f 4663 4646 4694
f 4599 4624 4600
f 4829 4900 4896
f 4912 4366 4367
f 4611 4547 4701
f 4913 4900 4829
f 4665 4668 4670
f 4787 4914 4915
f 4665 4670 4692
f 4761 4747 4495
f 4647 4620 4608
f 4703 4682 4916
f 4917 4008 4012
f 4914 4797 4617
f 3938 4903 4910
f 4910 4918 3938
f 4624 4599 4598
f 4912 4920 4921
f 4649 4561 4646
f 4822 4922 4923
f 4917 4012 4924
f 4559 4561 4649
f 4925 4920 4912
f 4596 4926 4927
f 4915 4914 4928
f 4929 4921 4920
f 4930 4931 4932
f 4933 4928 4914
f 4931 4930 4934
f 4935 4817 4900
f 4817 4935 3216
f 3162 3216 4935
f 4800 3082 3238
f 4937 4938 4939
f 3162 4935 4940
f 4941 4942 4943
f 4828 4913 4829
f 3080 3082 4800
f 4944 4900 4913
f 4945 4929 4920
f 4944 4935 4900
f 4946 4944 4913
f 4932 4931 4939
f 4931 4947 4939
f 4920 4933 4945
f 4940 4935 4944
f 4626 4949 4733
f 4933 4809 4950
f 4933 4807 4809
f 4931 4934 4947
f 4945 4933 4950
f 4536 4751 4592
f 4943 4942 4951
f 4917 2643 2647
f 4663 4694 4655
f 4840 4793 4792
f 4902 4952 4907
f 4694 4953 4655
f 4611 4701 4704
f 4954 4953 4694
f 4650 4954 4694
f 4668 4664 4727
f 4955 4942 4956
f 4650 4957 4954
f 4942 4955 4951
f 4958 4951 4955
f 4946 4913 4959
f 4960 4902 4689
f 4961 4939 4947
f 4937 4939 4961
f 4913 4828 4962
f 4934 4962 4947
f 4947 4962 4961
f 4655 4953 4651
f 4962 4828 4961
f 4959 4913 4962
f 4959 4962 4963
f 4661 4594 4593
f 4964 4965 4966
f 4869 4852 3081
f 4596 4568 4926
f 4594 3705 3669
f 3215 3067 3081
f 4933 4617 4807
f 3081 3080 4869
f 3669 3708 4594
f 3215 3081 4852
f 4967 4902 4960
f 4950 4809 4968
f 4901 4909 4870
f 4852 4904 3215
f 4912 4969 4970
f 4953 4891 4651
f 4914 4617 4933
f 4597 4601 4655
f 4752 4778 4736
f 4857 4911 4863
f 4934 4971 4972
f 4972 4827 4937
f 4601 4702 4973
f 4747 4536 4530
f 4663 4655 4737
f 4963 4962 4974
f 4655 4601 4737
f 4975 4733 4949
f 4976 4968 4877
f 4802 4877 4968
f 4617 4977 4978
f 4973 4979 4636
f 4945 4968 4976
f 4962 4934 4972
f 4921 4976 4969
f 4961 4972 4937
f 4980 4961 4828
f 4981 4961 4980
f 4945 4950 4968
f 4961 4982 4972
f 4982 4961 4981
f 4938 4861 4983
f 4984 4841 4874
f 4891 4953 4954
f 4984 4835 4841
f 4827 4871 4838
f 4985 4986 4984
f 4986 4985 4987
f 4988 4827 4972
f 4989 4990 4991
f 4984 4874 4985
f 4902 4967 4952
f 4972 4971 4988
f 4912 4921 4969
f 4992 4585 4895
f 4827 4988 4871
f 4971 4993 4988
f 4994 4985 4874
f 4500 4755 4486
f 4995 4981 4980
f 4883 4994 4874
f 4486 4755 4723
f 4945 4976 4921
f 4945 4921 4929
f 3705 4594 4903
f 4594 4661 4903
f 4607 4540 4626
f 4904 3216 3215
f 4973 4702 4891
f 4949 4627 4996
f 4904 4812 4817
f 4817 3216 4904
f 4997 4674 4676
f 4998 4367 4787
f 4367 4998 4912
f 4999 5000 5001
f 5002 4992 4895
f 4584 4562 4590
f 4805 4820 4847
f 4617 4796 4977
f 4910 5003 4918
f 3708 4695 4593
f 3642 3938 4918
f 4973 4574 4601
f 4737 4601 4574
f 4352 4357 4858
f 3162 4959 5005
f 3162 5005 3151
f 4998 4925 4912
f 5006 4959 3162
f 4970 4360 4366
f 4891 4979 4973
f 4692 4693 4990
f 4962 4972 4974
f 4639 4564 4563
f 4585 4587 4894
f 4991 4979 4989
f 3691 4695 3708
f 4925 4998 4915
f 4552 4574 4973
f 4991 4604 4979
f 4925 4915 4928
f 4972 4982 4974
f 4025 3844 4023
f 4973 4636 4552
f 4752 4352 4858
f 4928 4920 4925
f 3642 4918 3647
f 4918 5003 5007
f 3647 4918 5007
f 4920 4928 4933
f 4927 4926 5008
f 5009 5010 5011
f 4983 4930 4932
f 4930 4983 5012
f 4974 5013 4963
f 4557 5014 4558
f 5013 4974 5015
f 4971 4930 5012
f 5016 5017 5018
f 4604 4991 5019
f 4780 5000 4916
f 3345 3338 5020
f 5021 5022 5023
f 5019 4991 5024
f 5025 5026 5027
f 4672 4674 4997
f 4999 5028 5029
f 4861 4859 4983
f 4974 4982 5015
f 5030 5031 5010
f 4645 4957 4650
f 5033 5034 4654
f 5035 5012 4983
f 5009 5011 5018
f 4893 4867 4870
f 4360 4970 4851
f 5036 4681 5032
f 5022 5032 5023
f 4915 4998 4787
f 4653 5033 4654
f 5037 5038 5028
f 4939 4938 4932
f 4905 4938 4937
f 5027 5026 5039
f 4937 4827 4905
f 4983 4932 4938
f 4559 5034 4676
f 5040 5034 4559
f 4995 5015 4981
f 4787 4797 4914
f 5038 5037 5041
f 5015 4982 4981
f 4747 4751 4536
f 5001 5028 4999
f 4828 4835 4980
f 5042 4990 4693
f 5043 4025 5044
f 5037 5028 5001
f 4930 4971 4934
f 5039 5045 5027
f 4675 4665 4692
f 4927 5008 5046
f 4692 4990 4675
f 2645 2644 5047
f 4859 4862 5048
f 5032 5022 5036
f 4752 4858 4778
f 4654 5034 5040
f 4675 4957 4645
f 5019 5024 5049
f 5049 5050 5019
f 5034 5033 5051
f 4979 4604 4636
f 4990 4989 4957
f 5035 4983 5048
f 5023 5032 5044
f 4688 4687 5052
f 4971 5012 5035
f 5053 4796 4345
f 5054 5009 5018
f 4604 5019 4605
f 4675 4990 4957
f 4575 4592 4758
f 3244 3317 3248
f 4657 4605 5019
f 3891 3907 5044
f 3151 5005 3317
f 5005 3248 3317
f 4859 5048 4983
f 4964 5055 4634
f 5056 4899 4898
f 5057 5058 2652
f 5006 3162 4940
f 4862 5059 5048
f 2647 4008 4917
f 4875 5060 5061
f 5056 4908 4899
f 5062 5033 4653
f 4957 4989 4954
f 5026 5035 5048
f 5033 5062 5063
f 5033 5063 5051
f 5001 5000 4780
f 4643 4685 4633
f 5039 5026 5048
f 5016 5018 5011
f 5060 4875 4993
f 5055 4635 4634
f 5058 5064 2653
f 2665 2653 5064
f 4946 4959 5006
f 5016 5065 5066
f 4873 4833 4893
f 4875 4871 4993
f 4908 5056 5067
f 4940 4946 5006
f 5011 5010 5065
f 4988 4993 4871
f 4940 4944 4946
f 5010 5031 5065
f 5068 4619 4621
f 5011 5065 5016
f 5032 5043 5044
f 2653 2652 5058
f 5018 5017 5069
f 5070 5069 5017
f 4883 5071 4994
f 5063 4676 5051
f 5007 3646 3647
f 5007 4012 4006
f 5007 4006 3646
f 5072 5073 5074
f 5071 4999 4994
f 3907 4629 5044
f 5005 4963 5020
f 5058 5075 5064
f 5064 5075 5076
f 4990 5077 4991
f 5078 5079 5080
f 5018 5081 5054
f 4544 4546 4690
f 4504 4472 4719
f 4357 4352 4284
f 5073 5072 5082
f 4956 4942 5077
f 5083 5077 4942
f 5018 5069 5081
f 5005 4959 4963
f 4911 4908 5084
f 5085 5086 5038
f 5073 5082 5087
f 3313 5020 3338
f 5084 4863 4911
f 3313 3248 5005
f 5038 5041 5085
f 5020 4963 5088
f 4589 4690 4546
f 4564 5089 4562
f 4877 4970 4969
f 5081 5090 5054
f 5016 5066 5091
f 4025 4023 5044
f 5044 4023 3891
f 5086 5085 5092
f 5090 5081 5093
f 2649 2648 5095
f 3313 5005 5020
f 5035 5060 4971
f 4970 4877 4851
f 3365 5096 3366
f 5090 5093 5097
f 5060 4993 4971
f 5097 5098 5099
f 5077 4990 5042
f 5100 5077 5042
f 5054 2648 2681
f 5055 5101 4654
f 5102 5099 5103
f 4784 4768 4765
f 4672 5104 4673
f 5024 4991 5077
f 5086 5096 5038
f 5060 5035 5026
f 5086 3366 5096
f 2648 5054 5105
f 4504 4719 4506
f 4676 5034 5051
f 5055 4654 4635
f 4654 5040 4635
f 5102 2648 5105
f 5106 5078 5080
f 4835 5107 4980
f 5083 5025 5077
f 4635 5040 4559
f 2666 5076 5106
f 4956 5077 5100
f 5108 4661 4662
f 4995 4980 5107
f 5095 2648 5109
f 4984 5107 4835
f 2644 5110 5057
f 5017 5111 5070
f 5095 5003 5112
f 5003 4910 5112
f 5110 2644 5103
f 4595 5113 4566
f 5106 5080 5114
f 2666 5106 2675
f 5095 5115 5003
f 5116 5003 5115
f 4984 4986 4987
f 5092 5085 5041
f 5020 5088 3374
f 5105 5054 5090
f 5041 5117 5092
f 5029 5107 4984
f 5069 5070 5111
f 5117 5041 5118
f 5090 5102 5105
f 5111 5119 5120
f 4984 4987 5029
f 5081 5072 5093
f 5013 5088 4963
f 4850 4858 4357
f 5092 3409 3395
f 5102 5090 5097
f 4976 4877 4969
f 4560 4666 4675
f 2649 5112 5108
f 4644 4560 4675
f 5030 2649 5108
f 4781 4847 4846
f 5093 5098 5097
f 3409 5092 5117
f 4675 4666 4665
f 4907 5121 4662
f 3374 5088 3365
f 5076 5078 5106
f 3365 5088 5013
f 4662 4660 4907
f 5076 5075 5078
f 5110 5103 5099
f 5122 5079 5123
f 5122 5124 5079
f 5099 5102 5097
f 3365 5013 5096
f 5079 5125 5080
f 5084 4908 5067
f 4970 4366 4912
f 5081 5069 5111
f 4606 4614 4637
f 5058 5057 5075
f 4846 4800 4781
f 5111 5082 5081
f 5110 5075 5057
f 5077 5025 5024
f 5082 5111 5120
f 5027 5024 5025
f 5126 4888 4864
f 5092 3366 5086
f 3366 5092 3395
f 2649 5095 5112
f 5127 4662 5121
f 5029 4995 5107
f 4800 4846 3080
f 5125 5079 5124
f 3238 4764 4765
f 4711 4551 4889
f 5096 5015 4995
f 5028 4995 5029
f 5028 5096 4995
f 4889 4551 4614
f 5021 5023 5128
f 5121 4907 5127
f 4614 4551 4637
f 5110 5123 5075
f 4582 5129 5130
f 5096 5013 5015
f 5131 5132 5133
f 5081 5082 5072
f 4670 5134 4693
f 5038 5096 5028
f 2681 2650 2649
f 4907 5031 5127
f 5106 5114 5135
f 4673 5118 4728
f 5030 2681 2649
f 4893 4870 4909
f 4775 4778 4858
f 5017 5016 5136
f 4994 4987 4985
f 5136 5016 5091
f 4670 4703 5137
f 5054 2681 5030
f 4610 4548 4547
f 3409 5117 3426
f 3080 4846 4869
f 5003 5116 5007
f 4592 4751 4784
f 5117 5138 3426
f 5093 5072 5139
f 4994 5029 4987
f 4994 4999 5029
f 5093 5140 5098
f 5093 5139 5140
f 4670 5137 5134
f 5141 4667 4671
f 2643 5142 2644
f 5140 5139 5143
f 3238 4765 4800
f 5025 5083 5060
f 4714 4723 4755
f 4637 4551 4553
f 5054 5030 5009
f 2643 4917 5142
f 5139 5074 5143
f 5143 5074 5133
f 2675 5106 5135
f 5080 5125 5144
f 5108 5112 4661
f 4924 4012 5116
f 2674 2675 5135
f 4873 4857 4836
f 5142 4917 5115
f 5120 5119 5145
f 5142 5103 2644
f 4906 4836 4854
f 4012 5007 5116
f 2648 5102 5109
f 5115 5095 5109
f 5102 5115 5109
f 5146 4952 4967
f 4906 4865 4836
f 5147 5148 5149
f 4877 4802 4798
f 4506 4512 4488
f 4606 4637 4604
f 5098 5123 5099
f 4799 4802 4808
f 4893 4911 4873
f 4784 4758 4592
f 5150 4595 4596
f 4873 4911 4857
f 5132 5131 5152
f 5091 4952 5146
f 2752 5150 4596
f 5149 5148 5120
f 5091 5146 5119
f 5140 5123 5098
f 5108 4662 5030
f 5030 4662 5127
f 5154 5151 5155
f 4314 5156 4354
f 4821 4799 4808
f 4924 5116 5115
f 4907 4952 5065
f 4907 5065 5031
f 5120 5148 5082
f 4854 4836 4857
f 4911 4893 4909
f 4661 5112 4910
f 5154 5155 5157
f 5158 5157 5155
f 5159 5160 5161
f 5161 4354 5156
f 5151 5153 5155
f 5163 5160 5159
f 4345 5164 5165
f 5155 5166 5158
f 5153 5166 5155
f 5163 5167 5160
f 5142 5115 5103
f 5168 5123 5140
f 5169 5170 5163
f 5171 4288 4290
f 4808 4802 4809
f 5172 5160 5167
f 5143 5168 5140
f 4334 4288 5171
f 4968 4809 4802
f 4897 4791 4876
f 5173 5165 5174
f 4290 4289 4354
f 4290 4354 5161
f 4334 5171 5164
f 5170 5175 5176
f 5177 5178 5171
f 5173 5174 5179
f 5031 5030 5127
f 5171 4290 5177
f 5180 5181 5179
f 5177 5161 5178
f 5181 5173 5179
f 4791 4897 4901
f 5170 5167 5163
f 5182 5167 5170
f 4917 4924 5115
f 4854 4861 4906
f 5179 5183 5184
f 5175 5166 5153
f 5184 5172 5167
f 4345 4334 5164
f 5184 5185 5179
f 4899 4909 4901
f 4821 4808 4810
f 5187 5185 5184
f 5183 5178 5172
f 4901 4897 4899
f 5179 5185 5180
f 5178 5164 5171
f 5175 5153 5162
f 5180 4996 5181
f 5184 5183 5172
f 4861 4905 4906
f 4827 4829 4905
f 5179 5174 5183
f 4861 4938 4905
f 4886 4829 4896
f 5161 5160 5178
f 5123 5110 5099
f 5178 5160 5172
f 5156 5159 5161
f 5188 5189 5148
f 5177 4290 5161
f 5174 5164 5178
f 4552 4636 4553
f 5186 4324 4312
f 5190 5157 5158
f 5178 5183 5174
f 5066 5065 4952
f 5148 5189 5082
f 4355 4324 5186
f 5158 5159 5190
f 4322 4323 4355
f 5053 4345 5165
f 4355 5186 5154
f 5174 5165 5164
f 4355 5157 4322
f 5173 5053 5165
f 5154 5157 4355
f 5166 5159 5158
f 5166 5163 5159
f 4314 4307 5156
f 5159 5156 5190
f 5169 5163 5166
f 5190 4322 5157
f 5170 5176 5191
f 5192 5193 5194
f 5175 5170 5166
f 5182 5170 5191
f 5170 5169 5166
f 5162 5192 5175
f 5194 5193 5195
f 5197 5198 5199
f 4307 4322 5190
f 5190 5156 4307
f 5200 5201 5202
f 5200 5203 5201
f 4996 5180 5185
f 5204 5184 5182
f 5205 5206 5207
f 5182 5184 5167
f 5205 5208 5206
f 5205 5209 5208
f 5195 5193 5210
f 5211 5195 5210
f 5212 5213 5214
f 5198 5212 5199
f 5211 5215 5191
f 5216 5217 5215
f 5218 5219 5220
f 5218 5220 5221
f 5222 5218 5221
f 5223 5213 5198
f 5224 5222 5221
f 5198 5213 5212
f 5214 5213 5225
f 5226 5227 4975
f 5208 5228 5229
f 5230 5225 5213
f 5231 4975 5227
f 5232 5228 5208
f 5215 5204 5182
f 5232 5208 5209
f 5233 4949 4996
f 5234 5235 5236
f 5237 5234 5236
f 5238 5217 5216
f 5239 5187 5217
f 5203 5200 5240
f 5232 5241 5228
f 5232 5242 5241
f 5230 5243 5244
f 5230 5244 5245
f 5203 5246 5247
f 5248 5249 5250
f 4733 4975 5231
f 5251 5245 5244
f 5239 5226 5187
f 5217 5204 5215
f 5252 5247 5246
f 5245 5253 5225
f 5254 5253 5245
f 5255 5203 5240
f 5255 5246 5203
f 5225 5216 5210
f 5214 5225 5210
f 5209 5256 5232
f 5187 5184 5204
f 5252 5246 5255
f 5240 5257 5255
f 5247 5252 5258
f 5259 5258 5252
f 5256 5209 5205
f 5255 5261 5252
f 5196 5199 5212
f 5257 5261 5255
f 5256 5262 5232
f 5192 5194 5175
f 5263 5216 5225
f 5257 5264 5261
f 5247 5244 5243
f 5196 5210 5193
f 5217 5265 5239
f 5251 5244 5266
f 5265 5227 5239
f 5267 5261 5264
f 5267 5268 5261
f 5262 5242 5232
f 5269 5270 5266
f 5270 5251 5266
f 5187 5204 5217
f 5225 5230 5245
f 5267 5264 5271
f 5239 5227 5226
f 5272 5197 5260
f 5235 5273 5265
f 5245 5251 5254
f 5251 5274 5254
f 5210 5215 5211
f 5253 5263 5225
f 5241 5257 5228
f 5241 5264 5257
f 5195 5191 5176
f 5195 5176 5194
f 5251 5052 5274
f 5242 5264 5241
f 5233 5185 5187
f 4975 5233 5226
f 5247 5266 5244
f 5216 5215 5210
f 5266 5247 5258
f 5275 5235 5265
f 5211 5191 5195
f 5226 5233 5187
f 5271 5264 5242
f 5236 5263 5253
f 5236 5275 5263
f 5215 5182 5191
f 5263 5238 5216
f 5233 4975 4949
f 5227 5265 5273
f 5233 4996 5185
f 5273 5276 5227
f 5238 5265 5217
f 5254 5236 5253
f 5066 4952 5091
f 5102 5103 5115
f 5242 5262 5277
f 2708 2695 5278
f 5146 5145 5119
f 4637 4636 4604
f 5082 5189 5087
f 5114 5080 5144
f 5279 5114 5144
f 5227 5276 5231
f 5087 5189 5131
f 5277 5271 5242
f 5236 5235 5275
f 5280 4619 5068
f 2674 5135 5150
f 5009 5030 5010
f 5263 5275 5238
f 2699 2674 5150
f 5277 5262 5281
f 2645 5047 2652
f 5123 5168 5122
f 5017 5136 5111
f 5119 5111 5136
f 5136 5091 5119
f 2644 5057 5047
f 5075 5123 5079
f 4673 5104 5118
f 5104 5138 5118
f 2652 5047 5057
f 5282 5128 5023
f 5278 5280 4640
f 5025 5060 5026
f 5068 4641 4640
f 5275 5265 5238
f 5236 5254 5274
f 3960 4671 3963
f 4595 5279 5113
f 5124 5122 5168
f 5135 5114 5279
f 5274 5237 5236
f 5283 5276 5273
f 2665 5064 5076
f 4703 4916 5137
f 5284 5285 5286
f 5135 5279 5150
f 5287 5288 5129
f 5176 5175 5194
f 3960 5141 4671
f 4641 5068 4621
f 5283 5273 5235
f 4673 4728 4664
f 5231 5276 5289
f 5287 5290 5288
f 5284 5291 5285
f 5292 5046 4684
f 5113 5279 5144
f 5134 5137 5293
f 2694 2696 5292
f 4664 4728 4727
f 5294 5295 5290
f 4927 2696 2687
f 3960 3977 5141
f 2666 2665 5076
f 5150 5279 4595
f 5249 5248 5229
f 5139 5072 5074
f 4881 4021 4022
f 5296 5297 5126
f 5293 5137 5298
f 5046 5008 4684
f 2695 2694 5280
f 5074 5073 5087
f 5074 5087 5133
f 5128 5282 5299
f 5292 4699 5280
f 5290 5295 5288
f 4780 4916 4682
f 2687 2752 4596
f 2694 5292 5280
f 5249 5200 5202
f 5291 5300 5301
f 5078 5075 5079
f 2687 4596 4927
f 5292 4684 4699
f 5282 4628 5299
f 5301 5300 5302
f 5046 5292 2696
f 5196 5212 5210
f 5134 5042 4693
f 2752 2699 5150
f 5240 5200 5249
f 5000 5303 4916
f 5071 5303 5000
f 5240 5249 5229
f 5046 2696 4927
f 5289 4621 5231
f 5023 5044 4629
f 4684 4683 4699
f 5042 5304 5100
f 5197 5272 5198
f 4728 5118 4738
f 4738 5118 5305
f 5128 5299 5306
f 5129 5288 5130
f 5198 5272 5307
f 5023 4629 4628
f 5063 4997 4676
f 3953 4021 3977
f 5198 5307 5223
f 4587 4586 5308
f 4916 5303 5298
f 5050 5049 5304
f 4951 4958 4586
f 3909 3963 4671
f 5228 5257 5240
f 5309 4997 5063
f 5304 5049 5100
f 4586 4958 5308
f 4551 4711 4574
f 5286 5285 5152
f 5303 5310 5298
f 5130 5288 5311
f 5132 5152 5285
f 5071 5312 5303
f 5298 5137 4916
f 5134 5313 5042
f 5288 5314 5311
f 4885 5303 5312
f 5313 5315 5042
f 5295 5316 5314
f 5305 5118 5041
f 5042 5315 5304
f 2695 5280 5278
f 5317 5285 5291
f 5280 5068 4640
f 5231 4621 4647
f 5280 4699 4619
f 4674 4664 4666
f 4999 5071 5000
f 4880 5141 4881
f 5063 5062 5309
f 5212 5214 5210
f 4885 4879 5310
f 4885 5310 5303
f 4668 4727 4682
f 3977 4021 4881
f 5317 5318 5285
f 4680 4679 4878
f 5100 5049 4956
f 5282 5023 4628
f 4679 5310 4879
f 5071 4883 5312
f 5130 5311 5319
f 5024 5027 5049
f 5317 5291 5301
f 4989 4891 4954
f 5083 4942 4941
f 4688 5052 5270
f 5321 5322 5323
f 4989 4979 4891
f 4878 5061 4680
f 4955 4956 5045
f 5049 5045 4956
f 5049 5027 5045
f 4630 4629 3858
f 5325 5326 5327
f 5328 5326 5325
f 5317 5301 5329
f 5083 4941 5061
f 5320 4919 5330
f 5331 5332 5333
f 5329 5301 5334
f 4582 5130 5335
f 5333 5332 5336
f 4540 4539 4627
f 5337 5325 5327
f 4582 5335 4583
f 5338 5339 5340
f 4629 3907 3858
f 4955 5045 5059
f 5330 4919 5324
f 5328 5341 5326
f 5324 4936 5342
f 4647 4607 4733
f 5083 5061 5060
f 5343 5344 5337
f 5002 4895 5338
f 4608 4607 4647
f 5045 5039 5059
f 5039 5048 5059
f 5345 5346 5248
f 4659 5347 5348
f 5349 4578 4577
f 4695 3691 4024
f 4641 5283 5235
f 5312 4883 4885
f 4881 5141 3977
f 4695 4024 4709
f 5327 5343 5337
f 3706 5350 5062
f 5350 5309 5062
f 5337 5344 4880
f 4977 4796 5053
f 5213 5243 5230
f 5315 5313 5134
f 5328 5351 5341
f 4626 4627 4949
f 5325 5320 5328
f 5351 5352 5341
f 5213 5223 5243
f 5334 4558 5329
f 5353 5347 5002
f 3858 5354 3706
f 5350 4672 4997
f 5131 5133 5087
f 4026 5350 3706
f 3707 5354 3858
f 5355 5356 5357
f 5309 5350 4997
f 5358 5300 5359
f 5352 5360 5361
f 3706 5062 3858
f 4658 5337 4880
f 5328 5320 5351
f 4672 5350 4026
f 5330 5351 5320
f 5352 5361 5341
f 4894 5362 5339
f 4879 4878 4679
f 4741 4948 5363
f 3425 3426 4027
f 5061 4878 4875
f 5364 5360 5352
f 4630 3858 4653
f 5365 5284 5357
f 5019 5050 4657
f 3707 3706 5354
f 5356 5341 5361
f 5306 5299 4964
f 5339 5362 5366
f 4657 5367 4656
f 4700 4656 5367
f 5330 5324 5368
f 4583 5335 4708
f 5356 5365 5357
f 5324 5342 5368
f 4584 4583 4708
f 5365 5356 5361
f 5367 4657 5050
f 5368 5351 5330
f 4710 4887 4691
f 4647 4733 5231
f 3858 5062 4653
f 5299 5101 4964
f 4027 4672 4026
f 5285 5318 5132
f 5369 5143 5133
f 4709 4024 5327
f 5340 5339 5366
f 4710 4709 5327
f 5367 5370 4700
f 5327 4024 5343
f 5355 5357 5371
f 3684 3683 4026
f 5327 4887 4710
f 5050 5372 5367
f 3683 4027 4026
f 5373 4966 4965
f 5368 5364 5351
f 5351 5364 5352
f 5317 5374 5318
f 4027 5104 4672
f 5348 5347 5349
f 5357 5284 5371
f 4539 4579 4627
f 5375 5370 5367
f 4556 5376 4557
f 5132 5318 5377
f 5367 5372 5375
f 4887 4960 4689
f 4579 5378 4627
f 4936 4725 5342
f 4708 5335 5002
f 5348 4563 4659
f 5379 4579 4539
f 4880 5344 4667
f 4667 5141 4880
f 5002 5335 4992
f 5326 4887 5327
f 4725 5363 5342
f 5318 5374 5377
f 5340 5380 5381
f 4895 5339 5338
f 4948 5322 5363
f 5329 5374 5317
f 4544 4690 5382
f 4558 5374 5329
f 5342 5363 5321
f 4639 5348 4539
f 5248 5346 5229
f 4544 5382 4545
f 5374 4558 5014
f 4725 4741 5363
f 5322 5383 5384
f 5307 5272 5220
f 5384 5383 5373
f 5133 5132 5385
f 3426 5104 4027
f 5322 5021 5383
f 4579 5379 4577
f 5384 5373 5359
f 5379 4539 5348
f 3426 5138 5104
f 5290 5376 5294
f 5358 5359 5373
f 4616 4922 4822
f 5307 5220 5201
f 5377 5385 5132
f 4616 4615 4922
f 5386 5364 5323
f 4680 5061 4941
f 4960 4887 5356
f 4566 5113 4567
f 5322 5384 5323
f 4690 4649 5382
f 5376 5387 5294
f 5341 5356 4887
f 5364 5386 5360
f 5117 5118 5138
f 5388 5389 5390
f 5368 5342 5321
f 5360 5386 5284
f 5343 4667 5344
f 5143 5369 5168
f 4888 5126 5381
f 5343 4024 4667
f 5364 5368 5321
f 5391 4567 5113
f 5295 5294 5387
f 5377 5390 5389
f 5390 5377 5392
f 5037 5305 5041
f 5037 5001 5305
f 5001 4780 4738
f 4738 5305 5001
f 4955 5059 4958
f 4659 4708 5347
f 5393 4698 5394
f 5326 5341 4887
f 5393 5394 5395
f 5283 5289 5276
f 4708 5002 5347
f 5144 5396 5391
f 5391 5396 5393
f 4967 5397 5146
f 5014 4557 5374
f 5321 5323 5364
f 4866 5308 4958
f 5124 5168 5369
f 4587 5362 4894
f 5067 5362 4587
f 5374 5398 5377
f 5308 5067 4587
f 4796 4617 4797
f 5372 5050 5399
f 5323 5384 5359
f 5349 5347 5296
f 4964 5101 5055
f 5304 5399 5050
f 5392 5377 5398
f 5358 5373 4965
f 5243 5223 5307
f 5355 4960 5356
f 5321 5363 5322
f 5059 4866 4958
f 5392 5332 5331
f 5386 5323 5359
f 5398 5374 4557
f 4948 5004 5036
f 5355 5371 5397
f 5036 5021 4948
f 5147 5397 5371
f 5203 5243 5307
f 5371 5400 5147
f 5188 5147 5400
f 4960 5355 4967
f 5243 5203 5247
f 5375 5372 5399
f 5398 5332 5392
f 4967 5355 5397
f 4698 4697 5394
f 5260 5401 5272
f 5402 4622 5375
f 5397 5145 5146
f 4571 4570 4611
f 5403 4546 4545
f 4545 5404 5403
f 4681 5036 5004
f 5402 5375 5399
f 4652 5101 5299
f 4567 5391 5393
f 5405 5272 5401
f 5365 5361 5360
f 5360 5284 5365
f 5397 5149 5145
f 4690 5406 4634
f 5220 5272 5405
f 4556 4603 5376
f 4603 5387 5376
f 5125 5124 5407
f 5283 4621 5289
f 5147 5149 5397
f 4643 4538 4608
f 5124 5388 5407
f 4571 4611 5387
f 5358 5302 5300
f 5295 5387 4611
f 4603 4571 5387
f 5284 5386 5291
f 2723 2729 2745
f 5379 5348 4577
f 5382 4649 4648
f 4892 4818 4888
f 4556 5408 4603
f 5369 5133 5385
f 4545 5409 5404
f 5251 5270 5052
f 5302 5410 5301
f 5395 4567 5393
f 4704 4726 5316
f 5316 5311 5314
f 4948 5021 5322
f 5056 5362 5067
f 5311 5316 4726
f 5284 5286 5371
f 5382 4648 4545
f 5125 5407 5411
f 4631 4567 4632
f 5376 5290 5412
f 5396 4696 4698
f 5413 5406 4589
f 5021 5414 5383
f 4545 4648 5409
f 5021 5128 5414
f 5390 5331 5411
f 4632 4567 5395
f 5290 5287 5412
f 5131 5188 5400
f 4546 5415 4588
f 5125 5411 5144
f 5414 5306 5383
f 4978 4615 4617
f 5131 5400 5152
f 5301 5410 5416
f 5022 5021 5036
f 5415 4546 4569
f 4569 4546 5403
f 5417 5411 4696
f 5414 5128 5306
f 5056 4898 5362
f 5376 5412 5336
f 5418 5405 5401
f 5419 5420 5052
f 5390 5392 5331
f 5412 5333 5336
f 5386 5359 5300
f 4862 4868 5059
f 5400 5371 5286
f 4965 5302 5358
f 5288 5295 5314
f 4696 5411 5331
f 4589 5302 5413
f 5413 5302 4965
f 4688 5270 5269
f 5286 5152 5400
f 4611 4704 5295
f 4652 4628 4630
f 5386 5300 5291
f 4697 4696 5333
f 5205 5207 5421
f 5422 5205 5421
f 4570 4569 5403
f 4628 4652 5299
f 4868 4866 5059
f 5394 4590 5395
f 5369 5385 5124
f 5222 5424 5425
f 5424 5222 5224
f 5385 5389 5124
f 5295 4704 5316
f 5333 5129 4697
f 5383 4966 5373
f 4648 4712 5409
f 5129 5333 5412
f 5302 4589 5410
f 5426 5418 5401
f 5424 5421 5425
f 5427 5424 5224
f 5407 5388 5411
f 5338 5353 5002
f 5419 5052 4687
f 5383 5306 4966
f 4606 4610 4614
f 4701 4547 4656
f 5413 4965 5406
f 5409 4712 4889
f 5120 5145 5149
f 4568 4631 4926
f 4726 4622 4623
f 5129 4582 4697
f 5396 5417 4696
f 5224 5428 5429
f 5310 5293 5298
f 4926 4631 4685
f 5418 5269 5405
f 5306 4964 4966
f 4641 4621 5283
f 5412 5287 5129
f 5411 5388 5390
f 5404 5409 4609
f 5424 5427 5421
f 5124 5389 5388
f 4589 4588 5410
f 5308 4866 5084
f 5406 4690 4589
f 4688 5269 5418
f 5008 4926 4685
f 4684 5008 4685
f 4889 4609 5409
f 4548 4610 4606
f 5220 5405 5221
f 5188 5148 5147
f 5301 5416 5334
f 5403 5404 4609
f 4683 4685 4643
f 5224 5429 5427
f 5430 5427 5429
f 5420 5237 5274
f 5420 5274 5052
f 5221 5269 5266
f 2748 2742 2749
f 5431 5423 5094
f 5431 5432 5423
f 5405 5269 5221
f 5258 5221 5266
f 5423 5432 5426
f 4627 5378 4996
f 5426 5432 5418
f 5430 5421 5427
f 5256 5421 5430
f 2749 2742 5419
f 5431 4686 5432
f 2684 5431 2751
f 5234 4641 5235
f 5237 5433 5234
f 5248 5250 5219
f 5248 5219 5345
f 5422 5421 5256
f 5434 5420 5419
f 5429 5435 5430
f 4890 5434 5419
f 4622 4586 4585
f 5432 4686 5418
f 4686 4688 5418
f 2751 5431 5094
f 5346 5208 5229
f 5237 5420 5434
f 4888 4848 4864
f 5433 5237 5434
f 5189 5188 5131
f 5256 5205 5422
f 4642 5433 5434
f 4642 4641 5234
f 5262 5256 5430
f 2749 4686 2684
f 5293 4679 5134
f 5222 5219 5218
f 5431 2684 4686
f 4698 5393 5396
f 4696 5331 5333
f 5250 5249 5220
f 5319 5311 4726
f 5249 5202 5201
f 4890 4642 5434
f 4557 5336 5332
f 5258 5259 5221
f 5428 5221 5259
f 5219 5421 5207
f 5425 5219 5222
f 5425 5421 5219
f 5336 4557 5376
f 5224 5221 5428
f 4590 5089 5395
f 5220 5219 5250
f 5249 5201 5220
f 5240 5229 5228
f 4582 4590 5394
f 5403 4609 4570
f 5430 5281 5262
f 4863 5084 4866
f 5370 4726 4700
f 5430 5435 5281
f 5201 5203 5307
f 5398 4557 5332
f 4640 4642 2729
f 4632 5395 5089
f 5084 5067 5308
f 5370 4622 4726
f 4678 5134 4679
f 5353 5338 5297
f 5259 5252 5261
f 5261 5268 5259
f 2708 5278 2729
f 4539 4538 4639
f 2742 4890 5419
f 5436 5259 5268
f 2729 4642 2745
f 4609 4889 4614
f 4923 5126 4864
f 5144 5411 5396
f 4579 5437 5378
f 4687 4686 2749
f 4640 2729 5278
f 4977 5053 5173
f 5433 4642 5234
f 5385 5377 5389
f 4652 4654 5101
f 4892 4888 5381
f 5380 4892 5381
f 4633 4632 5089
f 5419 4687 2749
f 5438 4977 5173
f 5267 5436 5268
f 5438 5439 4977
f 2746 4890 2742
f 5416 5415 5334
f 5436 5428 5259
f 5439 4615 4978
f 5406 4964 4634
f 5411 5417 5396
f 4590 4562 5089
f 5271 5436 5267
f 5378 5181 4996
f 4620 4619 4683
f 5277 5429 5428
f 5089 4564 4633
f 5277 5428 5436
f 5126 4923 4922
f 5310 4679 5293
f 5334 5408 4558
f 5439 4922 4615
f 5347 5353 5296
f 5345 5206 5346
f 5429 5277 5435
f 4623 5319 4726
f 5438 5173 5181
f 5277 5436 5271
f 4992 4623 4585
f 5346 5206 5208
f 4977 5439 4978
f 4898 4897 4876
f 5378 5438 5181
f 5378 5437 5438
f 4892 5380 4876
f 5408 4556 4558
f 5349 4922 4578
f 4898 4876 5380
f 4643 4608 4683
f 5366 4898 5380
f 5410 4588 5416
f 5437 5439 5438
f 4683 4608 4620
f 5319 4623 4992
f 4631 4633 4685
f 4678 4680 4941
f 5435 5277 5281
f 5130 5319 5335
f 4941 5315 4678
f 5126 4922 5296
f 5349 5296 4922
f 4578 4922 5439
f 5437 4578 5439
f 4941 4943 5315
f 5406 4965 4964
f 5416 4588 5415
f 4577 5348 5349
f 5381 5126 5297
f 5408 5415 4569
f 4923 4864 4831
f 4951 4586 5402
f 4622 5370 5375
f 4951 5399 4943
f 4951 5402 5399
f 4895 4894 5339
f 5348 4639 4563
f 5353 5297 5296
f 4831 4822 4923
f 5340 5366 5380
f 4586 4622 5402
f 4579 4578 5437
f 5366 5362 4898
f 5304 4943 5399
f 5113 5144 5391
f 5319 4992 5335
f 5415 5408 5334
f 4697 4582 5394
f 4603 5408 4569
f 5338 5381 5297
f 5338 5340 5381
f 4943 5304 5315
f 5315 5134 4678
f 4021 3957 4022
f 3409 3426 3410
f 3345 5020 3374
f 2647 2643 2642
f 3216 3162 3136
f 2933 2842 2803
f 3917 3909 3941
f 3029 3024 2950
f 3308 3314 5440
f 3457 3461 5442
f 3458 3457 5443
f 3314 3516 5445
f 3516 3493 5446
f 3461 3492 5447
f 3527 3844 2637
f 3844 4025 2608
f 3287 3307 5448
f 3307 3308 5450
f 3285 3287 5452
f 3471 3438 5454
f 3477 3471 5456
f 3482 3481 5458
f 3481 3483 5460
f 3493 3504 5462
f 3438 3446 5464
f 3483 3508 5466
f 3480 3482 5468
f 3446 3480 5470
f 3460 3458 5472
f 3504 3285 5474
f 3764 3765 5476
f 3492 3477 5478
f 3721 3527 2627
f 3834 3850 5480
f 3825 3834 5482
f 3853 3764 2165
f 3854 3853 2167
f 3808 3825 5484
f 3794 3808 5486
f 3765 3775 5488
f 3867 3854 2169
f 3041 3867 2171
f 3871 3795 5490
f 3795 3794 5492
f 3850 3871 5494
f 3775 3460 5496
f 2756 2755 5498
f 2755 3070 5500
f 3509 3721 2628
f 3070 2754 5502
f 2754 2756 5504
f 3508 3509 5506
f 4022 3041 2173
f 4741 4725 2638
f 4681 5004 2635
f 5032 4681 2629
f 4882 4881 2175
f 4881 4022 2177
f 4919 5320 5508
f 5324 4919 5510
f 4725 4936 5512
f 4936 5324 5514
f 5325 5337 2179
f 5320 5325 2181
f 5337 4658 2183
f 4658 4882 2185
f 4948 4741 2631
f 5043 5032 2617
f 5004 4948 2633
f 4025 5043 2621
f 5440 5441 3308
f 5442 5443 3457
f 5443 5444 3458
f 5445 5440 3314
f 5446 5445 3516
f 5447 5442 3461
f 2637 2607 3527
f 2608 2637 3844
f 5448 5449 3287
f 5450 5451 3307
f 5452 5453 3285
f 5454 5455 3471
f 5456 5457 3477
f 5458 5459 3482
f 5460 5461 3481
f 5462 5463 3493
f 5464 5465 3438
f 5466 5467 3483
f 5468 5469 3480
f 5470 5471 3446
f 5472 5473 3460
f 5474 5475 3504
f 5476 5477 3764
f 5478 5479 3492
f 2627 2612 3721
f 5480 5481 3834
f 5482 5483 3825
f 2165 2166 3853
f 2167 2168 3854
f 5484 5485 3808
f 5486 5487 3794
f 5488 5489 3765
f 2169 2170 3867
f 2171 2172 3041
f 5490 5491 3871
f 5492 5493 3795
f 5494 5495 3850
f 5496 5497 3775
f 5498 5499 2756
f 5500 5501 2755
f 2628 2603 3509
f 5502 5503 3070
f 5504 5505 2754
f 5506 5507 3508
f 2173 2174 4022
f 2638 2614 4741
f 2635 2616 4681
f 2629 2618 5032
f 2175 2176 4882
f 2177 2178 4881
f 5508 5509 4919
f 5510 5511 5324
f 5512 5513 4725
f 5514 5515 4936
f 2179 2180 5325
f 2181 2182 5320
f 2183 2184 5337
f 2185 2186 4658
f 2631 2620 4948
f 2617 2622 5043
f 2633 2624 5004
f 2621 2626 4025
f 3308 5441 5516
f 3458 5444 5517
f 3493 5518 5446
f 3527 2607 2606
f 3492 5519 5447
f 4025 2609 2608
f 3287 5449 5520
f 3307 5451 5448
f 3285 5453 5521
f 3308 5516 5522
f 3471 5455 5523
f 3477 5457 5524
f 3482 5459 5525
f 3481 5461 5458
f 3493 5463 5526
f 3438 5465 5527
f 3483 5467 5528
f 3480 5469 5470
f 3446 5471 5529
f 3460 5473 5496
f 3458 5517 5530
f 3504 5475 5531
f 3527 2606 2610
f 3764 5477 5532
f 3492 5479 5533
f 3721 2612 2611
f 3834 5481 5482
f 3825 5483 5534
f 3853 2166 2167
f 3854 2168 2169
f 3808 5485 5486
f 3794 5487 5535
f 3765 5489 5476
f 3867 2170 2171
f 3041 2172 2187
f 3871 5491 5536
f 3795 5493 5490
f 3850 5495 5537
f 3775 5497 5538
f 2756 5499 5504
f 2755 5501 5498
f 3509 2603 5506
f 3070 5503 5500
f 2754 5505 5502
f 3508 5507 5539
f 4022 2174 2177
f 4741 2614 2613
f 4681 2616 2615
f 5032 2618 2617
f 4882 2176 2188
f 4881 2178 2175
f 4919 5509 5540
f 5324 5511 5514
f 4725 5513 5541
f 4936 5515 5542
f 5325 2180 2181
f 5320 2182 2189
f 5337 2184 2179
f 4658 2186 2190
f 4948 2620 2619
f 5043 2622 2621
f 5004 2624 2623
f 4025 2626 2625
f 3041 2191 2192
f 3287 5520 5452
f 3308 5522 5450
f 3438 5527 5543
f 3446 5529 5464
f 3438 5543 5454
f 3471 5523 5456
f 3483 5544 5460
f 3492 5533 5519
f 3493 5545 5518
f 3477 5524 5478
f 3482 5525 5468
f 3504 5546 5547
f 3504 5547 5462
f 3493 5526 5545
f 3483 5528 5544
f 3458 5530 5472
f 3285 5521 5474
f 3504 5531 5548
f 3504 5548 5546
f 3527 2610 2627
f 3041 2187 2191
f 3721 2611 2628
f 3850 5549 5480
f 3825 5534 5550
f 3764 5532 2165
f 3775 5538 5488
f 3825 5550 5484
f 3794 5535 5492
f 3850 5537 5549
f 3871 5551 5494
f 3871 5536 5551
f 3508 5539 5466
f 3041 2192 2173
f 4658 2190 2193
f 4681 2630 2629
f 4025 2625 2609
f 4725 5552 2638
f 4741 2632 2631
f 4919 5540 5510
f 4725 5541 5552
f 4936 5542 5512
f 4948 2619 2633
f 4681 2615 2634
f 5004 2636 2635
f 4681 2634 2630
f 4741 2613 2632
f 5320 2189 5553
f 4658 2193 2194
f 4882 2188 2185
f 5004 2623 2636
f 4658 2194 2183
f 5320 5553 5508
f 2719 2720 5554
f 2720 2739 5556
f 2739 2747 5557
f 4032 4030 5559
f 4036 4032 5560
f 4030 4034 5562
f 4034 4038 5564
f 4040 4036 5565
f 4090 4091 5567
f 4089 4088 5569
f 4095 4090 5568
f 4097 4098 5572
f 4091 4040 5574
f 4088 4087 5575
f 4128 4089 5570
f 4087 4097 5578
f 4197 4196 5579
f 4098 4095 5581
f 4196 4128 5582
f 4225 4230 5584
f 4232 4197 5586
f 4230 4232 5587
f 4248 4226 1636
f 4250 4248 1658
f 4226 4225 5585
f 4297 4296 1659
f 4312 4311 1660
f 4313 4297 1639
f 4311 4321 1661
f 4356 4250 1647
f 4321 4313 1646
f 4296 4356 1651
f 2751 5094 5590
f 5153 5151 1655
f 5151 5154 1656
f 5162 5153 1662
f 5186 4312 1641
f 5154 5186 1664
f 5193 5192 5592
f 5196 5193 5593
f 5197 5199 5595
f 5192 5162 5597
f 5199 5196 5599
f 5260 5197 5601
f 5345 5219 5603
f 5219 5207 5605
f 5206 5345 5604
f 5207 5206 5607
f 5094 5423 5609
f 5401 5260 5611
f 5426 5401 5612
f 5423 5426 5613
f 2747 2751 5591
f 5554 5555 2719
f 5556 5554 2720
f 5557 5558 2739
f 5559 5560 4032
f 5560 5561 4036
f 5562 5563 4030
f 5564 5562 4034
f 5565 5566 4040
f 5567 5568 4090
f 5569 5570 4089
f 5568 5571 4095
f 5572 5573 4097
f 5574 5567 4091
f 5575 5576 4088
f 5570 5577 4128
f 5578 5575 4087
f 5579 5580 4197
f 5581 5572 4098
f 5582 5583 4196
f 5584 5585 4225
f 5586 5587 4232
f 5587 5588 4230
f 1636 1658 4248
f 1658 1648 4250
f 5585 5589 4226
f 1659 1643 4297
f 1660 1642 4312
f 1639 1645 4313
f 1661 1660 4311
f 1647 1650 4356
f 1646 1661 4321
f 1651 1659 4296
f 5590 5591 2751
f 1655 1662 5153
f 1656 1653 5151
f 1662 1663 5162
f 1641 1664 5186
f 1664 1657 5154
f 5592 5593 5193
f 5593 5594 5196
f 5595 5596 5197
f 5597 5598 5192
f 5599 5600 5199
f 5601 5602 5260
f 5603 5604 5345
f 5605 5606 5219
f 5604 5607 5206
f 5607 5608 5207
f 5609 5610 5094
f 5611 5612 5401
f 5612 5613 5426
f 5613 5614 5423
f 5591 5615 2747
f 2739 5558 5616
f 2739 5616 5556
f 2747 5615 5557
f 4038 5617 5564
f 4030 5563 5559
f 4036 5561 5565
f 4040 5566 5618
f 4095 5571 5619
f 4040 5618 5574
f 4088 5620 5621
f 4088 5621 5622
f 4088 5576 5620
f 4088 5622 5623
f 4088 5623 5569
f 4095 5619 5624
f 4095 5624 5581
f 4097 5573 5625
f 4197 5580 5626
f 4128 5577 5582
f 4196 5583 5579
f 4097 5625 5578
f 4226 1637 1636
f 4197 5626 5586
f 4230 5588 5584
f 4226 5589 1638
f 4226 1638 1637
f 4297 1640 1639
f 4312 1642 1641
f 4297 1643 1640
f 4313 1645 1644
f 4313 1644 1646
f 4250 1648 1647
f 4356 1650 1649
f 4356 1649 1651
f 5094 5627 5590
f 5151 1653 1652
f 5151 1652 1654
f 5151 1654 1655
f 5162 1663 5628
f 5162 5628 5597
f 5154 1657 1656
f 5192 5598 5629
f 5192 5629 5592
f 5196 5594 5599
f 5199 5600 5630
f 5260 5602 5611
f 5197 5596 5601
f 5199 5630 5595
f 5219 5606 5603
f 5207 5608 5605
f 5094 5610 5631
f 5094 5631 5627
f 5423 5614 5609
f 5632 5633 1851
f 5632 1851 1850
f 5634 5635 1853
f 5634 1853 1852
f 5636 5637 1855
f 5636 1855 1854
f 5638 5639 1857
f 5638 1857 1856
f 5640 5641 1859
f 5640 1859 1858
f 5642 5643 1861
f 5642 1861 1860
f 5644 5645 1863
f 5644 1863 1862
f 5646 5647 1865
f 5646 1865 1864
f 5648 5632 1850
f 5648 1850 1866
f 5633 5634 1852
f 5633 1852 1851
f 5635 5649 1867
f 5635 1867 1853
f 5637 5650 1868
f 5637 1868 1855
f 5639 5651 1869
f 5639 1869 1857
f 5641 5644 1862
f 5641 1862 1859
f 5643 5652 1870
f 5643 1870 1861
f 5647 5638 1856
f 5647 1856 1865
f 5653 5642 1860
f 5653 1860 1871
f 5649 5653 1871
f 5649 1871 1867
f 5651 5636 1854
f 5651 1854 1869
f 5650 5640 1858
f 5650 1858 1868
f 5652 5646 1864
f 5652 1864 1870
f 5654 5648 1866
f 5654 1866 1872
f 5645 5655 1907
f 5645 1907 1863
f 5695 5689 5701
f 5701 5682 5681
f 5701 5681 5685
f 5701 5689 5682
f 5656 5657 5634
f 5657 5658 5649
f 5659 5660 5650
f 5661 5662 5651
f 5663 5664 5644
f 5665 5666 5652
f 5664 5667 5702
f 5668 5661 5638
f 5669 5670 5703
f 5670 5671 5705
f 5667 5672 5707
f 5673 5665 5642
f 5671 5674 5708
f 5658 5673 5653
f 5662 5659 5636
f 5660 5663 5640
f 5666 5668 5646
f 5672 5669 5709
f 5674 5675 5710
f 5676 5656 5648
f 5695 5701 1909
f 5701 5685 1911
f 5696 5695 1910
f 5697 5696 1914
f 5683 5698 1916
f 5685 5684 1918
f 5691 5699 5712
f 5699 5690 1919
f 5686 5697 1920
f 5698 5680 1922
f 5693 5692 5715
f 5680 5679 1924
f 5684 5683 1925
f 5687 5686 1926
f 5688 5687 1927
f 5690 5688 1928
f 5692 5691 5717
f 5694 5693 5718
f 5700 5694 5720
f 5679 5678 1908
f 5634 5633 5656
f 5649 5635 5657
f 5650 5637 5659
f 5651 5639 5661
f 5644 5641 5663
f 5652 5643 5665
f 5702 5645 5664
f 5638 5647 5668
f 5703 5704 5669
f 5705 5706 5670
f 5707 5702 5667
f 5642 5653 5673
f 5708 5705 5671
f 5653 5649 5658
f 5636 5651 5662
f 5640 5650 5660
f 5646 5652 5666
f 5709 5707 5672
f 5710 5708 5674
f 5648 5654 5676
f 1909 1910 5695
f 1911 1912 5701
f 1910 1913 5696
f 1914 1915 5697
f 1916 1917 5683
f 1918 1911 5685
f 5712 5713 5691
f 1919 5714 5699
f 1920 1921 5686
f 1922 1923 5698
f 5715 5716 5693
f 1924 1922 5680
f 1925 1918 5684
f 1926 1927 5687
f 1927 1928 5688
f 1928 1919 5690
f 5717 5715 5692
f 5718 5719 5694
f 5720 5711 5700
f 1908 1929 5679
f 5656 5633 5632
f 5657 5635 5634
f 5659 5637 5636
f 5661 5639 5638
f 5663 5641 5640
f 5665 5643 5642
f 5664 5645 5644
f 5668 5647 5646
f 5669 5704 5709
f 5670 5706 5703
f 5675 5721 5710
f 5656 5632 5648
f 5701 1912 1909
f 5696 1913 1914
f 5697 1915 1920
f 5683 1917 1925
f 5691 5713 5717
f 5699 5714 5712
f 5686 1921 1926
f 5698 1923 1916
f 5693 5716 5718
f 5694 5719 5720
f 5679 1929 1924
f 5722 5723 5657
f 5722 5657 5656
f 5723 5724 5658
f 5723 5658 5657
f 5725 5726 5660
f 5725 5660 5659
f 5725 5727 5662
f 5725 5662 5659
f 5728 5727 5662
f 5728 5662 5661
f 5726 5729 5663
f 5726 5663 5660
f 5729 5730 5664
f 5729 5664 5663
f 5731 5732 5666
f 5731 5666 5665
f 5730 5733 5667
f 5730 5667 5664
f 5728 5734 5668
f 5728 5668 5661
f 5732 5734 5668
f 5732 5668 5666
f 5735 5736 5670
f 5735 5670 5669
f 5736 5737 5671
f 5736 5671 5670
f 5733 5738 5672
f 5733 5672 5667
f 5735 5738 5672
f 5735 5672 5669
f 5724 5739 5673
f 5724 5673 5658
f 5731 5739 5673
f 5731 5673 5665
f 5737 5740 5674
f 5737 5674 5671
f 5740 5741 5675
f 5740 5675 5674
f 5722 5742 5676
f 5722 5676 5656
f 5741 5743 5721
f 5741 5721 5675
f 5750 5745 5756
f 5731 5751 5758
f 5740 5749 5760
f 5751 5724 5762
f 5752 5740 5764
f 5725 5727 5766
f 5744 5726 5768
f 5753 5754 5770
f 5746 5732 5772
f 5747 5750 5774
f 5723 5722 5776
f 5724 5723 5777
f 5755 5752 5778
f 5754 5755 5779
f 5726 5725 5781
f 5727 5728 5782
f 5730 5744 5783
f 5732 5731 5785
f 5745 5730 5784
f 5728 5746 5786
f 5748 5747 5787
f 5749 5748 5788
f 5756 5757 5750
f 5758 5759 5731
f 5760 5761 5740
f 5762 5763 5751
f 5764 5765 5752
f 5766 5767 5725
f 5768 5769 5744
f 5770 5771 5753
f 5772 5773 5746
f 5774 5775 5747
f 5776 5777 5723
f 5777 5762 5724
f 5778 5779 5755
f 5779 5770 5754
f 5781 5768 5726
f 5782 5766 5727
f 5783 5784 5730
f 5785 5772 5732
f 5784 5756 5745
f 5786 5782 5728
f 5787 5788 5748
f 5788 5760 5749
f 5750 5757 5774
f 5731 5759 5785
f 5740 5761 5764
f 5751 5763 5758
f 5752 5765 5778
f 5725 5767 5781
f 5744 5769 5783
f 5753 5771 5780
f 5746 5773 5786
f 5747 5775 5787
f 5753 5780 5789
f 5789 5790 5753
f 5780 5791 5789
f 5776 5722 5792
f 5792 5793 5776
f 5722 5742 5792
f 5794 5795 5757
f 5794 5757 5756
f 5796 5797 5759
f 5796 5759 5758
f 5798 5799 5761
f 5798 5761 5760
f 5800 5801 5763
f 5800 5763 5762
f 5802 5803 5765
f 5802 5765 5764
f 5804 5805 5767
f 5804 5767 5766
f 5806 5807 5769
f 5806 5769 5768
f 5808 5809 5771
f 5808 5771 5770
f 5810 5811 5773
f 5810 5773 5772
f 5812 5813 5775
f 5812 5775 5774
f 5814 5815 5777
f 5814 5777 5776
f 5815 5800 5762
f 5815 5762 5777
f 5816 5817 5779
f 5816 5779 5778
f 5817 5808 5770
f 5817 5770 5779
f 5818 5806 5768
f 5818 5768 5781
f 5819 5804 5766
f 5819 5766 5782
f 5820 5821 5784
f 5820 5784 5783
f 5822 5810 5772
f 5822 5772 5785
f 5821 5794 5756
f 5821 5756 5784
f 5823 5819 5782
f 5823 5782 5786
f 5824 5825 5788
f 5824 5788 5787
f 5825 5798 5760
f 5825 5760 5788
f 5795 5812 5774
f 5795 5774 5757
f 5797 5822 5785
f 5797 5785 5759
f 5799 5802 5764
f 5799 5764 5761
f 5801 5796 5758
f 5801 5758 5763
f 5803 5816 5778
f 5803 5778 5765
f 5805 5818 5781
f 5805 5781 5767
f 5807 5820 5783
f 5807 5783 5769
f 5809 5826 5780
f 5809 5780 5771
f 5811 5823 5786
f 5811 5786 5773
f 5813 5824 5787
f 5813 5787 5775
f 5827 5828 5790
f 5827 5790 5789
f 5826 5829 5791
f 5826 5791 5780
f 5829 5827 5789
f 5829 5789 5791
f 5831 5830 5793
f 5831 5793 5792
f 5677 5831 5792
f 5677 5792 5742
f 5679 5680 5862
f 5681 5682 5848
f 5683 5684 5863
f 5685 5681 5834
f 5891 5892 5864
f 5893 5894 5865
f 5686 5687 5846
f 5687 5688 5850
f 5682 5689 5866
f 5688 5690 5867
f 5691 5692 5868
f 5693 5694 5869
f 5895 5896 5870
f 5897 5898 5871
f 5899 5900 5872
f 5689 5695 5873
f 5695 5696 5874
f 5696 5697 5875
f 5698 5683 5836
f 5684 5685 5838
f 5699 5691 5852
f 5690 5699 5877
f 5896 5901 5878
f 5892 5902 5879
f 5902 5893 5842
f 5903 5891 5840
f 5904 5903 5880
f 5697 5686 5844
f 5900 5905 5883
f 5905 5895 5856
f 5680 5698 5876
f 5692 5693 5854
f 5898 5904 5881
f 5901 5897 5858
f 5694 5899 5860
f 5862 5833 5679
f 5848 5835 5681
f 5863 5837 5683
f 5834 5839 5685
f 5864 5841 5891
f 5865 5843 5893
f 5846 5845 5686
f 5850 5847 5687
f 5866 5849 5682
f 5867 5851 5688
f 5868 5853 5691
f 5869 5855 5693
f 5870 5857 5895
f 5871 5859 5897
f 5872 5861 5899
f 5873 5866 5689
f 5874 5873 5695
f 5875 5874 5696
f 5836 5876 5698
f 5838 5863 5684
f 5852 5877 5699
f 5877 5867 5690
f 5878 5870 5896
f 5879 5864 5892
f 5842 5879 5902
f 5840 5880 5903
f 5880 5881 5904
f 5844 5875 5697
f 5883 5872 5900
f 5856 5883 5905
f 5876 5862 5680
f 5854 5868 5692
f 5881 5871 5898
f 5858 5878 5901
f 5860 5869 5694
f 5679 5833 5832
f 5681 5835 5834
f 5683 5837 5836
f 5685 5839 5838
f 5891 5841 5840
f 5893 5843 5842
f 5686 5845 5844
f 5687 5847 5846
f 5682 5849 5848
f 5688 5851 5850
f 5691 5853 5852
f 5693 5855 5854
f 5895 5857 5856
f 5897 5859 5858
f 5899 5861 5860
f 5865 5894 5885
f 5885 5886 5865
f 5894 5884 5885
f 5679 5832 5890
f 5832 5882 5887
f 5890 5678 5679
f 5887 5890 5832
f 5882 5888 5887
f 5882 5889 5888
f 5752 5755 5906
f 5755 5754 5908
f 5754 5753 5910
f 5741 5752 5911
f 5753 5790 5913
f 5790 5828 5915
f 5901 5896 5917
f 5902 5892 5919
f 5893 5902 5921
f 5903 5904 5923
f 5905 5900 5925
f 5895 5905 5927
f 5904 5898 5929
f 5897 5901 5931
f 5892 5891 5933
f 5896 5895 5934
f 5898 5897 5935
f 5900 5899 5936
f 5899 5700 5711
f 5891 5903 5938
f 5894 5893 5940
f 5884 5894 5942
f 5906 5907 5752
f 5908 5909 5755
f 5910 5908 5754
f 5911 5912 5741
f 5913 5914 5753
f 5915 5913 5790
f 5917 5918 5901
f 5919 5920 5902
f 5921 5922 5893
f 5923 5924 5903
f 5925 5926 5905
f 5927 5928 5895
f 5929 5930 5904
f 5931 5932 5897
f 5933 5919 5892
f 5934 5917 5896
f 5935 5929 5898
f 5936 5925 5900
f 5711 5937 5899
f 5938 5939 5891
f 5940 5941 5894
f 5942 5943 5884
f 5755 5909 5906
f 5752 5907 5944
f 5752 5944 5911
f 5753 5914 5910
f 5828 5916 5915
f 5901 5918 5931
f 5902 5920 5921
f 5905 5926 5927
f 5895 5928 5934
f 5904 5930 5923
f 5897 5932 5935
f 5899 5937 5936
f 5893 5922 5945
f 5891 5946 5933
f 5903 5924 5947
f 5893 5945 5940
f 5903 5947 5938
f 5891 5939 5946
f 5894 5941 5942
f 5814 5830 5793
f 5814 5793 5776
f 5948 5949 5950
f 5949 5951 5950
f 5950 5952 5953
f 5954 5955 5956
f 5957 5953 5952
f 5958 5953 5957
f 5948 5950 5959
f 5950 5953 5959
f 5950 5951 5961
f 5962 5951 5963
f 5951 5964 5965
f 5953 5966 5959
f 5967 5953 5958
f 5950 5961 5957
f 5957 5961 5970
f 5961 5951 5965
f 5951 5962 5964
f 5952 5950 5957
f 5972 5971 5969
f 5961 5965 5973
f 5973 5970 5961
f 5974 5973 5965
f 5959 5971 5972
f 5974 5965 5975
f 5969 5976 5972
f 5965 5964 5977
f 5963 5978 5979
f 5965 5977 5975
f 5980 5975 5977
f 5959 5972 5981
f 5979 5978 5982
f 5981 5972 5976
f 5983 5984 5985
f 5969 5968 5976
f 5954 5956 5975
f 5989 5985 5984
f 5990 5989 5984
f 5991 5992 5993
f 5994 5993 5992
f 5977 5995 5980
f 5948 5981 5949
f 5954 5975 5980
f 5983 5996 5997
f 5997 5984 5983
f 5981 5998 5949
f 5949 5998 5999
f 5953 5967 5966
f 5949 5999 5951
f 5951 5999 5963
f 6000 5997 5996
f 5948 5959 5981
f 5962 5963 6001
f 6002 6003 6004
f 6002 6004 6005
f 6006 5993 6007
f 5964 5995 5977
f 5991 5993 6006
f 6008 6001 5963
f 6004 6009 6005
f 6010 6011 6012
f 6008 5979 6003
f 6004 5979 5982
f 6004 5982 6013
f 6013 6009 6004
f 6003 6001 6008
f 5978 5999 5998
f 6014 6015 6002
f 6016 6012 6011
f 6017 5991 6018
f 6019 6016 6011
f 5963 5999 5978
f 5978 6020 5982
f 6001 5964 5962
f 5976 5998 5981
f 5964 6001 6021
f 6005 5994 6002
f 5995 5964 6021
f 5994 6014 6002
f 6022 6023 6012
f 6024 6021 6001
f 6025 6026 6027
f 6025 6027 6028
f 6028 6027 6029
f 5982 5987 6013
f 6017 6030 6031
f 5987 5982 6020
f 6002 6015 6001
f 6032 6015 6014
f 5997 6000 6033
f 6014 6034 6032
f 6016 6022 6012
f 6035 6036 6037
f 5975 5960 5974
f 6016 6019 6038
f 6013 5987 6009
f 6002 6001 6003
f 6038 6022 6016
f 6007 6009 5988
f 5975 5956 5960
f 6009 5987 5988
f 6001 6015 6024
f 6040 6036 6026
f 6040 6037 6036
f 5996 5983 6032
f 6031 6041 6017
f 6024 5989 6021
f 5979 6008 5963
f 6014 5992 6042
f 6009 6007 6005
f 6014 5994 5992
f 6044 6028 6045
f 6044 6025 6028
f 6046 6047 6037
f 6037 6048 6041
f 6028 6000 6045
f 6037 6047 6049
f 6050 6017 6048
f 6003 5979 6004
f 5978 5998 6020
f 6042 6034 6014
f 6051 6052 6010
f 6023 6047 6046
f 6053 6052 6051
f 6052 6011 6010
f 6052 6019 6011
f 6032 6034 5996
f 6044 6050 6048
f 6045 6050 6044
f 6005 6007 5994
f 5998 5976 6020
f 6034 6045 5996
f 6007 5993 5994
f 6034 6042 6045
f 6012 6023 6046
f 6038 6019 6055
f 6041 6048 6017
f 6046 6031 6010
f 6021 5990 6056
f 6045 6000 5996
f 6048 6025 6044
f 6046 6041 6031
f 6052 6055 6019
f 6048 6037 6040
f 6042 6057 6050
f 6052 6058 6055
f 6021 5989 5990
f 6010 6012 6046
f 6057 6042 5992
f 5995 6021 6056
f 6057 5992 5991
f 6015 6032 5983
f 6017 6018 6030
f 6041 6046 6037
f 6015 5983 6024
f 6037 6049 6035
f 5991 6017 6057
f 6024 5985 5989
f 5985 6024 5983
f 6057 6017 6050
f 6048 6026 6025
f 6042 6050 6045
f 6040 6026 6048
f 6053 6054 6052
f 6031 6030 6060
f 6059 6052 6054
f 6035 6049 6061
f 6052 6059 6058
f 6058 6062 6055
f 6061 6063 6064
f 6006 6018 5991
f 6006 6065 6018
f 6061 6064 6066
f 6018 6067 6030
f 6035 6061 6066
f 6031 6060 6010
f 6062 6058 6068
f 6006 6039 6069
f 6006 6069 6065
f 6007 6039 6006
f 6069 6039 5986
f 6069 6070 6065
f 6062 6068 6074
f 6079 6080 6081
f 6082 6077 6072
f 6083 6077 6082
f 6061 6049 6084
f 6083 6079 6077
f 6075 6082 6073
f 6082 6072 6073
f 6080 6074 6081
f 6023 6085 6084
f 6047 6084 6049
f 6080 6062 6074
f 6080 6055 6062
f 6023 6084 6047
f 6080 6038 6055
f 6087 6083 6088
f 6065 6067 6018
f 6065 6070 6067
f 6067 6070 6043
f 6089 6080 6079
f 6089 6038 6080
f 6067 6090 6030
f 6060 6030 6090
f 6028 6033 6000
f 6028 6029 6033
f 6075 6071 6078
f 6075 6088 6082
f 6087 6088 6085
f 6078 6088 6075
f 6067 6043 6090
f 6063 6076 6066
f 6089 6079 6083
f 6086 6076 6063
f 6064 6063 6066
f 6088 6083 6082
f 6083 6087 6089
f 6086 6091 6078
f 6022 6038 6089
f 6086 6084 6091
f 6085 6088 6078
f 6023 6022 6087
f 6051 6010 6060
f 6089 6087 6022
f 6085 6078 6091
f 6060 6090 6051
f 6023 6087 6085
f 6084 6085 6091
f 6084 6086 6063
f 6084 6063 6061
f 5970 5958 5957
f 5970 6092 5958
f 6093 5974 5960
f 5970 6094 6092
f 6093 5960 6095
f 5970 6093 6094
f 5970 5973 6093
f 5974 6093 5973
f 6094 6093 6095
f 5968 5969 6096
f 5969 5971 6098
f 5959 5966 6099
f 5971 5959 6100
f 6072 6077 6102
f 6077 6079 6104
f 6079 6081 6105
f 5960 5956 6106
f 5976 5968 6108
f 5966 5967 6110
f 5954 5980 6112
f 5987 6020 5832
f 6039 6007 5834
f 6027 6026 5812
f 5988 5987 5836
f 6007 5988 5838
f 6020 5976 6114
f 5955 5954 6116
f 5980 5995 6118
f 5995 6056 6120
f 6056 5990 6122
f 6058 6059 5840
f 5984 5997 5822
f 6036 6035 5802
f 5990 5984 5796
f 6035 6066 5816
f 6068 6058 5842
f 6069 5986 5844
f 6070 6069 5846
f 5986 6039 5848
f 6073 6072 6124
f 6071 6075 6126
f 6078 6071 6128
f 6075 6073 6130
f 6076 6086 6132
f 6086 6078 6134
f 6033 6029 5818
f 6029 6027 5820
f 6066 6076 5826
f 6043 6070 5850
f 6090 6043 5852
f 6051 6090 5854
f 6054 6053 5856
f 5997 6033 5823
f 6059 6054 5858
f 6026 6036 5824
f 6053 6051 5860
f 6074 6068 6136
f 6081 6074 6138
f 5956 5955 6140
f 5958 6092 6142
f 6095 5960 6144
f 6092 6094 6146
f 6094 6095 6148
f 5967 5958 6150
f 6096 6097 5968
f 6098 6096 5969
f 6099 6100 5959
f 6100 6101 5971
f 6102 6103 6072
f 6104 6102 6077
f 6105 6104 6079
f 6106 6107 5960
f 6108 6109 5976
f 6110 6111 5966
f 6112 6113 5954
f 5832 5833 5987
f 5834 5835 6039
f 5812 5795 6027
f 5836 5837 5988
f 5838 5839 6007
f 6114 6115 6020
f 6116 6117 5955
f 6118 6119 5980
f 6120 6121 5995
f 6122 6123 6056
f 5840 5841 6058
f 5822 5797 5984
f 5802 5799 6036
f 5796 5801 5990
f 5816 5803 6035
f 5842 5843 6068
f 5844 5845 6069
f 5846 5847 6070
f 5848 5849 5986
f 6124 6125 6073
f 6126 6127 6071
f 6128 6129 6078
f 6130 6131 6075
f 6132 6133 6076
f 6134 6135 6086
f 5818 5805 6033
f 5820 5807 6029
f 5826 5809 6066
f 5850 5851 6043
f 5852 5853 6090
f 5854 5855 6051
f 5856 5857 6054
f 5823 5811 5997
f 5858 5859 6059
f 5824 5813 6026
f 5860 5861 6053
f 6136 6137 6074
f 6138 6139 6081
f 6140 6141 5956
f 6142 6143 5958
f 6144 6145 6095
f 6146 6147 6092
f 6148 6149 6094
f 6150 6151 5967
f 5971 6101 6152
f 5971 6153 6098
f 5966 6154 6099
f 5968 6097 6155
f 6072 6103 6156
f 6081 6157 6105
f 5960 6107 6158
f 5971 6152 6159
f 5976 6109 6114
f 5966 6111 6154
f 5954 6113 6160
f 5968 6155 6161
f 5987 5833 5862
f 6039 5835 5848
f 6027 5795 5794
f 5988 5837 5863
f 6007 5839 5834
f 6020 6115 6162
f 5955 6117 6163
f 5980 6119 6112
f 5995 6121 6164
f 6056 6123 6120
f 6058 5841 5864
f 5984 5797 5796
f 6036 5799 5798
f 5990 5801 5800
f 6035 5803 5802
f 6068 5843 5865
f 6069 5845 5846
f 6070 5847 5850
f 5986 5849 5866
f 6072 6156 6124
f 6073 6125 6165
f 6071 6127 6166
f 6078 6129 6134
f 6075 6131 6126
f 6076 6133 6167
f 6086 6135 6132
f 6033 5805 5804
f 6029 5807 5806
f 6066 5809 5808
f 6043 5851 5867
f 6090 5853 5868
f 6051 5855 5869
f 6054 5857 5870
f 5997 5811 5810
f 6059 5859 5871
f 6026 5813 5812
f 6053 5861 5872
f 6074 6137 6138
f 6081 6139 6168
f 5956 6141 6106
f 5958 6143 6169
f 6095 6145 6170
f 6092 6147 6171
f 6094 6149 6146
f 5967 6151 6172
f 5967 6172 6173
f 5971 6159 6153
f 5986 5866 5873
f 5986 5873 5874
f 5986 5874 5875
f 5987 5876 5836
f 5988 5863 5838
f 5968 6161 6108
f 5967 6173 6110
f 5955 6163 6174
f 5990 5814 6122
f 5995 6164 6175
f 5995 6175 6118
f 6043 5877 5852
f 6043 5867 5877
f 5954 6160 6116
f 6054 5870 5878
f 6058 5864 5879
f 6058 5879 5842
f 6059 5880 5840
f 6059 5881 5880
f 5986 5875 5844
f 6020 5882 5832
f 5990 5815 5814
f 5990 5800 5815
f 6066 5817 5816
f 6020 6162 5882
f 6053 5872 5883
f 6053 5883 5856
f 5987 5862 5876
f 6071 6176 6128
f 6071 6166 6177
f 6076 6167 5826
f 6066 5808 5817
f 6029 5806 5818
f 6071 6177 6176
f 6073 6178 6130
f 6073 6165 6178
f 6090 5868 5854
f 6033 5804 5819
f 6059 5871 5881
f 6027 5821 5820
f 6054 5878 5858
f 5997 5810 5822
f 6027 5794 5821
f 6033 5819 5823
f 6051 5869 5860
f 6081 6168 6157
f 6068 5865 6136
f 6036 5825 5824
f 6036 5798 5825
f 5955 6174 6140
f 5958 6169 6150
f 5960 6158 6144
f 6095 6170 6179
f 6092 6171 6142
f 6095 6180 6148
f 6095 6179 6180
f 6192 6193 6181
f 6181 6200 6182
f 6181 6201 6200
f 6181 6193 6201
f 6181 6182 6156
f 6192 6181 6105
f 6182 6183 6124
f 6183 6184 6165
f 6185 6186 6166
f 6187 6188 6134
f 6189 6185 6126
f 6190 6191 6167
f 6188 6190 6132
f 6194 6195 6138
f 6195 6196 6168
f 6197 6187 6128
f 6186 6198 6177
f 6198 6197 6176
f 6199 6189 6130
f 6184 6199 6178
f 6196 6192 6157
f 6156 6103 6181
f 6105 6157 6192
f 6124 6156 6182
f 6165 6125 6183
f 6166 6127 6185
f 6134 6129 6187
f 6126 6131 6189
f 6167 6133 6190
f 6132 6135 6188
f 6138 6137 6194
f 6168 6139 6195
f 6128 6176 6197
f 6177 6166 6186
f 6176 6177 6198
f 6130 6178 6199
f 6178 6165 6184
f 6157 6168 6196
f 6181 6103 6102
f 6181 6102 6104
f 6181 6104 6105
f 6183 6125 6124
f 6185 6127 6126
f 6187 6129 6128
f 6189 6131 6130
f 6190 6133 6132
f 6188 6135 6134
f 6194 6137 6136
f 6195 6139 6138
f 6194 6136 5885
f 6167 6191 5827
f 5885 5884 6194
f 5827 5829 6167
f 6191 5828 5827
f 6136 5886 5885
f 6187 6197 6202
f 6198 6186 6204
f 6197 6198 6206
f 6189 6199 6208
f 6199 6184 6210
f 6182 6200 6212
f 6200 6201 6214
f 6201 6193 6216
f 6192 6196 6218
f 6183 6182 6220
f 6184 6183 6221
f 6186 6185 6222
f 6188 6187 6223
f 6185 6189 6225
f 6191 6190 6226
f 6190 6188 6224
f 6193 6192 6228
f 6195 6194 6229
f 6196 6195 6230
f 6194 5884 6231
f 5828 6191 6233
f 6202 6203 6187
f 6204 6205 6198
f 6206 6207 6197
f 6208 6209 6189
f 6210 6211 6199
f 6212 6213 6182
f 6214 6215 6200
f 6216 6217 6201
f 6218 6219 6192
f 6220 6221 6183
f 6221 6210 6184
f 6222 6204 6186
f 6223 6224 6188
f 6225 6222 6185
f 6226 6227 6191
f 6224 6226 6190
f 6228 6216 6193
f 6229 6230 6195
f 6230 6218 6196
f 6231 6232 6194
f 6233 5916 5828
f 6187 6203 6223
f 6198 6205 6206
f 6197 6207 6202
f 6189 6209 6225
f 6199 6211 6208
f 6182 6213 6220
f 6200 6215 6212
f 6201 6217 6214
f 6192 6219 6228
f 6194 6232 6229
f 6191 6227 6233
f 5884 5943 6231
f 6234 6235 2302
f 6234 2302 2301
f 6236 6237 2304
f 6236 2304 2303
f 6238 6239 2306
f 6238 2306 2305
f 6240 6241 2308
f 6240 2308 2307
f 6235 6242 2309
f 6235 2309 2302
f 6237 6234 2301
f 6237 2301 2304
f 6239 6243 2310
f 6239 2310 2306
f 6243 6244 2311
f 6243 2311 2310
f 6244 6236 2303
f 6244 2303 2311
f 6242 6245 2312
f 6242 2312 2309
f 6245 6240 2307
f 6245 2307 2312
f 6246 6238 2305
f 6246 2305 2313
f 6241 6247 2314
f 6241 2314 2308
f 6252 6256 6257
f 6259 6260 6250
f 6259 6250 6249
f 6261 6259 6249
f 6261 6249 6251
f 6262 6263 6253
f 6262 6253 6252
f 6263 6264 6254
f 6263 6254 6253
f 6264 6261 6251
f 6264 6251 6254
f 6260 6265 6255
f 6260 6255 6250
f 6265 6258 6248
f 6265 6248 6255
f 6266 6267 6257
f 6266 6257 6256
f 6248 6258 6273
f 6273 5676 6248
f 6258 5677 6273
f 6249 6250 6242
f 6251 6249 6234
f 6252 6253 6243
f 6253 6254 6244
f 6254 6251 6236
f 6250 6255 6245
f 6255 6248 6240
f 6256 6252 6238
f 6266 6256 6274
f 6270 6269 2323
f 6269 6268 2325
f 6268 6272 2326
f 6272 6271 2327
f 5678 6270 2328
f 6248 5676 6247
f 6242 6235 6249
f 6234 6237 6251
f 6243 6239 6252
f 6244 6243 6253
f 6236 6244 6254
f 6245 6242 6250
f 6240 6245 6255
f 6238 6246 6256
f 6274 2318 6266
f 2323 2324 6270
f 2325 2323 6269
f 2326 2325 6268
f 2327 2326 6272
f 2328 1908 5678
f 6247 6241 6248
f 6249 6235 6234
f 6251 6237 6236
f 6252 6239 6238
f 6256 6246 6274
f 6270 2324 2329
f 6271 2322 2327
f 6248 6241 6240
f 6270 2329 2328
f 6262 6267 6257
f 6262 6257 6252
f 6281 6282 6275
f 6284 6285 6276
f 6275 6301 6302
f 6276 6303 6279
f 6276 6304 6303
f 6275 6282 6301
f 6276 6285 6304
f 6275 6302 6287
f 6276 6279 6152
f 6281 6275 6098
f 6284 6276 6099
f 6275 6287 6155
f 6277 6278 6158
f 6279 6280 6159
f 6283 6268 6114
f 6286 6284 6154
f 6264 6263 6160
f 6287 6288 6161
f 6268 6269 6162
f 6262 6289 6163
f 6261 6264 6112
f 6265 6260 6164
f 6258 6265 6120
f 6290 6277 6106
f 6291 6292 6169
f 6293 6294 6170
f 6295 6296 6171
f 6297 6295 6146
f 6298 6299 6172
f 6299 6300 6173
f 6280 6281 6153
f 6288 6283 6108
f 6300 6286 6110
f 6289 6305 6174
f 6260 6259 6175
f 6259 6261 6118
f 6263 6262 6116
f 6305 6290 6140
f 6292 6298 6150
f 6278 6293 6144
f 6294 6306 6179
f 6296 6291 6142
f 6307 6297 6148
f 6306 6307 6180
f 6152 6101 6276
f 6098 6153 6281
f 6099 6154 6284
f 6155 6097 6275
f 6158 6107 6277
f 6159 6152 6279
f 6114 6109 6283
f 6154 6111 6286
f 6160 6113 6264
f 6161 6155 6287
f 6162 6115 6268
f 6163 6117 6262
f 6112 6119 6261
f 6164 6121 6265
f 6120 6123 6258
f 6106 6141 6290
f 6169 6143 6291
f 6170 6145 6293
f 6171 6147 6295
f 6146 6149 6297
f 6172 6151 6298
f 6173 6172 6299
f 6153 6159 6280
f 6108 6161 6288
f 6110 6173 6300
f 6174 6163 6289
f 6175 6164 6260
f 6118 6175 6259
f 6116 6160 6263
f 6140 6174 6305
f 6150 6169 6292
f 6144 6158 6278
f 6179 6170 6294
f 6142 6171 6296
f 6148 6180 6307
f 6180 6179 6306
f 6275 6097 6096
f 6275 6096 6098
f 6276 6100 6099
f 6276 6101 6100
f 6277 6107 6106
f 6283 6109 6108
f 6286 6111 6110
f 6264 6113 6112
f 6268 6115 6114
f 6262 6117 6116
f 6261 6119 6118
f 6265 6121 6120
f 6258 6123 6122
f 6290 6141 6140
f 6291 6143 6142
f 6293 6145 6144
f 6295 6147 6146
f 6297 6149 6148
f 6298 6151 6150
f 6258 6122 5831
f 6269 6270 5887
f 6162 6269 5888
f 5831 5677 6258
f 5887 5888 6269
f 5888 5889 6162
f 6270 5678 5890
f 6122 5830 5831
f 6270 5890 5887
f 2495 2512 2474
f 2495 2474 2441
f 2503 2522 2485
f 2503 2485 2447
f 6283 6271 6272
f 6300 6299 6308
f 6302 6301 2527
f 6279 6303 2529
f 6303 6304 2531
f 6281 6280 2533
f 6301 6282 2535
f 6304 6285 2537
f 6283 6288 2539
f 6286 6300 6310
f 6287 6302 2541
f 6305 6289 2503
f 6290 6305 2544
f 6298 6292 6312
f 6293 6278 2500
f 6306 6294 2501
f 6291 6296 6314
f 6297 6307 2497
f 6307 6306 2493
f 6278 6277 2502
f 6280 6279 2545
f 6282 6281 2546
f 6285 6284 2547
f 6284 6286 6316
f 6288 6287 2548
f 6277 6290 2489
f 6292 6291 6317
f 6294 6293 2491
f 6296 6295 6318
f 6295 6297 2495
f 6299 6298 6319
f 6289 6267 2504
f 6271 6283 2549
f 6267 6266 2499
f 6308 6309 6300
f 2527 2528 6302
f 2529 2530 6279
f 2531 2532 6303
f 2533 2534 6281
f 2535 2536 6301
f 2537 2538 6304
f 2539 2540 6283
f 6310 6311 6286
f 2541 2542 6287
f 2503 2543 6305
f 2544 2490 6290
f 6312 6313 6298
f 2500 2492 6293
f 2501 2494 6306
f 6314 6315 6291
f 2497 2496 6297
f 2493 2498 6307
f 2502 2500 6278
f 2545 2533 6280
f 2546 2535 6282
f 2547 2537 6285
f 6316 2547 6284
f 2548 2539 6288
f 2489 2502 6277
f 6317 6312 6292
f 2491 2501 6294
f 6318 6314 6296
f 2495 6318 6295
f 6319 6308 6299
f 2504 2503 6289
f 2549 2322 6271
f 2499 2504 6267
f 6300 6309 6310
f 6302 2528 2541
f 6279 2530 2545
f 6303 2532 2529
f 6281 2534 2546
f 6301 2536 2527
f 6304 2538 2531
f 6286 6311 6316
f 6287 2542 2548
f 6305 2543 2544
f 6290 2490 2489
f 6298 6313 6319
f 6293 2492 2491
f 6306 2494 2493
f 6291 6315 6317
f 6297 2496 2495
f 6307 2498 2497
f 6283 2540 2549
f 6266 2318 2499
f 6322 6323 1874
f 6322 1874 1873
f 6324 6325 1876
f 6324 1876 1875
f 6326 6327 1878
f 6326 1878 1877
f 6328 6329 1880
f 6328 1880 1879
f 6327 2600 1881
f 6327 1881 1878
f 6330 6331 1883
f 6330 1883 1882
f 6332 6333 6320
f 6332 6320 1884
f 6334 6332 1884
f 6334 1884 1886
f 6335 6322 1873
f 6335 1873 1888
f 6336 6337 1890
f 6336 1890 6321
f 6338 6339 1892
f 6338 1892 1891
f 6339 6336 6321
f 6339 6321 1892
f 6340 6341 1894
f 6340 1894 1893
f 6342 6330 1882
f 6342 1882 1895
f 6343 6342 1895
f 6343 1895 1896
f 6344 6345 1898
f 6344 1898 1897
f 6346 6343 1896
f 6346 1896 1899
f 6347 6348 1901
f 6347 1901 1900
f 6323 6340 1893
f 6323 1893 1874
f 6348 6338 1891
f 6348 1891 1901
f 6337 6324 1875
f 6337 1875 1890
f 6325 6349 1902
f 6325 1902 1876
f 6329 6350 1903
f 6329 1903 1880
f 6350 6351 1904
f 6350 1904 1903
f 6331 6352 1905
f 6331 1905 1883
f 2601 6347 1900
f 2601 1900 1887
f 6349 6334 1886
f 6349 1886 1902
f 6351 6335 1888
f 6351 1888 1904
f 6333 6328 1879
f 6333 1879 6320
f 6352 6326 1877
f 6352 1877 1905
f 6341 6353 1906
f 6341 1906 1894
f 6345 6346 1899
f 6345 1899 1898
f 5655 6344 1897
f 5655 1897 1907
f 6356 6357 6355
f 6358 6361 6357
f 6366 6365 6363
f 6360 6364 6359
f 6372 6371 6359
f 6359 6374 6372
f 6359 6364 6374
f 6372 6374 6377
f 6361 6381 6378
f 6367 6382 6384
f 6379 6384 6382
f 6365 6366 6367
f 6366 6382 6367
f 6382 6366 6383
f 6354 6357 6375
f 6385 6375 6357
f 6358 6381 6361
f 6383 6366 6363
f 6378 6381 6360
f 6371 6372 6373
f 6372 6377 6373
f 6385 6361 6375
f 6381 6358 6360
f 6373 6377 6376
f 6377 6386 6376
f 6361 6385 6357
f 6377 6368 6386
f 6380 6376 6386
f 6386 6379 6380
f 6386 6384 6379
f 6368 6384 6386
f 6384 6368 6367
f 6374 6368 6377
f 6362 6383 6363
f 6369 6383 6370
f 6383 6362 6370
f 6356 6355 6387
f 6358 6357 6389
f 6357 6356 6388
f 6363 6365 6391
f 6362 6363 6393
f 6365 6367 6395
f 6367 6368 6397
f 6360 6358 6398
f 6364 6360 6399
f 6374 6364 6401
f 6368 6374 6402
f 6387 6388 6356
f 6389 6390 6358
f 6388 6389 6357
f 6391 6392 6363
f 6393 6394 6362
f 6395 6396 6365
f 6397 6395 6367
f 6398 6399 6360
f 6399 6400 6364
f 6401 6402 6374
f 6402 6403 6368
f 6363 6392 6393
f 6364 6406 6401
f 6362 6394 6407
f 6365 6396 6391
f 6358 6408 6398
f 6364 6400 6409
f 6358 6390 6410
f 6364 6409 6406
f 6358 6410 6408
f 6368 6411 6397
f 6368 6403 6411
f 6362 6407 6412
f 6362 6412 6404
f 6355 6405 6387
f 6370 6362 6413
f 6362 6404 6415
f 6413 6414 6370
f 6415 6413 6362
f 6370 6414 6416
f 6370 6416 6417
f 6404 6418 6415
f 6465 6466 6467
f 6464 6468 6465
f 6464 6463 6468
f 6466 6470 6467
f 6466 6471 6470
f 6467 6473 6469
f 6467 6470 6473
f 6463 6478 6468
f 6463 6479 6478
f 6479 6462 6480
f 6473 6474 6469
f 6475 6469 6474
f 6475 6474 6477
f 6477 6474 6476
f 6474 6482 6476
f 6480 6470 6472
f 6472 6470 6471
f 6479 6483 6478
f 6462 6470 6480
f 6483 6481 6478
f 6481 6483 6472
f 6483 6480 6472
f 6479 6480 6483
f 6476 6482 6485
f 6482 6487 6485
f 6487 6484 6485
f 6466 6465 6458
f 6465 6468 6441
f 6471 6466 6430
f 6472 6471 6432
f 6475 6477 6436
f 6477 6476 6440
f 6468 6478 6460
f 6478 6481 6438
f 6481 6472 6459
f 6485 6486 6461
f 6476 6485 6448
f 6458 6431 6466
f 6441 6458 6465
f 6430 6433 6471
f 6432 6459 6472
f 6436 6457 6475
f 6440 6437 6477
f 6460 6442 6468
f 6438 6460 6478
f 6459 6444 6481
f 6461 6447 6485
f 6448 6435 6476
f 6453 6461 6486
f 6454 6450 6488
f 6466 6431 6430
f 6471 6433 6432
f 6476 6435 6434
f 6477 6437 6436
f 6481 6439 6438
f 6476 6434 6440
f 6468 6442 6441
f 6481 6444 6443
f 6481 6445 6439
f 6481 6443 6445
f 6485 6447 6446
f 6485 6446 6448
f 6488 6450 6449
f 6488 6449 6451
f 6488 6451 6452
f 6488 6452 6455
f 6475 6457 6456
f 6453 6486 6424
f 6454 6488 6425
f 6488 6455 6427
f 6424 6428 6453
f 6425 6429 6454
f 6427 6426 6488
f 6486 6422 6423
f 6486 6423 6424
f 6488 6426 6425
f 6455 6421 6427
f 6453 6428 6419
f 6454 6429 6420
f 6357 6354 5709
f 6355 6357 5703
f 6405 6355 5710
f 6467 6469 5717
f 6469 6475 5718
f 6475 6456 5720
f 5709 5704 6357
f 5703 5706 6355
f 5710 5721 6405
f 5717 5713 6467
f 5718 5716 6469
f 5720 5719 6475
f 6357 5704 5703
f 6355 5706 5705
f 6354 5702 5707
f 6355 5705 5708
f 6354 5707 5709
f 6355 5708 5710
f 6467 5713 5712
f 6469 5716 5715
f 6469 5715 5717
f 6475 5719 5718
f 6456 5711 5720
f 6360 6359 6348
f 6369 6370 6340
f 6359 6371 6338
f 6371 6373 6324
f 6373 6376 6349
f 6379 6382 6350
f 6382 6383 6351
f 6375 6361 6352
f 6378 6360 6347
f 6376 6380 6334
f 6383 6369 6335
f 6380 6379 6328
f 6361 6378 6326
f 6370 6417 6353
f 6463 6464 1930
f 6464 6465 1932
f 6465 6467 1934
f 6473 6470 1935
f 6474 6473 1936
f 6479 6463 1938
f 6462 6479 1940
f 6470 6462 1942
f 6485 6484 1943
f 6482 6474 1937
f 6487 6482 1945
f 6484 6487 1947
f 6486 6485 1944
f 6422 6486 1950
f 6354 6375 6346
f 6467 5712 1952
f 5712 5714 1953
f 5702 6354 6344
f 6348 6347 6360
f 6340 6323 6369
f 6338 6348 6359
f 6324 6337 6371
f 6349 6325 6373
f 6350 6329 6379
f 6351 6350 6382
f 6352 6331 6375
f 6347 2601 6378
f 6334 6349 6376
f 6335 6351 6383
f 6328 6333 6380
f 6326 6352 6361
f 6353 6341 6370
f 1930 1931 6463
f 1932 1933 6464
f 1934 1932 6465
f 1935 1936 6473
f 1936 1937 6474
f 1938 1939 6479
f 1940 1941 6462
f 1942 1935 6470
f 1943 1944 6485
f 1937 1945 6482
f 1945 1946 6487
f 1947 1948 6484
f 1944 1949 6486
f 1950 1951 6422
f 6346 6345 6354
f 1952 1934 6467
f 1953 1952 5712
f 6344 5655 5702
f 6369 6323 6322
f 6373 6325 6324
f 6378 6327 6326
f 6379 6329 6328
f 6378 2600 6327
f 6375 6331 6330
f 6380 6333 6332
f 6380 6332 6334
f 6378 2601 2600
f 6369 6322 6335
f 6371 6337 6336
f 6371 6339 6338
f 6371 6336 6339
f 6370 6341 6340
f 6462 1941 1942
f 6464 1933 1930
f 6463 1931 1954
f 6463 1954 1955
f 6463 1955 1938
f 6479 1939 1940
f 6487 1946 1947
f 6484 1948 1943
f 6486 1949 1956
f 6486 1956 1957
f 6486 1957 1950
f 6375 6330 6342
f 6375 6342 6343
f 6354 6345 6344
f 6375 6343 6346
f 5714 1958 1953
f 6489 6490 6388
f 6489 6388 6387
f 6490 6491 6389
f 6490 6389 6388
f 6491 6492 6390
f 6491 6390 6389
f 6493 6494 6392
f 6493 6392 6391
f 6494 6495 6393
f 6494 6393 6392
f 6495 6496 6394
f 6495 6394 6393
f 6493 6497 6396
f 6493 6396 6391
f 6498 6497 6396
f 6498 6396 6395
f 6498 6499 6397
f 6498 6397 6395
f 6500 6501 6399
f 6500 6399 6398
f 6501 6502 6400
f 6501 6400 6399
f 6503 6504 6402
f 6503 6402 6401
f 6504 6505 6403
f 6504 6403 6402
f 5743 6506 6405
f 5743 6405 5721
f 6489 6506 6405
f 6489 6405 6387
f 6503 6507 6406
f 6503 6406 6401
f 6496 6508 6407
f 6496 6407 6394
f 6500 6509 6408
f 6500 6408 6398
f 6502 6510 6409
f 6502 6409 6400
f 6507 6510 6409
f 6507 6409 6406
f 6492 6511 6410
f 6492 6410 6390
f 6509 6511 6410
f 6509 6410 6408
f 6499 6512 6411
f 6499 6411 6397
f 6505 6512 6411
f 6505 6411 6403
f 6513 6514 6412
f 6513 6412 6404
f 6508 6514 6412
f 6508 6412 6407
f 6513 6515 6418
f 6513 6418 6404
f 6537 6536 6538
f 6541 6542 6543
f 6544 6538 6539
f 6541 6546 6545
f 6539 6547 6548
f 6550 6543 6542
f 6551 6552 6549
f 6535 6534 6547
f 6543 6550 6554
f 6539 6535 6547
f 6543 6554 6555
f 6543 6546 6541
f 6543 6556 6546
f 6545 6546 6556
f 6544 6537 6538
f 6533 6551 6557
f 6544 6559 6537
f 6555 6556 6543
f 6535 6539 6540
f 6557 6551 6549
f 6556 6557 6545
f 6532 6531 6561
f 6545 6557 6549
f 6532 6561 6542
f 6539 6548 6558
f 6539 6558 6544
f 6558 6562 6544
f 6544 6562 6559
f 6561 6563 6559
f 6561 6559 6550
f 6559 6560 6537
f 6550 6559 6562
f 6550 6542 6561
f 6560 6559 6563
f 6550 6562 6553
f 6542 6541 6532
f 6563 6561 6531
f 6548 6547 6495
f 6550 6553 6503
f 6547 6534 6528
f 6558 6548 6520
f 6556 6555 6521
f 6555 6554 6530
f 6533 6557 6511
f 6554 6550 6507
f 6557 6556 6529
f 6562 6558 6499
f 6553 6562 6512
f 6495 6494 6548
f 6503 6507 6550
f 6528 6496 6547
f 6520 6497 6558
f 6521 6529 6556
f 6530 6523 6555
f 6511 6519 6533
f 6507 6530 6554
f 6529 6511 6557
f 6499 6512 6562
f 6512 6525 6553
f 6514 6528 6534
f 6533 6517 6516
f 6533 6519 6518
f 6533 6518 6517
f 6548 6494 6520
f 6547 6496 6495
f 6558 6497 6498
f 6558 6498 6499
f 6555 6522 6521
f 6555 6523 6522
f 6553 6524 6503
f 6553 6525 6524
f 6534 6535 6564
f 6535 6540 6567
f 6514 6534 6568
f 6526 6514 6569
f 6564 6565 6534
f 6566 6567 6540
f 6567 6564 6535
f 6568 6569 6514
f 6569 6570 6526
f 6534 6565 6571
f 6534 6571 6568
f 6526 6570 6572
f 6526 6572 6515
f 6531 6532 6573
f 6536 6537 6575
f 6539 6538 6577
f 6540 6539 6578
f 6538 6536 6580
f 6541 6545 6581
f 6545 6549 6583
f 6552 6551 6584
f 6549 6552 6586
f 6537 6560 6587
f 6532 6541 6588
f 6560 6563 6590
f 6563 6531 6592
f 6566 6540 6594
f 6573 6574 6531
f 6575 6576 6536
f 6577 6578 6539
f 6578 6579 6540
f 6580 6577 6538
f 6581 6582 6541
f 6583 6581 6545
f 6584 6585 6552
f 6586 6583 6549
f 6587 6575 6537
f 6588 6589 6532
f 6590 6591 6560
f 6592 6590 6563
f 6593 6584 6551
f 6594 6595 6566
f 6536 6596 6580
f 6536 6576 6596
f 6552 6585 6597
f 6540 6579 6594
f 6560 6598 6587
f 6552 6597 6586
f 6532 6589 6573
f 6541 6582 6588
f 6560 6591 6598
f 6531 6599 6592
f 6531 6574 6599
f 6566 6595 6600
f 6601 6602 6582
f 6601 6582 6581
f 6603 6601 6581
f 6603 6581 6583
f 6604 6605 6585
f 6604 6585 6584
f 6606 6603 6583
f 6606 6583 6586
f 6607 6604 6584
f 6607 6584 6593
f 6605 6608 6597
f 6605 6597 6585
f 6608 6606 6586
f 6608 6586 6597
f 6602 6588 6582
f 6681 6682 6683
f 6681 6684 6685
f 6681 6683 6684
f 6683 6682 6686
f 6687 6683 6686
f 6686 6688 6687
f 6693 6694 6695
f 6699 6700 6691
f 6694 6689 6695
f 6701 6696 6698
f 6689 6682 6698
f 6701 6702 6696
f 6703 6690 6704
f 6705 6703 6704
f 6708 6699 6691
f 6705 6708 6703
f 6685 6690 6703
f 6681 6685 6703
f 6703 6708 6691
f 6703 6691 6692
f 6681 6703 6692
f 6681 6698 6682
f 6681 6692 6701
f 6681 6701 6698
f 6702 6711 6696
f 6710 6697 6696
f 6711 6710 6696
f 6705 6704 6712
f 6713 6705 6712
f 6712 6687 6688
f 6713 6712 6688
f 6717 6718 6719
f 6721 6722 6723
f 6724 6723 6722
f 6719 6718 6723
f 6723 6724 6719
f 6723 6725 6726
f 6728 6720 6716
f 6729 6720 6728
f 6719 6716 6717
f 6719 6728 6716
f 6724 6722 6727
f 6724 6730 6719
f 6730 6728 6719
f 6730 6724 6729
f 6729 6728 6730
f 6714 6715 6718
f 6714 6718 6717
f 6727 6731 6715
f 6716 6714 6717
f 6722 6721 6731
f 6723 6726 6721
f 6725 6723 6718
f 6727 6722 6731
f 6690 6685 6430
f 6685 6684 6432
f 6709 6710 6434
f 6711 6702 6436
f 6712 6704 6438
f 6710 6711 6440
f 6704 6690 6441
f 6684 6683 6443
f 6687 6712 6439
f 6683 6687 6445
f 6707 6706 6446
f 6706 6709 6448
f 6720 6729 6449
f 6729 6724 6451
f 6430 6431 6690
f 6432 6433 6685
f 6434 6435 6709
f 6436 6437 6711
f 6438 6439 6712
f 6440 6434 6710
f 6441 6442 6704
f 6443 6444 6684
f 6439 6445 6687
f 6445 6443 6683
f 6446 6447 6707
f 6448 6446 6706
f 6449 6450 6720
f 6451 6449 6729
f 6452 6451 6724
f 6456 6457 6702
f 6690 6431 6458
f 6690 6458 6441
f 6685 6433 6430
f 6684 6459 6432
f 6702 6457 6436
f 6711 6437 6440
f 6704 6442 6460
f 6704 6460 6438
f 6684 6444 6459
f 6707 6447 6461
f 6709 6435 6448
f 6707 6461 6453
f 6720 6450 6454
f 6715 6714 6622
f 6714 6716 6614
f 6716 6720 6624
f 6727 6715 6610
f 6724 6727 6627
f 6452 6724 6618
f 6707 6453 6631
f 6720 6454 6632
f 6455 6452 6633
f 6622 6611 6715
f 6614 6613 6714
f 6624 6615 6716
f 6610 6617 6727
f 6627 6619 6724
f 6618 6633 6452
f 6631 6628 6707
f 6632 6626 6720
f 6633 6630 6455
f 6715 6611 6610
f 6714 6613 6612
f 6716 6615 6614
f 6727 6617 6616
f 6724 6619 6618
f 6707 6621 6620
f 6714 6623 6622
f 6714 6612 6623
f 6720 6625 6624
f 6720 6626 6625
f 6727 6616 6627
f 6707 6628 6621
f 6455 6630 6629
f 6453 6419 6631
f 6454 6420 6632
f 6455 6629 6421
f 6688 6686 6664
f 6686 6682 6665
f 6682 6689 6638
f 6695 6689 6667
f 6696 6697 6645
f 6694 6693 6669
f 6698 6696 6668
f 6689 6698 6670
f 6689 6694 6636
f 6706 6707 6643
f 6708 6705 6672
f 6699 6708 6671
f 6710 6709 6674
f 6705 6713 6647
f 6713 6688 6663
f 6709 6706 6649
f 6721 6726 6650
f 6697 6710 6673
f 6715 6731 6675
f 6731 6721 6652
f 6718 6715 6658
f 6725 6718 6676
f 6726 6725 6655
f 6707 6620 6680
f 6620 6609 6661
f 6664 6663 6688
f 6665 6664 6686
f 6638 6665 6682
f 6667 6666 6695
f 6645 6668 6696
f 6669 6637 6694
f 6668 6670 6698
f 6670 6667 6689
f 6636 6639 6689
f 6643 6641 6706
f 6672 6671 6708
f 6671 6635 6699
f 6674 6673 6710
f 6647 6672 6705
f 6663 6648 6713
f 6649 6674 6709
f 6650 6653 6721
f 6673 6657 6697
f 6675 6659 6715
f 6652 6675 6731
f 6658 6676 6718
f 6676 6656 6725
f 6655 6654 6726
f 6678 6669 6693
f 6680 6644 6707
f 6661 6680 6620
f 6699 6635 6634
f 6694 6637 6636
f 6689 6639 6638
f 6706 6641 6640
f 6706 6640 6642
f 6707 6644 6643
f 6697 6646 6645
f 6713 6648 6647
f 6706 6642 6649
f 6726 6651 6650
f 6721 6653 6652
f 6726 6654 6651
f 6725 6656 6655
f 6697 6657 6646
f 6715 6659 6658
f 6609 6662 6661
f 6551 6533 5906
f 6533 6516 5944
f 6516 6527 5911
f 6593 6551 5910
f 6607 6593 5915
f 6692 6691 5931
f 6693 6695 5921
f 6702 6701 5927
f 6701 6692 5934
f 6700 6699 5923
f 6691 6700 5935
f 6456 6702 5936
f 6695 6666 5945
f 6678 6693 5933
f 6699 6634 5947
f 6666 6677 5940
f 6634 6679 5938
f 6679 6678 5946
f 6677 6660 5942
f 5906 5909 6551
f 5944 5907 6533
f 5911 5944 6516
f 5910 5914 6593
f 5915 5916 6607
f 5931 5918 6692
f 5921 5920 6693
f 5927 5926 6702
f 5934 5928 6701
f 5923 5930 6700
f 5935 5932 6691
f 5936 5937 6456
f 5945 5922 6695
f 5933 5946 6678
f 5947 5924 6699
f 5940 5945 6666
f 5938 5947 6634
f 5946 5939 6679
f 5942 5941 6677
f 6533 5907 5906
f 6551 5909 5908
f 6551 5908 5910
f 6527 5912 5911
f 6593 5914 5913
f 6593 5913 5915
f 6692 5918 5917
f 6693 5920 5919
f 6695 5922 5921
f 6699 5924 5923
f 6702 5926 5925
f 6701 5928 5927
f 6700 5930 5929
f 6691 5932 5931
f 6693 5919 5933
f 6692 5917 5934
f 6700 5929 5935
f 6702 5925 5936
f 6456 5937 5711
f 6679 5939 5938
f 6677 5941 5940
f 6660 5943 5942
f 6732 6733 6600
f 6732 6600 6734
f 6735 6736 2085
f 6735 2085 2084
f 6353 6735 2084
f 6353 2084 1906
f 6756 6750 6749
f 6756 6749 6751
f 6756 6751 6752
f 6756 6752 6750
f 6740 6741 6739
f 6741 6742 6417
f 6743 6740 6415
f 6745 6744 6423
f 6744 6746 6424
f 6747 6748 6425
f 6755 6747 6427
f 6746 6753 6419
f 6748 6754 6420
f 6739 6738 6740
f 6417 6739 6741
f 6415 6418 6743
f 6423 6422 6745
f 6424 6423 6744
f 6425 6426 6747
f 6427 6421 6755
f 6419 6428 6746
f 6420 6429 6748
f 6740 6738 6737
f 6740 6737 6415
f 6746 6428 6424
f 6748 6429 6425
f 6747 6426 6427
f 6745 6422 2086
f 6417 6742 6735
f 2086 2087 6745
f 6735 6353 6417
f 6742 6736 6735
f 6422 1951 2086
f 6757 6758 6743
f 6757 6743 6740
f 6759 2604 2161
f 6759 2161 2160
f 6760 6759 2160
f 6760 2160 2085
f 6757 6761 6741
f 6757 6741 6740
f 6761 6762 6742
f 6761 6742 6741
f 6793 6794 6763
f 6797 6789 6764
f 6763 6794 6770
f 6763 6770 5516
f 6764 6789 5517
f 6793 6763 5446
f 6797 6764 5447
f 6765 6766 5520
f 6767 6765 5448
f 6768 6769 5521
f 6770 6771 5522
f 6772 6773 5523
f 6774 6775 5524
f 6776 6777 5525
f 6778 6776 5458
f 6779 6780 5526
f 6781 6782 5527
f 6757 6783 5528
f 6784 6785 5470
f 6785 6786 5529
f 6787 6788 5496
f 6789 6790 5530
f 6791 6792 5531
f 6744 6745 5532
f 6795 6796 5533
f 6798 6799 5482
f 6799 6800 5534
f 6801 6802 5486
f 6802 6803 5535
f 6746 6744 5476
f 6747 6804 5536
f 6748 6747 5490
f 6805 6806 5537
f 6788 6807 5538
f 6749 6750 5504
f 6751 6749 5498
f 6752 6751 5500
f 6750 6752 5502
f 6762 6761 5539
f 6766 6768 5452
f 6771 6767 5450
f 6782 6808 5543
f 6786 6781 5464
f 6808 6772 5454
f 6773 6774 5456
f 6809 6778 5460
f 6796 6797 5519
f 6810 6793 5518
f 6775 6795 5478
f 6777 6784 5468
f 6811 6812 5547
f 6812 6779 5462
f 6780 6810 5545
f 6783 6809 5544
f 6790 6787 5472
f 6769 6791 5474
f 6792 6813 5548
f 6813 6811 5546
f 6814 6798 5480
f 6800 6815 5550
f 6807 6746 5488
f 6815 6801 5484
f 6803 6748 5492
f 6806 6814 5549
f 6816 6805 5494
f 6804 6816 5551
f 6761 6757 5466
f 5516 5441 6763
f 5517 5444 6764
f 5446 5518 6793
f 5447 5519 6797
f 5520 5449 6765
f 5448 5451 6767
f 5521 5453 6768
f 5522 5516 6770
f 5523 5455 6772
f 5524 5457 6774
f 5525 5459 6776
f 5458 5461 6778
f 5526 5463 6779
f 5527 5465 6781
f 5528 5467 6757
f 5470 5469 6784
f 5529 5471 6785
f 5496 5473 6787
f 5530 5517 6789
f 5531 5475 6791
f 5532 5477 6744
f 5533 5479 6795
f 5482 5481 6798
f 5534 5483 6799
f 5486 5485 6801
f 5535 5487 6802
f 5476 5489 6746
f 5536 5491 6747
f 5490 5493 6748
f 5537 5495 6805
f 5538 5497 6788
f 5504 5499 6749
f 5498 5501 6751
f 5500 5503 6752
f 5502 5505 6750
f 5539 5507 6762
f 5452 5520 6766
f 5450 5522 6771
f 5543 5527 6782
f 5464 5529 6786
f 5454 5543 6808
f 5456 5523 6773
f 5460 5544 6809
f 5519 5533 6796
f 5518 5545 6810
f 5478 5524 6775
f 5468 5525 6777
f 5547 5546 6811
f 5462 5547 6812
f 5545 5526 6780
f 5544 5528 6783
f 5472 5530 6790
f 5474 5521 6769
f 5548 5531 6792
f 5546 5548 6813
f 5480 5549 6814
f 5550 5534 6800
f 5488 5538 6807
f 5484 5550 6815
f 5492 5535 6803
f 5549 5537 6806
f 5494 5551 6816
f 5551 5536 6804
f 5466 5539 6761
f 6763 5441 5440
f 6764 5443 5442
f 6764 5444 5443
f 6763 5440 5445
f 6763 5445 5446
f 6764 5442 5447
f 6765 5449 5448
f 6767 5451 5450
f 6768 5453 5452
f 6772 5455 5454
f 6774 5457 5456
f 6776 5459 5458
f 6778 5461 5460
f 6779 5463 5462
f 6781 5465 5464
f 6757 5467 5466
f 6784 5469 5468
f 6785 5471 5470
f 6787 5473 5472
f 6791 5475 5474
f 6744 5477 5476
f 6795 5479 5478
f 6798 5481 5480
f 6799 5483 5482
f 6801 5485 5484
f 6802 5487 5486
f 6746 5489 5488
f 6747 5491 5490
f 6748 5493 5492
f 6805 5495 5494
f 6788 5497 5496
f 6749 5499 5498
f 6751 5501 5500
f 6752 5503 5502
f 6750 5505 5504
f 6762 5507 5506
f 6742 6762 6817
f 6762 5506 6759
f 5532 6745 2195
f 6817 6736 6742
f 6759 6760 6762
f 2195 2196 5532
f 6762 6760 6817
f 6745 2087 2195
f 5506 2604 6759
f 6819 6820 6565
f 6819 6565 6564
f 6732 6821 6567
f 6732 6567 6566
f 6821 6819 6564
f 6821 6564 6567
f 6822 6823 6569
f 6822 6569 6818
f 6823 6824 6570
f 6823 6570 6569
f 6820 6825 6571
f 6820 6571 6565
f 6825 6822 6818
f 6825 6818 6571
f 6824 6826 6572
f 6824 6572 6570
f 6826 6827 6515
f 6826 6515 6572
f 6768 6766 6828
f 6784 6777 6829
f 6828 6766 6765
f 6828 6765 6767
f 6829 6777 6776
f 6829 6776 6778
f 6758 6743 6830
f 6768 6828 6831
f 6828 6767 6833
f 6829 6778 6825
f 6784 6829 6732
f 6767 6771 6836
f 6808 6782 6837
f 6781 6786 6839
f 6772 6808 6841
f 6774 6773 6843
f 6778 6809 6822
f 6797 6796 6845
f 6793 6810 6847
f 6795 6775 6849
f 6812 6811 6851
f 6779 6812 6853
f 6810 6780 6855
f 6787 6790 6857
f 6791 6769 6858
f 6813 6792 6860
f 6811 6813 6862
f 6770 6794 6864
f 6798 6814 6610
f 6815 6800 6612
f 6801 6815 6614
f 6814 6806 6616
f 6805 6816 6618
f 6769 6768 6832
f 6771 6770 6866
f 6773 6772 6867
f 6775 6774 6868
f 6780 6779 6869
f 6782 6781 6870
f 6785 6784 6835
f 6786 6785 6871
f 6788 6787 6620
f 6790 6789 6872
f 6792 6791 6873
f 6794 6793 6874
f 6796 6795 6875
f 6789 6797 6876
f 6799 6798 6622
f 6800 6799 6623
f 6802 6801 6624
f 6803 6802 6625
f 6806 6805 6627
f 6807 6788 6621
f 6809 6783 6826
f 6816 6804 6629
f 6753 6807 6631
f 6754 6803 6632
f 6783 6758 6827
f 6804 6755 6421
f 6830 6827 6758
f 6831 6832 6768
f 6833 6834 6828
f 6825 6820 6829
f 6732 6835 6784
f 6836 6833 6767
f 6837 6838 6808
f 6839 6840 6781
f 6841 6842 6772
f 6843 6844 6774
f 6822 6825 6778
f 6845 6846 6797
f 6847 6848 6793
f 6849 6850 6795
f 6851 6852 6812
f 6853 6854 6779
f 6855 6856 6810
f 6857 6609 6787
f 6858 6859 6791
f 6860 6861 6813
f 6862 6863 6811
f 6864 6865 6770
f 6610 6611 6798
f 6612 6613 6815
f 6614 6615 6801
f 6616 6617 6814
f 6618 6619 6805
f 6832 6858 6769
f 6866 6836 6771
f 6867 6843 6773
f 6868 6849 6775
f 6869 6855 6780
f 6870 6837 6782
f 6835 6871 6785
f 6871 6839 6786
f 6620 6621 6788
f 6872 6857 6790
f 6873 6860 6792
f 6874 6864 6794
f 6875 6845 6796
f 6876 6872 6789
f 6622 6623 6799
f 6623 6612 6800
f 6624 6625 6802
f 6625 6626 6803
f 6627 6616 6806
f 6621 6628 6807
f 6826 6824 6809
f 6629 6630 6816
f 6631 6419 6753
f 6632 6420 6754
f 6827 6826 6783
f 6421 6629 6804
f 6743 6418 6830
f 6828 6834 6831
f 6829 6820 6819
f 6829 6821 6732
f 6829 6819 6821
f 6808 6838 6841
f 6781 6840 6870
f 6772 6842 6867
f 6774 6844 6868
f 6797 6846 6876
f 6793 6848 6874
f 6795 6850 6875
f 6812 6852 6853
f 6779 6854 6869
f 6810 6856 6847
f 6787 6609 6620
f 6791 6859 6873
f 6813 6861 6862
f 6811 6863 6851
f 6770 6865 6866
f 6798 6611 6622
f 6815 6613 6614
f 6801 6615 6624
f 6814 6617 6610
f 6805 6619 6627
f 6809 6823 6822
f 6816 6633 6618
f 6807 6628 6631
f 6803 6626 6632
f 6809 6824 6823
f 6816 6630 6633
f 6877 6878 6574
f 6877 6574 6573
f 6879 6880 6576
f 6879 6576 6575
f 6881 6882 6578
f 6881 6578 6577
f 6882 6883 6579
f 6882 6579 6578
f 6884 6881 6577
f 6884 6577 6580
f 6885 6879 6575
f 6885 6575 6587
f 6886 6887 6589
f 6886 6589 6588
f 6888 6889 6591
f 6888 6591 6590
f 6890 6888 6590
f 6890 6590 6592
f 6892 6891 6595
f 6892 6595 6594
f 6893 6884 6580
f 6893 6580 6596
f 6880 6893 6596
f 6880 6596 6576
f 6883 6892 6594
f 6883 6594 6579
f 6894 6885 6587
f 6894 6587 6598
f 6887 6877 6573
f 6887 6573 6589
f 6602 6886 6588
f 6889 6894 6598
f 6889 6598 6591
f 6895 6890 6592
f 6895 6592 6599
f 6878 6895 6599
f 6878 6599 6574
f 6891 6733 6600
f 6891 6600 6595
f 6897 6896 6898
f 6899 6900 6901
f 6902 6903 6904
f 6903 6900 6899
f 6901 6900 6905
f 6906 6901 6907
f 6905 6907 6901
f 6910 6897 6898
f 6913 6915 6916
f 6914 6913 6919
f 6913 6916 6919
f 6920 6921 6922
f 6923 6924 6925
f 6912 6926 6911
f 6927 6911 6926
f 6914 6919 6928
f 6929 6923 6925
f 6930 6931 6932
f 6933 6929 6925
f 6934 6916 6935
f 6936 6933 6937
f 6933 6936 6929
f 6943 6942 6941
f 6929 6944 6923
f 6944 6945 6923
f 6943 6912 6942
f 6939 6938 6946
f 6937 6921 6936
f 6934 6919 6916
f 6912 6943 6926
f 6934 6947 6919
f 6948 6899 6901
f 6919 6947 6949
f 6929 6936 6944
f 6924 6923 6950
f 6920 6923 6945
f 6944 6951 6945
f 6952 6921 6920
f 6954 6932 6903
f 6924 6926 6925
f 6904 6903 6899
f 6957 6936 6921
f 6936 6957 6944
f 6914 6958 6917
f 6959 6960 6907
f 6961 6949 6947
f 6957 6951 6944
f 6902 6954 6903
f 6933 6943 6941
f 6920 6945 6963
f 6941 6922 6937
f 6932 6961 6964
f 6920 6963 6952
f 6945 6951 6963
f 6943 6925 6926
f 6967 6968 6951
f 6921 6952 6957
f 6969 6930 6932
f 6918 6917 6970
f 6970 6917 6958
f 6943 6933 6925
f 6971 6957 6952
f 6973 6906 6908
f 6967 6951 6957
f 6941 6937 6933
f 6931 6918 6970
f 6918 6931 6938
f 6931 6946 6938
f 6934 6940 6974
f 6935 6916 6915
f 6923 6922 6950
f 6937 6922 6921
f 6920 6922 6923
f 6959 6947 6934
f 6946 6931 6972
f 6928 6958 6914
f 6972 6939 6946
f 6966 6965 6975
f 6934 6974 6960
f 6934 6960 6959
f 6949 6928 6919
f 6961 6947 6959
f 6977 6964 6961
f 6978 6979 6980
f 6928 6970 6958
f 6961 6931 6970
f 6981 6979 6978
f 6949 6970 6928
f 6949 6961 6970
f 6932 6931 6961
f 6982 6979 6981
f 6982 6909 6979
f 6930 6972 6931
f 6900 6903 6983
f 6961 6959 6977
f 6983 6977 6959
f 6977 6932 6964
f 6966 6901 6906
f 6966 6906 6973
f 6975 6948 6966
f 6966 6948 6901
f 6983 6932 6977
f 6932 6983 6903
f 6932 6954 6969
f 6974 6984 6960
f 6976 6899 6948
f 6973 6953 6966
f 6905 6959 6907
f 6976 6948 6975
f 6907 6960 6984
f 6955 6966 6953
f 6980 6954 6902
f 6980 6969 6954
f 6965 6976 6975
f 6962 6899 6976
f 6899 6962 6904
f 6985 6952 6963
f 6968 6963 6951
f 6971 6967 6957
f 6968 6985 6963
f 6983 6959 6905
f 6978 6902 6904
f 6978 6980 6902
f 6907 6908 6906
f 6983 6905 6900
f 6912 6911 6831
f 6913 6914 6841
f 6915 6913 6870
f 6914 6917 6867
f 6917 6918 6868
f 6938 6939 6876
f 6941 6942 6874
f 6918 6938 6875
f 6924 6950 6853
f 6950 6922 6869
f 6922 6941 6847
f 6911 6927 6873
f 6927 6926 6862
f 6926 6924 6851
f 6942 6912 6866
f 6831 6834 6912
f 6841 6838 6913
f 6870 6840 6915
f 6867 6842 6914
f 6868 6844 6917
f 6876 6846 6938
f 6874 6848 6941
f 6875 6850 6918
f 6853 6852 6924
f 6869 6854 6950
f 6847 6856 6922
f 6873 6859 6911
f 6862 6861 6927
f 6851 6863 6926
f 6866 6865 6942
f 6911 6832 6831
f 6912 6834 6833
f 6912 6833 6836
f 6913 6838 6837
f 6915 6840 6839
f 6914 6842 6841
f 6917 6844 6843
f 6938 6846 6845
f 6941 6848 6847
f 6918 6850 6849
f 6924 6852 6851
f 6950 6854 6853
f 6922 6856 6855
f 6911 6859 6858
f 6927 6861 6860
f 6926 6863 6862
f 6942 6865 6864
f 6911 6858 6832
f 6912 6836 6866
f 6917 6843 6867
f 6918 6849 6868
f 6922 6855 6869
f 6913 6837 6870
f 6915 6871 6835
f 6915 6839 6871
f 6939 6857 6872
f 6927 6860 6873
f 6942 6864 6874
f 6938 6845 6875
f 6939 6872 6876
f 6897 6910 6634
f 6910 6898 6636
f 6898 6896 6638
f 6934 6935 6884
f 6940 6934 6893
f 6956 6955 6608
f 6972 6930 6640
f 6930 6969 6642
f 6935 6915 6892
f 6939 6972 6643
f 6974 6940 6885
f 6955 6953 6606
f 6973 6908 6877
f 6979 6909 6645
f 6953 6973 6886
f 6896 6897 6647
f 6969 6980 6649
f 6984 6974 6894
f 6907 6984 6890
f 6971 6952 6650
f 6952 6985 6652
f 6967 6971 6651
f 6968 6967 6655
f 6980 6979 6646
f 6908 6907 6895
f 6985 6968 6658
f 6915 6835 6733
f 6857 6939 6661
f 6634 6635 6897
f 6636 6637 6910
f 6638 6639 6898
f 6884 6893 6934
f 6893 6880 6940
f 6608 6605 6956
f 6640 6641 6972
f 6642 6640 6930
f 6892 6883 6935
f 6643 6644 6939
f 6885 6894 6974
f 6606 6608 6955
f 6877 6887 6973
f 6645 6646 6979
f 6886 6602 6953
f 6647 6648 6896
f 6649 6642 6969
f 6894 6889 6984
f 6890 6895 6907
f 6650 6651 6971
f 6652 6653 6952
f 6651 6654 6967
f 6655 6656 6968
f 6646 6657 6980
f 6895 6878 6908
f 6658 6659 6985
f 6733 6891 6915
f 6661 6662 6857
f 6896 6663 6664
f 6896 6664 6665
f 6896 6665 6638
f 6908 6878 6877
f 6909 6666 6667
f 6909 6668 6645
f 6910 6637 6669
f 6909 6670 6668
f 6909 6667 6670
f 6898 6639 6636
f 6940 6880 6879
f 6935 6882 6881
f 6935 6883 6882
f 6935 6881 6884
f 6953 6602 6601
f 6953 6601 6603
f 6956 6605 6604
f 6972 6641 6643
f 6953 6603 6606
f 6940 6879 6885
f 6897 6671 6672
f 6897 6635 6671
f 6973 6887 6886
f 6980 6673 6674
f 6897 6672 6647
f 6896 6648 6663
f 6984 6889 6888
f 6980 6674 6649
f 6952 6653 6650
f 6984 6888 6890
f 6980 6657 6673
f 6985 6659 6675
f 6985 6675 6652
f 6968 6676 6658
f 6968 6656 6676
f 6967 6654 6655
f 6909 6677 6666
f 6910 6669 6678
f 6910 6679 6634
f 6956 6604 6607
f 6910 6678 6679
f 6909 6660 6677
f 6915 6891 6892
f 6939 6644 6680
f 6939 6680 6661
f 6955 6956 6223
f 6965 6966 6206
f 6966 6955 6202
f 6976 6965 6225
f 6962 6976 6208
f 6904 6962 6220
f 6978 6904 6212
f 6981 6978 6214
f 6982 6981 6228
f 6909 6982 6229
f 6956 6607 6233
f 6660 6909 6231
f 6223 6203 6955
f 6206 6205 6965
f 6202 6207 6966
f 6225 6209 6976
f 6208 6211 6962
f 6220 6213 6904
f 6212 6215 6978
f 6214 6217 6981
f 6228 6219 6982
f 6229 6232 6909
f 6233 6227 6956
f 6231 5943 6660
f 6955 6203 6202
f 6965 6205 6204
f 6966 6207 6206
f 6976 6209 6208
f 6962 6211 6210
f 6904 6213 6212
f 6978 6215 6214
f 6981 6217 6216
f 6982 6219 6218
f 6962 6221 6220
f 6962 6210 6221
f 6965 6204 6222
f 6956 6224 6223
f 6965 6222 6225
f 6956 6227 6226
f 6956 6226 6224
f 6981 6216 6228
f 6982 6230 6229
f 6982 6218 6230
f 6909 6232 6231
f 6607 5916 6233
f 6986 6987 2163
f 6986 2163 2162
f 2639 6986 2162
f 2639 2162 2164
f 6988 6989 5540
f 6990 6991 5514
f 6992 6993 5541
f 6991 6994 5542
f 6989 6990 5510
f 6993 6995 5552
f 6994 6992 5512
f 6996 6988 5508
f 5540 5509 6988
f 5514 5511 6990
f 5541 5513 6992
f 5542 5515 6991
f 5510 5540 6989
f 5552 5541 6993
f 5512 5542 6994
f 5508 5553 6996
f 6988 5509 5508
f 6990 5511 5510
f 6992 5513 5512
f 6991 5515 5514
f 6996 5553 2197
f 5552 6995 6986
f 2197 2198 6996
f 6986 2639 5552
f 6995 6987 6986
f 5553 2199 2197
f 6997 6998 2216
f 6997 2216 2215
f 6987 6997 2215
f 6987 2215 2163
f 6990 6989 7001
f 6995 6993 7003
f 6992 6994 7005
f 6988 6996 6999
f 6989 6988 7008
f 6991 6990 7009
f 6993 6992 7011
f 6994 6991 7010
f 7001 7002 6990
f 7003 7004 6995
f 7005 7006 6992
f 6999 7007 6988
f 7008 7001 6989
f 7009 7010 6991
f 7011 7003 6993
f 7010 7005 6994
f 6990 7002 7009
f 6995 7004 7000
f 6992 7006 7011
f 6988 7007 7008
f 6995 7000 6997
f 6999 6996 2217
f 6997 6987 6995
f 2217 2218 6999
f 6996 2198 2219
f 6996 2219 2217
f 7000 6998 6997
f 7013 7014 2453
f 7013 2453 2452
f 2605 2455 2454
f 7015 7016 2457
f 7015 2457 2456
f 7017 7018 2459
f 7017 2459 2458
f 7019 7020 2461
f 7019 2461 2460
f 7021 7013 2452
f 7021 2452 2462
f 7022 7021 2462
f 7022 2462 2463
f 7023 7022 2463
f 7023 2463 7012
f 7024 7025 2468
f 7024 2468 2467
f 7025 7017 2458
f 7025 2458 2468
f 7014 7024 2467
f 7014 2467 2453
f 7026 2511 2471
f 7026 2471 2472
f 2510 7026 2472
f 2510 2472 2470
f 7027 2605 2454
f 7027 2454 2473
f 7016 7027 2473
f 7016 2473 2457
f 7020 7015 2456
f 7020 2456 2461
f 7018 7019 2460
f 7018 2460 2459
f 6998 7023 7012
f 6998 7012 2216
f 7030 7029 7031
f 7034 7035 7036
f 7037 7036 7038
f 7034 7036 7039
f 7040 7041 7042
f 7037 7045 7036
f 7043 7045 7037
f 7028 7046 7040
f 7047 7035 7042
f 7032 7042 7035
f 7042 7029 7028
f 7042 7031 7029
f 7040 7042 7028
f 7033 7046 7028
f 7042 7041 7047
f 7033 7049 7046
f 7047 7038 7035
f 7038 7047 7050
f 7031 7042 7032
f 7050 7052 7038
f 7035 7038 7036
f 7053 7054 7049
f 7055 7050 7041
f 7052 7057 7056
f 7055 7058 7050
f 7044 7056 7057
f 7043 7059 7045
f 7054 7060 7058
f 7061 7058 7060
f 7043 7062 7059
f 7033 7051 7049
f 7059 7062 7063
f 7048 7062 7043
f 7060 7057 7061
f 7051 7053 7049
f 7050 7047 7041
f 7063 7065 7059
f 7052 7050 7058
f 7058 7061 7052
f 7040 7055 7041
f 7049 7055 7046
f 7054 7058 7055
f 7061 7057 7052
f 7046 7055 7040
f 7054 7055 7049
f 7056 7044 7037
f 7045 7059 7036
f 7039 7036 7065
f 7064 7039 7065
f 7036 7059 7065
f 7065 7063 7009
f 7062 7048 7000
f 7063 7062 7011
f 7064 7065 7008
f 7009 7002 7065
f 7000 7004 7062
f 7011 7006 7063
f 7008 7007 7064
f 7065 7002 7001
f 7062 7004 7003
f 7063 7006 7005
f 7064 7007 6999
f 7065 7001 7008
f 7063 7010 7009
f 7062 7003 7011
f 7063 7005 7010
f 7028 7029 6310
f 7029 7030 6316
f 7033 7028 6319
f 7051 7033 6317
f 6310 6309 7028
f 6316 6311 7029
f 6319 6313 7033
f 6317 6315 7051
f 7028 6309 6308
f 7029 6311 6310
f 7033 6313 6312
f 7051 6315 6314
f 7033 6312 6317
f 7051 6314 6318
f 7028 6308 6319
f 7031 7032 2550
f 7030 7031 2552
f 7043 7037 7025
f 7037 7044 7017
f 7032 7035 2554
f 7048 7043 7024
f 7035 7034 2556
f 7038 7052 2510
f 7037 7038 2509
f 7056 7037 2511
f 7052 7056 7026
f 7054 7053 2605
f 7060 7054 7027
f 7057 7060 7015
f 7053 7051 2508
f 7044 7057 7019
f 7034 7039 2557
f 7039 7064 2559
f 7064 6999 2218
f 7000 7048 7023
f 6316 7030 2561
f 7051 6318 2512
f 2550 2551 7031
f 2552 2553 7030
f 7025 7024 7043
f 7017 7025 7037
f 2554 2555 7032
f 7024 7014 7048
f 2556 2554 7035
f 2510 2509 7038
f 2509 2511 7037
f 2511 7026 7056
f 7026 2510 7052
f 2605 7027 7054
f 7027 7016 7060
f 7015 7020 7057
f 2508 2506 7053
f 7019 7018 7044
f 2557 2558 7034
f 2559 2560 7039
f 2218 2559 7064
f 7023 6998 7000
f 2561 2562 6316
f 2512 2507 7051
f 7031 2551 2552
f 7030 2553 2563
f 7032 2564 2550
f 7032 2555 2564
f 7048 7014 7013
f 7034 2565 2556
f 7034 2566 2565
f 7034 2558 2566
f 7053 2506 2605
f 7060 7016 7015
f 7044 7018 7017
f 7057 7020 7019
f 7048 7013 7021
f 7039 2567 2557
f 7048 7021 7022
f 7039 2560 2567
f 7048 7022 7023
f 7030 2563 2568
f 7051 2507 2508
f 7030 2568 2569
f 7030 2569 2570
f 7030 2570 2561
f 7066 7067 7070
f 7067 7068 7071
f 7070 7069 7066
f 7071 7072 7067
f 7067 7073 7070
f 7067 7072 7073
f 7076 7075 7069
f 7076 7069 7070
f 7074 7077 7071
f 7074 7071 7068
f 7077 7078 7072
f 7077 7072 7071
f 7079 7076 7070
f 7079 7070 7073
f 7078 7079 7073
f 7078 7073 7072
f 7068 7067 1481
f 7074 7068 7080
f 1481 1482 7068
f 7080 1483 7074
f 7067 1479 1478
f 7067 1478 1480
f 7067 1480 1481
f 7068 1482 7080
f 7067 7066 569
f 7066 7069 571
f 7069 7075 7081
f 1479 7067 573
f 569 574 7067
f 571 570 7066
f 7081 572 7069
f 573 153 1479
f 7066 570 569
f 7069 572 571
f 7075 575 7081
f 7067 574 573
f 7084 7085 7086
f 7085 7084 7083
f 7085 7082 7089
f 7090 7082 7085
f 7089 7086 7085
f 7087 7090 7085
f 7090 7087 7088
f 7091 7082 7090
f 7082 7091 7092
f 7093 7091 7090
f 7088 7094 7090
f 7094 7093 7090
f 7093 7094 7095
f 7094 7096 7095
f 7091 7093 7092
f 7093 7097 7092
f 7095 7097 7093
f 7096 7094 7098
f 7102 7098 7099
f 7096 7098 7102
f 7104 7105 7106
f 7106 7095 7096
f 7106 7096 7102
f 7104 7106 7102
f 7106 7105 7095
f 7107 7097 7095
f 7108 7109 7110
f 7110 7109 7111
f 7095 7105 7107
f 7108 7114 7109
f 7097 7107 7105
f 7109 7115 7111
f 7110 7100 7103
f 7110 7103 7108
f 7110 7116 7100
f 7117 7118 7114
f 7118 7119 7114
f 7121 7120 7114
f 7121 7114 7119
f 7119 7122 7121
f 7117 7114 7108
f 7121 7122 7112
f 7099 7123 7102
f 7123 7099 7101
f 7100 7123 7101
f 7102 7123 7125
f 7124 7119 7118
f 7124 7126 7119
f 7102 7125 7104
f 7123 7127 7125
f 7127 7116 7110
f 7127 7110 7111
f 7113 7125 7127
f 7122 7128 7129
f 7131 7132 7129
f 7126 7130 7128
f 7129 7132 7122
f 7130 7133 7134
f 7135 7134 7133
f 7127 7111 7113
f 7128 7134 7129
f 7128 7130 7134
f 7129 7134 7131
f 7136 7131 7134
f 7128 7122 7126
f 7132 7112 7122
f 7122 7119 7126
f 7137 7138 7139
f 7134 7140 7136
f 7134 7141 7140
f 7141 7135 7139
f 7100 7116 7123
f 7123 7116 7127
f 7133 7142 7143
f 7143 7135 7133
f 7135 7141 7134
f 7138 7140 7141
f 7143 7139 7135
f 7139 7138 7141
f 7144 7146 7145
f 7147 7146 7144
f 7088 7087 7148
f 7085 7083 7150
f 7087 7085 7151
f 7094 7088 7152
f 7099 7098 7154
f 7100 7101 7156
f 7103 7100 7158
f 7101 7099 7155
f 7098 7094 7161
f 7108 7103 7163
f 7117 7108 7165
f 7118 7117 7167
f 7124 7118 7169
f 7130 7126 7171
f 7133 7130 7173
f 7126 7124 7175
f 7142 7133 7178
f 7144 7145 7180
f 7145 7146 7182
f 7147 7144 7184
f 7146 7147 7186
f 7148 7149 7088
f 7150 7151 7085
f 7151 7148 7087
f 7152 7153 7094
f 7154 7155 7099
f 7156 7157 7100
f 7158 7159 7103
f 7155 7160 7101
f 7161 7162 7098
f 7163 7164 7108
f 7165 7166 7117
f 7167 7168 7118
f 7169 7170 7124
f 7171 7172 7130
f 7173 7174 7133
f 7175 7176 7126
f 7178 7179 7142
f 7180 7181 7144
f 7182 7183 7145
f 7184 7185 7147
f 7186 7182 7146
f 7083 7187 7188
f 7083 7188 7150
f 7088 7189 7152
f 7088 7149 7189
f 7098 7162 7154
f 7100 7157 7158
f 7101 7160 7190
f 7094 7153 7161
f 7103 7159 7163
f 7108 7164 7165
f 7117 7166 7167
f 7101 7190 7156
f 7118 7168 7169
f 7124 7170 7191
f 7130 7172 7192
f 7126 7176 7171
f 7130 7192 7173
f 7133 7174 7178
f 7124 7193 7175
f 7124 7191 7193
f 7142 7194 7177
f 7142 7179 7195
f 7142 7195 7196
f 7142 7196 7194
f 7144 7181 7184
f 7145 7197 7180
f 7145 7183 7197
f 7147 7198 7186
f 7147 7199 7198
f 7147 7185 7199
f 7086 7089 5564
f 7089 7082 5559
f 7082 7092 5565
f 7092 7097 5618
f 7105 7104 5619
f 7097 7105 5574
f 7109 7114 5621
f 7114 7120 5622
f 7115 7109 5620
f 7120 7121 5623
f 7121 7112 5569
f 7104 7125 5624
f 7125 7113 5581
f 7113 7111 5625
f 7131 7136 5626
f 7112 7132 5582
f 7132 7131 5579
f 7111 7115 5578
f 7136 7140 5586
f 7140 7138 5584
f 5564 5617 7086
f 5559 5563 7089
f 5565 5561 7082
f 5618 5566 7092
f 5619 5571 7105
f 5574 5618 7097
f 5621 5620 7109
f 5622 5621 7114
f 5620 5576 7115
f 5623 5622 7120
f 5569 5623 7121
f 5624 5619 7104
f 5581 5624 7125
f 5625 5573 7113
f 5626 5580 7131
f 5582 5577 7112
f 5579 5583 7132
f 5578 5625 7111
f 5586 5626 7136
f 5584 5588 7140
f 7082 5560 5559
f 7082 5561 5560
f 7089 5563 5562
f 7089 5562 5564
f 7092 5566 5565
f 7105 5568 5567
f 7112 5570 5569
f 7105 5571 5568
f 7113 5573 5572
f 7105 5567 5574
f 7115 5576 5575
f 7112 5577 5570
f 7115 5575 5578
f 7131 5580 5579
f 7113 5572 5581
f 7132 5583 5582
f 7138 5585 5584
f 7140 5587 5586
f 7140 5588 5587
f 7138 5589 5585
f 7137 7139 1667
f 7143 7142 1674
f 7139 7143 1673
f 7142 7177 1675
f 7177 7074 1669
f 7138 7137 1672
f 5589 7138 1676
f 1667 1666 7137
f 1674 1673 7143
f 1673 1668 7139
f 1675 1674 7142
f 1669 1675 7177
f 1672 1676 7138
f 1676 1677 5589
f 7137 1666 1665
f 7139 1668 1667
f 7074 1670 1669
f 7074 1483 1670
f 7137 1665 1671
f 7137 1671 1672
f 630 631 597
f 630 597 596
f 633 636 603
f 633 603 599
f 7206 7200 7205
f 7208 7206 7205
f 7202 7201 7203
f 7200 7203 7201
f 7200 7206 7203
f 7208 7205 7204
f 7208 7204 7209
f 7207 7209 7204
f 7210 7209 7207
f 7210 7207 7212
f 7213 7214 7215
f 7211 7210 7212
f 7212 7216 7211
f 7221 7218 7213
f 7223 7219 7224
f 7222 7215 7217
f 7215 7222 7213
f 7213 7222 7221
f 7225 7218 7221
f 7220 7219 7225
f 7219 7223 7225
f 7225 7221 7220
f 7224 7226 7223
f 7215 7214 7216
f 7230 7231 7232
f 7233 7230 7234
f 7230 7235 7234
f 7232 7235 7230
f 7232 7236 7235
f 7226 7224 7233
f 7229 7237 7236
f 7229 7238 7237
f 7236 7232 7229
f 7233 7227 7226
f 7230 7233 7231
f 7229 7228 7238
f 7241 7238 7228
f 7246 7243 7240
f 7244 7247 7245
f 7245 7243 7244
f 7246 7240 7242
f 7228 7245 7241
f 7245 7247 7241
f 7241 7247 7248
f 7242 7241 7248
f 7202 7203 7188
f 7203 7206 7150
f 7208 7209 7152
f 7206 7208 7189
f 7210 7211 7154
f 7214 7213 7158
f 7211 7216 7190
f 7209 7210 7161
f 7213 7218 7163
f 7218 7225 7165
f 7225 7223 7167
f 7216 7214 7156
f 7223 7226 7169
f 7226 7227 7191
f 7235 7236 7192
f 7234 7235 7171
f 7236 7237 7173
f 7237 7238 7178
f 7233 7234 7175
f 7227 7233 7193
f 7238 7241 7195
f 7241 7242 7196
f 7242 7239 7194
f 7244 7243 7184
f 7247 7244 7180
f 7248 7247 7197
f 7242 7248 7186
f 7246 7242 7198
f 7243 7246 7199
f 7188 7187 7202
f 7150 7188 7203
f 7152 7189 7208
f 7189 7149 7206
f 7154 7162 7210
f 7158 7157 7214
f 7190 7160 7211
f 7161 7153 7209
f 7163 7159 7213
f 7165 7164 7218
f 7167 7166 7225
f 7156 7190 7216
f 7169 7168 7223
f 7191 7170 7226
f 7192 7172 7235
f 7171 7176 7234
f 7173 7192 7236
f 7178 7174 7237
f 7175 7193 7233
f 7193 7191 7227
f 7177 7194 7239
f 7195 7179 7238
f 7196 7195 7241
f 7194 7196 7242
f 7184 7181 7244
f 7180 7197 7247
f 7197 7183 7248
f 7186 7198 7242
f 7198 7199 7246
f 7199 7185 7243
f 7206 7149 7148
f 7206 7151 7150
f 7206 7148 7151
f 7209 7153 7152
f 7211 7155 7154
f 7214 7157 7156
f 7213 7159 7158
f 7211 7160 7155
f 7210 7162 7161
f 7218 7164 7163
f 7225 7166 7165
f 7223 7168 7167
f 7226 7170 7169
f 7235 7172 7171
f 7237 7174 7173
f 7234 7176 7175
f 7238 7179 7178
f 7244 7181 7180
f 7248 7183 7182
f 7243 7185 7184
f 7248 7182 7186
f 7177 7239 7079
f 7076 7079 7239
f 7079 7078 7177
f 7177 7078 7077
f 7201 7202 7249
f 7204 7205 7251
f 7207 7204 7253
f 7205 7200 7255
f 7200 7201 7256
f 7212 7207 7258
f 7216 7212 7260
f 7217 7215 7262
f 7215 7216 7261
f 7219 7220 7265
f 7222 7217 7267
f 7221 7222 7268
f 7224 7219 7270
f 7220 7221 7272
f 7228 7229 7274
f 7233 7224 7275
f 7231 7233 7276
f 7232 7231 7278
f 7229 7232 7279
f 7239 7242 639
f 7240 7243 640
f 7243 7245 641
f 7245 7228 630
f 7242 7240 632
f 7076 7239 638
f 7075 7076 642
f 7249 7250 7201
f 7251 7252 7204
f 7253 7254 7207
f 7255 7251 7205
f 7256 7257 7200
f 7258 7259 7212
f 7260 7261 7216
f 7262 7263 7217
f 7261 7264 7215
f 7265 7266 7219
f 7267 7268 7222
f 7268 7269 7221
f 7270 7271 7224
f 7272 7273 7220
f 7274 631 7228
f 7275 7276 7233
f 7276 7277 7231
f 7278 7279 7232
f 7279 7280 7229
f 639 638 7239
f 640 635 7240
f 641 640 7243
f 630 7281 7245
f 632 639 7242
f 638 642 7076
f 642 637 7075
f 7200 7257 7255
f 7204 7252 7253
f 7207 7254 7258
f 7201 7250 7256
f 7212 7259 7260
f 7217 7282 7267
f 7215 7264 7262
f 7217 7263 7282
f 7220 7273 7265
f 7219 7266 7270
f 7221 7269 7272
f 7224 7271 7283
f 7224 7283 7275
f 7231 7277 7278
f 7229 7280 7284
f 7229 7284 7274
f 7228 631 630
f 7240 633 632
f 7240 635 634
f 7245 7281 7285
f 7245 7285 7286
f 7245 7286 641
f 7240 636 633
f 7240 634 636
f 7075 637 575
f 7287 7288 1621
f 7287 1621 1620
f 7289 7290 1631
f 7289 1631 1630
f 1685 7287 1620
f 1685 1620 1623
f 7288 7289 1630
f 7288 1630 1621
f 7293 7294 7295
f 7293 7296 7294
f 7296 7293 7291
f 7292 7296 7291
f 7295 7294 7298
f 7297 7298 7294
f 7297 7294 7296
f 7302 7303 7304
f 7310 7311 7305
f 7305 7301 7300
f 7313 7315 7312
f 7301 7305 7311
f 7309 7311 7310
f 7316 7317 7318
f 7311 7309 7314
f 7320 7308 7312
f 7320 7309 7308
f 7320 7314 7309
f 7322 7323 7316
f 7316 7318 7324
f 7321 7325 7313
f 7315 7313 7325
f 7320 7312 7315
f 7321 7318 7319
f 7320 7315 7325
f 7320 7325 7328
f 7317 7319 7318
f 7323 7317 7316
f 7319 7328 7325
f 7324 7318 7321
f 7321 7319 7325
f 7331 7326 7329
f 7332 7327 7326
f 7330 7331 7329
f 7333 7326 7331
f 7332 7326 7333
f 7327 7332 7333
f 7330 7327 7333
f 7333 7331 7330
f 7303 7302 7306
f 7299 7336 7337
f 7295 7339 7299
f 7322 7316 7336
f 7336 7316 7324
f 7336 7338 7322
f 7323 7322 7338
f 7299 7338 7336
f 7299 7339 7338
f 7292 7291 7340
f 7291 7293 7342
f 7295 7299 7344
f 7293 7295 7346
f 7303 7306 7348
f 7304 7303 7350
f 7305 7307 7355
f 7308 7309 7357
f 7310 7305 7356
f 7313 7312 7361
f 7321 7313 7362
f 7312 7308 7358
f 7326 7327 7365
f 7324 7321 7367
f 7327 7330 7369
f 7329 7326 7366
f 7330 7329 7372
f 7337 7336 7373
f 7299 7337 7375
f 7309 7310 7377
f 7336 7324 7378
f 7340 7341 7292
f 7342 7343 7291
f 7344 7345 7295
f 7346 7347 7293
f 7348 7349 7303
f 7350 7351 7304
f 7353 7354 7307
f 7355 7356 7305
f 7357 7358 7308
f 7356 7360 7310
f 7361 7362 7313
f 7362 7363 7321
f 7358 7364 7312
f 7365 7366 7326
f 7367 7368 7324
f 7369 7370 7327
f 7366 7371 7329
f 7372 7369 7330
f 7373 7374 7337
f 7375 7376 7299
f 7377 7357 7309
f 7378 7373 7336
f 7291 7343 7340
f 7293 7347 7342
f 7295 7345 7346
f 7303 7349 7350
f 7307 7354 7355
f 7304 7379 7359
f 7310 7360 7380
f 7310 7380 7381
f 7304 7351 7379
f 7321 7363 7382
f 7312 7364 7361
f 7321 7382 7367
f 7327 7383 7365
f 7329 7371 7372
f 7327 7370 7383
f 7310 7381 7377
f 7299 7376 7344
f 7324 7368 7378
f 7337 7374 7384
f 7337 7384 7375
f 7297 7296 5616
f 7296 7292 5556
f 7298 7297 5557
f 7295 7298 5590
f 7300 7301 5597
f 7301 7311 5629
f 7311 7314 5592
f 7314 7320 5599
f 7320 7328 5630
f 7317 7323 5611
f 7319 7317 5601
f 7328 7319 5595
f 7335 7334 5603
f 7334 7335 5605
f 7338 7339 5631
f 7339 7295 5627
f 7323 7338 5609
f 5616 5558 7297
f 5556 5616 7296
f 5557 5615 7298
f 5590 5627 7295
f 5597 5628 7300
f 5629 5598 7301
f 5592 5629 7311
f 5599 5594 7314
f 5630 5600 7320
f 5611 5602 7317
f 5601 5596 7319
f 5595 5630 7328
f 5603 5606 7335
f 5605 5608 7334
f 5631 5610 7338
f 5627 5631 7339
f 5609 5614 7323
f 7292 5555 5554
f 7292 5554 5556
f 7297 5558 5557
f 7298 5591 5590
f 7314 5593 5592
f 7314 5594 5593
f 7319 5596 5595
f 7301 5598 5597
f 7320 5600 5599
f 7317 5602 5601
f 7334 5604 5603
f 7335 5606 5605
f 7334 5607 5604
f 7334 5608 5607
f 7338 5610 5609
f 7323 5612 5611
f 7323 5613 5612
f 7323 5614 5613
f 7298 5615 5591
f 7305 7300 1680
f 7307 7305 1695
f 7302 7304 7287
f 7306 7302 1687
f 7353 7307 1683
f 7304 7359 7289
f 7352 7353 1696
f 7348 7306 1690
f 7300 5628 1694
f 1680 1695 7305
f 1695 1682 7307
f 7287 1685 7302
f 1687 1691 7306
f 1683 1696 7353
f 7289 7288 7304
f 1696 1689 7352
f 1690 1697 7348
f 1694 1679 7300
f 7300 1679 1678
f 7300 1678 1680
f 7307 1682 1681
f 7307 1681 1683
f 7304 7288 7287
f 7302 1685 1684
f 7302 1684 1686
f 7302 1686 1687
f 7352 1689 1688
f 7306 1691 1690
f 7359 7290 7289
f 7352 1688 1692
f 5628 1693 1694
f 7290 7385 1707
f 7290 1707 1631
f 7386 1720 1708
f 7386 1708 1710
f 7387 7386 1710
f 7387 1710 1711
f 7388 7387 1711
f 7388 1711 1712
f 7385 7388 1712
f 7385 1712 1707
f 7389 7390 7391
f 7391 7390 7392
f 7403 7395 7394
f 7404 7403 7405
f 7399 7407 7410
f 7411 7412 7413
f 7405 7411 7413
f 7401 7400 7406
f 7408 7410 7407
f 7400 7414 7406
f 7414 7415 7402
f 7400 7415 7414
f 7405 7413 7404
f 7413 7409 7404
f 7412 7409 7413
f 7417 7419 7420
f 7401 7410 7408
f 7404 7409 7403
f 7401 7406 7410
f 7422 7393 7423
f 7390 7389 7340
f 7392 7390 7342
f 7393 7392 7346
f 7400 7401 7350
f 7397 7398 7355
f 7398 7395 7380
f 7395 7403 7381
f 7401 7408 7379
f 7412 7416 7382
f 7409 7412 7361
f 7416 7418 7367
f 7419 7417 7365
f 7417 7420 7372
f 7420 7419 7383
f 7403 7409 7377
f 7423 7393 7344
f 7418 7421 7378
f 7421 7422 7384
f 7422 7423 7375
f 7340 7343 7390
f 7342 7347 7392
f 7346 7345 7393
f 7350 7349 7400
f 7355 7354 7397
f 7359 7379 7408
f 7380 7360 7398
f 7381 7380 7395
f 7379 7351 7401
f 7382 7363 7412
f 7361 7364 7409
f 7367 7382 7416
f 7365 7383 7419
f 7372 7371 7417
f 7383 7370 7420
f 7377 7381 7403
f 7344 7376 7423
f 7378 7368 7418
f 7384 7374 7421
f 7375 7384 7422
f 7389 7341 7340
f 7390 7343 7342
f 7393 7345 7344
f 7392 7347 7346
f 7400 7349 7348
f 7401 7351 7350
f 7397 7353 7352
f 7397 7354 7353
f 7398 7356 7355
f 7409 7358 7357
f 7398 7360 7356
f 7412 7362 7361
f 7412 7363 7362
f 7409 7364 7358
f 7417 7366 7365
f 7418 7368 7367
f 7420 7370 7369
f 7417 7371 7366
f 7420 7369 7372
f 7421 7374 7373
f 7423 7376 7375
f 7409 7357 7377
f 7421 7373 7378
f 7396 7397 1721
f 7399 7396 1720
f 7407 7399 7386
f 7408 7407 7387
f 7402 7415 1716
f 7397 7352 1718
f 7359 7408 7388
f 7415 7400 1722
f 7400 7348 1697
f 1721 1720 7396
f 1720 7386 7399
f 7386 7387 7407
f 7387 7388 7408
f 1716 1715 7402
f 1718 1721 7397
f 7388 7385 7359
f 1722 1719 7415
f 1697 1722 7400
f 7402 1715 1714
f 7415 1717 1716
f 7352 1692 1718
f 7415 1719 1717
f 7359 7385 7290
f 7389 7391 7424
f 7391 7392 7426
f 7392 7393 7428
f 7394 7395 7429
f 7397 7396 7431
f 7398 7397 7432
f 7396 7399 7434
f 7395 7398 7433
f 7399 7410 7436
f 7406 7414 7438
f 7414 7402 7440
f 7411 7405 7441
f 7412 7411 7443
f 7416 7412 7444
f 7418 7416 7446
f 7403 7394 7448
f 7405 7403 7449
f 7410 7406 7451
f 7422 7421 7453
f 7393 7422 7455
f 7421 7418 7457
f 7402 1714 1728
f 7424 7425 7389
f 7426 7427 7391
f 7428 7426 7392
f 7429 7430 7394
f 7431 7432 7397
f 7432 7433 7398
f 7434 7435 7396
f 7433 7429 7395
f 7436 7437 7399
f 7438 7439 7406
f 7440 7438 7414
f 7441 7442 7411
f 7443 7444 7412
f 7444 7445 7416
f 7446 7447 7418
f 7448 7449 7403
f 7449 7450 7405
f 7451 7452 7410
f 7453 7454 7422
f 7455 7456 7393
f 7457 7453 7421
f 1728 7458 7402
f 7389 7425 7459
f 7391 7427 7424
f 7394 7430 7460
f 7396 7435 7431
f 7399 7437 7434
f 7394 7460 7448
f 7406 7439 7451
f 7410 7452 7436
f 7411 7442 7443
f 7416 7445 7461
f 7416 7461 7446
f 7405 7462 7441
f 7405 7450 7462
f 7422 7454 7463
f 7418 7447 7457
f 7422 7463 7455
f 7393 7456 7428
f 7389 7459 7464
f 7389 7464 7465
f 7402 7458 7440
f 7470 7469 7467
f 7470 7467 7466
f 7472 7466 7468
f 7475 7478 7474
f 7479 7473 7480
f 7481 7482 7476
f 7473 7484 7480
f 7479 7472 7468
f 7477 7474 7478
f 7477 7476 7474
f 7469 7471 7485
f 7478 7487 7489
f 7487 7490 7488
f 7488 7490 7484
f 7488 7489 7487
f 7491 7492 7486
f 7486 7493 7491
f 7469 7470 7494
f 7470 7466 7496
f 7471 7469 7495
f 7466 7472 7499
f 7475 7474 7500
f 7474 7476 7502
f 7476 7482 7504
f 7479 7480 7505
f 7482 7481 7507
f 7480 7484 7509
f 7481 7483 7511
f 7472 7479 7513
f 7483 7486 7515
f 7485 7471 7516
f 7484 7490 7518
f 7487 7478 7519
f 7478 7475 7521
f 7490 7487 7522
f 7486 7492 7525
f 7492 7491 7526
f 7494 7495 7469
f 7496 7497 7470
f 7495 7498 7471
f 7499 7496 7466
f 7500 7501 7475
f 7502 7503 7474
f 7504 7502 7476
f 7505 7506 7479
f 7507 7508 7482
f 7509 7510 7480
f 7511 7512 7481
f 7513 7514 7472
f 7515 7511 7483
f 7516 7517 7485
f 7518 7509 7484
f 7519 7520 7487
f 7521 7519 7478
f 7522 7523 7490
f 7525 7515 7486
f 7526 7527 7492
f 7470 7528 7494
f 7471 7498 7516
f 7470 7497 7528
f 7472 7529 7499
f 7475 7501 7530
f 7472 7531 7529
f 7479 7506 7513
f 7482 7532 7504
f 7482 7533 7532
f 7481 7512 7507
f 7472 7514 7531
f 7482 7508 7533
f 7480 7534 7505
f 7480 7510 7534
f 7474 7503 7500
f 7487 7535 7536
f 7490 7537 7518
f 7490 7523 7537
f 7475 7530 7521
f 7487 7520 7535
f 7487 7536 7522
f 7491 7524 7538
f 7492 7539 7525
f 7492 7540 7539
f 7492 7527 7540
f 7491 7538 7526
f 7466 7467 1318
f 7468 7466 1367
f 7476 7477 1314
f 7481 7476 1302
f 7483 7481 1368
f 7484 7473 1300
f 7479 7468 1323
f 7473 7479 1369
f 7467 7469 1313
f 7477 7478 1370
f 7469 7485 1311
f 7488 7484 1324
f 7478 7489 1327
f 7489 7488 1328
f 7486 7483 1309
f 7491 7493 1332
f 7493 7486 1334
f 1318 1367 7466
f 1367 1322 7468
f 1314 1303 7476
f 1302 1368 7481
f 1368 1310 7483
f 1300 1307 7484
f 1323 1369 7479
f 1369 1301 7473
f 1313 1319 7467
f 1370 1317 7477
f 1311 1320 7469
f 1324 1329 7488
f 1327 1370 7478
f 1328 1326 7489
f 1309 1335 7486
f 1332 1371 7491
f 1334 1333 7493
f 7473 1301 1300
f 7476 1303 1302
f 7469 1305 1304
f 7484 1307 1306
f 7484 1306 1308
f 7483 1310 1309
f 7485 1312 1311
f 7469 1304 1313
f 7477 1315 1314
f 7477 1316 1315
f 7477 1317 1316
f 7467 1319 1318
f 7469 1320 1305
f 7468 1322 1321
f 7468 1321 1323
f 7484 1308 1324
f 7489 1326 1325
f 7489 1325 1327
f 7488 1329 1328
f 7493 1331 1330
f 7493 1330 1332
f 7493 1333 1331
f 7486 1335 1334
f 7524 7491 457
f 7491 1371 456
f 457 454 7524
f 456 457 7491
f 1371 455 456
f 7541 7542 518
f 7541 518 517
f 7543 7544 522
f 7543 522 521
f 7545 7543 521
f 7545 521 523
f 547 7545 523
f 547 523 524
f 7542 7546 529
f 7542 529 518
f 7544 7547 534
f 7544 534 522
f 7547 7548 535
f 7547 535 534
f 7548 7541 517
f 7548 517 535
f 7546 7549 530
f 7546 530 529
f 7551 7552 7555
f 7556 7555 7552
f 7553 7556 7552
f 7557 7551 7555
f 7551 7557 7554
f 7558 7555 7556
f 7559 7560 7561
f 7562 7563 7564
f 7565 7566 7567
f 7568 7559 7561
f 7569 7570 7571
f 7572 7564 7563
f 7562 7573 7574
f 7566 7565 7575
f 7575 7576 7577
f 7579 7572 7563
f 7580 7568 7561
f 7581 7563 7578
f 7579 7563 7581
f 7581 7582 7579
f 7574 7578 7562
f 7580 7561 7571
f 7580 7571 7570
f 7578 7563 7562
f 7560 7571 7561
f 7586 7581 7587
f 7582 7581 7586
f 7586 7588 7582
f 7562 7550 7573
f 7584 7571 7583
f 7576 7565 7589
f 7559 7589 7565
f 7576 7575 7565
f 7589 7590 7576
f 7562 7564 7550
f 7591 7580 7570
f 7567 7560 7559
f 7567 7559 7565
f 7584 7569 7571
f 7573 7558 7556
f 7558 7573 7550
f 7592 7593 7588
f 7594 7593 7592
f 7593 7595 7582
f 7581 7585 7587
f 7595 7579 7582
f 7596 7593 7594
f 7595 7593 7596
f 7597 7575 7592
f 7577 7592 7575
f 7577 7594 7592
f 7593 7582 7588
f 7577 7596 7594
f 7576 7596 7577
f 7576 7590 7596
f 7570 7569 7601
f 7602 7603 7604
f 7604 7603 7605
f 7601 7604 7591
f 7600 7603 7602
f 7601 7602 7604
f 7604 7605 7591
f 7606 7598 7602
f 7601 7606 7602
f 7600 7602 7599
f 7570 7601 7591
f 7599 7602 7598
f 7607 7609 7610
f 7552 7551 7494
f 7551 7554 7516
f 7553 7552 7528
f 7556 7553 7499
f 7566 7575 7530
f 7573 7556 7529
f 7578 7574 7513
f 7560 7567 7504
f 7571 7560 7532
f 7584 7583 7507
f 7574 7573 7531
f 7583 7571 7533
f 7581 7578 7505
f 7585 7581 7534
f 7567 7566 7500
f 7592 7588 7536
f 7587 7585 7518
f 7586 7587 7537
f 7575 7597 7521
f 7597 7592 7535
f 7588 7586 7522
f 7569 7584 7525
f 7601 7569 7539
f 7606 7601 7540
f 7598 7606 7526
f 7494 7528 7552
f 7516 7498 7551
f 7528 7497 7553
f 7499 7529 7556
f 7530 7501 7566
f 7529 7531 7573
f 7513 7506 7578
f 7504 7532 7560
f 7532 7533 7571
f 7507 7512 7584
f 7531 7514 7574
f 7533 7508 7583
f 7505 7534 7581
f 7534 7510 7585
f 7500 7503 7567
f 7536 7535 7592
f 7518 7537 7587
f 7537 7523 7586
f 7521 7530 7575
f 7535 7520 7597
f 7522 7536 7588
f 7525 7539 7569
f 7539 7540 7601
f 7540 7527 7606
f 7526 7538 7598
f 7551 7495 7494
f 7553 7497 7496
f 7551 7498 7495
f 7553 7496 7499
f 7566 7501 7500
f 7567 7503 7502
f 7567 7502 7504
f 7578 7506 7505
f 7583 7508 7507
f 7585 7510 7509
f 7584 7512 7511
f 7574 7514 7513
f 7584 7511 7515
f 7554 7517 7516
f 7585 7509 7518
f 7597 7520 7519
f 7597 7519 7521
f 7586 7523 7522
f 7584 7515 7525
f 7606 7527 7526
f 7554 7557 7611
f 7555 7558 7613
f 7557 7555 7615
f 7559 7568 7617
f 7564 7572 7619
f 7572 7579 7621
f 7568 7580 7623
f 7589 7559 7618
f 7550 7564 7626
f 7590 7589 7625
f 7580 7591 7629
f 7558 7550 7631
f 7579 7595 7632
f 7595 7596 7634
f 7596 7590 7636
f 7591 7605 7637
f 7611 7612 7554
f 7613 7614 7555
f 7615 7616 7557
f 7617 7618 7559
f 7619 7620 7564
f 7621 7622 7572
f 7623 7624 7568
f 7618 7625 7589
f 7626 7627 7550
f 7625 7628 7590
f 7629 7630 7580
f 7631 7613 7558
f 7632 7633 7579
f 7634 7635 7595
f 7636 7634 7596
f 7637 7638 7591
f 7550 7627 7631
f 7557 7641 7611
f 7557 7616 7641
f 7555 7614 7615
f 7568 7624 7642
f 7568 7642 7617
f 7572 7622 7619
f 7564 7643 7626
f 7590 7628 7644
f 7580 7630 7623
f 7564 7620 7643
f 7590 7644 7636
f 7595 7635 7632
f 7579 7633 7621
f 7591 7638 7629
f 7605 7645 7637
f 7605 7646 7645
f 7605 7639 7646
f 7599 7598 554
f 7600 7599 553
f 7603 7600 537
f 7605 7603 555
f 7607 7610 7547
f 7609 7607 543
f 7610 7609 7548
f 7609 7608 7541
f 7608 7609 545
f 7598 7538 556
f 7538 7524 548
f 7639 7605 549
f 7640 7608 550
f 7608 7640 7549
f 554 553 7599
f 553 542 7600
f 537 555 7603
f 555 540 7605
f 7547 7544 7607
f 543 546 7609
f 7548 7547 7610
f 7541 7548 7609
f 545 551 7608
f 556 554 7598
f 548 556 7538
f 549 552 7639
f 550 557 7640
f 7549 7546 7608
f 7600 538 537
f 7605 540 539
f 7600 542 541
f 7600 541 538
f 7607 544 543
f 7608 7542 7541
f 7609 546 545
f 7607 7544 7543
f 7607 7543 7545
f 7607 547 544
f 7607 7545 547
f 7524 454 548
f 7605 539 549
f 7608 551 550
f 7608 7546 7542
f 7647 7648 613
f 7647 613 612
f 7648 7649 614
f 7648 614 613
f 7649 7650 617
f 7649 617 614
f 7651 7647 612
f 7651 612 620
f 7652 654 623
f 7652 623 625
f 7650 7653 627
f 7650 627 617
f 7549 7651 620
f 7549 620 530
f 7653 7654 629
f 7653 629 627
f 7654 7652 625
f 7654 625 629
f 7666 7667 7660
f 7668 7669 7662
f 7670 7671 7656
f 7670 7675 7673
f 7670 7673 7671
f 7655 7676 7656
f 7656 7675 7670
f 7656 7676 7675
f 7674 7657 7658
f 7674 7658 7672
f 7659 7672 7658
f 7672 7659 7673
f 7673 7659 7671
f 7671 7659 7656
f 7676 7655 7665
f 7665 7677 7676
f 7677 7665 7663
f 7678 7679 7680
f 7680 7677 7663
f 7680 7663 7681
f 7681 7663 7664
f 7681 7678 7680
f 7678 7681 7666
f 7680 7682 7677
f 7661 7662 7683
f 7684 7681 7664
f 7669 7683 7662
f 7684 7666 7681
f 7679 7678 7685
f 7666 7685 7678
f 7660 7685 7666
f 7668 7686 7669
f 7683 7685 7660
f 7661 7683 7660
f 7667 7666 7684
f 7690 7684 7664
f 7664 7689 7690
f 7667 7684 7690
f 7688 7690 7689
f 7667 7690 7688
f 7691 7692 7668
f 7692 7693 7668
f 7686 7668 7693
f 7686 7693 7695
f 7695 7687 7686
f 7695 7693 7696
f 7687 7695 7696
f 7693 7692 7696
f 7696 7697 7698
f 7697 7696 7692
f 7697 7692 7694
f 7697 7694 7699
f 7698 7687 7696
f 7699 7698 7697
f 7702 7700 7701
f 7655 7656 7631
f 7658 7657 7611
f 7659 7658 7641
f 7656 7659 7615
f 7662 7661 7642
f 7661 7660 7617
f 7664 7663 7619
f 7665 7655 7626
f 7660 7667 7644
f 7668 7662 7623
f 7663 7665 7643
f 7667 7688 7636
f 7688 7689 7632
f 7689 7664 7621
f 7691 7668 7629
f 7692 7691 7637
f 7694 7692 7645
f 7631 7627 7655
f 7611 7641 7658
f 7641 7616 7659
f 7615 7614 7656
f 7642 7624 7662
f 7617 7642 7661
f 7619 7622 7664
f 7626 7643 7665
f 7644 7628 7660
f 7623 7630 7668
f 7643 7620 7663
f 7636 7644 7667
f 7632 7635 7688
f 7621 7633 7689
f 7629 7638 7691
f 7637 7645 7692
f 7645 7646 7694
f 7657 7612 7611
f 7656 7614 7613
f 7659 7616 7615
f 7660 7618 7617
f 7663 7620 7619
f 7664 7622 7621
f 7662 7624 7623
f 7660 7625 7618
f 7655 7627 7626
f 7660 7628 7625
f 7668 7630 7629
f 7656 7613 7631
f 7689 7633 7632
f 7688 7635 7634
f 7688 7634 7636
f 7691 7638 7637
f 7672 7673 7255
f 7673 7675 7253
f 7675 7676 7258
f 7674 7672 7256
f 7676 7677 7260
f 7680 7679 7267
f 7677 7682 7262
f 7682 7680 7282
f 7685 7683 7265
f 7683 7669 7270
f 7679 7685 7272
f 7669 7686 7283
f 7686 7687 7275
f 7687 7698 7278
f 7698 7699 7284
f 7702 7701 7286
f 7255 7257 7672
f 7253 7252 7673
f 7258 7254 7675
f 7256 7250 7674
f 7260 7259 7676
f 7267 7282 7680
f 7262 7264 7677
f 7282 7263 7682
f 7265 7273 7685
f 7270 7266 7683
f 7272 7269 7679
f 7283 7271 7669
f 7275 7283 7686
f 7278 7277 7687
f 7284 7280 7698
f 7274 7284 7699
f 7286 7285 7702
f 7674 7250 7249
f 7673 7252 7251
f 7675 7254 7253
f 7673 7251 7255
f 7672 7257 7256
f 7676 7259 7258
f 7677 7261 7260
f 7682 7263 7262
f 7677 7264 7261
f 7683 7266 7265
f 7679 7268 7267
f 7679 7269 7268
f 7669 7271 7270
f 7685 7273 7272
f 7687 7276 7275
f 7687 7277 7276
f 7698 7279 7278
f 7698 7280 7279
f 7699 7694 645
f 7700 7702 7653
f 7701 7700 648
f 7694 7646 656
f 7646 7639 650
f 7640 7700 7651
f 7700 7640 557
f 7274 7699 655
f 7702 7285 7654
f 7285 7281 7652
f 7286 7701 651
f 645 655 7699
f 7653 7650 7700
f 648 647 7701
f 656 644 7694
f 650 656 7646
f 7651 7549 7640
f 557 649 7700
f 655 653 7274
f 7654 7653 7702
f 7652 7654 7285
f 651 657 7286
f 7694 644 643
f 7694 643 645
f 7700 7648 7647
f 7700 7649 7648
f 7701 647 646
f 7700 7650 7649
f 7700 649 648
f 7700 7647 7651
f 7639 552 650
f 7701 646 651
f 7274 653 652
f 7281 654 7652
f 7705 7706 7704
f 7703 7705 7704
f 7705 7703 7708
f 7708 7709 7705
f 7703 7707 7710
f 7703 7710 7708
f 7703 7704 7712
f 7707 7703 7714
f 7711 7712 7704
f 7712 7713 7703
f 7714 7715 7707
f 7703 7713 7716
f 7703 7716 7714
f 7706 7705 1485
f 7705 7709 1488
f 1485 1487 7706
f 1488 1486 7705
f 7705 1486 1485
f 7704 7706 160
f 7711 7704 154
f 7706 1487 161
f 1487 1484 158
f 160 155 7704
f 154 157 7711
f 161 160 7706
f 158 161 1487
f 7704 155 154
f 7711 157 156
f 1484 159 158
f 7720 7721 7708
f 7708 7710 7720
f 7721 7709 7708
f 7720 7710 7723
f 7710 7707 7725
f 7723 7724 7720
f 7725 7723 7710
f 7718 7726 7722
f 7707 7715 7725
f 7719 7718 7727
f 7721 7720 7730
f 7718 7719 7732
f 7718 7722 7734
f 7726 7718 7735
f 7720 7724 7736
f 7727 7728 7719
f 7730 7731 7721
f 7732 7733 7718
f 7734 7727 7718
f 7735 7736 7726
f 7736 7737 7720
f 7719 7728 7738
f 7719 7739 7740
f 7719 7741 7739
f 7721 7742 7729
f 7719 7738 7741
f 7721 7731 7742
f 7720 7737 7730
f 7719 7740 7743
f 7718 7733 7735
f 7722 7736 7734
f 7719 7743 7732
f 7744 7745 7724
f 7744 7724 7723
f 7746 7744 7723
f 7746 7723 7725
f 7747 7748 7722
f 7747 7722 7726
f 7717 7746 7725
f 7717 7725 7715
f 7749 7750 7728
f 7749 7728 7727
f 7752 7753 7731
f 7752 7731 7730
f 7754 7749 7727
f 7754 7727 7734
f 7747 7755 7736
f 7747 7736 7726
f 7745 7756 7736
f 7745 7736 7724
f 7756 7757 7737
f 7756 7737 7736
f 7750 7758 7738
f 7750 7738 7728
f 7760 7751 7729
f 7760 7729 7742
f 7758 7759 7741
f 7758 7741 7738
f 7753 7760 7742
f 7753 7742 7731
f 7757 7752 7730
f 7757 7730 7737
f 7748 7761 7736
f 7748 7736 7722
f 7761 7754 7734
f 7761 7734 7736
f 7709 7721 1723
f 7721 7729 1725
f 7729 7751 1727
f 1723 1488 7709
f 1725 1724 7721
f 1727 1726 7729
f 7721 1724 1723
f 7729 1726 1725
f 7751 1728 1727
f 7764 7765 7763
f 7765 7762 7770
f 7769 7763 7765
f 7767 7769 7765
f 7770 7767 7765
f 7767 7766 7769
f 7766 7768 7769
f 7766 7767 7772
f 7767 7770 7774
f 7770 7762 7776
f 7762 7771 7778
f 7772 7773 7766
f 7774 7775 7767
f 7776 7777 7770
f 7778 7776 7762
f 7767 7775 7772
f 7770 7779 7774
f 7770 7777 7779
f 7781 7782 7773
f 7781 7773 7772
f 7783 7784 7775
f 7783 7775 7774
f 7785 7786 7777
f 7785 7777 7776
f 7780 7787 7778
f 7780 7778 7771
f 7787 7785 7776
f 7787 7776 7778
f 7784 7781 7772
f 7784 7772 7775
f 7788 7783 7774
f 7788 7774 7779
f 7786 7788 7779
f 7786 7779 7777
f 7768 7766 7716
f 7766 7773 7714
f 7773 7782 7789
f 7716 7713 7768
f 7714 7716 7766
f 7789 7715 7773
f 7768 7712 7711
f 7768 7713 7712
f 7773 7715 7714
f 7782 7717 7789
f 7764 7763 300
f 7762 7765 307
f 7769 7768 304
f 7763 7769 315
f 7765 7764 306
f 7771 7762 312
f 7780 7771 7790
f 7768 7711 314
f 300 309 7764
f 307 313 7762
f 304 315 7769
f 315 311 7763
f 306 308 7765
f 312 316 7771
f 7790 317 7780
f 314 305 7768
f 7763 301 300
f 7764 303 302
f 7768 305 304
f 7764 302 306
f 7765 308 307
f 7764 309 303
f 7763 310 301
f 7763 311 310
f 7762 313 312
f 7771 316 7790
f 7711 156 314
f 7791 463 420
f 7791 420 419
f 472 7791 419
f 472 419 429
f 7797 7798 7796
f 7796 7799 7797
f 7801 7793 7792
f 7799 7801 7792
f 7798 7803 7796
f 7805 7806 7804
f 7806 7808 7804
f 7808 7807 7804
f 7814 7815 7816
f 7808 7809 7807
f 7810 7809 7822
f 7809 7808 7817
f 7818 7817 7808
f 7823 7824 7825
f 7810 7826 7821
f 7826 7810 7822
f 7809 7817 7822
f 7822 7817 7820
f 7822 7827 7826
f 7828 7825 7827
f 7815 7812 7829
f 7830 7828 7822
f 7830 7822 7820
f 7822 7828 7827
f 7811 7821 7826
f 7823 7825 7828
f 7830 7820 7819
f 7818 7808 7806
f 7825 7811 7826
f 7823 7828 7830
f 7827 7825 7826
f 7812 7813 7818
f 7812 7818 7806
f 7832 7816 7831
f 7832 7831 7833
f 7835 7833 7831
f 7834 7836 7837
f 7824 7811 7825
f 7840 7839 7838
f 7842 7844 7841
f 7837 7840 7838
f 7832 7814 7816
f 7837 7836 7840
f 7844 7842 7845
f 7843 7846 7848
f 7844 7843 7841
f 7836 7834 7847
f 7848 7841 7843
f 7815 7829 7806
f 7806 7829 7812
f 7814 7812 7815
f 7850 7800 7851
f 7849 7847 7834
f 7847 7849 7852
f 7800 7803 7798
f 7853 7852 7849
f 7802 7794 7854
f 7851 7852 7853
f 7850 7851 7853
f 7850 7803 7800
f 7792 7793 7855
f 7800 7798 7857
f 7798 7797 7859
f 7794 7802 7860
f 7799 7792 7862
f 7793 7795 7864
f 7797 7799 7863
f 7813 7812 7867
f 7812 7814 7869
f 7817 7818 7870
f 7819 7820 7872
f 7820 7817 7871
f 7823 7830 7874
f 7824 7823 7876
f 7830 7819 7878
f 7818 7813 7880
f 7814 7832 7882
f 7833 7835 7884
f 7832 7833 7886
f 7839 7840 7888
f 7811 7824 7890
f 7841 7839 7889
f 7842 7841 7892
f 7843 7844 7894
f 7840 7836 7896
f 7844 7845 7898
f 7836 7847 7899
f 7845 7842 7901
f 7835 7846 7903
f 7846 7843 7905
f 7847 7852 7907
f 7802 7854 7909
f 7851 7800 7858
f 7854 7794 7912
f 7852 7851 7914
f 7855 7856 7792
f 7857 7858 7800
f 7859 7857 7798
f 7860 7861 7794
f 7862 7863 7799
f 7864 7865 7793
f 7863 7866 7797
f 7867 7868 7813
f 7869 7867 7812
f 7870 7871 7817
f 7872 7873 7819
f 7871 7872 7820
f 7874 7875 7823
f 7876 7877 7824
f 7878 7879 7830
f 7880 7881 7818
f 7882 7883 7814
f 7884 7885 7833
f 7886 7887 7832
f 7888 7889 7839
f 7890 7780 7811
f 7889 7891 7841
f 7892 7893 7842
f 7894 7895 7843
f 7896 7897 7840
f 7898 7894 7844
f 7899 7900 7836
f 7901 7902 7845
f 7903 7904 7835
f 7905 7906 7846
f 7907 7908 7847
f 7909 7910 7802
f 7858 7911 7851
f 7912 7913 7854
f 7914 7915 7852
f 7792 7856 7916
f 7794 7917 7912
f 7792 7916 7862
f 7797 7918 7859
f 7802 7910 7860
f 7793 7919 7855
f 7797 7866 7918
f 7793 7865 7919
f 7794 7861 7917
f 7813 7868 7880
f 7824 7920 7921
f 7814 7883 7869
f 7819 7873 7922
f 7819 7922 7878
f 7823 7875 7876
f 7824 7877 7920
f 7830 7879 7874
f 7818 7881 7870
f 7833 7885 7886
f 7832 7887 7882
f 7835 7904 7884
f 7841 7891 7892
f 7840 7897 7888
f 7843 7895 7923
f 7836 7900 7896
f 7842 7893 7901
f 7845 7902 7898
f 7824 7921 7890
f 7846 7906 7903
f 7843 7923 7905
f 7851 7911 7924
f 7851 7925 7914
f 7854 7926 7909
f 7851 7924 7925
f 7847 7908 7899
f 7854 7927 7926
f 7854 7913 7927
f 7852 7915 7907
f 7799 7796 1292
f 7801 7799 1366
f 7793 7801 1296
f 7796 7803 1364
f 7795 7793 1297
f 7806 7805 1338
f 7816 7815 1358
f 7831 7816 1344
f 7838 7839 1373
f 7835 7831 1349
f 7846 7835 1374
f 7837 7838 1348
f 7834 7837 1375
f 7848 7846 1353
f 7849 7834 1352
f 7841 7848 1355
f 7839 7841 1376
f 7815 7806 1372
f 7853 7849 1363
f 7850 7853 1361
f 7803 7850 1377
f 1292 1366 7799
f 1366 1295 7801
f 1296 1298 7793
f 1364 1299 7796
f 1297 1291 7795
f 1338 1372 7806
f 1358 1345 7816
f 1344 1340 7831
f 1373 1347 7838
f 1349 1374 7835
f 1374 1354 7846
f 1348 1375 7837
f 1375 1343 7834
f 1353 1351 7848
f 1352 1360 7849
f 1355 1376 7841
f 1376 1373 7839
f 1372 1357 7815
f 1363 1362 7853
f 1361 1377 7850
f 1377 1365 7803
f 7795 1291 1290
f 7796 1293 1292
f 7801 1295 1294
f 7801 1294 1296
f 7793 1298 1297
f 7796 1299 1293
f 7805 1337 1336
f 7805 1336 1338
f 7831 1340 1339
f 7831 1339 1341
f 7834 1343 1342
f 7816 1345 1344
f 7838 1347 1346
f 7838 1346 1348
f 7831 1341 1349
f 7848 1351 1350
f 7834 1342 1352
f 7846 1354 1353
f 7848 1350 1355
f 7815 1357 1356
f 7815 1356 1358
f 7849 1360 1359
f 7853 1362 1361
f 7849 1359 1363
f 7803 1365 1364
f 7805 7804 458
f 7804 7807 461
f 7807 7809 472
f 7809 7810 7791
f 7821 7811 468
f 7810 7821 465
f 7811 7780 317
f 1337 7805 470
f 458 471 7805
f 461 460 7804
f 472 462 7807
f 7791 472 7809
f 468 467 7821
f 465 464 7810
f 317 469 7811
f 470 473 1337
f 7804 459 458
f 7804 460 459
f 7807 462 461
f 7810 463 7791
f 7810 464 463
f 7821 466 465
f 7821 467 466
f 7811 469 468
f 7805 471 470
f 7928 7929 7930
f 7929 7931 7932
f 7929 7932 7930
f 7933 7930 7932
f 7931 7934 7932
f 7928 7937 7929
f 7928 7941 7937
f 7942 7930 7933
f 7943 7928 7930
f 7938 7941 7928
f 7928 7939 7938
f 7928 7943 7939
f 7930 7942 7943
f 7940 7944 7946
f 7944 7945 7946
f 7934 7945 7944
f 7934 7931 7945
f 7931 7947 7935
f 7931 7929 7947
f 7937 7947 7929
f 7937 7941 7947
f 7948 7949 7950
f 7948 7951 7953
f 7950 7954 7955
f 7955 7954 7956
f 7954 7957 7958
f 7957 7954 7949
f 7961 7962 7963
f 7949 7948 7957
f 7948 7953 7957
f 7959 7954 7958
f 7954 7959 7956
f 7951 7965 7967
f 7969 7966 7970
f 7969 7970 7961
f 7968 7955 7956
f 7951 7967 7953
f 7971 7968 7956
f 7963 7952 7964
f 7970 7968 7971
f 7971 7956 7959
f 7963 7969 7961
f 7964 7969 7963
f 7954 7950 7949
f 7970 7966 7968
f 7970 7971 7960
f 7961 7970 7960
f 7965 7974 7967
f 7965 7973 7974
f 7972 7975 7973
f 7963 7962 7952
f 7972 7976 7975
f 7978 7977 7976
f 7979 7978 7976
f 7980 7977 7981
f 7980 7981 7982
f 7975 7974 7973
f 7976 7972 7985
f 7984 7980 7987
f 7989 7975 7990
f 7992 7991 7993
f 7993 7994 7992
f 7989 7967 7974
f 7993 7982 7994
f 7982 7981 7994
f 7974 7975 7989
f 7996 7997 7998
f 7976 7990 7975
f 7997 7988 7995
f 7991 7999 7993
f 7991 7996 7999
f 7982 7993 7999
f 7980 7982 7999
f 7995 7998 7997
f 7987 7980 7999
f 7996 7991 7997
f 7981 7977 7978
f 7979 7976 7985
f 7983 7985 7972
f 8000 7985 7983
f 7979 7985 8000
f 7994 7979 8000
f 7992 7994 8000
f 7981 7978 7979
f 7981 7979 7994
f 8001 7999 7996
f 7987 7999 8001
f 7984 7987 8001
f 8001 8002 7984
f 8003 8004 8005
f 8003 8006 8004
f 8007 8008 8006
f 8009 8007 8001
f 8010 8006 8008
f 8001 8007 8002
f 7938 8011 7941
f 8012 8008 8013
f 8012 8010 8008
f 8015 8002 8007
f 8016 8006 8010
f 8006 8016 8004
f 7996 7998 8001
f 8012 7946 8010
f 8003 8007 8006
f 8009 8001 7998
f 8003 8015 8007
f 8014 7998 7995
f 8004 8016 7947
f 8016 7935 7947
f 8013 8008 7998
f 8014 8013 7998
f 8008 8009 7998
f 7947 8011 8004
f 8007 8009 8008
f 8011 8005 8004
f 7941 8011 7947
f 7938 8005 8011
f 7933 7932 7916
f 7931 7935 7912
f 7932 7934 7862
f 7944 7940 7859
f 7946 7945 7860
f 7942 7933 7855
f 7934 7944 7918
f 7936 7942 7919
f 7945 7931 7917
f 7951 7948 7880
f 7965 7951 7869
f 7950 7955 7922
f 7955 7968 7878
f 7966 7969 7876
f 7969 7964 7920
f 7968 7966 7874
f 7948 7950 7870
f 7972 7973 7886
f 7973 7965 7882
f 7983 7972 7884
f 7986 7988 7892
f 7988 7986 7888
f 7991 7992 7923
f 7995 7988 7896
f 7988 7997 7901
f 7997 7991 7898
f 8000 7983 7903
f 7992 8000 7905
f 7940 7946 7924
f 8012 8013 7914
f 8010 7946 7909
f 7946 8012 7925
f 8014 7995 7899
f 8016 8010 7926
f 7935 8016 7927
f 8013 8014 7907
f 7916 7856 7933
f 7912 7917 7931
f 7862 7916 7932
f 7859 7918 7944
f 7860 7910 7946
f 7855 7919 7942
f 7918 7866 7934
f 7919 7865 7936
f 7917 7861 7945
f 7880 7868 7951
f 7921 7920 7964
f 7869 7883 7965
f 7922 7873 7950
f 7878 7922 7955
f 7876 7875 7966
f 7920 7877 7969
f 7874 7879 7968
f 7870 7881 7948
f 7886 7885 7972
f 7882 7887 7973
f 7884 7904 7983
f 7892 7891 7986
f 7888 7897 7988
f 7923 7895 7991
f 7896 7900 7995
f 7901 7893 7988
f 7898 7902 7997
f 7903 7906 8000
f 7905 7923 7992
f 7924 7911 7940
f 7914 7925 8012
f 7909 7926 8010
f 7925 7924 7946
f 7899 7908 8014
f 7926 7927 8016
f 7927 7913 7935
f 7907 7915 8013
f 7933 7856 7855
f 7940 7858 7857
f 7940 7857 7859
f 7945 7861 7860
f 7934 7863 7862
f 7936 7865 7864
f 7934 7866 7863
f 7951 7868 7867
f 7951 7867 7869
f 7950 7871 7870
f 7950 7873 7872
f 7950 7872 7871
f 7966 7875 7874
f 7969 7877 7876
f 7968 7879 7878
f 7948 7881 7880
f 7965 7883 7882
f 7972 7885 7884
f 7973 7887 7886
f 7986 7889 7888
f 7986 7891 7889
f 7988 7893 7892
f 7991 7895 7894
f 7988 7897 7896
f 7991 7894 7898
f 7995 7900 7899
f 7997 7902 7901
f 7983 7904 7903
f 8000 7906 7905
f 8014 7908 7907
f 7946 7910 7909
f 7940 7911 7858
f 7935 7913 7912
f 8013 7915 7914
f 7964 7952 7781
f 7921 7964 7783
f 7890 7921 7788
f 7781 7784 7964
f 7783 7788 7921
f 7788 7786 7890
f 7952 7782 7781
f 7964 7784 7783
f 7890 7786 7785
f 7890 7785 7787
f 7938 7939 8017
f 7939 7943 8019
f 7943 7942 8021
f 7942 7936 8022
f 7958 7957 7748
f 7959 7958 7747
f 7961 7960 8024
f 7962 7961 8025
f 7957 7953 8027
f 7971 7959 8029
f 7953 7967 8031
f 7952 7962 8032
f 7960 7971 8030
f 7977 7980 8034
f 7980 7984 8036
f 7989 7990 8038
f 7967 7989 8039
f 7990 7976 8041
f 7976 7977 8043
f 7984 8002 8044
f 8003 8005 8046
f 8005 7938 8018
f 8002 8015 8049
f 8015 8003 8047
f 7782 7952 7746
f 8017 8018 7938
f 8019 8020 7939
f 8021 8019 7943
f 8022 8021 7942
f 7748 7747 7958
f 7747 8023 7959
f 8024 8025 7961
f 8025 8026 7962
f 8027 8028 7957
f 8029 8030 7971
f 8031 8027 7953
f 8032 7745 7952
f 8030 8033 7960
f 8034 8035 7977
f 8036 8037 7980
f 8038 8039 7989
f 8039 8040 7967
f 8041 8042 7990
f 8043 8041 7976
f 8044 8045 7984
f 8046 8047 8003
f 8018 8048 8005
f 8049 8050 8002
f 8047 8051 8015
f 7746 7717 7782
f 7936 8052 8022
f 7939 8053 8017
f 7939 8020 8053
f 7959 8023 8054
f 7960 8033 8055
f 7957 8028 8056
f 7962 8026 8032
f 7957 8056 7748
f 7959 8054 8057
f 7959 8057 8029
f 7967 8040 8031
f 7960 8055 8024
f 7977 8035 8058
f 7977 8058 8059
f 7980 8037 8034
f 7990 8042 8038
f 7977 8059 8043
f 7984 8045 8036
f 8002 8050 8060
f 8005 8061 8046
f 8002 8060 8044
f 8015 8051 8049
f 8005 8048 8061
f 7952 7745 7744
f 7952 7744 7746
f 8062 8063 7733
f 8062 7733 7732
f 8064 7755 7736
f 8064 7736 7735
f 8065 8066 7740
f 8065 7740 7739
f 7759 8065 7739
f 7759 7739 7741
f 8066 8067 7743
f 8066 7743 7740
f 8063 8064 7735
f 8063 7735 7733
f 8067 8062 7732
f 8067 7732 7743
f 8072 8071 8068
f 8071 8069 8068
f 8071 8072 8070
f 8081 8082 8076
f 8081 8076 8083
f 8083 8084 8085
f 8082 8075 8076
f 8083 8076 8084
f 8087 8088 8089
f 8093 8087 8091
f 8094 8091 8090
f 8095 8096 8090
f 8097 8090 8092
f 8090 8097 8095
f 8098 8077 8086
f 8086 8088 8098
f 8089 8088 8086
f 8099 8080 8074
f 8078 8073 8080
f 8073 8074 8080
f 8077 8073 8078
f 8101 8100 8099
f 8082 8081 8083
f 8073 8077 8098
f 8102 8073 8098
f 8103 8075 8104
f 8105 8103 8104
f 8103 8079 8075
f 8080 8099 8100
f 8101 8085 8100
f 8083 8085 8082
f 8101 8105 8085
f 8106 8088 8087
f 8091 8094 8093
f 8107 8093 8094
f 8094 8090 8096
f 8108 8107 8094
f 8094 8096 8108
f 8102 8098 8109
f 8088 8109 8098
f 8085 8075 8082
f 8104 8085 8105
f 8095 8097 8111
f 8104 8075 8085
f 8114 8095 8111
f 8111 8110 8114
f 8093 8106 8087
f 8112 8114 8110
f 8108 8096 8095
f 8115 8108 8116
f 8113 8115 8116
f 8095 8116 8108
f 8114 8116 8095
f 8070 8115 8113
f 8112 8113 8116
f 8112 8116 8114
f 8071 8070 8017
f 8069 8071 8053
f 8076 8075 8055
f 8077 8078 8056
f 8084 8076 8029
f 8086 8077 8031
f 8075 8079 8024
f 8090 8091 8058
f 8091 8087 8059
f 8092 8090 8034
f 8089 8086 8038
f 8087 8089 8043
f 8097 8092 8036
f 8110 8111 8060
f 8113 8112 8046
f 8111 8097 8044
f 8112 8110 8049
f 8070 8113 8061
f 8017 8053 8071
f 8053 8020 8069
f 8055 8033 8076
f 8056 8028 8077
f 8032 8026 8079
f 8029 8057 8084
f 8031 8040 8086
f 8024 8055 8075
f 8058 8035 8090
f 8059 8058 8091
f 8034 8037 8092
f 8038 8042 8089
f 8043 8059 8087
f 8036 8045 8097
f 8060 8050 8110
f 8046 8061 8113
f 8044 8060 8111
f 8049 8051 8112
f 8061 8048 8070
f 8070 8018 8017
f 8069 8020 8019
f 8069 8019 8021
f 8069 8021 8022
f 8079 8025 8024
f 8079 8026 8025
f 8077 8028 8027
f 8076 8030 8029
f 8077 8027 8031
f 8076 8033 8030
f 8090 8035 8034
f 8092 8037 8036
f 8086 8039 8038
f 8086 8040 8039
f 8089 8042 8041
f 8089 8041 8043
f 8097 8045 8044
f 8112 8047 8046
f 8070 8048 8018
f 8110 8050 8049
f 8112 8051 8047
f 8078 8080 7758
f 8085 8084 8066
f 8100 8085 8065
f 8080 8100 7759
f 8079 8103 7760
f 8032 8079 7752
f 8084 8057 8067
f 8054 8023 8064
f 8056 8078 7754
f 8057 8054 8062
f 7758 7750 8078
f 8066 8065 8085
f 8065 7759 8100
f 7751 7760 8103
f 7759 7758 8080
f 7760 7753 8079
f 7752 7757 8032
f 8067 8066 8084
f 8064 8063 8054
f 7754 7761 8056
f 8062 8067 8057
f 8078 7750 7749
f 8079 7753 7752
f 8054 8063 8062
f 8078 7749 7754
f 8023 7755 8064
f 8032 7757 7756
f 8068 8069 7459
f 8072 8068 7424
f 8074 8073 7460
f 8099 8074 7431
f 8101 8099 7434
f 8073 8102 7448
f 8103 8105 7451
f 8105 8101 7436
f 8088 8106 7443
f 8106 8093 7461
f 8093 8107 7446
f 8109 8088 7441
f 8102 8109 7462
f 8108 8115 7463
f 8107 8108 7457
f 8115 8070 7455
f 8070 8072 7428
f 8069 8022 7464
f 8022 8052 7465
f 7751 8103 7440
f 7459 7425 8068
f 7424 7427 8072
f 7460 7430 8074
f 7431 7435 8099
f 7434 7437 8101
f 7448 7460 8073
f 7451 7439 8103
f 7436 7452 8105
f 7443 7442 8088
f 7461 7445 8106
f 7446 7461 8093
f 7441 7462 8109
f 7462 7450 8102
f 7463 7454 8108
f 7457 7447 8107
f 7455 7463 8115
f 7428 7456 8070
f 7464 7459 8069
f 7465 7464 8022
f 7440 7458 7751
f 8068 7425 7424
f 8072 7427 7426
f 8072 7426 7428
f 8074 7430 7429
f 8074 7432 7431
f 8074 7433 7432
f 8099 7435 7434
f 8074 7429 7433
f 8101 7437 7436
f 8103 7439 7438
f 8103 7438 7440
f 8088 7442 7441
f 8106 7444 7443
f 8106 7445 7444
f 8107 7447 7446
f 8102 7449 7448
f 8102 7450 7449
f 8105 7452 7451
f 8108 7454 7453
f 8070 7456 7455
f 8108 7453 7457
f 7751 7458 1728

