# https://github.com/mikedh/trimesh
v 0.05971163 0.16202379 0.03270000
v 0.06181781 0.15338598 0.03270000
v 0.11491102 0.13417928 0.03270000
v 0.06967761 0.15135811 0.03270000
v 0.06237128 0.14452325 0.03270000
v 0.06826837 0.14309515 0.03270000
v 0.05733147 0.12720282 0.03270000
v 0.11299733 0.14259225 0.03270000
v 0.08676988 0.15448542 0.03270000
v 0.09098664 0.14647884 0.03270000
v 0.09613952 0.15726119 0.03270000
v 0.11429083 0.11615654 0.03270000
v 0.07835188 0.14247959 0.03270000
v 0.07853137 0.15381379 0.03270000
v 0.07446125 0.10737684 0.03270000
v 0.06878971 0.10595290 0.03270000
v 0.05909979 0.10924097 0.03270000
v 0.06262405 0.12049303 0.03270000
v 0.06008904 0.12839232 0.03270000
v 0.06114984 0.11919604 0.03270000
v 0.06595212 0.10756731 0.03270000
v 0.06937334 0.11046149 0.03270000
v 0.07156605 0.10596440 0.03270000
v 0.05685591 0.12258125 0.03270000
v 0.06186553 0.11502810 0.03270000
v 0.05690704 0.12538817 0.03270000
v 0.11313217 0.11536538 0.03270000
v 0.11278747 0.11114660 0.03270000
v 0.05978594 0.11847777 0.03270000
v 0.06450932 0.11359956 0.03270000
v 0.06790936 0.12010458 0.03270000
v 0.07557300 0.11536675 0.03270000
v 0.06128359 0.12808158 0.03270000
v 0.07178486 0.12721587 0.03270000
v 0.06931925 0.13013761 0.03270000
v 0.08486310 0.10643965 0.03270000
v 0.08217018 0.11505864 0.03270000
v 0.07606601 0.10709394 0.03270000
v 0.08741801 0.11289955 0.03270000
v 0.05991273 0.10686712 0.03270000
v 0.10494384 0.11762270 0.03270000
v 0.09709205 0.11880652 0.03270000
v 0.10297180 0.14035669 0.03270000
v 0.09657801 0.13228517 0.03270000
v 0.10738963 0.13610283 0.03270000
v 0.11033284 0.13065603 0.03270000
v 0.08874707 0.12138075 0.03270000
v 0.08912298 0.13213618 0.03270000
v 0.08255823 0.13065939 0.03270000
v 0.09229004 0.12596784 0.03270000
v 0.08230151 0.12322730 0.03270000
v 0.11113543 0.10570496 0.03270000
v 0.09496677 0.13736785 0.03270000
v 0.10292194 0.14426368 0.03270000
v 0.10535806 0.12753680 0.03270000
v 0.10914463 0.14796490 0.03270000
v 0.07507073 0.13409890 0.03270000
v 0.06905315 0.13655297 0.03270000
v 0.07633944 0.12639491 0.03270000
v 0.07391641 0.14524954 0.03270000
v 0.08691045 0.14081211 0.03270000
v 0.10266599 0.15274232 0.03270000
v 0.11075048 0.15842347 0.03270000
v 0.11526679 0.11773844 0.03270000
v 0.06759087 0.16582695 0.03270000
v 0.07674762 0.17057736 0.03270000
v 0.07654842 0.16216628 0.03270000
v 0.07414370 0.15854489 0.03270000
v 0.06733354 0.17218494 0.03270000
v 0.06316426 0.18415229 0.03270000
v 0.06089742 0.17507917 0.03270000
v 0.07117384 0.17702794 0.03270000
v 0.05608527 0.18606494 0.03270000
v 0.08903047 0.17871066 0.03270000
v 0.10092417 0.16982746 0.03270000
v 0.09493001 0.18300144 0.03270000
v 0.10470583 0.18122423 0.03270000
v 0.07163126 0.18310050 0.03270000
v 0.10885668 0.17217612 0.03270000
v 0.06321746 0.18979380 0.03270000
v 0.07310509 0.19086800 0.03270000
v 0.11574435 0.17255902 0.03270000
v 0.11292722 0.18601136 0.03270000
v 0.08320730 0.19400389 0.03270000
v 0.08517446 0.16277177 0.03270000
v 0.08787036 0.16860621 0.03270000
v 0.08362679 0.18521048 0.03270000
v 0.08296599 0.18905018 0.03270000
v 0.09291921 0.19012108 0.03270000
v 0.09918524 0.18814945 0.03270000
v 0.10936523 0.19318058 0.03270000
v 0.10899225 0.19026727 0.03270000
v 0.10333651 0.16013919 0.03270000
v 0.11443567 0.19186458 0.03270000
v 0.05600000 0.15455786 0.03270000
v 0.05600000 0.15113963 0.03270000
v 0.05600000 0.10633044 0.03270000
v 0.05600000 0.12875429 0.03270000
v 0.05600000 0.12538817 0.03270000
v 0.05600000 0.12304982 0.03270000
v 0.05600000 0.12672577 0.03270000
v 0.05600000 0.11828294 0.03270000
v 0.05600000 0.12143627 0.03270000
v 0.05600000 0.12320945 0.03270000
v 0.05600000 0.12534408 0.03270000
v 0.05600000 0.11748928 0.03270000
v 0.05600000 0.11076590 0.03270000
v 0.05600000 0.10994271 0.03270000
v 0.05600000 0.11572331 0.03270000
v 0.05600000 0.12437983 0.03270000
v 0.05600000 0.11839118 0.03270000
v 0.05600000 0.11199732 0.03270000
v 0.05600000 0.10702257 0.03270000
v 0.05600000 0.14118554 0.03270000
v 0.05600000 0.13328308 0.03270000
v 0.05600000 0.10629278 0.03270000
v 0.05600000 0.14888718 0.03270000
v 0.05600000 0.19302393 0.03270000
v 0.05600000 0.18642788 0.03270000
v 0.05600000 0.19436414 0.03270000
v 0.05600000 0.18156725 0.03270000
v 0.05600000 0.17179470 0.03270000
v 0.05600000 0.17120466 0.03270000
v 0.05600000 0.15991391 0.03270000
v 0.05600000 0.12688629 0.03270000
v 0.05600000 0.12780743 0.03270000
v 0.05600000 0.12530243 0.03270000
v 0.05600000 0.11947909 0.03270000
v 0.05600000 0.10569398 0.03270000
v 0.05600000 0.16507923 0.03270000
v 0.05600000 0.18623976 0.03270000
v 0.05600000 0.18601972 0.03270000
v 0.11600000 0.13894890 0.03270000
v 0.11600000 0.14642143 0.03270000
v 0.11600000 0.11174963 0.03270000
v 0.11600000 0.11386934 0.03270000
v 0.11600000 0.12207598 0.03270000
v 0.11600000 0.12452639 0.03270000
v 0.11600000 0.12733287 0.03270000
v 0.11600000 0.10658890 0.03270000
v 0.11600000 0.11011342 0.03270000
v 0.11600000 0.12357657 0.03270000
v 0.11600000 0.12141118 0.03270000
v 0.11600000 0.10921588 0.03270000
v 0.11600000 0.10781339 0.03270000
v 0.11600000 0.14909431 0.03270000
v 0.11600000 0.15229893 0.03270000
v 0.11600000 0.11363207 0.03270000
v 0.11600000 0.17620404 0.03270000
v 0.11600000 0.18291995 0.03270000
v 0.11600000 0.18404835 0.03270000
v 0.11600000 0.19258324 0.03270000
v 0.11600000 0.19007312 0.03270000
v 0.11600000 0.16145830 0.03270000
v 0.11600000 0.17173595 0.03270000
v 0.11600000 0.18931973 0.03270000
v 0.11600000 0.19215764 0.03270000
v 0.11600000 0.13422183 0.03270000
v 0.11600000 0.13593503 0.03270000
v 0.11600000 0.11838014 0.03270000
v 0.11600000 0.11685566 0.03270000
v 0.11600000 0.11996086 0.03270000
v 0.11600000 0.19400035 0.03270000
v 0.11600000 0.17262329 0.03270000
v 0.11600000 0.19441808 0.03270000
v 0.09258095 0.19540000 0.03270000
v 0.09234064 0.19540000 0.03270000
v 0.10374998 0.19540000 0.03270000
v 0.10105572 0.19540000 0.03270000
v 0.06373836 0.19540000 0.03270000
v 0.06208026 0.19540000 0.03270000
v 0.09188645 0.19540000 0.03270000
v 0.09069852 0.19540000 0.03270000
v 0.08063995 0.19540000 0.03270000
v 0.07397879 0.19540000 0.03270000
v 0.11444050 0.19540000 0.03270000
v 0.11156437 0.19540000 0.03270000
v 0.11380406 0.19540000 0.03270000
v 0.11433186 0.19540000 0.03270000
v 0.11461218 0.19540000 0.03270000
v 0.11288323 0.19540000 0.03270000
v 0.05917406 0.19540000 0.03270000
v 0.11446587 0.19540000 0.03270000
v 0.11532591 0.19540000 0.03270000
v 0.11517978 0.19540000 0.03270000
v 0.11542905 0.19540000 0.03270000
v 0.11458682 0.19540000 0.03270000
v 0.11467513 0.19540000 0.03270000
v 0.10904133 0.19540000 0.03270000
v 0.08531190 0.19540000 0.03270000
v 0.08215678 0.19540000 0.03270000
v 0.11119493 0.19540000 0.03270000
v 0.05600000 0.19540000 0.03270000
v 0.11600000 0.19540000 0.03270000
v 0.07304347 0.10540000 0.03270000
v 0.06900558 0.10540000 0.03270000
v 0.06800687 0.10540000 0.03270000
v 0.06203570 0.10540000 0.03270000
v 0.06186191 0.10540000 0.03270000
v 0.06392672 0.10540000 0.03270000
v 0.07228532 0.10540000 0.03270000
v 0.07576116 0.10540000 0.03270000
v 0.07596206 0.10540000 0.03270000
v 0.08323151 0.10540000 0.03270000
v 0.09851932 0.10540000 0.03270000
v 0.09999335 0.10540000 0.03270000
v 0.10025837 0.10540000 0.03270000
v 0.10345068 0.10540000 0.03270000
v 0.06644952 0.10540000 0.03270000
v 0.07105829 0.10540000 0.03270000
v 0.06274757 0.10540000 0.03270000
v 0.07279176 0.10540000 0.03270000
v 0.06108864 0.10540000 0.03270000
v 0.05761599 0.10540000 0.03270000
v 0.05681692 0.10540000 0.03270000
v 0.06052375 0.10540000 0.03270000
v 0.06029429 0.10540000 0.03270000
v 0.05900935 0.10540000 0.03270000
v 0.05783671 0.10540000 0.03270000
v 0.05618457 0.10540000 0.03270000
v 0.11322257 0.10540000 0.03270000
v 0.11244625 0.10540000 0.03270000
v 0.11355420 0.10540000 0.03270000
v 0.11598993 0.10540000 0.03270000
v 0.11600000 0.10540000 0.03270000
v 0.11142293 0.10540000 0.03270000
v 0.06870082 0.10540000 0.03270000
v 0.07621948 0.10540000 0.03270000
v 0.07215899 0.10540000 0.03270000
v 0.08455233 0.10540000 0.03270000
v 0.08638683 0.10540000 0.03270000
v 0.11088683 0.10540000 0.03270000
v 0.11112929 0.10540000 0.03270000
v 0.11518854 0.10540000 0.03270000
v 0.05653178 0.10540000 0.03270000
v 0.05642923 0.10540000 0.03270000
v 0.05631288 0.10540000 0.03270000
v 0.05602668 0.10540000 0.03270000
v 0.05600000 0.10540000 0.03270000
v 0.11130571 0.10540000 0.03270000
v 0.05600000 0.12875429 0.00475790
v 0.05600000 0.12538817 0.00437956
v 0.05600000 0.12304982 0.01720576
v 0.05600000 0.12534408 0.01939363
v 0.05600000 0.11748928 0.00427413
v 0.05600000 0.11076590 0.00387142
v 0.05600000 0.19302393 0.03220929
v 0.05600000 0.19436414 0.03210788
v 0.05600000 0.10633044 0.00351581
v 0.05600000 0.11947909 0.00476902
v 0.05600000 0.10569398 0.02299607
v 0.11600000 0.13894890 0.03241758
v 0.11600000 0.14642143 0.03220814
v 0.11600000 0.11174963 0.00577826
v 0.11600000 0.11386934 0.00576208
v 0.11600000 0.12207598 0.03262099
v 0.11600000 0.12452639 0.03268292
v 0.11600000 0.12733287 0.03265291
v 0.11600000 0.11011342 0.03269790
v 0.11600000 0.12357657 0.00845793
v 0.11600000 0.10921588 0.01623055
v 0.11600000 0.14909431 0.03223048
v 0.11600000 0.15229893 0.03222794
v 0.11600000 0.17620404 0.03196348
v 0.11600000 0.18291995 0.03208821
v 0.11600000 0.18404835 0.03196311
v 0.11600000 0.19007312 0.00522795
v 0.11600000 0.16145830 0.03246975
v 0.11600000 0.17173595 0.03199239
v 0.11600000 0.18931973 0.03163038
v 0.11600000 0.13422183 0.03247221
v 0.11600000 0.13593503 0.03250008
v 0.11600000 0.11838014 0.00585470
v 0.11600000 0.19215764 0.00526196
v 0.11600000 0.17262329 0.03193421
v 0.11600000 0.19441808 0.01135685
v 0.09258095 0.19540000 0.03092835
v 0.09234064 0.19540000 0.03083644
v 0.10374998 0.19540000 0.03037295
v 0.10105572 0.19540000 0.03016628
v 0.06373836 0.19540000 0.03133300
v 0.06208026 0.19540000 0.03131329
v 0.09188645 0.19540000 0.03094125
v 0.09069852 0.19540000 0.03106013
v 0.08063995 0.19540000 0.03144228
v 0.07397879 0.19540000 0.03131682
v 0.11444050 0.19540000 0.00468938
v 0.11156437 0.19540000 0.00595558
v 0.11461218 0.19540000 0.03078761
v 0.11288323 0.19540000 0.03091748
v 0.05917406 0.19540000 0.03165561
v 0.11532591 0.19540000 0.03102365
v 0.11517978 0.19540000 0.00462022
v 0.11542905 0.19540000 0.03105776
v 0.10904133 0.19540000 0.00691789
v 0.08531190 0.19540000 0.03134898
v 0.08215678 0.19540000 0.03129813
v 0.11119493 0.19540000 0.03006583
v 0.05600000 0.19540000 0.03171102
v 0.11600000 0.19540000 0.00454348
v 0.11600000 0.19540000 0.03122305
v 0.11600000 0.19540000 0.01132512
v 0.06186191 0.10540000 0.00385669
v 0.06392672 0.10540000 0.00354203
v 0.07228532 0.10540000 0.00495320
v 0.07576116 0.10540000 0.00926834
v 0.06644952 0.10540000 0.00367553
v 0.07105829 0.10540000 0.00454729
v 0.06108864 0.10540000 0.00381624
v 0.05761599 0.10540000 0.02060969
v 0.06029429 0.10540000 0.00377468
v 0.05783671 0.10540000 0.00358384
v 0.11322257 0.10540000 0.00836987
v 0.11244625 0.10540000 0.00628056
v 0.11600000 0.10540000 0.00480432
v 0.11598993 0.10540000 0.00481089
v 0.07621948 0.10540000 0.01061002
v 0.07215899 0.10540000 0.00454934
v 0.11518854 0.10540000 0.00533326
v 0.05653178 0.10540000 0.00375289
v 0.05631288 0.10540000 0.01407467
v 0.05600000 0.10540000 0.00382177
v 0.05600000 0.10540000 0.02305787
v 0.11600000 0.10658890 0.03310595
v 0.11600000 0.10540000 0.03360091
v 0.05600000 0.15455786 0.03386548
v 0.05600000 0.15113963 0.03393118
v 0.05600000 0.12672577 0.01101111
v 0.05600000 0.11828294 0.02136134
v 0.05600000 0.12143627 0.01948027
v 0.05600000 0.12320945 0.02131871
v 0.05600000 0.10994271 0.02259893
v 0.05600000 0.11572331 0.02112229
v 0.05600000 0.12437983 0.03384250
v 0.05600000 0.11839118 0.03354526
v 0.05600000 0.11199732 0.03332280
v 0.05600000 0.10702257 0.03339330
v 0.05600000 0.14118554 0.03403743
v 0.05600000 0.13328308 0.03411241
v 0.05600000 0.10629278 0.03412696
v 0.05600000 0.14888718 0.03390961
v 0.05600000 0.18642788 0.03338469
v 0.05600000 0.18156725 0.03357315
v 0.05600000 0.17179470 0.03381003
v 0.05600000 0.17120466 0.03380228
v 0.05600000 0.15991391 0.03353557
v 0.05600000 0.12688629 0.03388747
v 0.05600000 0.12780743 0.00744330
v 0.05600000 0.12530243 0.02116336
v 0.05600000 0.16507923 0.03343105
v 0.05600000 0.18623976 0.03345706
v 0.05600000 0.18601972 0.03345762
v 0.05600000 0.10540000 0.03446007
v 0.03422632 -0.00190792 0.00568179
v 0.02213947 -0.00044762 0.00126765
v 0.03956973 -0.00071763 0.00107130
v 0.04486540 -0.00167690 0.00775715
v 0.04218320 -0.00238188 0.01207600
v 0.03567394 0.00211277 0.00572843
v 0.02878345 -0.00325005 0.01526963
v 0.03263735 -0.00003020 0.01052662
v 0.01514497 -0.00101994 0.01571871
v 0.00917128 -0.00097638 0.01559493
v 0.01184541 -0.00198355 0.00798322
v 0.01430471 -0.00605398 0.00074876
v 0.01214304 -0.00015372 0.00118830
v -0.00019816 -0.00702190 0.00075939
v 0.02302418 -0.00300881 0.01487021
v 0.00362967 0.00161227 0.00077869
v 0.03913052 -0.00517994 0.00065692
v 0.02649829 -0.00220283 0.00095823
v 0.03894028 -0.00086937 0.01627120
v 0.03551859 0.00705481 0.01632490
v -0.00358009 0.00592499 0.00049988
v 0.04691555 -0.00134806 0.01599833
v 0.00720160 -0.00013692 0.00705479
v 0.05401990 -0.00180692 0.01069506
v 0.00050740 -0.00039885 0.00747885
v 0.00191559 -0.00035066 0.01533752
v -0.00101491 0.00344811 0.00948640
v 0.05085097 0.00000649 0.00095356
v 0.04887308 -0.00116555 0.00637284
v 0.00235270 0.02301890 0.00088280
v -0.00340213 0.01603446 0.00050643
v 0.00341974 0.00897013 0.00121374
v -0.00102358 0.00797895 0.01428951
v 0.00178502 0.00906745 0.01622078
v 0.00202280 0.01642397 0.01617750
v -0.00066074 0.01021408 0.00848839
v -0.00111455 0.01821945 0.00619581
v 0.00618273 0.00834949 0.01561162
v 0.01246806 0.01367376 0.01627011
v -0.00188436 0.01740482 0.01327293
v 0.01528283 0.01769411 0.01660071
v -0.00033357 0.01753865 0.00916181
v 0.01831511 0.01192569 0.01598576
v 0.04307153 0.00929796 0.01626383
v 0.04714791 0.00490087 0.01623880
v 0.03201577 0.01551607 0.01680321
v 0.02259880 0.01958530 0.01685276
v 0.02682817 0.01190468 0.01670293
v 0.00011889 0.03092237 0.00573411
v 0.00471685 0.04401548 0.00058519
v 0.00330990 0.03401673 0.00069606
v 0.00234784 0.03910350 0.01665581
v 0.00165874 0.02900903 0.01663287
v 0.01160609 0.03027025 0.01655468
v 0.04244752 0.01593929 0.01678777
v 0.00782342 0.02131592 0.01637636
v -0.00002873 0.02182343 0.01603430
v 0.02987739 0.00525095 0.01646227
v 0.02195795 0.00482099 0.01560265
v 0.00138909 0.02699949 0.00904926
v 0.02834099 0.02464716 0.01693380
v -0.00082083 0.03542568 0.01514889
v -0.00080184 0.04428131 0.01499487
v 0.01227964 0.00434402 0.01573720
v -0.00274062 0.03177959 0.00040922
v -0.00399613 0.04874288 0.00021962
v -0.00127726 0.02547149 0.01397922
v -0.00191085 0.02908900 0.01149079
v 0.01854354 0.02596186 0.01684120
v 0.03984343 0.02211726 0.01658416
v 0.00264808 0.04836263 0.00075372
v 0.04612412 0.02094670 0.01642729
v -0.00084647 0.04382320 0.00754555
v 0.01078486 0.03783118 0.01688369
v 0.00011313 0.05286720 0.00667092
v -0.00141856 0.05041024 0.01341058
v 0.03952769 0.02812524 0.01673566
v 0.04754181 0.03436855 0.01638367
v 0.03934612 0.03601580 0.01645459
v 0.02211684 0.03490619 0.01685668
v 0.03878019 0.04341319 0.01626044
v 0.02533727 0.04052975 0.01654107
v 0.03176832 0.03329338 0.01671401
v 0.02553704 0.04810751 0.01617336
v 0.05344108 0.01420583 0.01640348
v 0.03570718 0.05034889 0.01626659
v 0.05297940 0.02656745 0.01612293
v 0.01783304 0.04693183 0.01684670
v 0.05234886 0.00254814 0.00584163
v 0.05485660 0.03945252 0.01625177
v 0.00799578 0.04650049 0.01670898
v 0.01303053 0.04444161 0.01647786
v 0.04691296 0.04678967 0.01624813
v 0.05391715 0.05242856 0.00582855
v 0.05463186 0.04206764 0.00528580
v 0.00299269 0.14756022 -0.00011267
v 0.00225472 0.13764349 0.00109556
v 0.00043549 0.14430536 0.00657596
v 0.03365214 0.13531474 0.01979274
v 0.03467499 0.14357353 0.02028167
v 0.02936016 0.14510905 0.02074313
v 0.04325246 0.14265854 0.02027824
v 0.04192198 0.14327491 0.02271003
v 0.03775333 0.13865937 0.01934031
v 0.03262865 0.14871968 0.01952727
v 0.03574924 0.14319305 0.02772228
v 0.00678323 0.14533970 0.01835723
v 0.00039984 0.13960772 0.01744675
v 0.00869341 0.13606105 0.01778028
v 0.02628762 0.14514199 0.01859993
v 0.02514571 0.15605740 0.01837313
v 0.01335798 0.15006592 0.01686923
v 0.05221536 0.15776252 0.03475635
v 0.05389697 0.15032762 0.03473077
v 0.03187820 0.15567944 0.02047721
v 0.03773563 0.15558555 0.02266829
v 0.03554687 0.15012811 0.03070326
v 0.03836891 0.15198755 0.02485439
v 0.01908141 0.14545858 0.01715605
v 0.01932289 0.13810934 0.01685087
v 0.02432959 0.14285663 0.01680339
v 0.03883944 0.14166063 0.03650321
v 0.03909259 0.13720917 0.02858476
v 0.04543518 0.13605817 0.03135104
v -0.00037649 0.14783404 0.01727578
v -0.00125849 0.14745762 0.01286117
v -0.00277494 0.15106311 0.00001774
v -0.00334231 0.13628981 -0.00012172
v 0.04978253 0.14778491 0.03411576
v 0.05444759 0.14037228 0.03467474
v 0.04678203 0.15643999 0.03501803
v 0.02298903 0.15121142 0.01331826
v 0.01850979 0.15684906 0.01774303
v 0.04674771 0.14145119 0.03537241
v -0.00573930 0.07504450 -0.00005116
v 0.00537450 0.08992426 -0.00016693
v -0.00570447 0.09345828 -0.00003738
v 0.00312005 0.10370599 0.00024960
v -0.00495301 0.10686023 -0.00008172
v 0.00421858 0.06845838 0.00004877
v 0.00462119 0.05558462 0.00015033
v 0.05165506 0.12585336 0.03472729
v 0.01132432 0.14717812 0.04957915
v 0.01284490 0.13606977 0.04657357
v 0.01243215 0.14887170 0.04514359
v 0.02223920 0.05612446 0.00881075
v 0.02095686 0.05881000 0.00427494
v 0.01247742 0.05880505 0.00454768
v 0.01816783 0.05886294 0.01571248
v 0.02961385 0.05678824 0.00707031
v 0.02920317 0.06032432 0.00418099
v -0.00068548 0.06454383 0.00729195
v 0.04538573 0.05529790 0.00565999
v 0.04114832 0.05975942 0.00354487
v 0.03645030 0.05722225 0.00620587
v 0.02878251 0.05920790 0.01512833
v 0.03479112 0.05847171 0.01507079
v 0.00240235 0.05641538 0.01568651
v 0.00561863 0.06303230 -0.00017149
v 0.01111726 0.06501785 0.01010599
v 0.01086631 0.06599020 0.00364445
v 0.02125790 0.06411075 0.00511007
v 0.01719833 0.06453852 0.00376920
v -0.00027626 0.05685164 0.01286422
v 0.00489230 0.06789673 0.00474345
v 0.00876478 0.06823453 0.00804788
v 0.00357179 0.07213576 0.00455446
v 0.01007404 0.07246067 0.00561864
v 0.01433854 0.07102507 0.00281627
v 0.02519117 0.06700134 0.00433308
v 0.02708360 0.07594128 0.00407335
v 0.00203752 0.13243608 -0.00052459
v -0.00062908 0.06367099 0.01330834
v 0.00860628 0.14750091 0.05011705
v 0.00684091 0.14078158 0.04562917
v 0.00739984 0.13723290 0.04998988
v 0.00116553 0.06537167 0.00998399
v 0.02800623 0.06615675 0.00291656
v 0.03568221 0.06317666 0.00362424
v 0.03275194 0.07061779 0.00375575
v 0.04352724 0.05737464 0.01544699
v 0.00457240 0.12093359 -0.00019800
v 0.00280645 0.12585379 0.00023649
v -0.00428859 0.12100515 -0.00018561
v 0.04053190 0.07453002 0.00398588
v 0.04822936 0.06655468 0.00359146
v 0.01124063 0.06200383 0.01265278
v 0.00524832 0.06736046 0.01757126
v -0.00043556 0.07111386 0.01667210
v 0.00212154 0.06916887 0.01369678
v -0.00064032 0.08747543 0.01477655
v -0.00046094 0.08665078 0.00680758
v 0.00384093 0.08245056 0.00545334
v 0.00084305 0.08157231 0.00819130
v 0.00874034 0.06899660 0.01077231
v 0.00426812 0.07257666 0.00956263
v 0.00426613 0.07756011 0.00046326
v 0.01497141 0.08123023 0.00570794
v 0.01709105 0.08729861 0.00307715
v 0.01444800 0.08760041 0.00570498
v 0.01796012 0.05533756 0.01588207
v 0.01362255 0.07614024 0.00057965
v 0.00283967 0.07270819 0.01721502
v 0.01792061 0.07858142 0.00394199
v 0.01336520 0.07666242 0.01791309
v 0.01914077 0.08765185 0.01460460
v 0.01480398 0.08579600 0.01553066
v 0.01822876 0.07755924 0.01706923
v 0.00430962 0.07759922 0.01741201
v 0.01007490 0.07389125 0.01560017
v 0.00930307 0.07467312 0.02085865
v 0.00155731 0.07826729 0.00661819
v 0.01103747 0.09333699 0.01247134
v 0.00541778 0.08870162 0.01339088
v 0.00702660 0.08515737 0.01555547
v 0.01372705 0.06950381 0.01751027
v 0.01911135 0.06961835 0.01666388
v 0.01828277 0.07597247 0.01290159
v 0.00402308 0.11396743 -0.00030702
v 0.01573727 0.09488435 0.00497739
v 0.05336140 0.05910668 0.00338890
v 0.02208665 0.08612025 0.00439058
v 0.00022957 0.08850413 0.01710957
v 0.00363254 0.09292498 0.01655930
v 0.02379957 0.09744531 0.00407148
v 0.01142581 0.09300646 0.01749038
v 0.01255489 0.05397495 0.01569294
v 0.01912388 0.09644348 0.01524892
v 0.01505551 0.09466832 0.01691436
v 0.01556465 0.09876852 0.00622724
v 0.01092909 0.08400231 0.01852574
v 0.02435076 0.08075914 0.00363280
v 0.03052434 0.09072501 0.00419131
v 0.00035349 0.08158580 0.01809839
v 0.03485757 0.08277160 0.00370619
v 0.04333558 0.08455624 0.00439124
v 0.03749372 0.08915250 0.00380419
v 0.00260885 0.08501531 0.00340646
v 0.04766440 0.07559151 0.00408865
v 0.00798227 0.07992065 0.02192884
v 0.01107865 0.07924958 0.02284496
v 0.01244172 0.06682087 0.01501750
v 0.02687635 0.09534763 0.00308961
v 0.05499957 0.09090839 0.00428225
v 0.05187524 0.05522710 0.00945794
v 0.00761065 0.07045003 0.01780392
v 0.05324778 0.05777940 0.01467332
v 0.03580611 0.09766654 0.00287792
v 0.05376354 0.09339531 0.02766935
v 0.05275827 0.09754205 0.02549165
v 0.05567105 0.08982902 0.03179598
v 0.05346183 0.09213050 0.04053065
v 0.05298431 0.08705733 0.04315344
v 0.00007250 0.10061828 0.00611651
v 0.00027718 0.10451916 0.00918617
v -0.00003835 0.11361466 0.00636955
v 0.02514933 0.11471653 0.00334337
v 0.01882252 0.10894041 0.00442480
v 0.02588290 0.10531694 0.00408425
v -0.00052949 0.11974612 0.01509285
v -0.00140994 0.10110922 0.01673875
v 0.03661731 0.11302525 0.00369460
v 0.03509214 0.10419203 0.00400207
v 0.01916162 0.10118894 0.00374457
v 0.04134045 0.10325262 0.00421776
v 0.03217520 0.11627635 0.00207916
v 0.05260247 0.08541724 0.03666394
v 0.05356405 0.09278586 0.03447025
v -0.00010174 0.11549737 0.01749875
v 0.00078443 0.10488464 0.01781231
v 0.00240996 0.10655553 0.01527014
v 0.03053118 0.12222424 0.00412219
v 0.00677474 0.10712676 0.01713909
v 0.03692562 0.12194787 0.00414805
v 0.03348404 0.12730737 0.00572488
v 0.03922825 0.12441569 0.00555948
v 0.02656958 0.12784422 0.00294174
v 0.00978203 0.10615766 0.01630798
v 0.03274213 0.13250215 0.00412021
v 0.03755041 0.12996327 0.00674544
v 0.01620315 0.11393080 0.00835668
v 0.01425497 0.11853842 0.00341413
v 0.01768830 0.12046856 0.01370758
v 0.01934297 0.10896212 0.01549669
v 0.01630068 0.12526040 0.00693116
v 0.01760803 0.10444618 0.00921836
v -0.00102763 0.13132667 0.01515355
v 0.00071801 0.13230567 0.01848969
v 0.01866202 0.12880882 0.00550706
v 0.01984763 0.12768261 0.01441182
v 0.01677998 0.11162439 0.01555931
v 0.01570617 0.10582037 0.01982565
v 0.00619743 0.11566974 0.01545565
v 0.01048470 0.11580487 0.01777447
v 0.00706146 0.12270470 0.01505051
v 0.00559969 0.13048865 0.01593838
v 0.04203897 0.13141947 0.02528879
v 0.03714171 0.12967804 0.02302345
v 0.01056678 0.12981826 0.01655796
v 0.03218021 0.12999176 0.01030316
v 0.03414901 0.12561074 0.01556901
v 0.01417605 0.12445512 0.01555316
v 0.00505284 0.10237653 0.01847835
v 0.01261260 0.10466812 0.02777898
v 0.02138186 0.13112610 0.01689532
v 0.00706296 0.10612526 0.02963785
v 0.02413362 0.13009836 0.00437978
v 0.05117846 0.10389547 0.00472133
v 0.05129309 0.10871488 0.00334147
v 0.04578601 0.11329195 0.00482847
v 0.05174729 0.11607984 0.00396722
v 0.05163207 0.11971917 0.00487354
v 0.00355099 0.10017689 0.01642098
v 0.05297800 0.12902180 0.00422334
v 0.02479456 0.13115038 0.01461080
v 0.00049287 0.12326179 0.01800331
v 0.02667276 0.13737867 0.01887339
v 0.04135818 0.09443957 0.00415176
v 0.01635133 0.10110714 0.01702480
v 0.01125419 0.09893780 0.04453132
v 0.00474193 0.10381064 0.04268043
v 0.00790003 0.09921927 0.03652208
v 0.05267180 0.10577837 0.02708629
v 0.01219309 0.09556785 0.02257141
v 0.00705411 0.09595259 0.02115799
v 0.02627529 0.12651767 0.01528655
v 0.02609455 0.13253721 0.01723855
v 0.04684127 0.12649737 0.01183805
v 0.00823411 0.09736088 0.02871499
v 0.05067485 0.09314325 0.00307033
v 0.03492049 0.12626488 0.01939525
v 0.02632889 0.12683699 0.01926024
v 0.05210444 0.09624059 0.00484535
v 0.01087375 0.09773399 0.02108400
v 0.00737352 0.10430495 0.04691050
v 0.04649296 0.10215877 0.00332186
v 0.00001319 0.12632390 0.00614621
v 0.01430154 0.09930566 0.04363271
v 0.01291075 0.10298429 0.04498682
v 0.00087799 0.13354151 0.00630565
v 0.05215089 0.12515700 0.01621654
v 0.00624732 0.11168298 0.04773908
v 0.00747675 0.11984564 0.04694548
v 0.00799812 0.11832204 0.04413439
v 0.01172670 0.10951708 0.04754737
v 0.01173829 0.11096563 0.04360339
v 0.01302685 0.12341624 0.04760439
v 0.01540654 0.10565622 0.04308336
v 0.01462689 0.10215433 0.03491531
v 0.01250898 0.12547636 0.04462207
v 0.00983209 0.12204986 0.05089866
v 0.00735510 0.11266482 0.05090172
v 0.00856572 0.13113953 0.04779541
v 0.00803267 0.12559044 0.05021431
v 0.01150854 0.13609973 0.05055035
v 0.04209372 0.12537452 0.01802048
v 0.04351497 0.12187524 0.00206068
v 0.00931898 0.10437976 0.03798914
v 0.00674703 0.10213297 0.03477903
v 0.00707169 0.11102867 0.04389750
v 0.00356427 0.10286526 0.02600770
v 0.00744529 0.10251032 0.02858827
v 0.04939115 0.12468370 0.02116996
v 0.01280502 0.10060639 0.02503014
v 0.05433391 0.11920747 0.02347958
v 0.01093320 0.09862148 0.03147365
v 0.05285550 0.10248518 0.03399919
v 0.05588645 0.10481229 0.01366738
v 0.04337278 0.12594227 0.02775175
v 0.01057309 0.09419417 0.03512586
v 0.01069245 0.09459257 0.02894981
v 0.05021311 0.11939757 0.02685652
v 0.05085870 0.11341066 0.03037460
v 0.05051305 0.12478374 0.02734001
v 0.00664054 0.13071469 0.04552958
v 0.01184081 0.13622614 0.04437361
v 0.01819242 0.12148694 0.00297335
v 0.05315963 0.10713542 0.03390466
v 0.05219222 0.09997257 0.02952043
v 0.05314463 0.11832587 0.03429798
v 0.04461723 0.14781672 0.03383278
v 0.04645661 0.12815941 0.03521867
v 0.04678018 0.12568412 0.03023116
v 0.00798801 0.15331332 0.04878094
v 0.04176879 0.12850468 0.00517044
v 0.04828049 0.12727819 0.00504300
v 0.04596562 0.15720660 0.02875003
v 0.04661133 0.15035243 0.02368662
v 0.00704261 0.15188832 0.01748624
v 0.00566253 0.15277158 0.04638182
v 0.02564428 0.14857786 0.01412825
v 0.03570832 0.14704084 0.03369523
v 0.03882553 0.14755603 0.02996437
v 0.05265824 0.11101657 0.02600187
v -0.00188405 0.15258607 0.01160232
v -0.00002646 0.15901041 0.00684573
v 0.00014292 0.15185107 0.01852501
v 0.01288390 0.15534607 0.04663895
v 0.01192418 0.16275085 0.04352521
v 0.00279099 0.15996766 0.00046719
v -0.00354657 0.16094918 0.00009139
v -0.00032468 0.16897449 -0.00015821
v 0.00324435 0.21636147 0.00111650
v -0.00400942 0.20745333 0.00033655
v 0.00225556 0.20540594 0.00084303
v -0.00319492 0.23714193 0.00034199
v -0.00376643 0.22671890 0.00011088
v 0.00148863 0.23818990 0.00061452
v 0.00215393 0.22191397 0.00072289
v -0.00408601 0.18283325 0.00038891
v 0.00233382 0.17931716 0.00083215
v 0.00220741 0.18843582 0.00081966
v 0.01462449 0.16800555 0.01611597
v 0.01113076 0.16043932 0.01739488
v 0.00250861 0.23273792 0.00035569
v 0.02164063 0.16383460 0.01313982
v 0.02489735 0.15860860 0.01296776
v 0.00182730 0.23466391 0.00359096
v -0.00048721 0.15797322 0.01612622
v 0.01965193 0.16736764 0.01811747
v -0.00068928 0.18427777 0.01422867
v -0.00084708 0.16900364 0.01617076
v 0.00275522 0.17344473 0.01330594
v 0.00185723 0.16674471 0.01564884
v 0.00133370 0.18307806 0.00769496
v -0.00001844 0.17649652 0.00627504
v 0.02233677 0.17110934 0.00339359
v 0.02371372 0.16234553 0.00403453
v 0.02751784 0.16622910 0.00279192
v 0.02674190 0.16122179 0.01066451
v 0.02613780 0.16532032 0.01879567
v 0.01937434 0.16876986 0.00600393
v 0.02892609 0.17267287 0.00568712
v 0.03395664 0.16881375 0.00654458
v 0.03716988 0.16867423 0.00552634
v 0.03497822 0.17165821 0.00805464
v 0.03062264 0.17519276 0.00716187
v 0.02313260 0.17548850 0.01171398
v 0.00652920 0.17648701 0.01278113
v 0.00830483 0.17019142 0.01106737
v 0.00192618 0.19644025 0.00081920
v 0.00902077 0.17122382 0.01661312
v 0.03248156 0.16883689 0.01670440
v 0.03220145 0.17118241 0.01710652
v 0.01326008 0.19154800 0.01206852
v 0.01377771 0.18855323 0.00999216
v 0.01584577 0.18112698 0.01586121
v 0.01821093 0.18665747 0.01552156
v 0.02488773 0.17722245 0.01519018
v 0.02146938 0.17780455 0.01511138
v 0.03785535 0.16436455 0.02203804
v 0.03270746 0.16649637 0.01925014
v 0.01088581 0.15692263 0.05068969
v 0.02720315 0.18543669 0.01908617
v 0.02674030 0.17362182 0.01970140
v 0.00317606 0.18174480 0.00935843
v 0.01358355 0.18135276 0.04000754
v 0.00916139 0.17400990 0.04372822
v 0.01025040 0.18831246 0.03764883
v 0.00408542 0.18345844 0.04403098
v 0.01335070 0.17264614 0.04553688
v 0.00216213 0.18473128 0.01278095
v 0.00742253 0.18431991 0.01085487
v 0.01104727 0.17643547 0.01728234
v 0.02575934 0.19126776 0.01578016
v 0.01795761 0.19149773 0.01605802
v 0.00293042 0.18836478 0.00701368
v 0.00484293 0.19142588 0.00859531
v 0.01172274 0.16888697 0.04994500
v 0.00470936 0.16047591 0.04741913
v 0.00825894 0.17153879 0.05010291
v 0.04555815 0.16194601 0.02995936
v 0.04401556 0.16775723 0.02762772
v -0.00081641 0.18603788 0.00569449
v 0.01413792 0.18361111 0.04523452
v 0.03238137 0.17973001 0.01965915
v 0.01185709 0.18256853 0.04788598
v 0.01258892 0.18989977 0.03724753
v 0.01543269 0.17471583 0.01500435
v 0.03444214 0.17687231 0.02206195
v 0.03658940 0.18613716 0.02077747
v 0.04215405 0.17845017 0.01970012
v 0.04144344 0.17755608 0.02408660
v 0.00574124 0.16864414 0.04551644
v 0.00102484 0.19096130 0.01656037
v 0.02907000 0.18794889 0.02246377
v 0.03388160 0.19134528 0.02311942
v 0.01315431 0.19234692 0.03734624
v 0.03715378 0.19135212 0.02431221
v 0.03829618 0.18553405 0.02948686
v 0.00445754 0.18445049 0.04735627
v 0.00222929 0.20964883 0.00912093
v -0.00013750 0.20699745 0.00543536
v 0.00002360 0.20306818 0.01514658
v 0.00227899 0.21143768 0.00297182
v 0.00427302 0.19260925 0.03827526
v 0.00901529 0.19219459 0.01538368
v 0.01375393 0.19121929 0.01879826
v 0.02626691 0.21294817 0.00359387
v 0.02364218 0.20480902 0.00571048
v 0.03100698 0.20533541 0.00414250
v 0.01027216 0.20988977 0.02053680
v 0.00735107 0.21095777 0.01553056
v 0.00695550 0.20495973 0.01544663
v 0.00311190 0.21332241 0.01580769
v -0.00051912 0.21194185 0.01502513
v 0.00099236 0.20451923 0.01650036
v 0.00700201 0.19285418 0.01918287
v 0.01069708 0.19358773 0.02324532
v 0.03595695 0.17286827 0.01966877
v 0.02130086 0.20758774 0.00447472
v 0.05201878 0.16835659 0.03460313
v 0.00720878 0.19265118 0.02531023
v 0.04544055 0.17459411 0.02980057
v 0.01385094 0.19507985 0.01771448
v 0.01921282 0.21225053 0.00685012
v 0.01996147 0.21139935 0.01147416
v 0.03785834 0.20748929 0.00645044
v 0.00467225 0.19586140 0.03111142
v 0.00486010 0.19759683 0.02266553
v 0.03895544 0.21476452 0.00368608
v 0.00096290 0.19416904 0.00758910
v 0.00762565 0.18562397 0.04859088
v 0.01348736 0.18998527 0.02961262
v -0.00033011 0.19904648 0.00623604
v -0.00039322 0.19746237 0.01297126
v 0.00357940 0.19718227 0.01468494
v 0.00727524 0.19992239 0.01573763
v 0.00704227 0.19643849 0.02823179
v 0.00994368 0.19903250 0.01718824
v 0.02018708 0.21067103 0.01554336
v 0.01736270 0.20297586 0.01684409
v 0.01991858 0.20264853 0.01526005
v 0.00424218 0.19264383 0.01537411
v 0.00669475 0.19030916 0.01372588
v 0.00730529 0.21108691 0.01017802
v 0.01383086 0.20910072 0.01648657
v 0.01843423 0.21331655 0.01744458
v 0.04615719 0.16942561 0.03486686
v 0.00432681 0.21637105 0.00581568
v 0.00590842 0.22070247 0.01546860
v 0.00545953 0.21464016 0.01824356
v 0.01139221 0.21950666 0.01700811
v 0.00782523 0.21635936 0.02064658
v 0.01452602 0.21690766 0.01777371
v 0.01292545 0.22571317 0.01640479
v 0.01918556 0.22202889 0.01538882
v 0.01423153 0.22429707 0.01153252
v 0.00002214 0.21441339 0.00782183
v 0.03385987 0.21246304 0.01522987
v 0.01767902 0.21759294 0.00339647
v 0.01650220 0.21800232 0.00869149
v 0.00930271 0.20484408 0.01701593
v 0.00163670 0.22174496 0.00403413
v 0.04531227 0.18122032 0.03037172
v 0.02831273 0.21289012 0.01807923
v 0.02424920 0.19735997 0.01693826
v 0.02777411 0.20636132 0.02019007
v 0.05581234 0.17166885 0.03387630
v 0.01362928 0.21890498 0.00283386
v 0.00680135 0.22407420 0.00321468
v 0.01102721 0.22158563 0.00635895
v 0.00963335 0.21392289 0.02435272
v 0.02168024 0.22517399 0.00325633
v 0.02708315 0.19783598 0.01931342
v 0.00328184 0.22272361 0.00891164
v -0.00015474 0.22091047 0.01510228
v 0.03300992 0.19802575 0.01933895
v 0.04293078 0.20983823 0.00523028
v 0.04695183 0.21419265 0.00325365
v 0.05187309 0.21100700 0.00485337
v 0.04165561 0.20318476 0.02154665
v 0.04199679 0.19587414 0.01996713
v 0.04566258 0.20367725 0.02581096
v 0.04519863 0.20557815 0.02994476
v 0.03688327 0.20498368 0.01964754
v 0.04093368 0.21318458 0.01601589
v 0.04371192 0.21143834 0.01187195
v 0.05244444 0.21539346 0.00306050
v 0.03448328 0.20604936 0.02121181
v 0.04413927 0.21213526 0.02740521
v 0.04891507 0.21205102 0.02188074
v 0.03442935 0.21202169 0.01949860
v 0.03594347 0.19541626 0.02232340
v 0.03014122 0.21943217 0.00350105
v 0.03086206 0.23094352 0.00345183
v 0.02582935 0.23696967 0.00324371
v 0.03547509 0.19250913 0.03459992
v 0.04483508 0.22272109 0.00354815
v 0.04053585 0.18588350 0.03405662
v 0.03867720 0.20029004 0.03182483
v 0.04520080 0.19666911 0.02513761
v 0.05315941 0.21938677 0.00453917
v 0.05361561 0.21359741 0.01138257
v 0.04926493 0.20993473 0.01296793
v 0.00720666 0.22448199 0.01402525
v 0.00266612 0.21915184 0.01725554
v 0.04626557 0.18363890 0.03377988
v 0.05159142 0.20677663 0.01666829
v 0.04996093 0.22740806 0.00421212
v 0.05199655 0.22145700 0.01427662
v 0.05356263 0.23064616 0.01403123
v 0.04899562 0.23207179 0.00356076
v 0.04111710 0.23669333 0.00383611
v 0.00608156 0.19404727 0.04299123
v 0.00946369 0.19193462 0.04500425
v 0.05492229 0.23602288 0.00323075
v 0.03596030 0.19653279 0.03416073
v 0.00675814 0.19096838 0.03192814
v 0.05426823 0.19379897 0.03235463
v 0.05109829 0.19628945 0.03470156
v 0.05083710 0.18328177 0.03480222
v 0.05481708 0.20294311 0.03330564
v 0.04697301 0.17925986 0.03517749
v 0.04380780 0.19058281 0.03289491
v 0.03907104 0.19274112 0.03076952
v 0.04245439 0.19579702 0.03116095
v 0.04605208 0.19664874 0.03393550
v 0.04657994 0.20937777 0.03513411
v 0.01091528 0.23256974 0.00357314
v 0.00212263 0.24713724 0.00341586
v 0.00200150 0.24713687 0.00059847
v -0.00305226 0.25736910 0.00033911
v 0.00267958 0.25630519 0.00052348
v 0.00297235 0.26465876 0.00040531
v 0.00232417 0.27739958 0.00044027
v 0.00257037 0.26476986 0.00344511
v -0.00282994 0.27866744 -0.00000828
v 0.00270109 0.29409367 0.00007925
v 0.00350960 0.29116555 0.00312633
v 0.00947538 0.30027632 0.00026056
v 0.00657141 0.29111831 -0.00276463
v 0.01353475 0.29154576 0.00146771
v -0.00265735 0.29712947 -0.00005706
v 0.01012942 0.24653313 0.00331305
v 0.01083590 0.25194185 0.00396551
v 0.00329427 0.25592390 0.00511143
v 0.04505247 0.30339069 -0.00021261
v 0.02720861 0.30206169 -0.00020660
v 0.04113031 0.29816823 0.00082642
v 0.01920474 0.24168536 0.00342910
v 0.01664708 0.29732683 0.00030030
v 0.02891145 0.29672055 -0.00055686
v 0.02620019 0.29861144 0.00495964
v 0.01811996 0.27909850 0.00927700
v 0.01979320 0.27936373 0.00345704
v 0.01492273 0.27792621 0.00450268
v 0.01557480 0.29660264 0.00414699
v 0.01482289 0.28427931 0.00313375
v 0.00749508 0.26858790 0.01861453
v 0.00372199 0.26365225 0.02402303
v 0.01017775 0.26399085 0.01593377
v 0.02932326 0.27934888 0.00323821
v 0.02073608 0.25308506 0.00366355
v 0.01132053 0.25998120 0.00397138
v 0.00789428 0.26508858 0.01288590
v 0.01419820 0.27057428 0.01332657
v -0.00155250 0.27602359 0.01379233
v -0.00170246 0.26372656 0.01433831
v 0.00007141 0.26604315 0.01562174
v 0.00173143 0.26501544 0.01899450
v 0.01438938 0.26542744 0.01819117
v 0.03910053 0.28002655 0.00416644
v 0.03674673 0.28393308 0.00317114
v 0.01204248 0.27477915 0.00657076
v 0.02857506 0.28121424 0.00994610
v 0.00623368 0.26569877 0.00475277
v 0.05232921 0.29876047 0.00115605
v 0.02115457 0.26219982 0.00419649
v 0.03616476 0.28100321 0.00987082
v 0.01577768 0.27081288 0.00938114
v 0.01818205 0.27694577 0.00581348
v 0.00199457 0.28163819 0.01998069
v -0.00160868 0.28518123 0.01518620
v 0.01779502 0.26713061 0.00914004
v 0.00263639 0.27184855 0.00521716
v 0.01523355 0.28216931 0.01373753
v 0.00072465 0.28109123 0.00518030
v 0.00896042 0.28267952 0.00666744
v 0.01639015 0.26978235 0.00445213
v 0.00153322 0.27253199 0.02148142
v 0.02974249 0.25505803 0.00322429
v 0.02823722 0.26181990 0.00456542
v 0.01454558 0.28856461 0.01810900
v 0.03056580 0.26786077 0.00998960
v 0.00005191 0.27249194 0.00594874
v 0.00115922 0.26776811 0.01105240
v 0.03307779 0.24663439 0.00335845
v 0.04236253 0.25524889 0.00373682
v 0.04206712 0.26800187 0.00979140
v 0.03141000 0.26207297 0.00961264
v 0.04785600 0.26180706 0.00976729
v 0.02207662 0.26233757 0.00910251
v 0.04869640 0.24598602 0.00381995
v 0.00848029 0.28125129 0.01831683
v -0.00009506 0.26453582 0.02538029
v 0.03345319 0.26201764 0.00438851
v 0.04861423 0.28217952 0.00384870
v 0.05465136 0.27956408 0.00373898
v 0.05537975 0.28702370 0.00353249
v 0.04838336 0.28822265 0.00350410
v 0.04647737 0.27912400 0.00400519
v 0.04655543 0.28218053 0.00961922
v 0.00455497 0.27194686 0.02125057
v 0.00169836 0.26469885 0.03020577
v 0.00140665 0.27135157 0.03066500
v -0.00139390 0.27194876 0.02920874
v 0.04604598 0.26071267 0.00490639
v 0.00552335 0.28566324 0.00951584
v 0.00535194 0.28352154 0.00301899
v 0.00504655 0.28302474 0.02195873
v 0.04480090 0.29805495 0.00441839
v 0.05288400 0.29864176 0.00443733
v 0.00825740 0.28892732 0.01866563
v 0.01062234 0.28746000 0.00329190
v 0.00143395 0.28854642 0.01800799
v 0.05292538 0.28148866 0.00996717
v 0.00047638 0.28501509 0.02499175
v 0.00149397 0.28811445 0.02986571
v 0.00273795 0.27786102 0.02642788
v 0.05324788 0.26780049 0.01002923
v 0.02034149 0.29140356 0.00300112
v 0.03199667 0.29690337 0.00373148
v 0.02994878 0.29173511 0.00286537
v 0.04099852 0.29103508 0.00374787
v 0.00231365 0.27929118 0.03099946
v 0.05600000 -0.00627756 0.00061208
v 0.05600000 -0.00371116 0.00075349
v 0.05600000 0.00189675 0.00104484
v 0.05600000 0.00185129 0.00160089
v 0.05600000 0.00615647 0.01581846
v 0.05600000 0.00831495 0.01593739
v 0.05600000 -0.00133668 0.01367804
v 0.05600000 -0.00100161 0.01617708
v 0.05600000 -0.00000584 0.01621472
v 0.05600000 0.00225804 0.00192668
v 0.05600000 0.00257928 0.00481230
v 0.05600000 0.00010201 0.00783115
v 0.05600000 0.01773723 0.01621362
v 0.05600000 0.02559201 0.01602340
v 0.05600000 0.02875846 0.01603617
v 0.05600000 0.03789638 0.01618109
v 0.05600000 0.04724382 0.00683640
v 0.05600000 0.04098344 0.00618818
v 0.05600000 0.04190923 0.01605872
v 0.05600000 0.04808310 0.01571850
v 0.05600000 0.07950867 0.00427589
v 0.05600000 0.07976732 0.00428529
v 0.05600000 0.04360975 0.00523285
v 0.05600000 0.05133876 0.00558937
v 0.05600000 0.05520779 0.01204964
v 0.05600000 0.05345453 0.00896153
v 0.05600000 0.06000409 0.00352858
v 0.05600000 0.06464820 0.00376815
v 0.05600000 0.05304216 0.00577564
v 0.05600000 0.05771272 0.00410059
v 0.05600000 0.07317232 0.00419636
v 0.05600000 0.07595473 0.00435456
v 0.05600000 0.05664480 0.01449432
v 0.05600000 0.05027319 0.01552090
v 0.05600000 0.05567246 0.01452550
v 0.05600000 0.09468285 0.01937359
v 0.05600000 0.09386683 0.02039357
v 0.05600000 0.08698806 0.03243320
v 0.05600000 0.08833913 0.03247837
v 0.05600000 0.08480796 0.03464480
v 0.05600000 0.10255416 0.00468125
v 0.05600000 0.10426591 0.00419471
v 0.05600000 0.08519057 0.03979344
v 0.05600000 0.08599667 0.04276401
v 0.05600000 0.08673531 0.04216654
v 0.05600000 0.08842624 0.04135261
v 0.05600000 0.10442422 0.02326299
v 0.05600000 0.10238796 0.02289172
v 0.05600000 0.08228180 0.00428263
v 0.05600000 0.09397465 0.00438818
v 0.05600000 0.09901197 0.00414298
v 0.05600000 0.09961636 0.00473356
v 0.05600000 0.09724026 0.03759939
v 0.05600000 0.09810923 0.03705650
v 0.05600000 0.09852752 0.03702432
v 0.05600000 0.20973618 0.00701766
v 0.05600000 0.21129955 0.00630063
v 0.05600000 0.21110381 0.00947361
v 0.05600000 0.22183658 0.00456334
v 0.05600000 0.22567430 0.00445660
v 0.05600000 0.21773932 0.01074368
v 0.05600000 0.21785814 0.01074144
v 0.05600000 0.21789306 0.01103825
v 0.05600000 0.22589069 0.01124147
v 0.05600000 0.22470539 0.00811561
v 0.05600000 0.22337636 0.01462045
v 0.05600000 0.22826539 0.01440035
v 0.05600000 0.20930916 0.01324237
v 0.05600000 0.20996413 0.01243968
v 0.05600000 0.21114892 0.01203514
v 0.05600000 0.23137754 0.00419938
v 0.05600000 0.23231265 0.00408406
v 0.05600000 0.22878814 0.01160756
v 0.05600000 0.23449396 0.00363421
v 0.05600000 0.19646555 0.03130279
v 0.05600000 0.20103997 0.03201073
v 0.05600000 0.21261414 0.02816956
v 0.05600000 0.21175987 0.02698820
v 0.05600000 0.21264389 0.02879583
v 0.05600000 0.21241652 0.02938709
v 0.05600000 0.20942110 0.03433138
v 0.05600000 0.21183973 0.03475234
v 0.05600000 0.29990969 0.00081859
v 0.05600000 0.30317243 -0.00014375
v 0.05600000 0.25377937 0.00357710
v 0.05600000 0.25566186 0.00354259
v 0.05600000 0.28184126 0.00969167
v 0.05600000 0.27991629 0.00477307
v 0.05600000 0.28036600 0.00367817
v 0.05600000 0.28665670 0.00352271
v 0.05600000 0.25648755 0.00373111
v 0.05600000 0.28152723 0.00989451
v 0.05600000 0.26922877 0.01014601
v 0.05600000 0.27801349 0.01011534
v 0.05600000 0.28819273 0.00367466
v 0.05600000 0.29864059 0.00462004
v 0.05600000 0.29843428 0.00276862
v 0.05600000 0.29847734 0.00088408
v 0.05600000 0.26103572 0.00469678
v 0.05600000 0.26129272 0.00591246
v 0.05600000 0.23740771 0.00335222
v 0.05600000 0.24356506 0.00379471
v 0.05600000 0.26169913 0.00986609
v 0.05600000 0.26619474 0.01001176
v 0.05600000 -0.00130588 0.01140021
v 0.05600000 -0.00036619 0.00081347
v 0.05600000 -0.00148940 0.00926146
v 0.05600000 0.01174137 0.01520491
v 0.05600000 0.03992658 0.01612709
v 0.05600000 0.01498073 0.01633013
v 0.05600000 0.04178817 0.00515218
v 0.05600000 0.05851290 0.00341894
v 0.05600000 0.09105359 0.00431272
v 0.05600000 0.09174917 0.00428424
v 0.05600000 0.06863304 0.00347203
v 0.05600000 0.09253119 0.02643385
v 0.05600000 0.08976303 0.00434028
v 0.05600000 0.09119070 0.04031560
v 0.05600000 0.09244915 0.04040193
v 0.05600000 0.08609772 0.03640820
v 0.05600000 0.10478266 0.01364785
v 0.05600000 0.10412459 0.01403807
v 0.05600000 0.10473331 0.01446947
v 0.05600000 0.10496879 0.01377583
v 0.05600000 0.21519947 0.00296608
v 0.05600000 0.20816042 0.01712746
v 0.05600000 0.22088676 0.01439693
v 0.05600000 0.20233778 0.03266839
v 0.05600000 0.20301540 0.03237266
v 0.05600000 0.23078295 0.01401291
v 0.05600000 0.20402797 0.03344971
v 0.05600000 0.24835900 0.00375641
v 0.05600000 0.27961887 0.00376114
v 0.05600000 0.28723062 0.00354418
v 0.05600000 0.26737359 0.00986144
v 0.22648208 0.15404339 0.03834977
v 0.23129030 0.13750824 0.03834138
v 0.23126025 0.12673410 0.03834143
v 0.22499830 0.15094879 0.03835236
v 0.22499830 0.14983552 0.03835236
v 0.22499830 0.14929123 0.03835236
v 0.22499830 0.14861342 0.03835236
v 0.22499830 0.12710014 0.03835236
v 0.22499830 0.13233963 0.03835236
v 0.22499830 0.13812729 0.03835236
v 0.22674180 0.15410000 0.03834932
v 0.22622854 0.15410000 0.03835021
v 0.22499830 0.15410000 0.03835236
v 0.22649240 0.15410000 0.03834975
v 0.22647134 0.15410000 0.03834979
v 0.23159820 0.12590344 0.03834084
v 0.23159820 0.12677100 0.03834084
v 0.23159820 0.13711692 0.03834084
v 0.23159820 0.15155461 0.03834084
v 0.23159820 0.15178634 0.03834084
v 0.23159820 0.14360555 0.03834084
v 0.23159820 0.14501853 0.03834084
v 0.23159820 0.15148580 0.03834084
v 0.23159820 0.14502417 0.03834084
v 0.23159820 0.15408918 0.03834084
v 0.23159820 0.15410000 0.03834084
v 0.23159820 0.13745441 0.03834084
v 0.22568040 0.12360000 0.03835117
v 0.22743597 0.12360000 0.03834811
v 0.22499830 0.12360000 0.03835236
v 0.23156703 0.12360000 0.03834090
v 0.23159820 0.12360000 0.03834084
v 0.22499831 0.15094879 0.03835916
v 0.22499831 0.14983552 0.03835916
v 0.22499831 0.14929123 0.03835916
v 0.22499831 0.14861342 0.03835916
v 0.22499831 0.12710014 0.03835916
v 0.22499831 0.13233963 0.03835916
v 0.22499831 0.13812729 0.03835916
v 0.22499831 0.15410000 0.03835916
v 0.22622855 0.15410000 0.03835701
v 0.22674181 0.15410000 0.03835612
v 0.22649241 0.15410000 0.03835655
v 0.22647135 0.15410000 0.03835659
v 0.23159821 0.15410000 0.03834764
v 0.22499831 0.12360000 0.03835916
v 0.20524643 0.15552490 0.03839363
v 0.20498704 0.14420726 0.03839409
v 0.22439181 0.14968387 0.03836022
v 0.21668237 0.15623147 0.03837367
v 0.21225962 0.14795437 0.03838139
v 0.21952447 0.14616336 0.03836871
v 0.20528820 0.12523305 0.03839356
v 0.20974998 0.14245689 0.03838577
v 0.21146355 0.12935543 0.03838278
v 0.21904373 0.12744821 0.03836955
v 0.21933113 0.13868486 0.03836905
v 0.21357933 0.16432992 0.03837909
v 0.20581281 0.16082384 0.03839265
v 0.20957559 0.16864828 0.03838608
v 0.20721539 0.17650837 0.03839020
v 0.22431049 0.18028993 0.03836036
v 0.20662367 0.18635804 0.03839123
v 0.21672732 0.18579478 0.03837360
v 0.22061649 0.16604978 0.03836681
v 0.22366322 0.17136493 0.03836149
v 0.21329291 0.17965053 0.03837959
v 0.21908469 0.17625796 0.03836948
v 0.20279820 0.15291235 0.03839791
v 0.20279820 0.14591779 0.03839791
v 0.20279820 0.12631814 0.03839791
v 0.20279820 0.13400810 0.03839791
v 0.20279820 0.13332383 0.03839791
v 0.20279820 0.14194556 0.03839791
v 0.20279820 0.14114455 0.03839791
v 0.20279820 0.13234338 0.03839791
v 0.20279820 0.17455234 0.03839791
v 0.20279820 0.17317923 0.03839791
v 0.20279820 0.17506226 0.03839791
v 0.20279820 0.17606745 0.03839791
v 0.20279820 0.16225940 0.03839791
v 0.20279820 0.16045175 0.03839791
v 0.20279820 0.15528732 0.03839791
v 0.20279820 0.18516386 0.03839791
v 0.20279820 0.18181349 0.03839791
v 0.22467693 0.18710000 0.03835972
v 0.21633887 0.18710000 0.03837427
v 0.20740474 0.18710000 0.03838987
v 0.21993402 0.18710000 0.03836800
v 0.20527970 0.18710000 0.03839358
v 0.20279820 0.18710000 0.03839791
v 0.20706928 0.18710000 0.03839045
v 0.20613100 0.18710000 0.03839209
v 0.22499831 0.15437469 0.03835916
v 0.22499831 0.16494217 0.03835916
v 0.22499831 0.16928091 0.03835916
v 0.22499831 0.17194456 0.03835916
v 0.22499831 0.18000671 0.03835916
v 0.22499831 0.16185931 0.03835916
v 0.22499831 0.18170893 0.03835916
v 0.22499831 0.18710000 0.03835916
v 0.22499831 0.17110450 0.03835916
v 0.22499831 0.18101302 0.03835916
v 0.20476080 0.12360000 0.03839448
v 0.20709172 0.12360000 0.03839041
v 0.21386901 0.12360000 0.03837858
v 0.21665251 0.12360000 0.03837373
v 0.20287869 0.12360000 0.03839777
v 0.22424527 0.12360000 0.03836047
v 0.20975706 0.12360000 0.03838576
v 0.20279820 0.12360000 0.03839791
v 0.22344166 0.12360000 0.03836188
v 0.20278957 0.12360000 0.03344658
v 0.20279821 0.15291235 0.03839791
v 0.20279821 0.14591779 0.03839791
v 0.20279821 0.12631814 0.03839791
v 0.20279821 0.13400810 0.03839791
v 0.20279821 0.14194556 0.03839791
v 0.20279821 0.17317923 0.03839791
v 0.20279821 0.17506226 0.03839791
v 0.20279821 0.16225940 0.03839791
v 0.20279821 0.16045175 0.03839791
v 0.20279821 0.15528732 0.03839791
v 0.20279821 0.18516386 0.03839791
v 0.20279821 0.18181349 0.03839791
v 0.17422045 0.16026868 0.03844778
v 0.17480313 0.14444334 0.03844677
v 0.17806647 0.15025317 0.03844107
v 0.17298686 0.15723311 0.03844994
v 0.17277343 0.14754517 0.03845031
v 0.17696587 0.15348168 0.03844299
v 0.17235430 0.14863855 0.03845104
v 0.17261526 0.14189806 0.03845059
v 0.17594940 0.16004241 0.03844477
v 0.18728382 0.12620225 0.03842498
v 0.18109822 0.12983918 0.03843578
v 0.18031463 0.16006844 0.03843715
v 0.18208849 0.15398135 0.03843405
v 0.17909541 0.15138174 0.03843928
v 0.18091273 0.14317093 0.03843610
v 0.17754376 0.12752651 0.03844198
v 0.17493900 0.14235199 0.03844653
v 0.17451764 0.13959792 0.03844727
v 0.17862822 0.14149872 0.03844009
v 0.17389807 0.13949251 0.03844835
v 0.18054875 0.13868147 0.03843674
v 0.17385491 0.13686863 0.03844842
v 0.17703805 0.13003324 0.03844287
v 0.18054645 0.13593847 0.03843674
v 0.17330227 0.12468618 0.03844939
v 0.18763274 0.12368042 0.03842438
v 0.18506212 0.13792374 0.03842886
v 0.18907598 0.14988493 0.03842186
v 0.18962984 0.15984851 0.03842089
v 0.19901449 0.14887468 0.03840451
v 0.19523459 0.15455334 0.03841111
v 0.20184971 0.14096550 0.03839956
v 0.19428615 0.12437013 0.03841276
v 0.19240505 0.14449869 0.03841605
v 0.19598816 0.14278759 0.03840979
v 0.20162151 0.16281975 0.03839996
v 0.20072673 0.12722084 0.03840152
v 0.19218559 0.12829951 0.03841643
v 0.19590503 0.13794920 0.03840994
v 0.20238927 0.13351111 0.03839862
v 0.17876001 0.16490753 0.03843986
v 0.17266011 0.16390681 0.03845051
v 0.17561528 0.16812064 0.03844535
v 0.17434041 0.17014219 0.03844758
v 0.17219287 0.17108282 0.03845132
v 0.17590311 0.16690755 0.03844485
v 0.18321637 0.16922415 0.03843208
v 0.18045403 0.17176073 0.03843691
v 0.17827952 0.16666891 0.03844070
v 0.17669115 0.17112610 0.03844347
v 0.18194289 0.18623502 0.03843431
v 0.18143103 0.18077150 0.03843520
v 0.18363077 0.18322922 0.03843136
v 0.19613022 0.16073962 0.03840955
v 0.19037789 0.17093551 0.03841958
v 0.18891162 0.18895958 0.03842214
v 0.17933076 0.18871850 0.03843887
v 0.18120992 0.19455138 0.03843559
v 0.17597542 0.19093136 0.03844472
v 0.18227241 0.19192843 0.03843373
v 0.17836390 0.18781694 0.03844055
v 0.19321137 0.18878344 0.03841464
v 0.19406565 0.18225339 0.03841315
v 0.19952312 0.18414149 0.03840362
v 0.18019191 0.19060734 0.03843736
v 0.20237275 0.17492297 0.03839865
v 0.18269059 0.19593346 0.03843300
v 0.17225341 0.16413146 0.03845122
v 0.18031489 0.18584633 0.03843715
v 0.17755461 0.18737255 0.03844197
v 0.17829269 0.17671014 0.03844068
v 0.19862096 0.17685104 0.03840520
v 0.17880673 0.17943168 0.03843978
v 0.19259267 0.17700011 0.03841572
v 0.19651670 0.19171034 0.03840887
v 0.18314749 0.18771486 0.03843220
v 0.19921853 0.19044615 0.03840415
v 0.19469410 0.16671589 0.03841205
v 0.17617077 0.20426519 0.03844438
v 0.18909819 0.20382481 0.03842182
v 0.18572317 0.20541573 0.03842771
v 0.18905724 0.20824817 0.03842189
v 0.17331498 0.20345593 0.03844937
v 0.17314188 0.20975556 0.03844967
v 0.17396403 0.19050403 0.03844823
v 0.17452504 0.20404293 0.03844725
v 0.17885571 0.20954185 0.03843969
v 0.19429695 0.20881913 0.03841274
v 0.19930715 0.20785428 0.03840400
v 0.20218301 0.20595509 0.03839898
v 0.19383957 0.20682624 0.03841354
v 0.18231364 0.21137271 0.03843366
v 0.19586086 0.21214460 0.03841002
v 0.17246546 0.19615366 0.03845085
v 0.17868225 0.20776526 0.03844000
v 0.17161071 0.19546499 0.03845234
v 0.18436858 0.20772755 0.03843007
v 0.18910469 0.20123272 0.03842181
v 0.18558031 0.20940157 0.03842796
v 0.19007113 0.20942653 0.03842012
v 0.18221981 0.20035790 0.03843382
v 0.19753529 0.21018530 0.03840709
v 0.20163176 0.20028530 0.03839994
v 0.19985344 0.19638356 0.03840305
v 0.17248010 0.19660487 0.03845082
v 0.19643880 0.20563204 0.03840901
v 0.20279820 0.18846994 0.03839791
v 0.20279821 0.20585951 0.03839791
v 0.20279821 0.20674943 0.03839791
v 0.20279821 0.20701517 0.03839791
v 0.20279820 0.20946211 0.03839791
v 0.20279820 0.20509491 0.03839791
v 0.20279821 0.20269961 0.03839791
v 0.20279820 0.21037475 0.03839791
v 0.20279821 0.21349122 0.03839791
v 0.20279820 0.20311571 0.03839791
v 0.20279820 0.20378107 0.03839791
v 0.20279820 0.20932176 0.03839791
v 0.20279821 0.20930501 0.03839791
v 0.20279821 0.19211920 0.03839791
v 0.20279821 0.19648930 0.03839791
v 0.20279820 0.20894174 0.03839791
v 0.20279821 0.19776840 0.03839791
v 0.20279821 0.20047319 0.03839791
v 0.20279820 0.20124715 0.03839791
v 0.20279821 0.20628542 0.03839791
v 0.20279820 0.20881706 0.03839791
v 0.20279821 0.20619077 0.03839791
v 0.20279820 0.20938986 0.03839791
v 0.17159830 0.15167783 0.03845236
v 0.17159830 0.14631221 0.03845236
v 0.17159830 0.14804646 0.03845236
v 0.17159830 0.14308521 0.03845236
v 0.17159830 0.14534154 0.03845236
v 0.17159830 0.14135018 0.03845236
v 0.17159830 0.14233661 0.03845236
v 0.17159830 0.14129393 0.03845236
v 0.17159830 0.14108467 0.03845236
v 0.17159830 0.14260833 0.03845236
v 0.17159830 0.12607846 0.03845236
v 0.17159830 0.12549273 0.03845236
v 0.17159830 0.12469012 0.03845236
v 0.17159830 0.14077723 0.03845236
v 0.17159830 0.13939631 0.03845236
v 0.17159830 0.12820783 0.03845236
v 0.17159830 0.12582753 0.03845236
v 0.17159830 0.16409561 0.03845236
v 0.17159830 0.16403061 0.03845236
v 0.17159830 0.16369429 0.03845236
v 0.17159830 0.16423879 0.03845236
v 0.17159830 0.16433027 0.03845236
v 0.17159830 0.16279938 0.03845236
v 0.17159830 0.15683299 0.03845236
v 0.17159830 0.17122836 0.03845236
v 0.17159830 0.17148911 0.03845236
v 0.17159830 0.16968573 0.03845236
v 0.17159830 0.16873971 0.03845236
v 0.17159830 0.16972410 0.03845236
v 0.17159830 0.15998010 0.03845236
v 0.17159830 0.19196121 0.03845236
v 0.17159830 0.19190875 0.03845236
v 0.17159830 0.18544537 0.03845236
v 0.17159830 0.18530889 0.03845236
v 0.17159830 0.17920694 0.03845236
v 0.17159830 0.17390374 0.03845236
v 0.17159830 0.20734960 0.03845236
v 0.17159830 0.20759845 0.03845236
v 0.17159830 0.20772119 0.03845236
v 0.17159830 0.20790966 0.03845236
v 0.17159830 0.18919174 0.03845236
v 0.17159830 0.18829582 0.03845236
v 0.17159830 0.20958649 0.03845236
v 0.17159830 0.20571702 0.03845236
v 0.17159830 0.20323529 0.03845236
v 0.17159830 0.20313330 0.03845236
v 0.17159830 0.20272560 0.03845236
v 0.17159830 0.19652379 0.03845236
v 0.17159830 0.18911876 0.03845236
v 0.17159830 0.18952292 0.03845236
v 0.17159830 0.19569484 0.03845236
v 0.17159830 0.19545906 0.03845236
v 0.17159830 0.20770254 0.03845236
v 0.17159830 0.20600100 0.03845236
v 0.17159830 0.19545415 0.03845236
v 0.17159830 0.19574408 0.03845236
v 0.17159830 0.21092598 0.03845236
v 0.17159830 0.19252267 0.03845236
v 0.17159830 0.15843980 0.03845236
v 0.17159830 0.13635184 0.03845236
v 0.17159830 0.13173748 0.03845236
v 0.17159830 0.12507808 0.03845236
v 0.17159830 0.12789047 0.03845236
v 0.17159830 0.13832392 0.03845236
v 0.17159830 0.17256743 0.03845236
v 0.17159830 0.17131088 0.03845236
v 0.17159830 0.16363749 0.03845236
v 0.17159830 0.17147187 0.03845236
v 0.17159830 0.17067370 0.03845236
v 0.17159830 0.20962082 0.03845236
v 0.17159830 0.20143786 0.03845236
v 0.18965601 0.21360000 0.03842084
v 0.18356661 0.21360000 0.03843147
v 0.17795032 0.21360000 0.03844127
v 0.17660890 0.21360000 0.03844362
v 0.20094611 0.21360000 0.03840114
v 0.19667137 0.21360000 0.03840860
v 0.20268567 0.21360000 0.03839810
v 0.20279821 0.21360000 0.03839791
v 0.17518859 0.21360000 0.03844610
v 0.19499812 0.21360000 0.03841152
v 0.17159830 0.21360000 0.03845236
v 0.18162839 0.12360000 0.03843486
v 0.18163406 0.12360000 0.03843485
v 0.18162600 0.12360000 0.03843486
v 0.18557903 0.12360000 0.03842796
v 0.18299194 0.12360000 0.03843248
v 0.19394806 0.12360000 0.03841335
v 0.18768547 0.12360000 0.03842428
v 0.18877064 0.12360000 0.03842239
v 0.19118728 0.12360000 0.03841817
v 0.19576008 0.12360000 0.03841019
v 0.19944341 0.12360000 0.03840376
v 0.19954494 0.12360000 0.03840359
v 0.20166033 0.12360000 0.03839989
v 0.20279821 0.12360000 0.03839791
v 0.17239798 0.12360000 0.03845097
v 0.17336328 0.12360000 0.03844928
v 0.17368215 0.12360000 0.03844872
v 0.17590910 0.12360000 0.03844484
v 0.17317510 0.12360000 0.03844961
v 0.17260233 0.12360000 0.03845061
v 0.17159830 0.12360000 0.03845236
v 0.17970020 0.12360000 0.03843822
v 0.17838799 0.12360000 0.03844051
v 0.18741291 0.12360000 0.03842476
v 0.18678941 0.12360000 0.03842585
v 0.19296281 0.12360000 0.03841507
v 0.19412474 0.12360000 0.03841305
v 0.19430804 0.12360000 0.03841273
v 0.18647553 0.12360000 0.03842640
v 0.18764124 0.12360000 0.03842436
v 0.19387349 0.12360000 0.03841348
v 0.20157296 0.12360000 0.03840005
v 0.17263985 0.12360000 0.03845054
v 0.17156455 0.15167783 0.01911390
v 0.17156448 0.14631221 0.01907561
v 0.17157418 0.14804646 0.02463464
v 0.17158027 0.14308521 0.02812424
v 0.17156988 0.14534154 0.02217115
v 0.17158976 0.14233661 0.03355949
v 0.17158926 0.14129393 0.03327379
v 0.17158865 0.14108467 0.03292122
v 0.17157454 0.14260833 0.02483951
v 0.17156729 0.12549273 0.02068446
v 0.17156635 0.12469012 0.02014357
v 0.17157322 0.14077723 0.02408344
v 0.17157052 0.13939631 0.02253313
v 0.17156685 0.12820783 0.02043130
v 0.17156647 0.12582753 0.02021622
v 0.17155499 0.16409561 0.01363774
v 0.17155656 0.16403061 0.01453502
v 0.17155508 0.16433027 0.01369061
v 0.17156319 0.16279938 0.01833460
v 0.17156453 0.15683299 0.01910069
v 0.17156410 0.16968573 0.01885474
v 0.17155974 0.16873971 0.01636144
v 0.17154101 0.16972410 0.00562847
v 0.17153898 0.15998010 0.00446391
v 0.17159666 0.19196121 0.03751344
v 0.17159666 0.19190875 0.03751015
v 0.17156679 0.18544537 0.02039587
v 0.17156673 0.18530889 0.02036674
v 0.17156376 0.17920694 0.01866236
v 0.17156512 0.17390374 0.01944181
v 0.17157677 0.18919174 0.02611716
v 0.17157466 0.18829582 0.02490751
v 0.17156446 0.20958649 0.01906052
v 0.17156567 0.20571702 0.01975448
v 0.17153894 0.20323529 0.00444009
v 0.17154077 0.20313330 0.00548948
v 0.17156534 0.20272560 0.01956831
v 0.17156484 0.19652379 0.01928128
v 0.17159346 0.18911876 0.03567918
v 0.17159064 0.18952292 0.03406067
v 0.17156515 0.19569484 0.01946123
v 0.17157502 0.19545906 0.02511124
v 0.17153698 0.20770254 0.00331920
v 0.17153908 0.20600100 0.00451908
v 0.17157505 0.19545415 0.02513062
v 0.17158585 0.19574408 0.03131666
v 0.17153684 0.21092598 0.00324082
v 0.17159588 0.19252267 0.03706302
v 0.17154130 0.15843980 0.00579323
v 0.17156845 0.13635184 0.02134729
v 0.17156598 0.13173748 0.01993694
v 0.17154414 0.12507808 0.00741849
v 0.17154177 0.12789047 0.00606265
v 0.17154134 0.12607846 0.00581481
v 0.17156759 0.13832392 0.02085398
v 0.17154126 0.17256743 0.00577297
v 0.17154119 0.17131088 0.00573278
v 0.17156287 0.16363749 0.01815103
v 0.17156667 0.17147187 0.02032822
v 0.17154110 0.17067370 0.00567665
v 0.17156339 0.20962082 0.01845272
v 0.17154555 0.20143786 0.00822739
v 0.18959384 0.21360000 0.00280158
v 0.18350434 0.21360000 0.00275480
v 0.17788845 0.21360000 0.00299130
v 0.17654779 0.21360000 0.00343041
v 0.20088427 0.21360000 0.00296856
v 0.19660921 0.21360000 0.00278986
v 0.20262396 0.21360000 0.00304128
v 0.20273658 0.21360000 0.00308581
v 0.17512735 0.21360000 0.00335824
v 0.19493583 0.21360000 0.00272399
v 0.17153701 0.21360000 0.00333757
v 0.18161971 0.12360000 0.03345763
v 0.18162537 0.12360000 0.03345910
v 0.18161730 0.12360000 0.03345363
v 0.18293365 0.12360000 0.00503649
v 0.18876285 0.12360000 0.03395671
v 0.19117802 0.12360000 0.03311025
v 0.19574793 0.12360000 0.03144840
v 0.19943124 0.12360000 0.03142690
v 0.19953276 0.12360000 0.03142465
v 0.20165152 0.12360000 0.03334972
v 0.17233964 0.12360000 0.00502521
v 0.17330592 0.12360000 0.00558743
v 0.17365185 0.12360000 0.02108744
v 0.17588194 0.12360000 0.02288124
v 0.17314408 0.12360000 0.02067902
v 0.17154950 0.12360000 0.01049287
v 0.17968020 0.12360000 0.02698035
v 0.17832981 0.12360000 0.00510325
v 0.19290501 0.12360000 0.00530143
v 0.19406726 0.12360000 0.00548189
v 0.19425143 0.12360000 0.00597620
v 0.18646710 0.12360000 0.03359327
v 0.19386221 0.12360000 0.03195036
v 0.20156400 0.12360000 0.03327021
v 0.17153915 0.12360000 0.00455945
v 0.17156248 0.12360000 0.01792819
v 0.21633888 0.18710000 0.03837427
v 0.20613101 0.18710000 0.03839209
v 0.22478313 0.18907373 0.03835954
v 0.21436979 0.19371634 0.03837771
v 0.21292674 0.19685301 0.03838023
v 0.21639807 0.20408853 0.03837417
v 0.21986443 0.19984471 0.03836812
v 0.20510727 0.20299619 0.03839388
v 0.21353553 0.19929050 0.03837917
v 0.20832144 0.20500143 0.03838827
v 0.20778620 0.20810164 0.03838920
v 0.21330799 0.20759836 0.03837956
v 0.20879909 0.20714173 0.03838743
v 0.20717849 0.20925726 0.03839026
v 0.21660312 0.21045381 0.03837381
v 0.20618005 0.20242186 0.03839200
v 0.20830090 0.19633299 0.03838830
v 0.21328199 0.19449770 0.03837961
v 0.22154733 0.19396892 0.03836518
v 0.20871710 0.21150646 0.03838758
v 0.21684929 0.19692346 0.03837338
v 0.21320528 0.20802537 0.03837974
v 0.22318584 0.19671368 0.03836232
v 0.21715570 0.19702478 0.03837285
v 0.21297425 0.20387886 0.03838015
v 0.20579143 0.20893747 0.03839268
v 0.20287392 0.20930934 0.03839778
v 0.21631911 0.19442699 0.03837431
v 0.21154597 0.20188223 0.03838264
v 0.21508513 0.19940202 0.03837646
v 0.21321146 0.20776402 0.03837973
v 0.20977780 0.20700253 0.03838573
v 0.22499831 0.18968166 0.03835916
v 0.22499831 0.19414910 0.03835916
v 0.22499832 0.20079906 0.03835916
v 0.22499832 0.20088691 0.03835916
v 0.22499831 0.20826829 0.03835916
v 0.22499831 0.21039032 0.03835916
v 0.22499831 0.20674583 0.03835916
v 0.22499831 0.19670718 0.03835916
v 0.22499832 0.19526869 0.03835916
v 0.22499831 0.19530260 0.03835916
v 0.22499831 0.19892974 0.03835916
v 0.22499831 0.19667959 0.03835916
v 0.22499832 0.19617049 0.03835916
v 0.22499832 0.19584911 0.03835916
v 0.22499831 0.19609457 0.03835916
v 0.22499832 0.19667494 0.03835916
v 0.22499831 0.19580191 0.03835916
v 0.22499831 0.18892357 0.03835916
v 0.22499831 0.18911793 0.03835916
v 0.22499831 0.19438667 0.03835916
v 0.22499832 0.19373501 0.03835916
v 0.21430591 0.21360000 0.03837782
v 0.20951021 0.21360000 0.03838619
v 0.20517318 0.21360000 0.03839376
v 0.20386778 0.21360000 0.03839604
v 0.22127934 0.21360000 0.03836565
v 0.21811993 0.21360000 0.03837117
v 0.22195263 0.21360000 0.03836448
v 0.22499831 0.21360000 0.03835916
v 0.20666890 0.21360000 0.03839115
v 0.21424703 0.21360000 0.00464590
v 0.20945099 0.21360000 0.00445525
v 0.20511320 0.21360000 0.00402549
v 0.20380689 0.21360000 0.00350900
v 0.22121879 0.21360000 0.00367460
v 0.21805952 0.21360000 0.00375523
v 0.22189205 0.21360000 0.00365741
v 0.22493867 0.21360000 0.00418660
v 0.20660918 0.21360000 0.00417370
v 0.22649240 0.15410000 0.03835655
v 0.22647134 0.15410000 0.03835659
v 0.22831490 0.16410382 0.03835337
v 0.22952087 0.18576754 0.03835127
v 0.22761146 0.18710000 0.03835460
v 0.23103542 0.18710000 0.03834862
v 0.23159821 0.18613197 0.03834764
v 0.23159821 0.18710000 0.03834764
v 0.23159821 0.16623670 0.03834764
v 0.23159821 0.16981707 0.03834764
v 0.23159821 0.17759855 0.03834764
v 0.23159821 0.18175018 0.03834764
v 0.23159821 0.17014560 0.03834764
v 0.23159821 0.17728910 0.03834764
v 0.23159821 0.17480989 0.03834764
v 0.23159821 0.15517178 0.03834764
v 0.23159821 0.15838496 0.03834764
v 0.23159821 0.15515853 0.03834764
v 0.23159821 0.16332500 0.03834764
v 0.23159821 0.18531573 0.03834764
v 0.23159225 0.18710000 0.03493488
v 0.23098559 0.19511145 0.03834871
v 0.22660272 0.19421443 0.03835636
v 0.22515569 0.20082832 0.03835889
v 0.22767254 0.20757211 0.03835449
v 0.22856619 0.19661248 0.03835293
v 0.23142160 0.19778498 0.03834795
v 0.22771651 0.19661683 0.03835442
v 0.22645649 0.19608804 0.03835662
v 0.23159821 0.20571872 0.03834764
v 0.23159821 0.20742483 0.03834764
v 0.23159821 0.19650361 0.03834764
v 0.23159821 0.19521263 0.03834764
v 0.23159821 0.19797922 0.03834764
v 0.23159821 0.20168301 0.03834764
v 0.23159821 0.21137737 0.03834764
v 0.23159821 0.19662612 0.03834764
v 0.23159821 0.19662308 0.03834764
v 0.23159821 0.19613571 0.03834764
v 0.23159821 0.19635038 0.03834764
v 0.23159821 0.19641644 0.03834764
v 0.23159821 0.18759512 0.03834764
v 0.23159821 0.18915269 0.03834764
v 0.23159821 0.19069506 0.03834764
v 0.23159821 0.19267010 0.03834764
v 0.23159821 0.19350227 0.03834764
v 0.23159821 0.19328766 0.03834764
v 0.23159821 0.19330733 0.03834764
v 0.23159821 0.19473183 0.03834764
v 0.23159821 0.19047366 0.03834764
v 0.23159821 0.19499987 0.03834764
v 0.23159821 0.19775741 0.03834764
v 0.22540659 0.21360000 0.03835845
v 0.22772818 0.21360000 0.03835440
v 0.22675619 0.21360000 0.03835609
v 0.23159821 0.21360000 0.03834764
v 0.23153759 0.20571872 0.00361511
v 0.23153844 0.20742483 0.00410001
v 0.23153740 0.19797922 0.00350886
v 0.23153554 0.20168301 0.00244321
v 0.23157450 0.19662612 0.02476348
v 0.23158770 0.19613571 0.03232866
v 0.23158715 0.19635038 0.03200850
v 0.23158582 0.19641644 0.03125174
v 0.23159222 0.18759512 0.03491765
v 0.23159207 0.18915269 0.03482798
v 0.23159182 0.19069506 0.03468545
v 0.23159078 0.19267010 0.03409244
v 0.23153884 0.19328766 0.00433219
v 0.23153883 0.19330733 0.00432878
v 0.23153840 0.19473183 0.00408198
v 0.23159193 0.19047366 0.03475193
v 0.23153906 0.21137737 0.00445902
v 0.23153749 0.19775741 0.00355884
v 0.22534707 0.21360000 0.00425753
v 0.22766911 0.21360000 0.00451244
v 0.22669709 0.21360000 0.00449203
v 0.23153930 0.21360000 0.00459371
v 0.11600000 0.12141118 0.01018690
v 0.11600000 0.10781339 0.01608877
v 0.11600000 0.11363207 0.01453936
v 0.11600000 0.19258324 0.00849083
v 0.11600000 0.11685566 0.01227648
v 0.11600000 0.11996086 0.01279157
v 0.11600000 0.19400035 0.00989598
v 0.11600000 0.10540000 0.01641432
v 0.17158769 0.14135018 0.03237593
v 0.17155327 0.16369429 0.01264933
v 0.17155402 0.16423879 0.01307937
v 0.17155358 0.17122836 0.01283026
v 0.17154271 0.17148911 0.00660365
v 0.17155394 0.20734960 0.01303795
v 0.17155453 0.20759845 0.01337102
v 0.17155500 0.20772119 0.01364138
v 0.17155587 0.20790966 0.01414053
v 0.11601397 -0.00579206 0.00058952
v 0.12125825 -0.00072264 0.00053631
v 0.11703058 0.00003600 0.00375633
v 0.11925073 0.00583140 0.00445872
v 0.11945032 0.01247615 0.00363521
v 0.11962889 0.03794012 0.00363359
v 0.11611890 0.03357823 0.00358397
v 0.11704983 0.04588260 0.00325847
v 0.12113928 0.13442265 0.03366641
v 0.12058618 0.12346056 0.03330096
v 0.12175356 0.13455499 0.02772109
v 0.12767467 0.00485247 0.00397040
v 0.12748568 -0.00180716 0.00412422
v 0.14020558 -0.00715818 0.00034412
v 0.13130834 -0.00436932 0.00100785
v 0.14089283 -0.00214385 0.00394008
v 0.13854922 0.00540314 0.00374959
v 0.15042790 0.00668724 0.00373880
v 0.14989037 -0.00406340 0.00400713
v 0.16238774 -0.00266358 0.00410911
v 0.15478009 -0.00434317 0.00069495
v 0.14175907 -0.00342405 0.00075584
v 0.12628411 0.05688292 0.02605385
v 0.13613049 0.05520138 0.02114118
v 0.12905355 0.05635055 0.01904787
v 0.13246452 0.05422666 0.02749401
v 0.15850322 0.00477315 0.00373018
v 0.17064445 -0.00107590 0.00077809
v 0.17037768 0.00000387 0.00403243
v 0.14743178 0.15380891 0.00409708
v 0.14191467 0.15478737 0.00611077
v 0.14203946 0.14820486 0.00424730
v 0.12785311 0.13669028 0.03492733
v 0.12805538 0.13392315 0.02715604
v 0.13728503 0.15015610 0.00577107
v 0.13835905 0.14874953 0.01075288
v 0.13725291 0.14437572 0.00487416
v 0.13405027 0.13966684 0.00852192
v 0.14284678 0.14258514 0.00423298
v 0.15537788 0.14690455 0.00348756
v 0.13052896 0.13803252 0.02794742
v 0.12712288 0.02220188 0.00372422
v 0.14094495 0.15129860 0.01992639
v 0.13589791 0.15417565 0.02531891
v 0.13236039 0.15046437 0.01987234
v 0.13933891 0.14593965 0.02077898
v 0.13445381 0.14403875 0.02103796
v 0.16147270 0.01087127 0.00354673
v 0.17127265 0.01669833 0.00378513
v 0.14304843 0.01498126 0.00375920
v 0.15162628 0.01648767 0.00398547
v 0.14459806 0.00984885 0.00394000
v 0.15807163 0.01853526 0.00341335
v 0.13660461 0.01115371 0.00344832
v 0.13442904 0.15212585 0.03041167
v 0.12775643 0.15095753 0.02375011
v 0.12544123 0.04034467 0.00410619
v 0.12809107 0.14589926 0.03471555
v 0.12867577 0.14076066 0.02665022
v 0.16243487 0.16132267 0.01709909
v 0.16220433 0.14954248 0.01391032
v 0.16365946 0.15455524 0.01879006
v 0.14065400 0.01850659 0.00344396
v 0.13810419 0.03249802 0.00344069
v 0.16705955 0.15948709 0.00459304
v 0.16539791 0.15415093 0.00908785
v 0.17039395 0.14699480 0.01907904
v 0.14629121 0.03070129 0.00348771
v 0.12842124 0.16094338 0.03492988
v 0.12126524 0.14766037 0.03501734
v 0.13199909 0.15402733 0.03572071
v 0.12093233 0.04632940 0.00587270
v 0.12971094 0.03598212 0.00364057
v 0.16850903 0.04889649 0.00476064
v 0.16995538 0.05219038 0.00292254
v 0.16087244 0.04891004 0.00485761
v 0.14996403 0.02108468 0.00475979
v 0.15358036 0.03795894 0.01465557
v 0.16227430 0.04174396 0.01161177
v 0.15765133 0.03997105 0.01671199
v 0.16878658 0.04680406 0.00870284
v 0.15211938 0.03997503 0.02044356
v 0.15330629 0.02383961 0.00321029
v 0.13859021 0.04706849 0.01429391
v 0.14601685 0.04577801 0.01140995
v 0.14639960 0.04402578 0.01642220
v 0.16512713 0.14546444 0.01939482
v 0.14318749 0.03723321 0.00382861
v 0.13549867 0.05382622 0.01358546
v 0.12762472 0.04949815 0.01495447
v 0.14057979 0.05246661 0.01596334
v 0.14950171 0.05654850 0.01619966
v 0.13639190 0.15799169 0.02091298
v 0.13183452 0.15534536 0.02439295
v 0.14030017 0.03539654 0.00598497
v 0.16381145 0.14561222 0.00725387
v 0.16680512 0.14519757 0.01109029
v 0.16676705 0.14330516 0.00675301
v 0.16903066 0.14605440 0.02463537
v 0.16497289 0.02348112 0.00407975
v 0.14503969 0.04227872 0.02158693
v 0.14730550 0.03802090 0.01905757
v 0.16975457 0.03664103 0.00385764
v 0.16749663 0.04346912 0.00297613
v 0.12269513 0.04458809 0.02498932
v 0.12759335 0.04339832 0.02203335
v 0.13331612 0.04416248 0.02788125
v 0.13764887 0.04173301 0.02570237
v 0.14323584 0.04381323 0.02905324
v 0.14894653 0.04471924 0.02914218
v 0.14787490 0.04380834 0.02495082
v 0.14996234 0.04180494 0.02792430
v 0.14480400 0.04353604 0.00542345
v 0.15021169 0.04778158 0.00475585
v 0.14774417 0.04888465 0.00769316
v 0.13266345 0.04664841 0.00549889
v 0.13252493 0.04162446 0.00393400
v 0.15240716 0.04204977 0.02628797
v 0.15712164 0.04377376 0.02880598
v 0.14386567 0.05240016 0.00720425
v 0.12218941 0.04799807 0.00366365
v 0.16520992 0.04178385 0.01925191
v 0.11840009 0.04636456 0.01900480
v 0.11606903 0.04676143 0.02587729
v 0.14275356 0.04987805 0.03077017
v 0.16395543 0.03090859 0.00389501
v 0.14435982 0.04200652 0.00358353
v 0.16911209 0.14215110 0.02307753
v 0.13070315 0.15598500 0.03237218
v 0.12296491 0.04852513 0.02795121
v 0.11870632 0.16302287 0.03330072
v 0.11840689 0.14949084 0.03285610
v 0.12658930 0.04845996 0.02933533
v 0.15541812 0.03582479 0.00390985
v 0.11921855 0.05760532 0.02736474
v 0.11848224 0.05889362 0.02030298
v 0.14378896 0.14706243 0.01854816
v 0.14405580 0.15758966 0.01385785
v 0.14343835 0.16263246 0.01890825
v 0.17106843 0.04114768 0.02263766
v 0.14400693 0.14283991 0.01516922
v 0.11904758 0.14084859 0.03328623
v 0.16023177 0.02211332 0.00576673
v 0.16196174 0.04070229 0.02710789
v 0.13945358 0.04447351 0.00463430
v 0.13858459 0.16001992 0.01077682
v 0.17133559 0.14121369 0.03308761
v 0.14008370 0.13934183 0.01052608
v 0.15563198 0.07654659 0.00353786
v 0.15129902 0.08539582 0.00381831
v 0.13435996 0.08280071 0.00366831
v 0.11795850 0.09233161 0.00478151
v 0.12115864 0.09129941 0.00335121
v 0.16725090 0.04192923 0.02658828
v 0.15397682 0.04324329 0.00373721
v 0.15164774 0.05070427 0.03011431
v 0.16340161 0.04963867 0.02748367
v 0.15524334 0.04393246 0.00790942
v 0.16146460 0.04584020 0.00362697
v 0.14732616 0.03882819 0.01284600
v 0.16732817 0.05080877 0.00879007
v 0.16667309 0.05503764 0.01401212
v 0.13685639 0.05441834 0.00430167
v 0.14145876 0.05231984 0.00408736
v 0.15551889 0.15854844 0.00354405
v 0.16150482 0.15110164 0.00257153
v 0.16260802 0.15882781 0.00317257
v 0.12086088 0.11016293 0.03308760
v 0.12111530 0.12249929 0.02770753
v 0.11694811 0.10676118 0.03317434
v 0.11653915 0.12394324 0.03286766
v 0.14876894 0.05124756 0.00829828
v 0.14049931 0.15870503 0.01865968
v 0.11609235 0.05070041 0.00476527
v 0.11790025 0.06094294 0.00691608
v 0.11836444 0.05870082 0.00475198
v 0.12887344 0.05260434 0.00457143
v 0.11611545 0.09384584 0.01831050
v 0.11770656 0.09175397 0.02825573
v 0.11609173 0.08609666 0.03668259
v 0.11834490 0.09414607 0.04036657
v 0.11943892 0.09689714 0.03764908
v 0.11899342 0.05712621 0.01507347
v 0.11898812 0.11231054 0.00391651
v 0.11998777 0.08650689 0.04189430
v 0.12602411 0.06638036 0.00369643
v 0.11916100 0.06889406 0.00392112
v 0.12140705 0.06030395 0.00432909
v 0.12854062 0.05916863 0.00429620
v 0.12856276 0.07176392 0.00399226
v 0.13305803 0.06668902 0.00409207
v 0.12913499 0.05414460 0.01445928
v 0.14536233 0.06308220 0.00386529
v 0.12273234 0.05523035 0.00418490
v 0.16938254 0.08090149 0.00390416
v 0.12296025 0.05722079 0.02334115
v 0.15008196 0.05556670 0.00179699
v 0.16078385 0.06653886 0.00376056
v 0.14145393 0.07060678 0.00367805
v 0.16507850 0.09206581 0.00364060
v 0.14692948 0.05639045 0.01924714
v 0.16387565 0.09756372 0.00386522
v 0.15512389 0.05806188 0.01836980
v 0.14795339 0.05379529 0.02184568
v 0.15579669 0.05387499 0.00970029
v 0.15762429 0.05213599 0.00389165
v 0.14393324 0.05411578 0.02775067
v 0.15174694 0.05481807 0.02372866
v 0.16323544 0.05161701 0.02255818
v 0.16697331 0.05303017 0.01794274
v 0.15844174 0.05467013 0.01664099
v 0.12386466 0.09955187 0.00368106
v 0.13784908 0.09756156 0.00377229
v 0.13004140 0.07742206 0.00370582
v 0.16059102 0.14276232 0.00204029
v 0.14179417 0.09048351 0.00374923
v 0.11867666 0.05200685 0.03001180
v 0.13108777 0.14066974 0.02308628
v 0.13738521 0.13478667 0.02032755
v 0.11956763 0.09085288 0.03384711
v 0.15165748 0.05114523 0.00372402
v 0.12744848 0.05361242 0.03030355
v 0.16700127 0.13530647 0.01995897
v 0.17078120 0.12995591 0.01920896
v 0.16636971 0.05638631 0.00296511
v 0.17078923 0.12522706 0.01987983
v 0.15281678 0.09858970 0.00346125
v 0.15991655 0.05500089 0.02314196
v 0.14480369 0.05306044 0.00249234
v 0.16252088 0.13677039 0.01869251
v 0.16837609 0.14038023 0.01918715
v 0.14635115 0.10352944 0.00387550
v 0.12063251 0.10510055 0.02629615
v 0.12049376 0.10054951 0.03029097
v 0.16991334 0.05283337 0.02456632
v 0.13796438 0.11384770 0.00393073
v 0.16730382 0.05540767 0.02264909
v 0.16228693 0.13427599 0.01457787
v 0.11730868 0.10197423 0.02334117
v 0.11688332 0.10868501 0.01855417
v 0.15199093 0.11171396 0.00363322
v 0.16349270 0.10756017 0.00406789
v 0.12564246 0.12826094 0.00470119
v 0.11913333 0.12847403 0.00630242
v 0.11865905 0.12117542 0.00429826
v 0.13331556 0.11847910 0.00435160
v 0.13362316 0.13038293 0.00334740
v 0.12604474 0.11922728 0.00439210
v 0.11700907 0.12646574 0.00878325
v 0.12028790 0.10040297 0.03404643
v 0.13355744 0.13442419 0.01283137
v 0.13354130 0.13381766 0.00466593
v 0.12849982 0.13093242 0.00667702
v 0.14311484 0.13443981 0.01809537
v 0.12047329 0.13178116 0.01286801
v 0.12907130 0.10759746 0.00420033
v 0.16017339 0.12783517 0.00350416
v 0.15742324 0.11790502 0.00367908
v 0.16580649 0.12118415 0.00402246
v 0.14426287 0.12672338 0.00383681
v 0.15708995 0.13436261 0.00371444
v 0.14813247 0.13664632 0.00365958
v 0.16537185 0.13111792 0.00477511
v 0.16431683 0.12674256 0.01300965
v 0.17066147 0.12954579 0.00604229
v 0.16293778 0.13434253 0.00314787
v 0.17144636 0.12187177 0.01422473
v 0.12091756 0.13576426 0.02170045
v 0.12510967 0.13382031 0.01214300
v 0.16188651 0.12411108 0.01630840
v 0.14052631 0.13521947 0.00442746
v 0.16966655 0.13685862 0.00595141
v 0.11787325 0.11460027 0.01500931
v 0.11837075 0.13177134 0.02109905
v 0.12070653 0.11011014 0.02938168
v 0.11877947 0.12009108 0.02304119
v 0.12281155 0.13544818 0.00558668
v 0.13198969 0.13945865 0.00623913
v 0.16328147 0.12719337 0.01920537
v 0.15532235 0.05434718 0.02853513
v 0.11830689 0.12695322 0.01777766
v 0.13614623 0.16279531 0.00628038
v 0.12149815 0.16697848 0.03486239
v 0.13059232 0.15832628 0.01982197
v 0.12807417 0.15935306 0.02239376
v 0.11652658 0.18371195 0.03215850
v 0.11749330 0.20157857 0.01206843
v 0.11617145 0.22465927 0.01470973
v 0.13756646 0.16458460 0.00415638
v 0.17127216 0.16406356 0.01353984
v 0.14373166 0.16370715 0.00429742
v 0.14293562 0.17084825 0.01259518
v 0.13487220 0.17167571 0.01123161
v 0.13505848 0.16364290 0.02127221
v 0.14150902 0.16811066 0.00550623
v 0.13135404 0.16776357 0.00342440
v 0.12970696 0.19000788 0.00339248
v 0.12631908 0.18549005 0.00468200
v 0.13178083 0.18082519 0.00353559
v 0.12553560 0.18010181 0.00637733
v 0.12342865 0.18664285 0.00828858
v 0.11963324 0.18591237 0.00465820
v 0.12421186 0.19278884 0.00321865
v 0.12011561 0.19292867 0.00470605
v 0.14438247 0.17311736 0.01824974
v 0.16940903 0.17789165 0.00579831
v 0.16508608 0.17378669 0.00537322
v 0.13245250 0.17412975 0.00460855
v 0.12839069 0.17698417 0.00571041
v 0.12476889 0.17351580 0.00716251
v 0.13850645 0.17257423 0.02017676
v 0.15605790 0.17700426 0.00354675
v 0.14861844 0.18431026 0.00328489
v 0.15129186 0.17522801 0.00306117
v 0.13527901 0.17094533 0.02274960
v 0.15539635 0.19007072 0.00357618
v 0.13067038 0.17067484 0.00617613
v 0.14149912 0.18629085 0.00360400
v 0.14129614 0.17777184 0.00339949
v 0.14208540 0.17295458 0.00326282
v 0.16239081 0.19382837 0.00235912
v 0.16137853 0.17586796 0.00287398
v 0.16509045 0.18984041 0.00358669
v 0.12330170 0.18429770 0.01656026
v 0.12118658 0.18466973 0.01960628
v 0.12273369 0.17906010 0.02147978
v 0.16673384 0.18272345 0.00667301
v 0.16806901 0.18841026 0.00279649
v 0.14781369 0.19785453 0.00326101
v 0.12016571 0.19133066 0.01408696
v 0.11926833 0.19448081 0.01588990
v 0.16860942 0.16919449 0.01674942
v 0.16308076 0.17491216 0.01396584
v 0.16866258 0.17346206 0.01067180
v 0.16864419 0.18457864 0.01124265
v 0.12951814 0.16657279 0.02781874
v 0.16332072 0.17218405 0.01856594
v 0.17023139 0.17211916 0.02009319
v 0.12509263 0.17412036 0.02199779
v 0.12424555 0.17474907 0.02903840
v 0.16907723 0.17731358 0.01820062
v 0.12795363 0.17167867 0.03452000
v 0.16707978 0.19577389 0.00393627
v 0.16676154 0.19131085 0.00950092
v 0.13216996 0.17471329 0.02322733
v 0.16374747 0.18484152 0.01638170
v 0.12517200 0.17418145 0.01440016
v 0.16488620 0.18109246 0.01772784
v 0.12676249 0.17858500 0.01435928
v 0.16635857 0.16710859 0.00489895
v 0.12217428 0.17417546 0.03351387
v 0.17104563 0.18527676 0.02037183
v 0.16813901 0.18775138 0.02195869
v 0.16256463 0.19371622 0.01568580
v 0.16696175 0.19325870 0.01992879
v 0.16449130 0.19954239 0.01853190
v 0.17031386 0.18849150 0.02580547
v 0.17147956 0.19197969 0.03762158
v 0.17092858 0.18924685 0.03613145
v 0.16875277 0.19298696 0.02636140
v 0.12159616 0.19034311 0.03318188
v 0.12163570 0.19560841 0.02643817
v 0.14026961 0.20487480 0.00329932
v 0.12822879 0.20257782 0.00342997
v 0.14046503 0.21650350 0.00484052
v 0.13607616 0.21115854 0.00325451
v 0.12748833 0.20907599 0.00301795
v 0.14736125 0.21303358 0.00308523
v 0.15303936 0.20280535 0.00355004
v 0.16715655 0.20766376 0.00309758
v 0.15875471 0.21360261 0.00339385
v 0.16113071 0.20130290 0.00359276
v 0.16610904 0.21421312 0.00332850
v 0.12176595 0.20043393 0.00402831
v 0.17139330 0.20771631 0.01363155
v 0.16360573 0.20892663 0.01563365
v 0.16376100 0.20161935 0.01536265
v 0.16588720 0.20896461 0.01928359
v 0.12130039 0.20395869 0.01640743
v 0.12840947 0.24012661 0.00342427
v 0.11880837 0.23887474 0.00335168
v 0.12395581 0.22685772 0.00342844
v 0.15115353 0.21643332 0.00427580
v 0.12075124 0.20589310 0.00333721
v 0.14322787 0.22304574 0.00422288
v 0.15266216 0.22471486 0.00436049
v 0.13166261 0.21220458 0.00456461
v 0.15981347 0.22333091 0.00438284
v 0.16750644 0.22125030 0.00386958
v 0.12388067 0.21352648 0.00428075
v 0.16999401 0.22710613 0.00419187
v 0.12116753 0.20231564 0.02305732
v 0.12089670 0.22373574 0.00476659
v 0.14143685 0.23290473 0.00443786
v 0.13498899 0.23004172 0.00380049
v 0.14892753 0.22812682 0.00431624
v 0.16291044 0.23097605 0.00439798
v 0.14982483 0.23601542 0.00437494
v 0.12676185 0.21773214 0.00352365
v 0.16942691 0.23657019 0.00366191
v 0.15499063 0.21022664 0.00431965
v 0.13149879 0.22322082 0.00339759
v 0.11992374 0.22085847 0.01468350
v 0.11910987 0.23077194 0.01396315
v 0.16975237 0.19932666 0.00978846
v 0.16880329 0.20261948 0.00350557
v 0.11702179 0.23017938 0.00350636
v 0.13220544 0.24389524 0.00462980
v 0.15541467 0.23892552 0.00443583
v 0.12044967 0.20007168 0.02859600
v 0.14383506 0.24190461 0.00444874
v 0.16425655 0.24291224 0.00425824
v 0.14162240 0.25863484 0.00466445
v 0.13181042 0.25650709 0.00420488
v 0.13130888 0.24930609 0.00420699
v 0.12682620 0.24583962 0.00318077
v 0.16543580 0.25378106 0.00419654
v 0.15463796 0.25464213 0.00388936
v 0.15499959 0.24861368 0.00384671
v 0.14837891 0.25253773 0.00394433
v 0.14178578 0.24814817 0.00434539
v 0.14143386 0.26989305 0.00416686
v 0.13499877 0.26962564 0.00378413
v 0.13520215 0.26429805 0.00412727
v 0.14616687 0.27115614 0.00426571
v 0.14831920 0.26498374 0.00323119
v 0.15486340 0.27164007 0.00430309
v 0.15453604 0.26058300 0.00382366
v 0.12109208 0.25866294 0.00422616
v 0.12465898 0.26541961 0.00357498
v 0.16606678 0.26186463 0.00366961
v 0.16366078 0.26682433 0.00385551
v 0.15862071 0.27054757 0.00341993
v 0.13021258 0.27574507 0.00307618
v 0.12088563 0.27083031 0.00393855
v 0.13747903 0.27846030 0.00451755
v 0.12741532 0.28483848 0.00374493
v 0.12100799 0.28848862 0.00324509
v 0.12314407 0.27967688 0.00376600
v 0.11627031 0.28007831 0.00372332
v 0.12384808 0.25242463 0.00406778
v 0.16453012 0.27489143 0.00440098
v 0.16881979 0.27323904 0.00359693
v 0.14481287 0.27730734 0.00447038
v 0.16574750 0.28184854 0.00414585
v 0.13748534 0.28474676 0.00411652
v 0.12114782 0.29722375 0.00480036
v 0.12109136 0.29709138 -0.00002378
v 0.12909448 0.28938164 0.00393007
v 0.12935148 0.29604097 0.00421489
v 0.13775903 0.29641476 0.00067281
v 0.16651532 0.29960511 0.00031242
v 0.16683741 0.29827480 0.00452890
v 0.16475309 0.29128546 0.00386432
v 0.15652707 0.28612536 0.00425825
v 0.16147756 0.28637747 0.00397534
v 0.15634627 0.29266613 0.00410961
v 0.15111822 0.30283315 0.00031681
v 0.14598940 0.29743004 0.00053494
v 0.15472387 0.29810529 -0.00017084
v 0.14029565 0.29092931 0.00291809
v 0.14172510 0.29592806 0.00469326
v 0.17136246 0.28769674 0.00405462
v 0.14740636 0.29170727 0.00425717
v 0.15386851 0.29712600 0.00300802
v 0.15992295 0.29568026 0.00397809
v 0.17153193 -0.00730347 0.00042252
v 0.17153202 -0.00682579 0.00047461
v 0.17153242 -0.00239112 0.00070494
v 0.17153295 -0.00095384 0.00100882
v 0.17153823 0.00006348 0.00403663
v 0.17153809 0.00070715 0.00395571
v 0.17153777 0.01638432 0.00377313
v 0.17155194 0.04275262 0.01188992
v 0.17155569 0.03973788 0.01404062
v 0.17153789 0.03776292 0.00383877
v 0.17153704 0.04220105 0.00335157
v 0.17155732 0.03932838 0.01497237
v 0.17153910 0.04879557 0.00453314
v 0.17153680 0.05134363 0.00321474
v 0.17155899 0.03992251 0.01593006
v 0.17157907 0.04290126 0.02743463
v 0.17157933 0.04367948 0.02758426
v 0.17154803 0.05204295 0.00965035
v 0.17154775 0.05021250 0.00949146
v 0.17156510 0.04193590 0.01943166
v 0.17157027 0.04122195 0.02239360
v 0.17157133 0.04118565 0.02299763
v 0.17157705 0.04171047 0.02627777
v 0.17153788 0.02419110 0.00383259
v 0.17153775 0.02658571 0.00376174
v 0.17153783 0.03259096 0.00380463
v 0.17153729 0.04575557 0.00349757
v 0.17153778 0.01724840 0.00377916
v 0.17153766 0.07399005 0.00371053
v 0.17153767 0.07415628 0.00371603
v 0.17153812 0.09691729 0.00396927
v 0.17153824 0.09855671 0.00404248
v 0.17153809 0.08240504 0.00395243
v 0.17153793 0.08979147 0.00386526
v 0.17153767 0.07394250 0.00371140
v 0.17155069 0.05330171 0.01117500
v 0.17156237 0.05416555 0.01786771
v 0.17155888 0.05522273 0.01586753
v 0.17153754 0.05894847 0.00363822
v 0.17153805 0.06141248 0.00392868
v 0.17153699 0.05526987 0.00332436
v 0.17157274 0.05298224 0.02380790
v 0.17156991 0.05444851 0.02218525
v 0.17155516 0.12204193 0.01373362
v 0.17153801 0.12028605 0.00390985
v 0.17153833 0.12267290 0.00408987
v 0.17156574 0.05321374 0.01979559
v 0.17153801 0.11753673 0.00390984
v 0.17157930 0.05100407 0.02756447
v 0.17157567 0.05247387 0.02548406
v 0.17155638 0.12187927 0.01443127
v 0.17153833 0.10103714 0.00409471
v 0.17153706 0.21433266 0.00336408
v 0.17153756 0.21810904 0.00365078
v 0.17153807 0.22066689 0.00394407
v 0.17153846 0.22570433 0.00416802
v 0.17153831 0.22847214 0.00408080
v 0.17153760 0.23558050 0.00367371
v 0.17153888 0.24513531 0.00440911
v 0.17153887 0.24643057 0.00439849
v 0.17153853 0.24284618 0.00420580
v 0.17153857 0.25580688 0.00422762
v 0.17153818 0.25909046 0.00400653
v 0.17153766 0.26602754 0.00371070
v 0.17153778 0.26819207 0.00377571
v 0.17153740 0.27824293 0.00355764
v 0.17153759 0.28131104 0.00366612
v 0.17153757 0.27136861 0.00365696
v 0.17153817 0.28704497 0.00400275
v 0.17153177 0.30522327 0.00033287
v 0.17153177 0.30544507 0.00033360
v 0.17153845 0.28880528 0.00415926
v 0.17153916 0.29372881 0.00456647
v 0.17153880 0.29819478 0.00436095
v 0.17153395 0.29906548 0.00158269
v 0.17153928 0.29466316 0.00463371
v 0.17153257 -0.00126194 0.00079244
v 0.17153779 0.01660328 0.00378447
v 0.17153255 -0.00093472 0.00078128
v 0.17154787 0.04611258 0.00955614
v 0.17153791 0.03545639 0.00385001
v 0.17153789 0.03625358 0.00383895
v 0.17153809 0.07998404 0.00395275
v 0.17155641 0.05669039 0.01444989
v 0.17153660 0.05246164 0.00309942
v 0.17155579 0.12189216 0.01409692
v 0.17155594 0.12188584 0.01418230
v 0.17153869 0.11030783 0.00430048
v 0.17153850 0.22744457 0.00419046
v 0.17153854 0.22682477 0.00421230
v 0.17153768 0.23749589 0.00371669
v 0.17153846 0.22731191 0.00416788
v 0.17153764 0.26191592 0.00369893
v 0.17153200 0.29996929 0.00046679
v 0.17153826 0.28763555 0.00404927
v 0.17153827 0.28780214 0.00405644
v 0.11600000 -0.00090712 0.00060778
v 0.11600000 -0.00578619 0.00058973
v 0.11600000 -0.00007978 0.00349271
v 0.11600000 0.00554177 0.00440743
v 0.11600000 0.00075137 0.00383631
v 0.11600000 0.03614674 0.00365468
v 0.11600000 0.03356109 0.00358577
v 0.11600000 0.02612567 0.00363341
v 0.11600000 0.02055911 0.00367085
v 0.11600000 0.02034299 0.00366953
v 0.11600000 0.01041326 0.00378731
v 0.11600000 0.00754539 0.00414537
v 0.11600000 0.05383193 0.02238676
v 0.11600000 0.05364309 0.02290661
v 0.11600000 0.08713565 0.00469365
v 0.11600000 0.08500428 0.00434137
v 0.11600000 0.04557382 0.00329880
v 0.11600000 0.03965981 0.00362111
v 0.11600000 0.05077777 0.00474966
v 0.11600000 0.04712467 0.00323174
v 0.11600000 0.08628783 0.03656330
v 0.11600000 0.09158213 0.03038632
v 0.11600000 0.09699260 0.03768074
v 0.11600000 0.09509469 0.03952815
v 0.11600000 0.06674091 0.00489582
v 0.11600000 0.06325155 0.00617805
v 0.11600000 0.05273516 0.02226546
v 0.11600000 0.05362847 0.02203916
v 0.11600000 0.05987744 0.01630473
v 0.11600000 0.06061572 0.01916049
v 0.11600000 0.05779388 0.00452341
v 0.11600000 0.05082094 0.00475125
v 0.11600000 0.06090290 0.00671699
v 0.11600000 0.05932150 0.00516310
v 0.11600000 0.07736367 0.00381087
v 0.11600000 0.07573192 0.00386025
v 0.11600000 0.08656898 0.04176729
v 0.11600000 0.08611291 0.03683981
v 0.11600000 0.09248252 0.03958205
v 0.11600000 0.08779762 0.04010248
v 0.11600000 0.07452886 0.00387619
v 0.11600000 0.09416682 0.01792961
v 0.11600000 0.09638327 0.00449499
v 0.11600000 0.09366239 0.00476997
v 0.11600000 0.10538193 0.00480155
v 0.11600000 0.10419413 0.00486122
v 0.11600000 0.10054493 0.03562219
v 0.11600000 0.04826512 0.02512604
v 0.11600000 0.09211334 0.02544631
v 0.11600000 0.09379281 0.01844295
v 0.11600000 0.19732565 0.03109405
v 0.11600000 0.19742793 0.00391332
v 0.11600000 0.19683156 0.00422625
v 0.11600000 0.19878972 0.01121561
v 0.11600000 0.19875864 0.00404138
v 0.11600000 0.20715006 0.00363111
v 0.11600000 0.20501714 0.00394088
v 0.11600000 0.20214246 0.01408215
v 0.11600000 0.20314485 0.02160471
v 0.11600000 0.21000916 0.00401534
v 0.11600000 0.21521371 0.00427976
v 0.11600000 0.22178592 0.01080533
v 0.11600000 0.22602269 0.01084197
v 0.11600000 0.22449329 0.01469237
v 0.11600000 0.22029662 0.01446305
v 0.11600000 0.22914729 0.00370889
v 0.11600000 0.22448097 0.00462268
v 0.11600000 0.23087434 0.01412953
v 0.11600000 0.22480500 0.01470561
v 0.11600000 0.19865858 0.03042612
v 0.11600000 0.20194361 0.02452766
v 0.11600000 0.23786209 0.00335398
v 0.11600000 0.23059676 0.00349224
v 0.11600000 0.24645571 0.00342931
v 0.11600000 0.24480556 0.00342638
v 0.11600000 0.27157570 0.00411899
v 0.11600000 0.26622045 0.00424927
v 0.11600000 0.25517207 0.00400603
v 0.11600000 0.25249299 0.00391455
v 0.11600000 0.27958146 0.00375759
v 0.11600000 0.29640110 0.00264018
v 0.11600000 0.29644896 0.00450293
v 0.11600000 0.24664120 0.00348558
v 0.11600000 0.28649413 0.00337553
v 0.11600000 0.28017237 0.00371939
v 0.11600000 0.24705122 0.00350529
v 0.11600000 0.30160995 -0.00016463
v 0.11600000 0.30076410 -0.00017874
v 0.11600000 0.29368460 0.00415823
v 0.11600000 0.28968683 0.00344659
v 0.11600000 0.30206667 -0.00020600
v 0.11600000 -0.00579330 0.00058953
v 0.11600000 -0.00002684 0.00376854
v 0.11600000 0.01342431 0.00367913
v 0.11600000 0.03338492 0.00360736
v 0.11600000 0.09028769 0.00480485
v 0.11600000 0.09195959 0.00482287
v 0.11600000 0.09381412 0.01822943
v 0.11600000 0.05872812 0.02051755
v 0.11600000 0.09139141 0.02768889
v 0.11600000 0.09388292 0.01823048
v 0.11600000 0.09378289 0.04015096
v 0.11600000 0.05862996 0.01584158
v 0.11600000 0.08610493 0.03668344
v 0.11600000 0.09399831 0.01812245
v 0.11600000 0.07020416 0.00500126
v 0.11600000 0.20198367 0.01210381
v 0.11600000 0.22462075 0.01470322
v 0.11600000 0.22195643 0.00456341
v 0.11600000 0.22927984 0.01145271
v 0.11600000 0.22987695 0.00346612
v 0.11600000 0.20028512 0.02755703
v 0.11600000 0.26015485 0.00395931
v 0.11600000 0.29667072 0.00045376
v 0.25296121 0.14205639 0.03830356
v 0.24804652 0.15380508 0.03831213
v 0.24212189 0.14896408 0.03832248
v 0.25585378 0.15037037 0.03829851
v 0.23203299 0.15159452 0.03834008
v 0.23166729 0.14497380 0.03834072
v 0.24695709 0.09936597 0.03831404
v 0.23457162 0.09996902 0.03833565
v 0.26121194 0.14390280 0.03828916
v 0.25861720 0.10262504 0.03829369
v 0.24809905 0.10833803 0.03831204
v 0.23965452 0.10774588 0.03832678
v 0.25340417 0.11269763 0.03830278
v 0.23874298 0.11734292 0.03832837
v 0.24147699 0.13572730 0.03832360
v 0.24086503 0.14086942 0.03832467
v 0.24676901 0.14371283 0.03831436
v 0.25973606 0.11730546 0.03829173
v 0.24658505 0.12114831 0.03831469
v 0.23909451 0.12758951 0.03832776
v 0.23259875 0.12344411 0.03833910
v 0.24793963 0.13250978 0.03831232
v 0.25446997 0.12524039 0.03830092
v 0.26069703 0.13445420 0.03829006
v 0.25471390 0.12978786 0.03830050
v 0.26279810 0.14703002 0.03828639
v 0.26279810 0.11084541 0.03828639
v 0.26279810 0.11235473 0.03828639
v 0.26279810 0.13666538 0.03828639
v 0.26279810 0.14120495 0.03828639
v 0.26279810 0.12585930 0.03828639
v 0.26279810 0.12595033 0.03828639
v 0.26279810 0.13220726 0.03828639
v 0.26279810 0.13348703 0.03828639
v 0.26279810 0.12543158 0.03828639
v 0.26279810 0.10072804 0.03828639
v 0.26279810 0.14349913 0.03828639
v 0.23645691 0.09710000 0.03833236
v 0.24320120 0.09710000 0.03832059
v 0.25034102 0.09710000 0.03830813
v 0.25154331 0.09710000 0.03830603
v 0.23241396 0.09710000 0.03833942
v 0.26278938 0.09710000 0.03828640
v 0.26279810 0.09710000 0.03828639
v 0.24697228 0.09710000 0.03831401
v 0.26108479 0.09710000 0.03828938
v 0.26143241 0.09710000 0.03828877
v 0.25503473 0.15410000 0.03829994
v 0.24820870 0.15410000 0.03831185
v 0.24234136 0.15410000 0.03832209
v 0.23817491 0.15410000 0.03832936
v 0.23280679 0.15410000 0.03833873
v 0.24722627 0.15410000 0.03831357
v 0.26227043 0.15410000 0.03828731
v 0.26048687 0.15410000 0.03829042
v 0.26249927 0.15410000 0.03828691
v 0.26279810 0.15410000 0.03828639
v 0.24769785 0.15410000 0.03831274
v 0.26279782 0.15410000 0.03812371
v 0.23159820 0.11354163 0.03834084
v 0.23159820 0.11197955 0.03834084
v 0.23159820 0.10135108 0.03834084
v 0.23159820 0.09947076 0.03834084
v 0.23159820 0.12328155 0.03834084
v 0.23159820 0.12013850 0.03834084
v 0.23159820 0.09749897 0.03834084
v 0.23159820 0.09710000 0.03834084
v 0.26279811 0.11084541 0.03828639
v 0.26279811 0.12585930 0.03828639
v 0.26279811 0.12595033 0.03828639
v 0.26279811 0.13220726 0.03828639
v 0.27236472 0.15370088 0.03826969
v 0.27797130 0.14780599 0.03825991
v 0.26451766 0.09614480 0.03828339
v 0.26307522 0.07633065 0.03828590
v 0.27066035 0.06910279 0.03827267
v 0.26384651 0.08130029 0.03828456
v 0.26674011 0.08775913 0.03827951
v 0.26731991 0.08918575 0.03827850
v 0.26321642 0.08561201 0.03828566
v 0.26610053 0.08715602 0.03828062
v 0.26565644 0.09330329 0.03828140
v 0.26503898 0.09971129 0.03828248
v 0.26825921 0.14210930 0.03827686
v 0.26612047 0.15358026 0.03828059
v 0.27431709 0.14129162 0.03826628
v 0.26321935 0.11167365 0.03828565
v 0.26599327 0.08622280 0.03828081
v 0.26727586 0.08682519 0.03827857
v 0.26444689 0.13840058 0.03828351
v 0.26296392 0.12587162 0.03828610
v 0.26448291 0.13271148 0.03828345
v 0.28122283 0.06462853 0.03825423
v 0.27092655 0.07669760 0.03827220
v 0.27338714 0.08315498 0.03826791
v 0.27821433 0.08912624 0.03825948
v 0.27888939 0.08128324 0.03825830
v 0.27012813 0.09978998 0.03827359
v 0.27462318 0.09589767 0.03826575
v 0.26574769 0.10618462 0.03828124
v 0.27907779 0.10872956 0.03825797
v 0.28282672 0.10501666 0.03825143
v 0.26982063 0.08651842 0.03827413
v 0.27784948 0.08742773 0.03826012
v 0.27701766 0.08757861 0.03826157
v 0.27501375 0.09286372 0.03826507
v 0.27682206 0.09538274 0.03826191
v 0.27202966 0.10960814 0.03827028
v 0.28026469 0.11429826 0.03825590
v 0.26992229 0.12605398 0.03827395
v 0.26899324 0.11376270 0.03827558
v 0.26833108 0.11847484 0.03827673
v 0.27292940 0.09380455 0.03826871
v 0.26925595 0.08682380 0.03827512
v 0.27728780 0.09220565 0.03826110
v 0.27594979 0.08733869 0.03826343
v 0.27144356 0.09934953 0.03827130
v 0.26634434 0.10134840 0.03828020
v 0.27629626 0.10119386 0.03826283
v 0.26832655 0.09966836 0.03827674
v 0.27782953 0.10202566 0.03826015
v 0.27943470 0.09859634 0.03825735
v 0.27622035 0.10599729 0.03826296
v 0.27685556 0.11489409 0.03826185
v 0.27382204 0.11831408 0.03826715
v 0.28000892 0.12671367 0.03825635
v 0.27126460 0.12746268 0.03827161
v 0.27725478 0.12292454 0.03826116
v 0.27871524 0.13191725 0.03825861
v 0.27099650 0.13881256 0.03827208
v 0.27658855 0.13649150 0.03826232
v 0.27832707 0.14173923 0.03825929
v 0.28112089 0.13952509 0.03825441
v 0.28493471 0.13720585 0.03824775
v 0.26534706 0.12550454 0.03828194
v 0.27009095 0.13244300 0.03827366
v 0.26533605 0.13834074 0.03828196
v 0.27573286 0.12706535 0.03826381
v 0.28370398 0.13982433 0.03824990
v 0.27824879 0.12672279 0.03825942
v 0.28029473 0.13451316 0.03825585
v 0.27619250 0.12124302 0.03826301
v 0.27562007 0.13164364 0.03826401
v 0.28300414 0.13309692 0.03825112
v 0.27832175 0.10911329 0.03825929
v 0.26805681 0.10860733 0.03827721
v 0.27144823 0.13592416 0.03827129
v 0.27471175 0.13764053 0.03826559
v 0.28362798 0.13829967 0.03825003
v 0.28220386 0.13816287 0.03825252
v 0.27607779 0.11099858 0.03826321
v 0.27296486 0.11603222 0.03826864
v 0.26589688 0.12115163 0.03828098
v 0.27340168 0.12338335 0.03826788
v 0.27502856 0.14033688 0.03826504
v 0.26898132 0.13843681 0.03827560
v 0.26279811 0.07119557 0.03828639
v 0.26279811 0.06475211 0.03828639
v 0.26279810 0.08121272 0.03828639
v 0.26279811 0.07650848 0.03828639
v 0.26279810 0.08749181 0.03828639
v 0.26279810 0.08215182 0.03828639
v 0.26279810 0.08566725 0.03828639
v 0.26279810 0.08686166 0.03828639
v 0.26279810 0.09708846 0.03828639
v 0.26279810 0.08782117 0.03828639
v 0.26279810 0.08735946 0.03828639
v 0.26279810 0.08884923 0.03828639
v 0.26279810 0.06439344 0.03828639
v 0.26279810 0.09530355 0.03828639
v 0.26279810 0.09370016 0.03828639
v 0.26279810 0.09441974 0.03828639
v 0.26279810 0.09399843 0.03828639
v 0.26279810 0.09171794 0.03828639
v 0.26279810 0.09413354 0.03828639
v 0.26279810 0.08704802 0.03828639
v 0.26279810 0.08586629 0.03828639
v 0.26279810 0.09414327 0.03828639
v 0.26279811 0.09526113 0.03828639
v 0.26279811 0.07601693 0.03828639
v 0.26279810 0.08960352 0.03828639
v 0.26279810 0.08786262 0.03828639
v 0.28499821 0.07417787 0.03824764
v 0.28499821 0.07807757 0.03824764
v 0.28499821 0.07902164 0.03824764
v 0.28499821 0.07984303 0.03824764
v 0.28499821 0.08630375 0.03824764
v 0.28499821 0.08732668 0.03824764
v 0.28499821 0.09659049 0.03824764
v 0.28499821 0.10189654 0.03824764
v 0.28499821 0.12710721 0.03824764
v 0.28499821 0.13150530 0.03824764
v 0.28499821 0.10836429 0.03824764
v 0.28499821 0.11527129 0.03824764
v 0.28499821 0.13721769 0.03824764
v 0.28499821 0.13789957 0.03824764
v 0.28499821 0.13494498 0.03824764
v 0.28499821 0.14009994 0.03824764
v 0.28499821 0.12161597 0.03824764
v 0.28499821 0.13942565 0.03824764
v 0.28499821 0.13720530 0.03824764
v 0.28499821 0.13874349 0.03824764
v 0.28499821 0.15136606 0.03824764
v 0.28499821 0.06733351 0.03824764
v 0.28499821 0.10474695 0.03824764
v 0.28499821 0.14033035 0.03824764
v 0.27728271 0.15410000 0.03826111
v 0.27277414 0.15410000 0.03826898
v 0.28387800 0.15410000 0.03824960
v 0.28323128 0.15410000 0.03825073
v 0.27034827 0.15410000 0.03827321
v 0.26526315 0.15410000 0.03828209
v 0.26520191 0.15410000 0.03828219
v 0.28402696 0.15410000 0.03824934
v 0.28422221 0.15410000 0.03824900
v 0.27838195 0.15410000 0.03825919
v 0.27048074 0.15410000 0.03827298
v 0.28499821 0.15410000 0.03824764
v 0.27028057 0.06410000 0.03827333
v 0.27952778 0.06410000 0.03825719
v 0.26411093 0.06410000 0.03828410
v 0.26345412 0.06410000 0.03828524
v 0.26279810 0.06410000 0.03828639
v 0.28171715 0.06410000 0.03825337
v 0.28499821 0.06410000 0.03824764
v 0.28102472 0.06410000 0.03825458
v 0.26282923 0.06410000 0.03828633
v 0.28143623 0.06410000 0.03825386
v 0.28493909 0.07417787 0.00437273
v 0.28493918 0.07807757 0.00442559
v 0.28493912 0.07902164 0.00439354
v 0.28493909 0.07984303 0.00437783
v 0.28493915 0.08630375 0.00440677
v 0.28493914 0.08732668 0.00440426
v 0.28493880 0.09659049 0.00420806
v 0.28493930 0.10189654 0.00449365
v 0.28493893 0.12710721 0.00428336
v 0.28493704 0.13150530 0.00320077
v 0.28493977 0.10836429 0.00476623
v 0.28493942 0.11527129 0.00456561
v 0.28496233 0.13721769 0.01769079
v 0.28498733 0.13789957 0.03201383
v 0.28493723 0.13494498 0.00331127
v 0.28494017 0.14009994 0.00499153
v 0.28493936 0.12161597 0.00452896
v 0.28496172 0.13720530 0.01734299
v 0.28499105 0.13874349 0.03414371
v 0.28499152 0.15136606 0.03441651
v 0.28493898 0.06733351 0.00430916
v 0.28493973 0.10474695 0.00474164
v 0.28494035 0.14033035 0.00509898
v 0.27727456 0.15410000 0.03359075
v 0.27276924 0.15410000 0.03546199
v 0.28387111 0.15410000 0.03430538
v 0.28322419 0.15410000 0.03418734
v 0.27034458 0.15410000 0.03616306
v 0.28402011 0.15410000 0.03432802
v 0.28421541 0.15410000 0.03435768
v 0.27837300 0.15410000 0.03312997
v 0.27047699 0.15410000 0.03612478
v 0.28499135 0.15410000 0.03431492
v 0.27022139 0.06410000 0.00436587
v 0.27946850 0.06410000 0.00429436
v 0.26405180 0.06410000 0.00440527
v 0.26339499 0.06410000 0.00440946
v 0.26273899 0.06410000 0.00441737
v 0.28493902 0.06410000 0.00433538
v 0.28165790 0.06410000 0.00430512
v 0.28096546 0.06410000 0.00429613
v 0.26277012 0.06410000 0.00441699
v 0.28137697 0.06410000 0.00430147
v 0.23645692 0.09710000 0.03833236
v 0.25034103 0.09710000 0.03830813
v 0.23241395 0.09710000 0.03833942
v 0.26279811 0.09710000 0.03828639
v 0.24697229 0.09710000 0.03831401
v 0.25592410 0.06823498 0.03829839
v 0.26243967 0.06455377 0.03828701
v 0.23707590 0.06810339 0.03833128
v 0.23693299 0.06858564 0.03833153
v 0.24572140 0.06709174 0.03831619
v 0.25795856 0.07102499 0.03829483
v 0.25236884 0.06818306 0.03830459
v 0.24287956 0.08122959 0.03832115
v 0.25160638 0.09102108 0.03830592
v 0.24190898 0.09152976 0.03832285
v 0.25673016 0.08708033 0.03829698
v 0.25804485 0.09281845 0.03829468
v 0.25249157 0.07448642 0.03830438
v 0.23459046 0.09156805 0.03833562
v 0.26209094 0.09269481 0.03828762
v 0.25631152 0.08067094 0.03829771
v 0.25292013 0.07306942 0.03830363
v 0.24864006 0.07955828 0.03831110
v 0.24985095 0.07239673 0.03830899
v 0.24350930 0.08867386 0.03832005
v 0.23303100 0.07057162 0.03833834
v 0.23637616 0.07808256 0.03833250
v 0.23176546 0.07938925 0.03834055
v 0.23636781 0.08758256 0.03833252
v 0.23205981 0.08119659 0.03834004
v 0.23603363 0.08530236 0.03833310
v 0.23748445 0.08156277 0.03833057
v 0.23543414 0.07402177 0.03833415
v 0.24329248 0.08913737 0.03832043
v 0.25739830 0.08638036 0.03829581
v 0.25072235 0.08251775 0.03830746
v 0.24641166 0.07208093 0.03831499
v 0.25232995 0.09061089 0.03830466
v 0.25846130 0.09000419 0.03829396
v 0.24700564 0.09212528 0.03831395
v 0.25098834 0.09666654 0.03830700
v 0.25130840 0.09106063 0.03830644
v 0.24032179 0.08888030 0.03832562
v 0.24653824 0.08828977 0.03831477
v 0.23805589 0.08840280 0.03832957
v 0.23935822 0.08936798 0.03832730
v 0.24191943 0.09242589 0.03832283
v 0.25933485 0.08859149 0.03829243
v 0.23257601 0.08293636 0.03833914
v 0.23269452 0.08737073 0.03833893
v 0.26217276 0.09466400 0.03828748
v 0.23837160 0.09418625 0.03832902
v 0.25424876 0.08803175 0.03830131
v 0.25941772 0.08792107 0.03829229
v 0.25516048 0.08634727 0.03829972
v 0.23459553 0.08618523 0.03833561
v 0.25926682 0.08967493 0.03829255
v 0.24716297 0.09373829 0.03831368
v 0.24224476 0.09138881 0.03832226
v 0.25459812 0.06410000 0.03830070
v 0.25367760 0.06410000 0.03830231
v 0.23293233 0.06410000 0.03833851
v 0.24074141 0.06410000 0.03832488
v 0.23690628 0.06410000 0.03833158
v 0.24427516 0.06410000 0.03831872
v 0.24637551 0.06410000 0.03831505
v 0.24690307 0.06410000 0.03831413
v 0.24809703 0.06410000 0.03831205
v 0.25174405 0.06410000 0.03830568
v 0.24899102 0.06410000 0.03831049
v 0.24223624 0.06410000 0.03832228
v 0.25855554 0.06410000 0.03829379
v 0.26246252 0.06410000 0.03828697
v 0.26250600 0.06410000 0.03828690
v 0.23684990 0.06410000 0.03833168
v 0.24780832 0.06410000 0.03831255
v 0.25450404 0.06410000 0.03830086
v 0.25824176 0.06410000 0.03829434
v 0.25455458 0.06410000 0.01335459
v 0.23287399 0.06410000 0.00491251
v 0.24421732 0.06410000 0.00517926
v 0.24631702 0.06410000 0.00480264
v 0.24686062 0.06410000 0.01399403
v 0.24805454 0.06410000 0.01396812
v 0.24894855 0.06410000 0.01397590
v 0.24217774 0.06410000 0.00480317
v 0.25849641 0.06410000 0.00441870
v 0.26240341 0.06410000 0.00442086
v 0.26244690 0.06410000 0.00442089
v 0.23680781 0.06410000 0.01421518
v 0.25444461 0.06410000 0.00424966
v 0.25818261 0.06410000 0.00440561
v 0.23159820 0.08793632 0.03834084
v 0.23159820 0.09047594 0.03834084
v 0.23159820 0.08060808 0.03834084
v 0.23159820 0.07382417 0.03834084
v 0.23159820 0.08454827 0.03834084
v 0.23159820 0.08134856 0.03834084
v 0.23159820 0.07791595 0.03834084
v 0.23159820 0.06815990 0.03834084
v 0.23159820 0.09204132 0.03834084
v 0.23159820 0.08865953 0.03834084
v 0.23159820 0.07101420 0.03834084
v 0.23159820 0.07355900 0.03834084
v 0.23159820 0.08205179 0.03834084
v 0.23159820 0.08372153 0.03834084
v 0.23159820 0.08752922 0.03834084
v 0.23159820 0.08517401 0.03834084
v 0.23159820 0.08522679 0.03834084
v 0.23159820 0.07998595 0.03834084
v 0.23159820 0.09050605 0.03834084
v 0.23159820 0.08886349 0.03834084
v 0.23159820 0.09092449 0.03834084
v 0.23159820 0.09239307 0.03834084
v 0.23159820 0.09146557 0.03834084
v 0.23159820 0.09601721 0.03834084
v 0.23159820 0.06533009 0.03834084
v 0.23159820 0.06410000 0.03834084
v 0.23159820 0.06598894 0.03834084
v 0.23159820 0.06546058 0.03834084
v 0.23157704 0.06410000 0.02621825
v 0.23153938 0.06410000 0.00464073
v 0.23157389 0.06410000 0.02441654
v 0.23155601 0.06410000 0.01416845
v 0.23159820 0.07939440 0.03834084
v 0.23159820 0.08079975 0.03834084
v 0.23159820 0.08817252 0.03834084
v 0.23159820 0.06815247 0.03834084
v 0.23159820 0.06983407 0.03834084
v 0.23159820 0.09069438 0.03834084
v 0.23159820 0.09176708 0.03834084
v 0.23159820 0.08124945 0.03834084
v 0.23159820 0.08097972 0.03834084
v 0.23159820 0.07015786 0.03834084
v 0.23159820 0.08568255 0.03834084
v 0.23159820 0.08780665 0.03834084
v 0.23159820 0.06689673 0.03834084
v 0.23159820 0.06652081 0.03834084
v 0.26520209 0.15410000 0.03838530
v 0.42711727 0.12343986 0.09616473
v 0.42274293 0.12074876 0.08875182
v 0.42201399 0.11542897 0.09470689
v 0.40639929 0.08780795 0.09483645
v 0.41148264 0.09803473 0.09297169
v 0.40407465 0.08534180 0.09242627
v 0.40394522 0.08863038 0.08723533
v 0.40923086 0.09990523 0.08435003
v 0.40016163 0.10184191 0.05788701
v 0.39496665 0.09290495 0.05755743
v 0.41206434 0.11765970 0.06551834
v 0.40488802 0.11059908 0.05726237
v 0.40552704 0.10556309 0.06635889
v 0.40096215 0.09374010 0.07192915
v 0.41767950 0.12730183 0.06590066
v 0.41170077 0.12269455 0.05714039
v 0.41362716 0.11181644 0.07821078
v 0.40980093 0.09008752 0.10032515
v 0.41165446 0.09510373 0.09774517
v 0.41343232 0.09553805 0.10173132
v 0.41469551 0.09676939 0.10320151
v 0.40600839 0.08455288 0.09862371
v 0.40643706 0.08443728 0.09991003
v 0.41664780 0.10868385 0.09069643
v 0.41654787 0.10499112 0.09588698
v 0.41790210 0.10330598 0.10189898
v 0.41998250 0.10664103 0.10239093
v 0.42307124 0.11307979 0.10092607
v 0.42746516 0.12125794 0.10029079
v 0.42685314 0.11911898 0.10185506
v 0.42360968 0.11455733 0.10014653
v 0.40614453 0.08404878 0.09972212
v 0.41875195 0.10237175 0.10548982
v 0.41964797 0.10384727 0.10564394
v 0.41988318 0.10423093 0.10568983
v 0.42337257 0.11056587 0.10542098
v 0.42358653 0.11197392 0.10389953
v 0.40654255 0.08457830 0.09997642
v 0.40803871 0.08697867 0.10032744
v 0.41002767 0.09136669 0.09902717
v 0.41116048 0.09305070 0.09948984
v 0.42758566 0.11858619 0.10454803
v 0.41233689 0.09426530 0.10075887
v 0.42503094 0.11418205 0.10439958
v 0.41406673 0.09403724 0.10559774
v 0.41886045 0.10152805 0.10701757
v 0.41888843 0.10131052 0.10741145
v 0.41390543 0.09356887 0.10586928
v 0.42045127 0.10387626 0.10769192
v 0.41333412 0.09190985 0.10683111
v 0.41590102 0.09507578 0.10883889
v 0.41598235 0.09521759 0.10884125
v 0.41626783 0.09571540 0.10884951
v 0.41678136 0.09661082 0.10886437
v 0.41585792 0.09500065 0.10883764
v 0.41687191 0.09676871 0.10886699
v 0.41541506 0.09422844 0.10882483
v 0.41544708 0.09428425 0.10882576
v 0.41776179 0.09832038 0.10889273
v 0.41815555 0.09900699 0.10890413
v 0.41524003 0.09392322 0.10881977
v 0.42092923 0.10384341 0.10898439
v 0.41231322 0.08881980 0.10873508
v 0.42159632 0.10500659 0.10900369
v 0.40275465 0.08280506 0.09273508
v 0.40303622 0.08262706 0.09373065
v 0.39804020 0.08578541 0.07606569
v 0.39944512 0.08489726 0.08103321
v 0.40110708 0.08384661 0.08690960
v 0.40237548 0.08304476 0.09139442
v 0.39288618 0.08904365 0.05784204
v 0.39514073 0.08761838 0.06581369
v 0.40485340 0.08147828 0.10015587
v 0.40506584 0.08134399 0.10090701
v 0.40366938 0.08222680 0.09596939
v 0.39137714 0.08999763 0.05250636
v 0.39190446 0.08966428 0.05437084
v 0.40474544 0.08154654 0.09977412
v 0.40471368 0.08156661 0.09966185
v 0.39575547 0.08722976 0.06798729
v 0.40434091 0.08180227 0.09834380
v 0.40475104 0.08154299 0.09979392
v 0.42159631 0.10500659 0.10900369
v 0.40471369 0.08156661 0.09966185
v 0.40614453 0.08404877 0.09972212
v 0.41964796 0.10384727 0.10564394
v 0.41988317 0.10423092 0.10568983
v 0.42337256 0.11056587 0.10542098
v 0.40654254 0.08457830 0.09997642
v 0.40803872 0.08697867 0.10032744
v 0.41002767 0.09136668 0.09902717
v 0.41116047 0.09305069 0.09948984
v 0.42758566 0.11858618 0.10454803
v 0.41233688 0.09426529 0.10075887
v 0.42503094 0.11418205 0.10439957
v 0.41406672 0.09403723 0.10559774
v 0.41886045 0.10152804 0.10701757
v 0.41390543 0.09356886 0.10586928
v 0.42045127 0.10387625 0.10769192
v 0.41333412 0.09190985 0.10683110
v 0.39844848 0.10240478 0.05259737
v 0.39814061 0.10186795 0.05258846
v 0.41063131 0.12364780 0.05294989
v 0.41016795 0.12283984 0.05293648
v 0.41134840 0.12489818 0.05297064
v 0.41085904 0.12404489 0.05295648
v 0.39999373 0.10509921 0.05264208
v 0.39967130 0.10453699 0.05263275
v 0.39698439 0.09985188 0.05255500
v 0.39287074 0.09267896 0.05243597
v 0.40995068 0.12246099 0.05293020
v 0.40463124 0.11318557 0.05277627
v 0.39134474 0.09001810 0.05239182
v 0.42726525 0.12390043 0.09587003
v 0.42561933 0.12494094 0.09005038
v 0.42127610 0.12768661 0.07469356
v 0.41981194 0.12861221 0.06951657
v 0.41767193 0.12996507 0.06194990
v 0.41624402 0.13086776 0.05690105
v 0.42233908 0.12701462 0.07845205
v 0.42387692 0.12604244 0.08388956
v 0.42880409 0.12292761 0.10131109
v 0.42854653 0.12309044 0.10040040
v 0.42846469 0.12314217 0.10011103
v 0.42743135 0.12379542 0.09645735
v 0.42921462 0.12266809 0.10276263
v 0.42948645 0.12249624 0.10372379
v 0.41592241 0.13107107 0.05576393
v 0.42732286 0.12386401 0.09607373
v 0.41874288 0.12928804 0.06573657
v 0.41516364 0.13155075 0.05308104
v 0.42167331 0.10514084 0.10900591
v 0.41209687 0.08844256 0.10872882
v 0.40470766 0.08157042 0.09964053
v 0.41988194 0.10420104 0.10573073
v 0.42304005 0.10993455 0.10548740
v 0.40801754 0.08694132 0.10032746
v 0.40996153 0.09123012 0.09905659
v 0.42494963 0.11396177 0.10451311
v 0.42731436 0.11803836 0.10465052
v 0.41379992 0.09352277 0.10566272
v 0.41324455 0.09191006 0.10659767
v 0.41885812 0.10251838 0.10554971
v 0.41966906 0.10385381 0.10568919
v 0.42341460 0.11061453 0.10545854
v 0.42361265 0.11191787 0.10405024
v 0.40655520 0.08459522 0.09998438
v 0.41003039 0.09138205 0.09901157
v 0.41113158 0.09301906 0.09946133
v 0.41227515 0.09419976 0.10069494
v 0.41395671 0.09397806 0.10539875
v 0.41895631 0.10175476 0.10693242
v 0.41898164 0.10155791 0.10728890
v 0.42039610 0.10388004 0.10754273
v 0.41258599 0.08992302 0.10781660
v 0.42068212 0.10416238 0.10787040
v 0.40610944 0.08400217 0.09969958
v 0.40649937 0.08452094 0.09994871
v 0.42824516 0.11985182 0.10439637
v 0.42952029 0.12247485 0.10384343
v 0.42761834 0.11856241 0.10466818
v 0.41319322 0.09176101 0.10668409
v 0.40650193 0.08452434 0.09995034
v 0.43404825 0.09812274 0.10425124
v 0.42447182 0.08142445 0.10397415
v 0.41708260 0.07455232 0.09488586
v 0.43225689 0.09718294 0.10097606
v 0.43541500 0.10291645 0.10073273
v 0.42039249 0.07992322 0.09557279
v 0.42233647 0.08421202 0.09430192
v 0.43732458 0.10694366 0.09975844
v 0.43968930 0.11102026 0.09989585
v 0.42617487 0.08650466 0.10090805
v 0.42561949 0.08489195 0.10184300
v 0.43123306 0.09550028 0.10079504
v 0.43204401 0.09683571 0.10093452
v 0.43578954 0.10359643 0.10070387
v 0.43598760 0.10489976 0.09929557
v 0.41893015 0.07757711 0.09522971
v 0.42240534 0.08436394 0.09425690
v 0.42350653 0.08600095 0.09470666
v 0.42465010 0.08718165 0.09594027
v 0.42633166 0.08695996 0.10064408
v 0.43133126 0.09473666 0.10217775
v 0.43135659 0.09453980 0.10253423
v 0.43277105 0.09686194 0.10278806
v 0.42496093 0.08290491 0.10306193
v 0.43305706 0.09714428 0.10311573
v 0.41848439 0.07698407 0.09494491
v 0.41887432 0.07750284 0.09519404
v 0.44189524 0.11545675 0.09908876
v 0.44062011 0.11283371 0.09964170
v 0.43999329 0.11154430 0.09991351
v 0.42556817 0.08474290 0.10192942
v 0.41887687 0.07750624 0.09519567
v 0.49096505 0.03352123 0.01411596
v 0.41071606 0.07903220 0.04494902
v 0.42028785 0.09234165 0.04462154
v 0.41271709 0.08385108 0.04524466
v 0.42200425 0.09438905 0.04450217
v 0.42192673 0.09423641 0.04449680
v 0.48332601 0.05409063 0.01995408
v 0.48663974 0.05271246 0.01877048
v 0.49108947 0.05244262 0.01746376
v 0.49040804 0.04949592 0.01712964
v 0.48843502 0.05196580 0.01812924
v 0.49057086 0.05234946 0.01759378
v 0.47394876 0.04419152 0.02083628
v 0.47415168 0.04726865 0.02132905
v 0.49025171 0.04759635 0.01683422
v 0.49048513 0.04218105 0.01580000
v 0.47501170 0.05434285 0.02235063
v 0.47648279 0.05725177 0.02245467
v 0.48015990 0.06532158 0.02285752
v 0.48057299 0.06371877 0.02245412
v 0.42713489 0.10449140 0.04485733
v 0.42582879 0.10572842 0.04544789
v 0.42679122 0.10481689 0.04501272
v 0.43862974 0.11459030 0.04341195
v 0.42916388 0.10871680 0.04503896
v 0.48197919 0.05480059 0.02046192
v 0.48085176 0.05691711 0.02115920
v 0.47431234 0.04970504 0.02171922
v 0.47428135 0.05248480 0.02222498
v 0.49065475 0.03824588 0.01504845
v 0.49082147 0.03686054 0.01475361
v 0.49015888 0.04785726 0.01690712
v 0.49009553 0.04814452 0.01697640
v 0.48115179 0.06147299 0.02188890
v 0.47827583 0.06079731 0.02258147
v 0.49403076 0.08432619 0.02233242
v 0.49352937 0.08467030 0.02253575
v 0.49518323 0.08436780 0.02201392
v 0.49523086 0.08590195 0.02227474
v 0.49298654 0.08568420 0.02287055
v 0.49436501 0.08654293 0.02263422
v 0.41218453 0.08303679 0.04524969
v 0.41189000 0.08276113 0.04528371
v 0.42770085 0.10780900 0.04529043
v 0.42625368 0.10632133 0.04543373
v 0.47403623 0.04341292 0.02067233
v 0.47399644 0.04376710 0.02074691
v 0.49085948 0.03597661 0.01458482
v 0.41155240 0.08168877 0.04518746
v 0.47401374 0.04313469 0.02062895
v 0.42135602 0.09343953 0.04451573
v 0.42163285 0.09367805 0.04448008
v 0.42182009 0.09382922 0.04445416
v 0.47398705 0.04385071 0.02076451
v 0.46303575 0.10336752 0.09699071
v 0.47862117 0.09483103 0.07278288
v 0.47453338 0.09711235 0.07658073
v 0.47317114 0.09786050 0.07857486
v 0.48061452 0.09354977 0.08110327
v 0.47912651 0.09453244 0.07331233
v 0.47280244 0.09799057 0.08347872
v 0.47653184 0.09584650 0.08379576
v 0.47858815 0.09467920 0.08307330
v 0.46268138 0.10395755 0.07368175
v 0.45936312 0.10599246 0.06573418
v 0.46283252 0.10385455 0.07466539
v 0.46303045 0.10373050 0.07530046
v 0.44630699 0.11379132 0.04698134
v 0.44473755 0.11469761 0.04660623
v 0.45317783 0.10973359 0.05405094
v 0.45089218 0.11112111 0.04942834
v 0.46353742 0.10331029 0.08310212
v 0.44282927 0.11491036 0.09973488
v 0.44507182 0.11360032 0.10117746
v 0.44211429 0.11532803 0.09927496
v 0.44527546 0.11346787 0.10212112
v 0.44561292 0.11324839 0.10368487
v 0.46355784 0.10312408 0.09361710
v 0.44168303 0.11648809 0.04427340
v 0.47778275 0.09512833 0.08384240
v 0.47724732 0.09543047 0.08414001
v 0.47897270 0.09463257 0.07259345
v 0.47898648 0.09462632 0.07249399
v 0.47883562 0.09471234 0.07252413
v 0.45478518 0.10878915 0.05541470
v 0.46429398 0.10273972 0.09133832
v 0.46406737 0.10285559 0.09218739
v 0.44524490 0.11348775 0.10197953
v 0.44051854 0.11717143 0.04333924
v 0.44644863 0.06128657 0.09415816
v 0.44841219 0.06243146 0.09380752
v 0.45093995 0.06390530 0.09335613
v 0.45246650 0.06524158 0.09316331
v 0.46049955 0.08126123 0.09375558
v 0.46082332 0.08257813 0.09389946
v 0.45914080 0.07393597 0.09283016
v 0.45912176 0.07498752 0.09302356
v 0.45725479 0.07098731 0.09283637
v 0.45853895 0.07299501 0.09283214
v 0.43794791 0.10316390 0.10404966
v 0.43584721 0.09972293 0.10402857
v 0.46368416 0.09126006 0.09464261
v 0.46276523 0.09929085 0.09633834
v 0.42263648 0.07603584 0.10352978
v 0.44099261 0.10758776 0.10397951
v 0.43863245 0.10415851 0.10403389
v 0.44324144 0.11067045 0.10389465
v 0.44399413 0.05949847 0.09453264
v 0.44576994 0.06376934 0.09479401
v 0.45609559 0.06591179 0.09225675
v 0.45369346 0.06631562 0.09300832
v 0.46102066 0.08338082 0.09398716
v 0.45911428 0.07540033 0.09309948
v 0.46259384 0.10078868 0.09665462
v 0.44264242 0.11001929 0.10394764
v 0.42434054 0.08103901 0.10394236
v 0.43501875 0.09871862 0.10408331
v 0.43536319 0.09893011 0.10402371
v 0.47995784 0.03963406 0.02615443
v 0.47927099 0.04001824 0.02674073
v 0.49114585 0.03336012 0.01757611
v 0.48988506 0.03406446 0.01870419
v 0.47741282 0.04106420 0.02792776
v 0.48891975 0.03457776 0.02113265
v 0.48867127 0.03467528 0.02384334
v 0.48794190 0.03505365 0.02624902
v 0.48734689 0.03534261 0.02939969
v 0.48391057 0.03733775 0.02792779
v 0.45549919 0.05271871 0.08294054
v 0.45469088 0.05317624 0.08330358
v 0.45666770 0.05213018 0.07802254
v 0.45670441 0.05210896 0.07803263
v 0.45672577 0.05209595 0.07807822
v 0.45629853 0.05227427 0.08209755
v 0.43992351 0.06185200 0.07084793
v 0.44332150 0.05988427 0.07199204
v 0.43355856 0.06555784 0.06750040
v 0.41552653 0.07613583 0.05323957
v 0.42338740 0.07149589 0.06117866
v 0.42158142 0.07199685 0.09340353
v 0.42155102 0.07203714 0.09202634
v 0.47426803 0.04296914 0.02181675
v 0.49101818 0.03347388 0.01513284
v 0.41099699 0.07885807 0.04573357
v 0.41220663 0.07810829 0.04911164
v 0.42034386 0.07272170 0.09249285
v 0.45052993 0.05543327 0.09109376
v 0.45024150 0.05558490 0.09192410
v 0.44983858 0.05581397 0.09204482
v 0.44545156 0.05830811 0.09335935
v 0.42161381 0.07186710 0.10010269
v 0.45022383 0.05559495 0.09192939
v 0.42161608 0.07185803 0.10057131
v 0.44402869 0.05911217 0.09407942
v 0.44396305 0.05914320 0.09447792
v 0.47655698 0.04153781 0.02896501
v 0.47553915 0.04211054 0.02962779
v 0.45763416 0.05152466 0.08111146
v 0.45714127 0.05179696 0.08173645
v 0.44433176 0.05894523 0.09366542
v 0.45251457 0.05459021 0.07330911
v 0.42715628 0.06927814 0.06457181
v 0.42870242 0.06837355 0.06564889
v 0.47447277 0.04283085 0.02307488
v 0.42057209 0.07259228 0.09240465
v 0.44425417 0.05898835 0.09374877
v 0.44424128 0.05899551 0.09376261
v 0.44421772 0.05900860 0.09378792
v 0.42162811 0.07180984 0.10305939
v 0.44412918 0.05905907 0.09380643
v 0.48231954 0.05471756 0.02121912
v 0.48840241 0.05259095 0.02079915
v 0.47460092 0.04877660 0.02974311
v 0.47937613 0.04245150 0.02584880
v 0.49095047 0.03696318 0.01745153
v 0.48738459 0.04206939 0.02936484
v 0.48841807 0.03828508 0.02381219
v 0.49170919 0.05281718 0.01841881
v 0.49029027 0.04781319 0.01740335
v 0.48608173 0.04886986 0.02836248
v 0.47890322 0.04673717 0.02691083
v 0.47944299 0.05096460 0.03081307
v 0.47452867 0.05270711 0.02262880
v 0.48932394 0.04296096 0.01876566
v 0.47974659 0.05862440 0.02501725
v 0.47983258 0.05196636 0.02446880
v 0.48793298 0.05287751 0.02820308
v 0.49445761 0.08578421 0.02331438
v 0.45599846 0.05415412 0.08283147
v 0.45672626 0.05213149 0.07803110
v 0.46344937 0.06222906 0.08100000
v 0.45872174 0.05887767 0.08388294
v 0.45074096 0.05629490 0.09184185
v 0.41722812 0.08003708 0.05267772
v 0.41254108 0.08234884 0.04710770
v 0.47988188 0.09212126 0.08112210
v 0.47638309 0.08649495 0.08150998
v 0.47030733 0.08964231 0.08479422
v 0.47176537 0.09584740 0.07643939
v 0.47067157 0.09522481 0.08261409
v 0.47709402 0.09148806 0.07355010
v 0.46631067 0.07761516 0.06893725
v 0.46593531 0.07073524 0.06610864
v 0.46239516 0.07550126 0.06722704
v 0.44542552 0.07421520 0.06639940
v 0.45565628 0.06765214 0.06684326
v 0.46089245 0.06487393 0.06962416
v 0.46642384 0.07572501 0.07048640
v 0.44982682 0.06101164 0.09178939
v 0.47106984 0.08331862 0.07169995
v 0.45509197 0.05575616 0.07190343
v 0.44174889 0.06373866 0.06979186
v 0.43003321 0.07947917 0.06001209
v 0.43461560 0.07182420 0.06595151
v 0.44259791 0.08898227 0.05878235
v 0.46858030 0.07131988 0.08117148
v 0.46497693 0.07195880 0.08470853
v 0.43136352 0.10156997 0.05032253
v 0.42622620 0.10558791 0.04687413
v 0.46313474 0.10256435 0.07406327
v 0.44369379 0.11381914 0.04652728
v 0.44844192 0.10551262 0.05254983
v 0.46607261 0.07901480 0.08436986
v 0.45974060 0.09226737 0.06451051
v 0.47059158 0.09263905 0.07144655
v 0.47436468 0.08485452 0.06842681
v 0.47125915 0.08526995 0.07033680
v 0.42506490 0.08344469 0.09272840
v 0.46130429 0.06269881 0.06579830
v 0.45700711 0.05556522 0.06891981
v 0.42266083 0.07650298 0.09435078
v 0.43294717 0.09649994 0.10109624
v 0.46602749 0.09599202 0.08608198
v 0.45219806 0.06240270 0.08820366
v 0.45695508 0.06452016 0.08845933
v 0.46541878 0.08871877 0.08996574
v 0.43722925 0.10368229 0.10081930
v 0.44208810 0.11025313 0.10172331
v 0.41598234 0.09521759 0.10884124
v 0.41626784 0.09571540 0.10884951
v 0.41678135 0.09661081 0.10886437
v 0.41585792 0.09500064 0.10883764
v 0.41687191 0.09676872 0.10886699
v 0.41541506 0.09422843 0.10882483
v 0.41544708 0.09428426 0.10882576
v 0.41524003 0.09392323 0.10881977
v 0.42159631 0.10500659 0.10900368
v 0.41606838 0.09511385 0.10921832
v 0.41637296 0.09564493 0.10922713
v 0.39771096 0.06310429 0.10868713
v 0.41748303 0.09758054 0.10925925
v 0.39797807 0.06357004 0.10869486
v 0.39818602 0.06393265 0.10870087
v 0.41560926 0.09431328 0.10920503
v 0.42106925 0.10383379 0.10936302
v 0.39666000 0.06127174 0.10865672
v 0.39813050 0.06407892 0.10834046
v 0.39805055 0.06369643 0.10869695
v 0.41211544 0.08822117 0.10910393
v 0.42193176 0.10533772 0.10938797
v 0.41211544 0.08822116 0.10910393
v 0.42193176 0.10533772 0.10938798
v 0.39806498 0.06397536 0.10832279
v 0.39825126 0.06430018 0.10832818
v 0.39829012 0.06436792 0.10832930
v 0.39787623 0.06364624 0.10831733
v 0.39712795 0.06234148 0.10829568
v 0.39655319 0.06133926 0.10827904
v 0.39813382 0.06409540 0.10832478
v 0.39813402 0.06409574 0.10832479
v 0.39813401 0.06409573 0.10832479
v 0.39813402 0.06409573 0.10832479
v 0.39805353 0.06370161 0.10869703
v 0.39809987 0.06392334 0.10849038
v 0.42196368 0.10542749 0.10933857
v 0.41200211 0.08815573 0.10890555
v 0.39813675 0.06409979 0.10832592
v 0.39813699 0.06410092 0.10832487
v 0.42200875 0.10547198 0.10939020
v 0.39813409 0.06408703 0.10833782
v 0.41189909 0.08784392 0.10909767
v 0.41042847 0.05668351 0.10394236
v 0.41047482 0.05690523 0.10373571
v 0.43433863 0.09840938 0.10458390
v 0.42437705 0.08113762 0.10415088
v 0.41051170 0.05708168 0.10357125
v 0.41051193 0.05708281 0.10357020
v 0.43438370 0.09845387 0.10463553
v 0.41050903 0.05706892 0.10358315
v 0.42427404 0.08082581 0.10434300
v 0.44562686 0.11323932 0.10374947
v 0.44569636 0.11319412 0.10407151
v 0.46300554 0.10338161 0.09718597
v 0.46296686 0.10339964 0.09743588
v 0.43230026 0.05374986 0.09723206
v 0.43178570 0.05456810 0.09752388
v 0.43314173 0.05370539 0.09698612
v 0.43830713 0.04754684 0.09442415
v 0.43893783 0.04966482 0.09462445
v 0.44580746 0.04939489 0.09263331
v 0.41133168 0.05709587 0.10376065
v 0.41053413 0.05663306 0.10390346
v 0.44158368 0.03853260 0.09188580
v 0.44152343 0.04126753 0.09239182
v 0.44144070 0.04141595 0.09244175
v 0.44126029 0.04221558 0.09263574
v 0.44583801 0.04965860 0.09267182
v 0.44378155 0.05794531 0.09473503
v 0.43233976 0.05496992 0.09743902
v 0.41823996 0.06366438 0.10298124
v 0.41637258 0.05877284 0.10263480
v 0.44395536 0.05993179 0.09504104
v 0.44690051 0.06701496 0.09547450
v 0.44802611 0.06289733 0.09441996
v 0.45598639 0.06608859 0.09273920
v 0.45729287 0.07180893 0.09339245
v 0.45327909 0.06654372 0.09358625
v 0.46052574 0.08278014 0.09443969
v 0.46348897 0.09154603 0.09516889
v 0.45871982 0.07519543 0.09359435
v 0.46018362 0.08138858 0.09428764
v 0.42263537 0.07601465 0.10394625
v 0.43568262 0.09925141 0.10441076
v 0.46246663 0.10048051 0.09705544
v 0.42116449 0.06985027 0.10326011
v 0.41839468 0.06429116 0.10304954
v 0.44273850 0.10997876 0.10433318
v 0.44080274 0.10712578 0.10437056
v 0.41530809 0.05819350 0.10283228
v 0.44586861 0.04939669 0.09261634
v 0.44590325 0.04939489 0.09260622
v 0.44610997 0.04971188 0.09260443
v 0.45128261 0.06479608 0.09383843
v 0.45874017 0.07407169 0.09338768
v 0.43803350 0.10310216 0.10443437
v 0.44154871 0.03581436 0.09140969
v 0.43183355 0.05460712 0.09721305
v 0.44188877 0.04175611 0.09196108
v 0.44181380 0.03567097 0.09088913
v 0.44185115 0.03857432 0.09139766
v 0.44189203 0.04175349 0.09195451
v 0.44188231 0.04177620 0.09196132
v 0.43852144 0.04784353 0.09399663
v 0.41645588 0.05879982 0.10219612
v 0.41543125 0.05824218 0.10238620
v 0.44558708 0.04938601 0.09227410
v 0.44561685 0.04938446 0.09226540
v 0.44610530 0.04935910 0.09212273
v 0.44629818 0.04965486 0.09212106
v 0.44467223 0.04935905 0.09252802
v 0.44472237 0.04936053 0.09251410
v 0.41530701 0.05817456 0.10240925
v 0.41149930 0.05712349 0.10329823
v 0.44919776 0.05410122 0.09209597
v 0.44910713 0.05408346 0.09211842
v 0.41845694 0.06433301 0.10261947
v 0.41830825 0.06373065 0.10255382
v 0.42122944 0.07013902 0.10287341
v 0.43903865 0.04958041 0.09416089
v 0.41101539 0.05698992 0.10341121
v 0.41087594 0.05690900 0.10343618
v 0.44512930 0.05330413 0.09310410
v 0.44388933 0.05830070 0.09434813
v 0.41825333 0.06350818 0.10252958
v 0.42111885 0.06967556 0.10282183
v 0.44181877 0.03605735 0.09095680
v 0.41051744 0.05708018 0.10356817
v 0.44189121 0.04175986 0.09195588
v 0.44189276 0.04177137 0.09195750
v 0.41606838 0.09511384 0.10921832
v 0.41748302 0.09758053 0.10925924
v 0.39818603 0.06393265 0.10870087
v 0.39797807 0.06357004 0.10869485
v 0.39771096 0.06310428 0.10868713
v 0.38727456 0.04490649 0.10838514
v 0.38658536 0.04370474 0.10836519
v 0.38660640 0.04374144 0.10836580
v 0.38924475 0.04834189 0.10844215
v 0.38779957 0.04582195 0.10840033
v 0.39089855 0.05122558 0.10849000
v 0.38963369 0.04902007 0.10845340
v 0.39178492 0.05277114 0.10851565
v 0.39388926 0.05644045 0.10857654
v 0.38752482 0.04534287 0.10839238
v 0.38734748 0.04503364 0.10838724
v 0.39540381 0.05908135 0.10862036
v 0.38667117 0.04363577 0.10869035
v 0.38694683 0.04411642 0.10869833
v 0.38672154 0.04372359 0.10869181
v 0.38783594 0.04566675 0.10872406
v 0.38908030 0.04783652 0.10876006
v 0.38959573 0.04873526 0.10877498
v 0.39037998 0.05010276 0.10879767
v 0.39096795 0.05112798 0.10881469
v 0.39178211 0.05254764 0.10883824
v 0.39192956 0.05280473 0.10884251
v 0.39376026 0.05599689 0.10889548
v 0.39797709 0.06334973 0.10901750
v 0.41552614 0.09394974 0.10952530
v 0.41724288 0.09694319 0.10957497
v 0.41976075 0.10133356 0.10964783
v 0.42118987 0.10382550 0.10968918
v 0.39756859 0.06263743 0.10900568
v 0.39798578 0.06336487 0.10901775
v 0.38744667 0.04498798 0.10871279
v 0.38759937 0.04525424 0.10871721
v 0.38667959 0.04365044 0.10869060
v 0.38935457 0.04831477 0.10876800
v 0.38738388 0.04487850 0.10871098
v 0.39421251 0.05678549 0.10890857
v 0.39554254 0.05910463 0.10894706
v 0.41624968 0.09521135 0.10954624
v 0.41646352 0.09558423 0.10955242
v 0.39790320 0.06322089 0.10901536
v 0.39809636 0.06355768 0.10902095
v 0.41592733 0.09464929 0.10953691
v 0.38683278 0.04413616 0.10837236
v 0.42211703 0.10557887 0.10951425
v 0.39804995 0.06368453 0.10871296
v 0.38690781 0.04410764 0.10860973
v 0.38693571 0.04409704 0.10869801
v 0.41179261 0.08752165 0.10929622
v 0.41172870 0.08732820 0.10941542
v 0.39801939 0.06353832 0.10884923
v 0.39806410 0.06354136 0.10896111
v 0.41189907 0.08784389 0.10909767
v 0.39808792 0.06354298 0.10902071
v 0.42229771 0.10575723 0.10972124
v 0.39606105 0.03831056 0.10508260
v 0.39480462 0.03966009 0.10567923
v 0.39289246 0.04279908 0.10678125
v 0.39584262 0.04400146 0.10616186
v 0.39689824 0.04459385 0.10596923
v 0.39821236 0.04566085 0.10578834
v 0.39919756 0.04646078 0.10565272
v 0.40148371 0.04704564 0.10511072
v 0.40189772 0.04715156 0.10501257
v 0.40188263 0.05139052 0.10577473
v 0.42824409 0.09070416 0.10534812
v 0.43096236 0.09498088 0.10534398
v 0.40445570 0.05873159 0.10635953
v 0.40526850 0.05923468 0.10621961
v 0.39216152 0.04231409 0.10690127
v 0.39209498 0.04270468 0.10698992
v 0.39649288 0.04426648 0.10602534
v 0.39281251 0.04179981 0.10662520
v 0.40187890 0.05243771 0.10596301
v 0.40270293 0.05504381 0.10619591
v 0.42708976 0.08906370 0.10538129
v 0.42690272 0.08966392 0.10554150
v 0.40833510 0.05730473 0.10500725
v 0.41023967 0.05639535 0.10430601
v 0.40548394 0.05936803 0.10618252
v 0.42687321 0.08844163 0.10533131
v 0.39680224 0.03800660 0.10481863
v 0.42660857 0.08766464 0.10526724
v 0.43250523 0.09740832 0.10534163
v 0.39920772 0.03711805 0.10361768
v 0.43449198 0.09856076 0.10475958
v 0.41042490 0.05666642 0.10395829
v 0.39931066 0.03707893 0.10394334
v 0.39928276 0.03708954 0.10385506
v 0.42410364 0.08031009 0.10466075
v 0.42416756 0.08050354 0.10454155
v 0.41039434 0.05652021 0.10409456
v 0.41043905 0.05652325 0.10420644
v 0.42427402 0.08082578 0.10434300
v 0.41046287 0.05652487 0.10426604
v 0.43467266 0.09873912 0.10496657
v 0.44395805 0.04953685 0.09354351
v 0.44559505 0.04995736 0.09315571
v 0.43285516 0.05273063 0.09725466
v 0.43219803 0.05377558 0.09762734
v 0.42401839 0.03176169 0.09600480
v 0.42420233 0.03180059 0.09595974
v 0.40724399 0.03314762 0.10099674
v 0.40791603 0.03361753 0.10089069
v 0.41456964 0.04032837 0.10020876
v 0.41585467 0.03967774 0.09972900
v 0.40029661 0.03671431 0.10359930
v 0.40115470 0.03619496 0.10326376
v 0.43378202 0.02922196 0.09278936
v 0.43618565 0.02951576 0.09216210
v 0.43469709 0.05263328 0.09671631
v 0.43359304 0.05269162 0.09703900
v 0.43812252 0.04729127 0.09479242
v 0.43839897 0.04821963 0.09488022
v 0.41160414 0.05718714 0.10406167
v 0.41098045 0.05682522 0.10417335
v 0.41805649 0.03643560 0.09852661
v 0.41858829 0.03561354 0.09822923
v 0.44131757 0.03572100 0.09182013
v 0.44126152 0.03826573 0.09229096
v 0.44104988 0.04111926 0.09286100
v 0.44087031 0.04191516 0.09305409
v 0.44120477 0.04084138 0.09276751
v 0.44112863 0.04097798 0.09281347
v 0.43294163 0.05540128 0.09770769
v 0.43412235 0.05353953 0.09704089
v 0.42458715 0.03188197 0.09586545
v 0.42506987 0.03126305 0.09561827
v 0.43039095 0.02820564 0.09356672
v 0.43095861 0.02837577 0.09343659
v 0.42881675 0.02812380 0.09399730
v 0.42905779 0.02813633 0.09393137
v 0.41822844 0.06379893 0.10337032
v 0.41804068 0.06330711 0.10333548
v 0.44368870 0.05763917 0.09506831
v 0.44376439 0.05850423 0.09520157
v 0.44787442 0.06981085 0.09606070
v 0.44862709 0.06705753 0.09535556
v 0.44392196 0.06030507 0.09547898
v 0.44699749 0.06770180 0.09593164
v 0.45589233 0.06624089 0.09315479
v 0.45636034 0.06829006 0.09338881
v 0.45292213 0.06674022 0.09408410
v 0.45340323 0.06665934 0.09393358
v 0.46009940 0.08226269 0.09482951
v 0.46052734 0.08352865 0.09493482
v 0.45838001 0.07501891 0.09402066
v 0.45910737 0.07809629 0.09436516
v 0.43172882 0.05452171 0.09789344
v 0.43244242 0.05503924 0.09778415
v 0.43595780 0.09952820 0.10474419
v 0.43550508 0.09925023 0.10482253
v 0.46235705 0.10021503 0.09740074
v 0.46255837 0.10138990 0.09755385
v 0.42120381 0.07000077 0.10363766
v 0.42035694 0.06830109 0.10357328
v 0.44282126 0.10994385 0.10466529
v 0.44240906 0.10933633 0.10467325
v 0.43885098 0.04973753 0.09502377
v 0.44552589 0.05023605 0.09322510
v 0.41113351 0.03586730 0.10038296
v 0.41734965 0.03892081 0.09917085
v 0.40478353 0.03399866 0.10184477
v 0.43938848 0.02990725 0.09132627
v 0.42051928 0.03262864 0.09714943
v 0.44071211 0.04261634 0.09322420
v 0.42570214 0.03045239 0.09529451
v 0.41630082 0.05874960 0.10301271
v 0.44938501 0.06428490 0.09464548
v 0.45732567 0.07251670 0.09387148
v 0.46332082 0.09179238 0.09562226
v 0.45991146 0.08149828 0.09474600
v 0.42263442 0.07599639 0.10430502
v 0.41834105 0.06425511 0.10342003
v 0.44063917 0.10672782 0.10470743
v 0.41530902 0.05820982 0.10319670
v 0.42743851 0.02871002 0.09449191
v 0.44054927 0.03005224 0.09102389
v 0.44094599 0.03043584 0.09098028
v 0.44126232 0.03142616 0.09106787
v 0.45157780 0.06556344 0.09425391
v 0.45839504 0.07418861 0.09386796
v 0.43810723 0.10304898 0.10476577
v 0.46293973 0.10341229 0.09761119
v 0.44570566 0.11318807 0.10411463
v 0.44576824 0.11314737 0.10440459
v 0.46290751 0.10342731 0.09781938
v 0.44588878 0.04939745 0.09264086
v 0.42418312 0.03178395 0.09560043
v 0.42458485 0.03186891 0.09550200
v 0.40722947 0.03323986 0.10065558
v 0.41093476 0.03583073 0.10007087
v 0.41489186 0.04096816 0.09987025
v 0.41719930 0.03979986 0.09900878
v 0.40025072 0.03673233 0.10325374
v 0.40440960 0.03421522 0.10162748
v 0.43364166 0.02892957 0.09241502
v 0.43859827 0.02953543 0.09112151
v 0.41829027 0.03596406 0.09801442
v 0.42038582 0.03272478 0.09684260
v 0.42537240 0.03085916 0.09509873
v 0.43064365 0.02803105 0.09310227
v 0.42925191 0.02795870 0.09348295
v 0.42753519 0.02868889 0.09409902
v 0.44039469 0.02975982 0.09065357
v 0.44100864 0.03035346 0.09058607
v 0.44149818 0.03188606 0.09072163
v 0.39666000 0.06127174 0.10865671
v 0.39655319 0.06133926 0.10827905
v 0.38743829 0.04544575 0.10801530
v 0.38726670 0.04514655 0.10801034
v 0.38775735 0.04600211 0.10802452
v 0.38749882 0.04555129 0.10801705
v 0.38648574 0.04378481 0.10798774
v 0.38650595 0.04382006 0.10798831
v 0.38967775 0.04935068 0.10808009
v 0.38932714 0.04873932 0.10806995
v 0.38723234 0.04508665 0.10800934
v 0.38716092 0.04496211 0.10800727
v 0.39524278 0.05905432 0.10824113
v 0.39386266 0.05664783 0.10820119
v 0.38714766 0.04493898 0.10800689
v 0.38652144 0.04384707 0.10798876
v 0.38911727 0.04837336 0.10806388
v 0.39081798 0.05133888 0.10811309
v 0.39161702 0.05273215 0.10813621
v 0.39351402 0.05603992 0.10819110
v 0.39586618 0.06014134 0.10825916
v 0.38679489 0.04415055 0.10825250
v 0.38671328 0.04418157 0.10799431
v 0.39916984 0.03713245 0.10349783
v 0.39908823 0.03716346 0.10323964
v 0.42764742 0.02866436 0.09364295
v 0.42918715 0.02800945 0.09309039
v 0.44021524 0.02942036 0.09022367
v 0.44078478 0.02997106 0.09016106
v 0.43768097 0.02910381 0.09088382
v 0.43920398 0.02929404 0.09048710
v 0.44108137 0.03025784 0.09012845
v 0.44153214 0.03166907 0.09025328
v 0.42023089 0.03283639 0.09648642
v 0.42325568 0.03208696 0.09549695
v 0.41702477 0.04082031 0.09882064
v 0.41785637 0.03789643 0.09806268
v 0.40397553 0.03446661 0.10137524
v 0.40653721 0.03358056 0.10049233
v 0.42498962 0.03133136 0.09487146
v 0.42610854 0.03020856 0.09435426
v 0.41070404 0.03578827 0.09970858
v 0.41443275 0.04062919 0.09951954
v 0.42437435 0.03180980 0.09513102
v 0.42458218 0.03185375 0.09508010
v 0.40721261 0.03334694 0.10025954
v 0.41526590 0.04171085 0.09947730
v 0.40019745 0.03675325 0.10285259
v 0.43347872 0.02859016 0.09198047
v 0.41856165 0.03541668 0.09741985
v 0.43093699 0.02782838 0.09256312
v 0.42975706 0.02776704 0.09288586
v 0.44177198 0.03241993 0.09031969
v 0.44166909 0.03209781 0.09029120
v 0.38726670 0.04514655 0.10801033
v 0.40275465 0.08280506 0.09273509
v 0.40303622 0.08262707 0.09373065
v 0.39804020 0.08578541 0.07606568
v 0.40237549 0.08304476 0.09139442
v 0.39288618 0.08904365 0.05784205
v 0.39514073 0.08761839 0.06581369
v 0.40485340 0.08147829 0.10015586
v 0.40506584 0.08134398 0.10090701
v 0.39137714 0.08999763 0.05250637
v 0.40474544 0.08154654 0.09977413
v 0.40471369 0.08156661 0.09966184
v 0.39575547 0.08722976 0.06798728
v 0.40475104 0.08154300 0.09979392
v 0.40115008 0.07972142 0.09311048
v 0.38816693 0.08028486 0.05848766
v 0.38202796 0.07345949 0.05258436
v 0.39356486 0.07113394 0.08604397
v 0.38603917 0.07151240 0.06589828
v 0.39234234 0.07779028 0.07303707
v 0.38748271 0.06748587 0.07559873
v 0.39695525 0.08283175 0.07760162
v 0.39373131 0.08469879 0.06645484
v 0.39016753 0.08782612 0.05256337
v 0.39593414 0.06876493 0.09570725
v 0.39881207 0.06745950 0.10512449
v 0.40003604 0.07470111 0.09762117
v 0.39899438 0.06731287 0.10581543
v 0.40178281 0.07644765 0.09958951
v 0.40160213 0.07173445 0.10607614
v 0.39784888 0.07371959 0.09337742
v 0.40334276 0.07745693 0.10215984
v 0.38165961 0.07075459 0.05561821
v 0.38234901 0.07031877 0.05805580
v 0.38320988 0.06977454 0.06109967
v 0.38494052 0.06868049 0.06721887
v 0.38724949 0.06722082 0.07538295
v 0.38747224 0.06708000 0.07617054
v 0.38988509 0.06555465 0.08470194
v 0.39219290 0.06409572 0.09286191
v 0.39263412 0.06381679 0.09442199
v 0.39403193 0.06293313 0.09936438
v 0.39409692 0.06289205 0.09959415
v 0.39424329 0.06279952 0.10011170
v 0.38070687 0.07135689 0.05224949
v 0.39642426 0.06142077 0.10782320
v 0.38426693 0.06910630 0.06483720
v 0.39559538 0.06194476 0.10489244
v 0.40184265 0.07658608 0.09954091
v 0.39880927 0.06846357 0.10363515
v 0.40014154 0.07227144 0.10148205
v 0.40166042 0.07629670 0.09949376
v 0.39838120 0.06527836 0.10722253
v 0.39857024 0.06754363 0.10437090
v 0.40177066 0.07643387 0.09957821
v 0.40184265 0.07658608 0.09954092
v 0.39880927 0.06846357 0.10363514
v 0.40166042 0.07629670 0.09949375
v 0.39838120 0.06527835 0.10722254
v 0.39857024 0.06754363 0.10437089
v 0.40177067 0.07643388 0.09957821
v 0.39001213 0.08769444 0.05235326
v 0.38658574 0.08171991 0.05225411
v 0.38116807 0.07227320 0.05209734
v 0.38065968 0.07138672 0.05208263
v 0.39134475 0.09001811 0.05239182
v 0.39087237 0.08919443 0.05237815
v 0.38219471 0.07406333 0.05212705
v 0.38184590 0.07345512 0.05211696
v 0.39015076 0.08793618 0.05235727
v 0.39855199 0.06754998 0.10431401
v 0.39878801 0.06845837 0.10358750
v 0.39834868 0.06511372 0.10738090
v 0.39850848 0.06702861 0.10497033
v 0.40160998 0.07623449 0.09945429
v 0.40171829 0.07636926 0.09953727
v 0.40176566 0.07642821 0.09957356
v 0.40183681 0.07657865 0.09953669
v 0.39880906 0.06853936 0.10352272
v 0.40011786 0.07228015 0.10140756
v 0.39813972 0.06411400 0.10831268
v 0.40189494 0.07669105 0.09952206
v 0.40186731 0.07664313 0.09952089
v 0.38157525 0.07086748 0.05173086
v 0.41092693 0.06053187 0.09955934
v 0.41116296 0.06144026 0.09883283
v 0.41072363 0.05809561 0.10262623
v 0.41088342 0.06001051 0.10021566
v 0.41398492 0.06921639 0.09469962
v 0.41409323 0.06935115 0.09478260
v 0.41414061 0.06941010 0.09481889
v 0.41421176 0.06956054 0.09478202
v 0.41118401 0.06152126 0.09876805
v 0.41249281 0.06526204 0.09665289
v 0.41051467 0.05709589 0.10355800
v 0.41426988 0.06967295 0.09476739
v 0.41424226 0.06962503 0.09476622
v 0.49478247 0.00666516 0.00823467
v 0.40083170 0.05994672 0.04433219
v 0.50081134 0.00324606 0.00591827
v 0.49780379 0.00495171 0.00707383
v 0.48072179 0.02341450 0.01520596
v 0.47458940 0.02348855 0.01695357
v 0.48144378 0.01909718 0.01422987
v 0.48187440 0.02008762 0.01428516
v 0.47265841 0.02449042 0.01767882
v 0.47269799 0.02630481 0.01799202
v 0.49216375 0.01328110 0.01015817
v 0.49269190 0.01277705 0.00991868
v 0.49029369 0.01612071 0.01119476
v 0.49187129 0.01372518 0.01032028
v 0.49016540 0.02627587 0.01304671
v 0.48889273 0.02164285 0.01257830
v 0.47283548 0.03260727 0.01907997
v 0.47318114 0.03328480 0.01910334
v 0.47406832 0.03878662 0.01983611
v 0.47402978 0.04054199 0.02016086
v 0.50076945 0.00537525 0.00631080
v 0.50156922 0.00356858 0.00576159
v 0.49276550 0.01270681 0.00988531
v 0.49394301 0.00809424 0.00872759
v 0.47332278 0.03356244 0.01911292
v 0.48873753 0.02107785 0.01252117
v 0.48881390 0.01825190 0.01199432
v 0.48254563 0.01422020 0.01304628
v 0.48014368 0.01674635 0.01417725
v 0.48240840 0.02131582 0.01435373
v 0.49110230 0.03032886 0.01350637
v 0.47308466 0.02350673 0.01738239
v 0.47278228 0.02349903 0.01746653
v 0.47274209 0.02357695 0.01749183
v 0.47270429 0.02371112 0.01752651
v 0.40941734 0.07490695 0.04457876
v 0.40895034 0.07250917 0.04428214
v 0.48264448 0.01365425 0.01291713
v 0.49796764 0.00497511 0.00703167
v 0.49460310 0.00697053 0.00834000
v 0.40332337 0.06380222 0.04431683
v 0.50140892 0.00350036 0.00579473
v 0.47398159 0.04273700 0.02056694
v 0.47401234 0.04311735 0.02062624
v 0.49106022 0.03130750 0.01369324
v 0.40983229 0.07622499 0.04469706
v 0.48266491 0.01353730 0.01289045
v 0.50057931 0.00303537 0.02663284
v 0.50052837 0.00307995 0.02570737
v 0.50141355 0.00260392 0.02380167
v 0.50110152 0.00273943 0.02641960
v 0.49705666 0.00511793 0.02287749
v 0.49470557 0.00651989 0.01964666
v 0.49914513 0.00412102 0.01077567
v 0.50186605 0.00243180 0.01853558
v 0.49282446 0.00760829 0.01906881
v 0.48609336 0.01147602 0.01861931
v 0.47949382 0.01531070 0.01561458
v 0.47967441 0.01521010 0.01543575
v 0.48142790 0.01415802 0.01823530
v 0.47940605 0.01535828 0.01578094
v 0.48247974 0.01353830 0.01922922
v 0.44644769 0.03316510 0.08174990
v 0.44373953 0.03466302 0.08507680
v 0.43996197 0.03693070 0.07897519
v 0.44561102 0.03371470 0.07754543
v 0.42824071 0.04361332 0.08135483
v 0.43613638 0.03912092 0.07920116
v 0.41883870 0.04911791 0.07457258
v 0.42537256 0.04526457 0.08097121
v 0.44566613 0.03368223 0.07759735
v 0.44723339 0.03272793 0.08094062
v 0.40323893 0.05847430 0.04986859
v 0.40747509 0.05588086 0.05975198
v 0.41266314 0.05275960 0.06854566
v 0.50078516 0.00324003 0.00718601
v 0.50030856 0.00348949 0.00862451
v 0.49815138 0.00475120 0.00714414
v 0.49498779 0.00654525 0.00836480
v 0.49835084 0.00458117 0.01049642
v 0.40089053 0.05991074 0.04446749
v 0.50082174 0.00322089 0.00707560
v 0.44308630 0.03498266 0.08839027
v 0.50173158 0.00249720 0.01924188
v 0.49904182 0.00418384 0.01056027
v 0.49353645 0.00720030 0.01904862
v 0.49417444 0.00683379 0.01908607
v 0.48223601 0.01367548 0.01938601
v 0.48209644 0.01375493 0.01942193
v 0.41548892 0.05107718 0.07227184
v 0.41859709 0.05949333 0.09092017
v 0.41528266 0.05774697 0.09286102
v 0.50120710 0.00303125 0.02592685
v 0.50147000 0.00348501 0.00740153
v 0.50087706 0.00671643 0.02232574
v 0.50131598 0.01083636 0.01842015
v 0.49398639 0.01259282 0.01369432
v 0.50051197 0.01440204 0.01793768
v 0.48848077 0.01435774 0.01861525
v 0.49341859 0.01413947 0.01812175
v 0.47960874 0.01590002 0.01554921
v 0.48167641 0.02274751 0.01899276
v 0.47272357 0.02348808 0.01762782
v 0.48483482 0.01804147 0.02222282
v 0.48135409 0.02050582 0.02340832
v 0.48219556 0.01691052 0.02859510
v 0.48492132 0.02190886 0.02591504
v 0.47963648 0.02336455 0.02644425
v 0.48020368 0.02797177 0.02856696
v 0.47500288 0.02562266 0.02112684
v 0.48913269 0.01929954 0.01627434
v 0.49147697 0.02725403 0.01778723
v 0.47432059 0.03217457 0.01974606
v 0.47518142 0.03118114 0.02844047
v 0.48880482 0.02543637 0.02255425
v 0.47584258 0.03995466 0.02959049
v 0.47621342 0.02391101 0.02822306
v 0.48923028 0.03228297 0.01947404
v 0.47895799 0.03277471 0.02939591
v 0.48119548 0.03363977 0.02680468
v 0.48889883 0.03143103 0.02387134
v 0.48716252 0.02406734 0.02971933
v 0.48732168 0.03084471 0.02942299
v 0.44519587 0.03909600 0.08529343
v 0.44846739 0.04361318 0.07860882
v 0.43496200 0.04506317 0.07933258
v 0.45054377 0.03902795 0.08103720
v 0.45241268 0.04384491 0.08361480
v 0.44892010 0.04886054 0.08538716
v 0.44657736 0.05190436 0.07654718
v 0.43035739 0.05196476 0.07638241
v 0.42654632 0.06711535 0.06553855
v 0.45669434 0.04979468 0.08112947
v 0.44386769 0.04932078 0.09018390
v 0.44459959 0.04591601 0.08618067
v 0.41128389 0.06640872 0.05464046
v 0.43949816 0.04919571 0.09204814
v 0.41094837 0.05696747 0.10333716
v 0.44405301 0.05884041 0.09376058
v 0.41527878 0.06341864 0.09092137
v 0.41999289 0.06536539 0.09200950
v 0.42122131 0.07071038 0.09133577
v 0.38234901 0.07031876 0.05805580
v 0.38320989 0.06977455 0.06109968
v 0.38724949 0.06722082 0.07538294
v 0.38988509 0.06555466 0.08470194
v 0.39263413 0.06381679 0.09442199
v 0.39424329 0.06279951 0.10011171
v 0.39642426 0.06142076 0.10782319
v 0.38426694 0.06910631 0.06483720
v 0.37615588 0.04998100 0.07195644
v 0.37330844 0.05210491 0.06141041
v 0.37493865 0.05179237 0.06611467
v 0.38733302 0.06168519 0.08377118
v 0.38031142 0.05471043 0.07579117
v 0.38309794 0.05485600 0.08282875
v 0.37908425 0.05139460 0.07749152
v 0.38485554 0.04851645 0.09676071
v 0.38175126 0.04760971 0.09001961
v 0.37920238 0.04905694 0.08124948
v 0.37709930 0.05028894 0.07395732
v 0.38553147 0.05013016 0.09613803
v 0.38708409 0.04887539 0.10203114
v 0.39109383 0.05739641 0.09988985
v 0.39008091 0.05237543 0.10466472
v 0.38280151 0.05106354 0.08765508
v 0.38186718 0.04692033 0.09133888
v 0.39358954 0.05877690 0.10434775
v 0.38442105 0.05293018 0.08911499
v 0.38406908 0.04572721 0.09883084
v 0.37220183 0.05592769 0.05288766
v 0.37349384 0.05225867 0.06166602
v 0.38245693 0.04783582 0.09152251
v 0.37560513 0.05405417 0.06451080
v 0.38137246 0.06864593 0.05798331
v 0.39193385 0.06276678 0.09414925
v 0.37508691 0.05782582 0.05759492
v 0.38210689 0.06137642 0.07062493
v 0.37879348 0.06167520 0.06156013
v 0.37788193 0.05594607 0.06764408
v 0.39387389 0.06244859 0.09966824
v 0.37083052 0.05424776 0.05179822
v 0.37080326 0.05420022 0.05179743
v 0.37069863 0.05401778 0.05179440
v 0.37065996 0.05395037 0.05179328
v 0.37070403 0.05402720 0.05179456
v 0.37070030 0.05402069 0.05179445
v 0.37107707 0.05467767 0.05180535
v 0.37081948 0.05422851 0.05179790
v 0.37676568 0.06459681 0.05196996
v 0.37576570 0.06285316 0.05194102
v 0.37741891 0.06573584 0.05198886
v 0.37708814 0.06515907 0.05197929
v 0.37879628 0.06813754 0.05202871
v 0.37868053 0.06793570 0.05202536
v 0.37996986 0.07018388 0.05206267
v 0.37064357 0.05392178 0.05179281
v 0.37510167 0.06169530 0.05192181
v 0.37178534 0.05591267 0.05182585
v 0.37233860 0.05687738 0.05184186
v 0.37671834 0.04948859 0.07414715
v 0.37703024 0.04929141 0.07524999
v 0.37254957 0.05212397 0.05940719
v 0.37747032 0.04901321 0.07680600
v 0.37772309 0.04885341 0.07769976
v 0.37759586 0.04893384 0.07724992
v 0.37101341 0.05309509 0.05397562
v 0.37097107 0.05312186 0.05382589
v 0.37095134 0.05313433 0.05375615
v 0.37112490 0.05302461 0.05436981
v 0.37387227 0.05153842 0.06371405
v 0.37596696 0.05010110 0.07128744
v 0.38318359 0.04615533 0.09589425
v 0.38355708 0.04562523 0.09764879
v 0.38523961 0.04512198 0.10277072
v 0.38604950 0.04443381 0.10589439
v 0.37356046 0.05157527 0.06284811
v 0.37643668 0.04984667 0.07288555
v 0.37905209 0.04840253 0.08182425
v 0.37918443 0.04837408 0.08221069
v 0.38146973 0.04788279 0.08888380
v 0.37083145 0.05362024 0.05272689
v 0.37084439 0.05356983 0.05283498
v 0.37084531 0.05356623 0.05284268
v 0.37095714 0.05313066 0.05377666
v 0.37620414 0.05005778 0.07196871
v 0.37071987 0.05405482 0.05179502
v 0.37082666 0.05363888 0.05268692
v 0.37338467 0.05159605 0.06235993
v 0.37948166 0.04934151 0.04847430
v 0.38037197 0.04877360 0.04812096
v 0.37381013 0.05225318 0.05059891
v 0.37405934 0.05202250 0.05048718
v 0.37356293 0.05240586 0.05069612
v 0.37373369 0.05230039 0.05062897
v 0.37334368 0.05339222 0.05093448
v 0.37349507 0.05271113 0.05076989
v 0.37784632 0.06398396 0.05155476
v 0.37666140 0.06234519 0.05159688
v 0.37854938 0.06509473 0.05155451
v 0.37819337 0.06453227 0.05155464
v 0.37978663 0.06757589 0.05164820
v 0.37968265 0.06736737 0.05164033
v 0.38084083 0.06968994 0.05172803
v 0.37416502 0.05192468 0.05043980
v 0.37587457 0.06125698 0.05162485
v 0.37279046 0.05534264 0.05143966
v 0.37329607 0.05633438 0.05147398
v 0.38667812 0.04384018 0.07032043
v 0.38464189 0.04497467 0.07232546
v 0.38512595 0.04467153 0.07386458
v 0.38672442 0.04374856 0.07424129
v 0.38551312 0.04444378 0.07420797
v 0.37725538 0.04955513 0.05157735
v 0.38093041 0.04737101 0.05618712
v 0.37715407 0.04961534 0.05145027
v 0.37710688 0.04964339 0.05139109
v 0.38624721 0.04452032 0.05895938
v 0.38834190 0.04308299 0.06653277
v 0.39555853 0.03913722 0.09113958
v 0.39593203 0.03860712 0.09289412
v 0.39761456 0.03810388 0.09801605
v 0.39842445 0.03741570 0.10113972
v 0.38593540 0.04455717 0.05809344
v 0.39142703 0.04138442 0.07706958
v 0.38881163 0.04282856 0.06813088
v 0.39155937 0.04135597 0.07745602
v 0.39384468 0.04086468 0.08412913
v 0.38320640 0.04660213 0.04797222
v 0.38321934 0.04655172 0.04808031
v 0.38322026 0.04654813 0.04808801
v 0.38333209 0.04611256 0.04902199
v 0.38857909 0.04303968 0.06721404
v 0.38309482 0.04703672 0.04704035
v 0.38320161 0.04662077 0.04793225
v 0.38575961 0.04457794 0.05760526
v 0.49208545 0.00047707 0.00789106
v 0.48812872 0.00027924 0.00897474
v 0.49785335 0.00227533 0.00658129
v 0.49590879 0.00139352 0.00697360
v 0.49548258 0.00547333 0.00782357
v 0.49702453 0.00509334 0.00731954
v 0.48556522 0.00089209 0.00980932
v 0.48375530 0.00129098 0.01039252
v 0.38377241 0.04660449 0.04677143
v 0.38954745 0.04425671 0.04471837
v 0.38637031 0.04485380 0.04572368
v 0.39466760 0.04679410 0.04372395
v 0.39234353 0.04531321 0.04411647
v 0.39754847 0.05440362 0.04426970
v 0.39592937 0.05095791 0.04411155
v 0.49256562 0.00040686 0.00774271
v 0.49480393 0.00089249 0.00719649
v 0.48635650 0.00019063 0.00946011
v 0.48298393 0.00146097 0.01064107
v 0.48387502 0.00660939 0.01130955
v 0.39566171 0.05038828 0.04408540
v 0.39059555 0.04401199 0.04437819
v 0.39182820 0.04498485 0.04420351
v 0.40024675 0.05904160 0.04433580
v 0.39943148 0.05753514 0.04429703
v 0.49918755 0.00255506 0.00625397
v 0.49847262 0.00240517 0.00642936
v 0.48298359 0.01171283 0.01247412
v 0.49504073 0.00622551 0.00808302
v 0.40075280 0.05982463 0.04433268
v 0.49767431 0.00493322 0.00710714
v 0.49842103 0.00239435 0.00644202
v 0.49726682 0.00503363 0.00724034
v 0.38634819 0.04435567 0.05065901
v 0.38757164 0.04352991 0.05813737
v 0.38524966 0.04503181 0.04787833
v 0.38525359 0.04505857 0.04612982
v 0.38562916 0.04481554 0.04779599
v 0.38540572 0.04494386 0.04778525
v 0.38479762 0.04531805 0.04625147
v 0.38565016 0.04480083 0.04795653
v 0.38527419 0.04501799 0.04786370
v 0.38524249 0.04506576 0.04608055
v 0.49260936 0.00009951 0.00867083
v 0.48995267 0.00042424 0.01446095
v 0.48570984 -0.00050114 0.01114517
v 0.49849664 -0.00018616 0.01587885
v 0.49340713 0.00359092 0.02340456
v 0.48911581 0.00281716 0.02002952
v 0.49063959 0.00334696 0.02988296
v 0.49725561 0.00305723 0.03037051
v 0.50192393 0.00154748 0.01854773
v 0.50036433 0.00070197 0.02985993
v 0.48943211 0.00099790 0.02566578
v 0.49354863 0.00648304 0.01914443
v 0.49894268 0.00349476 0.01006277
v 0.48226079 0.00041489 0.03265687
v 0.48900355 0.00158851 0.03071450
v 0.48513423 0.00002183 0.02052003
v 0.48110475 0.00018342 0.01296447
v 0.48425264 0.00925418 0.01862243
v 0.47724235 0.00376469 0.01689533
v 0.47695204 0.00879922 0.01858667
v 0.48212558 0.01348994 0.01926546
v 0.47953933 0.00000791 0.02923591
v 0.47748833 0.00228841 0.03072679
v 0.48227490 0.00437954 0.02147662
v 0.48135534 0.00696247 0.03268651
v 0.48094121 0.00755124 0.02402467
v 0.48501991 0.00392627 0.02923691
v 0.48233364 0.01196945 0.02925960
v 0.40971096 0.04256205 0.08379989
v 0.41184679 0.04075898 0.08802060
v 0.40515358 0.03612240 0.08740736
v 0.40277019 0.04077566 0.06957033
v 0.40350169 0.03799233 0.07885708
v 0.39798408 0.04102275 0.06458168
v 0.39633662 0.03891624 0.08002236
v 0.47585955 -0.00502784 0.03560207
v 0.47715791 -0.00417707 0.03395647
v 0.41317264 0.04771754 0.07368232
v 0.40338425 0.04457344 0.06524201
v 0.44673868 0.03178644 0.08092619
v 0.44192702 0.02914590 0.08480719
v 0.38889832 0.04289139 0.05922197
v 0.43702523 0.03462338 0.07910169
v 0.44557182 0.03357887 0.07753084
v 0.42792878 0.03460572 0.08477762
v 0.43095391 0.02942302 0.08236836
v 0.39691702 0.03794672 0.09215795
v 0.40693739 0.03509514 0.09379385
v 0.42336093 0.04256071 0.08282302
v 0.39480288 0.04248416 0.05493338
v 0.39637052 0.04440435 0.05173862
v 0.41602353 0.04197401 0.09625624
v 0.39966889 0.03696080 0.09887260
v 0.39080238 0.04392076 0.04535742
v 0.44164796 0.02320022 0.07886195
v 0.44131663 0.02564045 0.07368288
v 0.43557220 0.02686370 0.08113977
v 0.39855261 0.05385238 0.04708890
v 0.42862380 0.02845095 0.08967535
v 0.43257106 0.02669941 0.08955974
v 0.43791393 0.02506701 0.08471053
v 0.42457932 0.03183750 0.09462786
v 0.41646518 0.04409211 0.09821740
v 0.42252577 0.02943034 0.09189323
v 0.41962426 0.03327340 0.09509179
v 0.38743829 0.04544575 0.10801529
v 0.41127476 0.12493994 0.05299893
v 0.41508999 0.13159251 0.05310933
v 0.41516363 0.13155075 0.05308104
v 0.39837483 0.10244654 0.05262566
v 0.39806697 0.10190972 0.05261675
v 0.41055766 0.12368956 0.05297818
v 0.41009431 0.12288161 0.05296478
v 0.41078540 0.12408665 0.05298477
v 0.39992009 0.10514098 0.05267037
v 0.39959766 0.10457876 0.05266104
v 0.39691075 0.09989364 0.05258330
v 0.39279710 0.09272072 0.05246426
v 0.39127110 0.09005987 0.05242011
v 0.40987704 0.12250276 0.05295849
v 0.40455760 0.11322734 0.05280456
v 0.39826934 0.10248120 0.05229993
v 0.39703940 0.10033658 0.05226434
v 0.41047470 0.12376351 0.05265311
v 0.41024178 0.12335737 0.05264637
v 0.42439253 0.14803182 0.05305583
v 0.42278401 0.14522706 0.05300929
v 0.41072010 0.12419140 0.05266021
v 0.39190485 0.09138353 0.05211577
v 0.39956746 0.10474472 0.05233749
v 0.41762758 0.13623588 0.05286008
v 0.41602515 0.13344174 0.05281371
v 0.40453910 0.11341369 0.05248135
v 0.42526364 0.14955075 0.05308104
v 0.39123482 0.09008280 0.05229184
v 0.39117909 0.09011804 0.05209477
v 0.39198611 0.08966036 0.05178470
v 0.47401043 0.04313685 0.02061348
v 0.47394239 0.04318114 0.02029567
v 0.49094657 0.03353769 0.01376237
v 0.41060252 0.07910258 0.04463195
v 0.48183739 0.05483518 0.02014644
v 0.48374535 0.05382943 0.01942701
v 0.48024024 0.05783351 0.02113423
v 0.47413203 0.04720270 0.02096105
v 0.47407520 0.05229950 0.02188839
v 0.47541431 0.05570627 0.02211877
v 0.49061536 0.03841673 0.01472837
v 0.49080429 0.03684687 0.01439426
v 0.49007106 0.04788671 0.01657546
v 0.49022593 0.04745142 0.01645384
v 0.48996537 0.04836598 0.01669104
v 0.48066526 0.06428755 0.02216795
v 0.47811162 0.06103991 0.02230952
v 0.48020605 0.06606930 0.02261639
v 0.49507519 0.10250174 0.02492491
v 0.48941306 0.10537016 0.02703913
v 0.49586734 0.10084120 0.02440398
v 0.49771252 0.10243138 0.02416644
v 0.49615388 0.10891414 0.02576632
v 0.49754187 0.10679588 0.02499504
v 0.49384736 0.08369976 0.02191053
v 0.49313054 0.08419171 0.02220121
v 0.49549499 0.08375924 0.02145518
v 0.49556309 0.08595253 0.02182806
v 0.49235450 0.08564123 0.02267986
v 0.49432523 0.08686892 0.02234199
v 0.49644641 0.09407897 0.02303118
v 0.49527899 0.09239623 0.02306049
v 0.49452027 0.09289565 0.02336436
v 0.49507096 0.09384135 0.02337770
v 0.49572557 0.09516326 0.02342891
v 0.49215037 0.10968412 0.02703626
v 0.49232808 0.10970060 0.02698895
v 0.49110567 0.10841114 0.02710413
v 0.41274768 0.08411213 0.04492092
v 0.41212257 0.08315634 0.04492683
v 0.41177686 0.08283277 0.04496675
v 0.44786782 0.12724879 0.04270070
v 0.42804200 0.10832284 0.04492404
v 0.42626004 0.10649100 0.04510050
v 0.42573685 0.10576093 0.04511794
v 0.44061820 0.11790148 0.04307982
v 0.43823874 0.11464984 0.04317141
v 0.42148473 0.09392003 0.04420347
v 0.42148057 0.09390604 0.04420215
v 0.42153291 0.09402742 0.04420905
v 0.44697541 0.12570641 0.04267733
v 0.44258112 0.12017145 0.04293052
v 0.47397119 0.04353744 0.02035123
v 0.48843965 0.05187708 0.01775031
v 0.47392024 0.04399099 0.02044673
v 0.49087863 0.05231519 0.01713884
v 0.49804565 0.10372048 0.02430271
v 0.48897036 0.10559019 0.02720367
v 0.44704884 0.12621290 0.04274712
v 0.42692193 0.10463852 0.04458210
v 0.48872649 0.10561951 0.02727789
v 0.48891619 0.10591392 0.02727687
v 0.45335257 0.13362089 0.04228878
v 0.49224886 0.10976498 0.02722582
v 0.42149911 0.09390410 0.04423281
v 0.42245962 0.14444281 0.05332258
v 0.42374484 0.14668384 0.05335977
v 0.41615140 0.13344327 0.05314004
v 0.41762442 0.13601176 0.05318267
v 0.41833957 0.13725875 0.05320336
v 0.42467467 0.14830517 0.05338667
v 0.42535565 0.14949258 0.05340637
v 0.45345285 0.13355803 0.04261094
v 0.49798048 0.10379613 0.02469643
v 0.49767194 0.10260218 0.02457022
v 0.48996903 0.10512122 0.02719914
v 0.48956079 0.10532412 0.02735088
v 0.48868142 0.10558886 0.02764692
v 0.48886432 0.10587272 0.02764594
v 0.48913878 0.10553387 0.02750773
v 0.48890838 0.10556157 0.02757785
v 0.44299029 0.12009709 0.04316326
v 0.44114014 0.11795753 0.04330399
v 0.44726294 0.12621632 0.04304894
v 0.44719152 0.12572374 0.04298107
v 0.49519050 0.10247604 0.02524947
v 0.49592100 0.10094474 0.02476908
v 0.49762257 0.10241116 0.02455003
v 0.49633418 0.09396197 0.02340377
v 0.49541710 0.09264007 0.02342679
v 0.49482108 0.09303240 0.02366550
v 0.49525368 0.09377530 0.02367598
v 0.49576791 0.09481374 0.02371621
v 0.44083865 0.11760887 0.04332692
v 0.44713213 0.12531407 0.04292462
v 0.49246747 0.10975767 0.02732149
v 0.49606753 0.10901762 0.02617100
v 0.49114664 0.10854694 0.02747858
v 0.49224495 0.10979962 0.02739193
v 0.49743923 0.10710027 0.02544026
v 0.49787101 0.10446443 0.02484687
v 0.44872185 0.12806162 0.04296625
v 0.44801541 0.12716808 0.04300629
v 0.48903720 0.10614101 0.02764502
v 0.49113905 0.10853828 0.02747918
v 0.49620085 0.10899021 0.02612840
v 0.49724057 0.10740345 0.02555065
v 0.42435233 0.14774312 0.05337734
v 0.49788871 0.10435636 0.02482254
v 0.44799464 0.12714182 0.04300747
v 0.48902467 0.10612156 0.02764508
v 0.49224850 0.10980367 0.02739165
v 0.39809109 0.10258229 0.05236842
v 0.39686115 0.10043767 0.05233283
v 0.41029645 0.12386460 0.05272160
v 0.41006353 0.12345846 0.05271486
v 0.42421428 0.14813291 0.05312432
v 0.42260576 0.14532815 0.05307778
v 0.41054185 0.12429249 0.05272870
v 0.39172660 0.09148462 0.05218426
v 0.39938921 0.10484581 0.05240598
v 0.41744933 0.13633697 0.05292857
v 0.41584690 0.13354283 0.05288220
v 0.40436085 0.11351478 0.05254984
v 0.42508539 0.14965184 0.05314953
v 0.39100084 0.09021913 0.05216326
v 0.42517740 0.14959367 0.05347486
v 0.41029645 0.12386459 0.05272160
v 0.41006353 0.12345846 0.05271485
v 0.42421429 0.14813292 0.05312432
v 0.42260576 0.14532815 0.05307777
v 0.41054184 0.12429249 0.05272869
v 0.40436085 0.11351478 0.05254985
v 0.41025329 0.12390307 0.05255248
v 0.42651217 0.15213970 0.05319081
v 0.43060420 0.15927493 0.05330921
v 0.43247394 0.16253515 0.05336332
v 0.40874207 0.12140801 0.05230204
v 0.40433938 0.11373111 0.05217464
v 0.41264634 0.12821583 0.05241501
v 0.41177081 0.12668919 0.05238968
v 0.43211066 0.16215547 0.05297823
v 0.43058878 0.15950180 0.05293419
v 0.42725806 0.15369407 0.05283781
v 0.42298233 0.14623855 0.05271409
v 0.41888350 0.13909147 0.05259549
v 0.41570034 0.13354105 0.05250338
v 0.39301064 0.09397736 0.05184683
v 0.39156635 0.09145897 0.05180504
v 0.40126499 0.10837034 0.05208568
v 0.39796862 0.10262252 0.05199030
v 0.39701050 0.10095185 0.05196257
v 0.42426095 0.14846806 0.05275109
v 0.42608753 0.15165304 0.05280394
v 0.39897987 0.10438582 0.05201956
v 0.41662283 0.13514958 0.05253007
v 0.41019915 0.12394870 0.05234420
v 0.43577045 0.16828323 0.05345871
v 0.43568314 0.16833842 0.05314999
v 0.43566364 0.16835075 0.05308104
v 0.43576510 0.16828661 0.05343978
v 0.39096370 0.09024261 0.05203194
v 0.39093391 0.09026144 0.05192661
v 0.39089403 0.09028665 0.05178559
v 0.40920549 0.12114520 0.05212398
v 0.40494728 0.11338635 0.05194107
v 0.41304615 0.12798909 0.05226140
v 0.41216550 0.12646535 0.05223803
v 0.43100449 0.15926604 0.05277447
v 0.42771116 0.15343710 0.05266373
v 0.42356609 0.14590749 0.05248980
v 0.41937886 0.13881054 0.05240516
v 0.41611799 0.13330420 0.05234291
v 0.39382025 0.09351821 0.05153577
v 0.39246905 0.09094703 0.05145821
v 0.40212420 0.10788306 0.05175555
v 0.43241173 0.16198472 0.05286255
v 0.39905556 0.10200610 0.05157268
v 0.39815985 0.10030003 0.05152097
v 0.42492824 0.14808962 0.05249471
v 0.42655377 0.15138862 0.05262481
v 0.40002588 0.10379261 0.05161766
v 0.41706944 0.13489629 0.05235848
v 0.41074482 0.12363924 0.05213454
v 0.43577139 0.16828269 0.05345834
v 0.39193533 0.08969157 0.05165862
v 0.39189460 0.08971661 0.05155749
v 0.39184007 0.08975013 0.05142210
v 0.48004500 0.06678722 0.02237035
v 0.48002228 0.06636735 0.02230170
v 0.48018164 0.06685288 0.02234344
v 0.47706320 0.06769989 0.02337684
v 0.47682843 0.06914008 0.02370073
v 0.48878019 0.10565279 0.02684870
v 0.48877751 0.10565526 0.02684990
v 0.47603911 0.07008589 0.02409307
v 0.47672465 0.07007868 0.02389790
v 0.47695062 0.06960042 0.02374848
v 0.48167279 0.05487533 0.01978023
v 0.48251983 0.05442883 0.01946083
v 0.47953036 0.05889732 0.02110525
v 0.48019422 0.05765105 0.02069467
v 0.47392272 0.04429791 0.02008095
v 0.47388773 0.04743556 0.02065183
v 0.47383590 0.05208440 0.02149766
v 0.47486924 0.05471328 0.02167544
v 0.49056964 0.03861506 0.01435681
v 0.49060375 0.03833165 0.01429649
v 0.48996912 0.04792090 0.01619046
v 0.49004742 0.04770081 0.01612896
v 0.48981428 0.04862305 0.01635979
v 0.48986749 0.04838177 0.01630160
v 0.49580505 0.10072102 0.02398016
v 0.49569987 0.10094151 0.02404933
v 0.49781694 0.10245486 0.02372116
v 0.49747932 0.10216390 0.02376462
v 0.49609936 0.10882583 0.02534600
v 0.49639287 0.10837790 0.02518290
v 0.49363447 0.08297256 0.02142077
v 0.49322361 0.08325453 0.02158738
v 0.49585690 0.08305279 0.02080656
v 0.49512685 0.08302644 0.02100833
v 0.49594875 0.08601125 0.02130953
v 0.49591061 0.08478279 0.02110068
v 0.49266758 0.08363615 0.02181287
v 0.49219668 0.08451571 0.02210331
v 0.49162080 0.08559135 0.02245849
v 0.49254417 0.08616657 0.02230019
v 0.49427905 0.08724733 0.02200276
v 0.49490151 0.08678652 0.02174433
v 0.49657670 0.09421479 0.02259866
v 0.49614638 0.09359452 0.02260947
v 0.49511867 0.09211317 0.02263527
v 0.49484602 0.09229263 0.02274447
v 0.49417108 0.09273691 0.02301479
v 0.49432998 0.09300977 0.02301864
v 0.49485885 0.09391802 0.02303145
v 0.49508244 0.09436953 0.02304894
v 0.49567642 0.09556899 0.02309540
v 0.49592564 0.09519411 0.02295789
v 0.49194657 0.10951681 0.02664403
v 0.49232444 0.10955185 0.02654343
v 0.41278319 0.08441516 0.04454511
v 0.41265726 0.08422262 0.04454630
v 0.41205065 0.08329511 0.04455203
v 0.41198170 0.08323058 0.04455999
v 0.45567424 0.13541144 0.04153235
v 0.45531136 0.13516073 0.04159015
v 0.45330649 0.13377557 0.04190952
v 0.44740532 0.12691968 0.04235271
v 0.45748156 0.14069434 0.04196574
v 0.45733817 0.13975044 0.04183753
v 0.42843802 0.10891931 0.04449874
v 0.42799975 0.10846878 0.04454214
v 0.42626742 0.10668796 0.04471368
v 0.42609130 0.10644219 0.04471955
v 0.44036230 0.11824115 0.04279297
v 0.43996598 0.11769957 0.04280823
v 0.42131821 0.09410453 0.04386360
v 0.42126991 0.09394205 0.04384822
v 0.42192453 0.09545608 0.04393377
v 0.42136502 0.09420887 0.04386902
v 0.44679347 0.12616185 0.04239026
v 0.44600997 0.12517497 0.04243540
v 0.47985170 0.06377693 0.02188680
v 0.47792100 0.06132153 0.02199383
v 0.49494134 0.10253157 0.02454815
v 0.49095663 0.10831055 0.02670834
v 0.47389883 0.04322912 0.01989661
v 0.48423213 0.05352622 0.01881518
v 0.47588169 0.05728901 0.02184961
v 0.49078435 0.03683100 0.01397711
v 0.49019601 0.04728318 0.01601227
v 0.49766102 0.10644253 0.02447821
v 0.49249200 0.10956739 0.02649882
v 0.41164552 0.08291594 0.04459881
v 0.44687643 0.12630522 0.04239243
v 0.45691436 0.13696072 0.04145861
v 0.42563012 0.10579867 0.04473492
v 0.43778486 0.11471896 0.04289219
v 0.42126586 0.09392846 0.04384693
v 0.44210613 0.12025777 0.04266034
v 0.45993306 0.15291026 0.04345651
v 0.47389034 0.04361582 0.01996815
v 0.47389569 0.04368198 0.01997847
v 0.48844502 0.05177408 0.01731042
v 0.47388713 0.04375820 0.01999452
v 0.49063388 0.05216726 0.01676166
v 0.49812130 0.10363265 0.02384565
v 0.44680030 0.12620893 0.04239675
v 0.42667472 0.10480931 0.04426260
v 0.45803347 0.14737916 0.04300484
v 0.46022885 0.15441233 0.04406136
v 0.46014742 0.15446351 0.04379118
v 0.46011575 0.15448341 0.04368611
v 0.47389947 0.04321238 0.01989639
v 0.47389734 0.04321362 0.01989497
v 0.47393497 0.04318597 0.02026103
v 0.47390497 0.04320829 0.01995286
v 0.49093484 0.03354815 0.01353786
v 0.41053661 0.07914343 0.04444788
v 0.47389667 0.04321401 0.01989452
v 0.47393598 0.04318531 0.02026576
v 0.49092512 0.03355681 0.01335190
v 0.41047072 0.07918427 0.04426388
v 0.48024584 0.06671389 0.02240852
v 0.47698664 0.06927840 0.02405389
v 0.48877797 0.10565452 0.02685634
v 0.45565284 0.13530671 0.04193963
v 0.45355766 0.13385916 0.04227338
v 0.45742653 0.13993195 0.04226494
v 0.45697477 0.13695820 0.04186103
v 0.46008652 0.15318680 0.04388250
v 0.45802538 0.14718529 0.04339242
v 0.42508538 0.14965184 0.05314952
v 0.46029814 0.15436877 0.04429129
v 0.43061749 0.15907949 0.05363228
v 0.43232616 0.16205886 0.05368172
v 0.42687797 0.15255892 0.05352407
v 0.42517740 0.14959367 0.05347487
v 0.42629278 0.15153855 0.05350714
v 0.43291376 0.16308345 0.05369872
v 0.43586246 0.16822506 0.05378405
v 0.43609011 0.16809596 0.05369658
v 0.43609096 0.16809547 0.05369625
v 0.45702681 0.13695603 0.04220769
v 0.45599586 0.13566806 0.04226898
v 0.45801841 0.14701828 0.04372629
v 0.45746025 0.14025775 0.04267542
v 0.45563440 0.13521649 0.04229047
v 0.45377403 0.13393117 0.04258682
v 0.45737912 0.13927518 0.04252269
v 0.45362976 0.13376356 0.04259766
v 0.46021872 0.15342502 0.04424947
v 0.45866121 0.14888995 0.04387913
v 0.46032627 0.15435109 0.04438463
v 0.43278689 0.16286222 0.05369505
v 0.45824320 0.14767283 0.04377974
v 0.43540043 0.16850002 0.05318217
v 0.28494297 0.13942565 0.00659843
v 0.38871020 0.16199807 0.01616761
v 0.39537130 0.16001095 0.00567391
v 0.39256876 0.15334074 0.00536743
v 0.30978929 0.15920308 0.00493566
v 0.30561976 0.15710275 0.00627172
v 0.30242674 0.15097559 0.00524322
v 0.31397971 0.15367677 0.00449704
v 0.31781420 0.15901520 0.00444374
v 0.35932727 0.15087570 0.00451844
v 0.36944301 0.15585030 0.00474358
v 0.36674576 0.15414517 0.00634182
v 0.36336480 0.14865775 0.00939041
v 0.36643451 0.15652298 0.00764998
v 0.36165168 0.15690239 0.00425762
v 0.32107811 0.14859858 0.00458576
v 0.36633855 0.15881470 0.00425178
v 0.32513258 0.15618189 0.00421792
v 0.35711022 0.14759369 0.00989461
v 0.32471010 0.14780749 0.00415072
v 0.33660439 0.15491989 0.00431216
v 0.39570081 0.16524541 0.00734125
v 0.34158713 0.14931006 0.00439316
v 0.34688552 0.15503417 0.00451018
v 0.37636684 0.16166633 0.00394350
v 0.38289414 0.15674487 0.01907233
v 0.38207366 0.15703121 0.01493870
v 0.37680532 0.14696387 0.01921721
v 0.38085709 0.15848690 0.00386312
v 0.37550818 0.14906986 0.00407012
v 0.38147279 0.15270615 0.00490266
v 0.42716810 0.16613159 0.03548412
v 0.42261933 0.16050594 0.03375604
v 0.42873338 0.16550742 0.04131793
v 0.38657829 0.15586657 0.00419686
v 0.30848950 0.14728129 0.01463380
v 0.30308179 0.14522718 0.01095011
v 0.30917210 0.15331642 0.01780393
v 0.30673645 0.15793871 0.01134433
v 0.38340088 0.15550703 0.01088703
v 0.30812739 0.14531203 0.01940824
v 0.28837524 0.13944648 0.03467298
v 0.28894990 0.15330689 0.03412623
v 0.35273881 0.15143888 0.00460378
v 0.30760154 0.16833505 0.01194106
v 0.32746128 0.16531964 0.00436385
v 0.30850289 0.16519520 0.01986004
v 0.30635727 0.15537496 0.01977100
v 0.30371102 0.16122443 0.01932211
v 0.28978979 0.16320846 0.03448340
v 0.42658297 0.15818734 0.04339871
v 0.42039191 0.14511778 0.04240030
v 0.42395840 0.15004109 0.05149032
v 0.47935909 0.15127900 0.01690662
v 0.47564414 0.15369339 0.01523608
v 0.46968496 0.15635756 0.02350696
v 0.30157109 0.14503501 0.00427469
v 0.42984490 0.16087796 0.05155334
v 0.30103108 0.15309926 0.02348052
v 0.29978614 0.15134197 0.01989964
v 0.30299860 0.16585467 0.00729879
v 0.30248968 0.15674962 0.02487490
v 0.33865907 0.16650624 0.00416344
v 0.45973153 0.15822329 0.03073413
v 0.45964230 0.15933612 0.03798254
v 0.45559598 0.15208348 0.03088262
v 0.29801530 0.16212098 0.01875896
v 0.29284482 0.15786757 0.02063324
v 0.30082989 0.16082610 0.02180060
v 0.42028539 0.15110220 0.03938732
v 0.29451193 0.15271145 0.02151639
v 0.28983756 0.15302150 0.02301870
v 0.28981734 0.14676627 0.02078571
v 0.29474804 0.15605269 0.02396410
v 0.39031709 0.16303778 0.00457308
v 0.28901305 0.14764674 0.02966008
v 0.38402846 0.16719648 0.00402883
v 0.38892228 0.16187136 0.01941832
v 0.38726103 0.15729909 0.01591020
v 0.47106952 0.15677367 0.01634071
v 0.39463009 0.15910159 0.01845487
v 0.39197801 0.15409512 0.01905872
v 0.29076183 0.16462844 0.02275265
v 0.46244108 0.15525326 0.00652438
v 0.46525470 0.16188789 0.01936550
v 0.39931361 0.15602027 0.02307929
v 0.39362493 0.15004934 0.02265220
v 0.45903686 0.16287747 0.01748870
v 0.46308016 0.16035623 0.02241565
v 0.48354416 0.16309556 0.00611935
v 0.48393692 0.16767449 0.01497719
v 0.48357253 0.17253070 0.00636920
v 0.35280484 0.15931111 0.00431645
v 0.35044025 0.16480790 0.00421924
v 0.48040075 0.16824761 0.00444818
v 0.47984359 0.16045744 0.00472744
v 0.45646024 0.16331381 0.04383697
v 0.45812862 0.14965871 0.03844767
v 0.41905195 0.15680214 0.03029157
v 0.46851186 0.16068238 0.00411723
v 0.43378456 0.17020675 0.04767623
v 0.36210810 0.16405262 0.00435532
v 0.36284468 0.15274432 0.01423232
v 0.36085818 0.16167390 0.01383746
v 0.35377408 0.14897805 0.01423426
v 0.41366231 0.14397432 0.03457411
v 0.40557701 0.15993365 0.02954889
v 0.40140366 0.15249327 0.02656829
v 0.40976146 0.16345016 0.03338539
v 0.37046673 0.15225451 0.01360790
v 0.45651051 0.16419697 0.02456649
v 0.45392845 0.16452050 0.01769581
v 0.45752569 0.16102813 0.03040748
v 0.45323540 0.16534795 0.03387545
v 0.50296111 0.16598928 0.01619410
v 0.50282469 0.15313848 0.01652699
v 0.50302110 0.16670478 0.00775527
v 0.50147536 0.15413526 0.00746413
v 0.50333368 0.14803213 0.00858687
v 0.45670635 0.16171822 0.00453436
v 0.46402380 0.15905179 0.00481842
v 0.49253823 0.15517652 0.01592262
v 0.48794057 0.17049589 0.01685140
v 0.48431638 0.15658988 0.01501541
v 0.48472242 0.14839401 0.01975959
v 0.49315437 0.16352910 0.01626618
v 0.49283693 0.15869155 0.02009013
v 0.49800360 0.16490939 0.01671816
v 0.49014604 0.14813745 0.01925789
v 0.48428051 0.14942676 0.01609594
v 0.45972452 0.16208068 0.02738285
v 0.46566256 0.15865604 0.02890265
v 0.45240626 0.16651132 0.03097507
v 0.48271573 0.15258851 0.00996153
v 0.50253789 0.16389486 0.00073109
v 0.50240691 0.15170857 0.00092782
v 0.46590116 0.15481317 0.03008206
v 0.47882484 0.15060018 0.00469886
v 0.48281386 0.15616060 0.00455945
v 0.45666008 0.16817101 0.01307809
v 0.45945841 0.15295783 0.03226918
v 0.46439703 0.14807864 0.03107933
v 0.39907397 0.16173673 0.02235636
v 0.39477162 0.16517991 0.01918354
v 0.40301352 0.15138549 0.03335762
v 0.46853751 0.16761041 0.00408950
v 0.46938089 0.15065292 0.00457363
v 0.49672700 0.14982973 0.01546984
v 0.41476639 0.16108509 0.03463325
v 0.41255475 0.15384696 0.03457979
v 0.36884589 0.16081585 0.01423346
v 0.51007639 0.15780979 0.00049496
v 0.37806617 0.14610052 0.00835961
v 0.41662344 0.15501207 0.02930229
v 0.42399041 0.16609153 0.02988988
v 0.46777838 0.15420704 0.02727564
v 0.47113330 0.15524098 0.02751805
v 0.33647211 0.00478509 0.00366581
v 0.32953596 -0.00036799 0.00378780
v 0.33840271 -0.00070034 0.00177793
v 0.31321652 -0.00502769 0.00067448
v 0.30594864 0.00073257 0.00024780
v 0.29906904 -0.00249491 0.00050541
v 0.31311797 0.00114572 0.00047691
v 0.32477014 0.00627355 0.00397511
v 0.31993285 0.00239416 0.00373827
v 0.31561863 0.00563201 0.00386739
v 0.28547178 0.00471855 0.00013530
v 0.31204148 0.00252462 0.00227139
v 0.29929240 -0.00113211 0.00439156
v 0.32785511 -0.00011517 0.00055531
v 0.28673782 -0.00204627 0.00066922
v 0.29557234 -0.00575805 0.00046412
v 0.33364827 0.01219707 0.00430473
v 0.29509062 0.00071852 0.00064309
v 0.30604435 0.00971881 0.00397054
v 0.28701603 0.00372292 0.00419208
v 0.33479371 -0.00345937 0.00085322
v 0.36825127 0.00136729 0.00414445
v 0.37206706 0.00782651 0.00407633
v 0.36364666 0.00889670 0.00412284
v 0.37823765 0.00220301 0.00443085
v 0.37222609 -0.00052588 0.00081118
v 0.36208753 -0.00082438 0.00117908
v 0.36056191 -0.00008924 0.00460525
v 0.38607061 0.00025021 0.00692733
v 0.38966674 0.00442105 0.00552366
v 0.38383808 0.01368462 0.00475396
v 0.30004424 0.00998048 0.00386915
v 0.40743948 -0.00228414 0.00122749
v 0.40368837 0.00116659 0.00273515
v 0.39602529 0.00185136 0.00087277
v 0.39294644 0.00476605 0.01500592
v 0.38520531 0.00105936 0.01462769
v 0.39264831 -0.00027515 0.01238770
v 0.38067732 0.00903007 0.01276681
v 0.38420193 0.01456820 0.00863383
v 0.37776558 0.00207918 0.01502719
v 0.37722343 0.00089289 0.01043546
v 0.34515146 0.00174953 0.00395926
v 0.41458713 0.00213318 0.00149630
v 0.30001897 0.02567969 0.00409166
v 0.29110106 0.02350825 0.00401972
v 0.29916486 0.01887104 0.00395007
v 0.29350810 0.02952507 0.00435247
v 0.38908963 -0.00136473 0.00952868
v 0.40296205 -0.00058248 0.00764516
v 0.35329616 0.00269774 0.00423448
v 0.35200233 -0.00137695 0.00105704
v 0.35575544 0.00300165 0.00050899
v 0.40365499 0.00558630 0.00372624
v 0.41188047 0.00496560 0.00303300
v 0.30307056 0.03394037 0.00400497
v 0.30775660 0.04091124 0.00405569
v 0.29631457 0.03747095 0.00383735
v 0.40374683 0.00858830 0.00588027
v 0.40802731 0.00151109 0.01519980
v 0.40808570 0.01008610 0.01260112
v 0.31446738 0.04054628 0.00417080
v 0.31969420 0.02725696 0.00433789
v 0.28504109 0.02565697 0.00362745
v 0.29034270 0.01282004 0.00384042
v 0.38557414 0.00755178 0.01482536
v 0.37779047 0.01148739 0.01465769
v 0.30855134 0.04801182 0.00422620
v 0.29699557 0.05103891 0.00434724
v 0.32315629 0.03578826 0.00418548
v 0.32320353 0.04468991 0.00413886
v 0.35682341 0.00873682 0.00401945
v 0.39871145 0.00718579 0.01452549
v 0.38906828 0.01388152 0.01530492
v 0.37867654 0.00279332 0.00028859
v 0.37613319 -0.00329474 0.00067405
v 0.31675874 0.05140285 0.00438372
v 0.30832390 0.02267472 0.00411998
v 0.33057339 0.04708415 0.00432643
v 0.38804275 0.00167059 0.00080110
v 0.37809085 0.02232339 0.00397856
v 0.36904754 0.02788345 0.00976777
v 0.36826577 0.02673178 0.00453308
v 0.40513968 0.00248183 0.01686224
v 0.41511840 0.00230152 0.02130131
v 0.35983837 0.05300184 0.00377125
v 0.35466426 0.03740137 0.00477231
v 0.36050461 0.04139022 0.00497819
v 0.38151730 0.02659081 0.00607139
v 0.34164045 0.03198239 0.00407098
v 0.34979654 0.03995482 0.00396762
v 0.34120638 0.04264991 0.00411635
v 0.36409444 0.04931274 0.00751523
v 0.36114450 0.04109734 0.00783490
v 0.31033292 0.05984066 0.00437734
v 0.35594820 0.02740892 0.00410881
v 0.33177291 0.02771355 0.00399858
v 0.31538344 0.01517618 0.00415710
v 0.31567731 0.05849115 0.00452990
v 0.36010180 -0.00368224 0.00110883
v 0.40906554 0.00944415 0.01817168
v 0.39396498 0.03847042 0.00474333
v 0.39850446 0.03274769 0.00387059
v 0.40280167 0.03633311 0.00489806
v 0.40159828 0.01363987 0.01513866
v 0.39947698 0.03599809 0.01313852
v 0.40751692 0.03291084 0.01209938
v 0.34337381 0.01806583 0.00399736
v 0.41249487 0.00648985 0.02267426
v 0.41135018 0.03164178 0.00502357
v 0.41042764 0.03552925 0.00641544
v 0.41345528 0.01646083 0.01720043
v 0.28660310 0.02269194 0.02228958
v 0.29758837 0.01511129 0.02595870
v 0.28499908 0.01879494 0.01990833
v 0.32678874 0.01655326 0.00424459
v 0.28687421 0.02145747 0.02553039
v 0.28545910 0.02069549 0.00427293
v 0.36459622 0.02976911 0.00600630
v 0.36341816 0.03591141 0.00393445
v 0.36641710 0.03450458 0.00623210
v 0.33794135 0.05905178 0.00443888
v 0.35591651 0.03829429 0.01090029
v 0.37153797 0.02881837 0.02031947
v 0.37029651 0.03464093 0.02219323
v 0.36658634 0.03233056 0.01952642
v 0.28623953 0.04526904 0.00411763
v 0.39323289 0.01301077 0.01469337
v 0.40078407 0.01565949 0.00749329
v 0.38590851 0.01808358 0.00707702
v 0.35503691 0.03185897 0.01967858
v 0.35308441 0.03741439 0.02007241
v 0.35103990 0.03331061 0.01459779
v 0.38041287 0.01592014 0.01467608
v 0.35685439 0.04380640 0.02180227
v 0.35664476 0.04324888 0.01611388
v 0.38435030 0.03761975 0.02107396
v 0.37640335 0.04042131 0.02234085
v 0.37722831 0.03670500 0.02069099
v 0.35960947 0.04137354 0.02118297
v 0.36140113 0.04547572 0.02570842
v 0.36407973 0.04800391 0.03049946
v 0.35889794 0.05110005 0.03085771
v 0.38204602 0.03464540 0.02203721
v 0.40448775 0.03391998 0.01912353
v 0.40942874 0.03172164 0.01794308
v 0.38423312 0.02265973 0.00736440
v 0.36032905 0.05155423 0.02440994
v 0.37731790 0.04162261 0.02570092
v 0.36365791 0.05572966 0.02737598
v 0.38813506 0.02122729 0.01338114
v 0.38606821 0.02196434 0.00368313
v 0.36561367 0.02877045 0.01946418
v 0.39794486 0.03697135 0.01770049
v 0.39551942 0.03336732 0.01506705
v 0.35630031 0.05073105 0.00391557
v 0.35145847 0.05440085 0.00408379
v 0.37634423 0.01926267 0.01588767
v 0.41539066 0.02811795 0.01790717
v 0.41198012 0.03361827 0.01225606
v 0.36643081 0.03964731 0.02204698
v 0.39810691 0.03895421 0.03088043
v 0.39422957 0.03156191 0.02848996
v 0.38610704 0.01536809 0.01551706
v 0.36934902 0.02362310 0.01950292
v 0.37526001 0.01986273 0.01883240
v 0.37929336 0.01725696 0.00482185
v 0.40556177 0.01428200 0.00574322
v 0.40741589 0.01549617 0.01416805
v 0.34719674 0.06296875 0.00440050
v 0.37101356 0.04583915 0.03415264
v 0.36566923 0.04702372 0.02230828
v 0.37026823 0.04360703 0.02489705
v 0.37079083 0.02681264 0.01227445
v 0.39287080 0.01944792 0.00439625
v 0.40218324 0.03631195 0.02953507
v 0.40277191 0.04454621 0.03026396
v 0.39610507 0.05465694 0.03104488
v 0.40538837 0.05323997 0.03086976
v 0.40082322 0.06017521 0.03066648
v 0.40679948 0.03763334 0.02932475
v 0.36459605 0.02599422 0.01479070
v 0.40995116 0.03256907 0.02690687
v 0.39502180 0.05579067 0.03717594
v 0.39031024 0.05159248 0.03220167
v 0.36663967 0.01798142 0.00385740
v 0.39186313 0.02620501 0.02152287
v 0.28850804 0.05677601 0.00442769
v 0.36778353 0.04238294 0.02169997
v 0.41119609 0.05113766 0.03174926
v 0.40825847 0.05293215 0.03490716
v 0.37938922 0.04042801 0.03428094
v 0.37152329 0.05172200 0.03442486
v 0.39503774 0.03441934 0.03437011
v 0.36094953 0.02861822 0.01888122
v 0.36453754 0.04955642 0.03535271
v 0.35802785 0.04715829 0.01354215
v 0.35850550 0.04848970 0.01907606
v 0.36283448 0.05538118 0.00754416
v 0.34478244 0.00005719 0.00078248
v 0.34826486 -0.00409701 0.00105105
v 0.37081790 0.03094869 0.03025571
v 0.35989320 0.05677668 0.01509610
v 0.36057104 0.05315715 0.01782519
v 0.37363581 0.03170682 0.03101346
v 0.37658558 0.02775771 0.02051924
v 0.37395207 0.03489493 0.02437325
v 0.36971789 0.03747437 0.02509003
v 0.39859083 0.02027343 0.00048942
v 0.36566061 0.05601950 0.03448291
v 0.41428440 0.01280884 0.00447458
v 0.40928569 0.01732704 0.00425722
v 0.40936208 0.01968315 0.00022577
v 0.37491224 0.05226257 0.03890177
v 0.38341655 0.01555513 0.01990233
v 0.38769677 0.03220181 0.02710648
v 0.39342836 0.04566559 0.03016646
v 0.41746644 0.04622935 0.03008057
v 0.38857295 0.03514627 0.03130453
v 0.37435428 0.04065701 0.03114041
v 0.41225926 0.04792113 0.03029285
v 0.43971369 0.00212063 0.00054894
v 0.45356169 -0.00272252 0.00057189
v 0.44781918 0.00274945 0.00041080
v 0.37379869 0.03471162 0.03533326
v 0.37088869 0.03226152 0.03572799
v 0.45415919 0.00693127 0.00305653
v 0.43956571 0.00938185 0.00483854
v 0.44168252 0.00718472 0.00267093
v 0.42369629 -0.00206940 0.00118834
v 0.42425749 0.00374158 0.00176925
v 0.41247841 0.01770468 0.00935999
v 0.42881161 0.00131128 0.00070283
v 0.39809278 0.02536387 0.00445769
v 0.38912030 0.02921183 0.00499530
v 0.38704377 0.01939674 0.02042680
v 0.38825982 0.04504225 0.03331942
v 0.42923498 0.00273144 0.00287616
v 0.48403950 0.00268872 0.00117250
v 0.47712078 0.00112168 0.00158088
v 0.48235358 -0.00390975 0.00067897
v 0.49224358 0.00266946 0.00091019
v 0.38237210 0.04682905 0.03422731
v 0.45977484 0.00239736 0.00028110
v 0.41833369 0.00701839 0.00423803
v 0.45573083 0.01057710 0.00446632
v 0.45742315 0.00358521 0.00234807
v 0.47118551 -0.00383369 0.00074553
v 0.47030898 0.00141623 -0.00009014
v 0.42736770 0.00859660 0.00492297
v 0.46928292 0.00254310 0.00272089
v 0.38429419 0.02900058 0.01993597
v 0.44506313 0.00268174 0.00385501
v 0.43482292 0.00663747 0.00201669
v 0.38798868 0.02498363 0.02131352
v 0.46404828 0.00976217 0.00220010
v 0.40566021 0.02861568 0.00443628
v 0.40849638 0.02759781 0.00352768
v 0.43730954 -0.00148361 0.00118430
v 0.49951060 0.00877192 0.00435082
v 0.50185735 0.00381123 0.00099969
v 0.50180139 0.01451114 0.00109365
v 0.49649805 0.00286344 0.00061488
v 0.49738527 -0.00246945 0.00064188
v 0.46628099 0.01214258 0.00413472
v 0.44692357 0.01656445 0.00497764
v 0.50908949 0.00102606 0.00048421
v 0.41433237 0.02932498 0.02326471
v 0.48882242 0.00282861 0.00303439
v 0.49748274 0.00186046 0.00539683
v 0.47703823 0.01175763 0.00263047
v 0.46010397 0.06477527 0.00527891
v 0.45119225 0.06284137 0.00552498
v 0.45274640 0.05449563 0.00458305
v 0.46686109 0.05627489 0.00499299
v 0.45259333 0.04869349 0.00516585
v 0.47844229 0.00291465 0.00526063
v 0.46175736 0.01681605 0.00479547
v 0.45510220 0.01664118 0.00477538
v 0.47223075 0.04710359 0.00228592
v 0.47349311 0.05841599 0.00377713
v 0.46563773 0.04334350 0.00474544
v 0.49392631 0.00636323 0.00681645
v 0.47583305 0.04759778 0.00712852
v 0.48533991 0.00306268 0.00772814
v 0.48624410 0.01210478 0.00989429
v 0.48444668 0.00811278 0.00510512
v 0.49149730 0.01282522 0.00592874
v 0.49325652 0.00853512 0.00477720
v 0.47181986 0.01824041 0.00556670
v 0.51030063 0.01538310 0.00066293
v 0.49917069 0.01477214 0.00624848
v 0.47064059 0.01523675 0.00232959
v 0.48077404 0.01031469 0.00546819
v 0.46940965 0.06247582 0.00462816
v 0.48272959 0.05037298 0.00465395
v 0.48657071 0.05546531 0.00517265
v 0.47966110 0.05642730 0.00288794
v 0.47675975 0.05420028 0.00750288
v 0.48410967 0.06267334 0.00397199
v 0.49834142 0.01970650 0.00541843
v 0.48377797 0.01442861 0.00888647
v 0.50278544 0.02120299 0.00091772
v 0.49957481 0.02473338 0.00547765
v 0.47527033 0.01543721 0.00398722
v 0.49715813 0.02673500 0.00449384
v 0.48104707 0.01930028 0.00424600
v 0.43710788 0.04243106 0.00467372
v 0.43985372 0.05089227 0.00560440
v 0.43261382 0.04136873 0.00869029
v 0.43778839 0.02532616 0.01045677
v 0.43617809 0.01694285 0.01042486
v 0.44200623 0.02090151 0.01136005
v 0.44620876 0.01701327 0.00932739
v 0.44617328 0.02450105 0.01013673
v 0.44501375 0.04249461 0.00501824
v 0.41948073 0.02829659 0.01074409
v 0.42197285 0.02855572 0.01569538
v 0.41672305 0.02893497 0.01308379
v 0.42032692 0.02091026 0.01114234
v 0.41232824 0.02664793 0.01104348
v 0.43021193 0.03578553 0.01097646
v 0.42364626 0.03216759 0.01882038
v 0.42552543 0.03386834 0.01160702
v 0.42975900 0.03482071 0.01691741
v 0.45227583 0.03794127 0.00810205
v 0.45760547 0.03835760 0.00383598
v 0.45059733 0.03899319 0.00347828
v 0.45732304 0.04248439 0.00436954
v 0.46115183 0.04088345 0.00474965
v 0.41625170 0.01730885 0.00496040
v 0.42375300 0.01621874 0.00502688
v 0.41512767 0.00384529 0.02910197
v 0.41645118 0.00978410 0.02176810
v 0.45470906 0.01702749 0.01114077
v 0.43210398 0.01638931 0.00510866
v 0.48007303 0.02386778 0.01263246
v 0.42845022 0.02855127 0.01126955
v 0.51001226 0.02662418 0.00060567
v 0.41252929 0.03564250 0.02398611
v 0.42243195 0.03742053 0.02448314
v 0.45691169 0.02907815 0.01068480
v 0.45290562 0.02410492 0.01022785
v 0.45828663 0.02139494 0.01036794
v 0.44585739 0.03086446 0.00996766
v 0.46368928 0.01867907 0.01061504
v 0.47496033 0.01965926 0.01009271
v 0.46819130 0.02892400 0.01049222
v 0.48255388 0.02103128 0.01343174
v 0.50950851 0.04130028 0.00058161
v 0.50328481 0.02994304 0.00096723
v 0.41833223 0.05244661 0.03300169
v 0.47365372 0.04075968 0.01013246
v 0.42395345 0.01681348 0.01129781
v 0.42340491 0.04281809 0.02765305
v 0.42645214 0.04807054 0.02879638
v 0.42524182 0.05785604 0.03072929
v 0.49080415 0.02604023 0.00412456
v 0.48910089 0.02112830 0.00345197
v 0.49293598 0.02158165 0.00662690
v 0.47506144 0.05367560 0.01145863
v 0.42535869 0.03966411 0.02035451
v 0.41771192 0.05477496 0.03651712
v 0.43422781 0.04328306 0.01878984
v 0.47135250 0.04985214 0.01744285
v 0.48849204 0.05087274 0.01346091
v 0.48741554 0.04877734 0.00654613
v 0.43796572 0.04191965 0.01466467
v 0.47194395 0.03548029 0.01823801
v 0.43931298 0.06450884 0.02359223
v 0.43154879 0.05248401 0.02689540
v 0.43419985 0.05808622 0.02353035
v 0.42827491 0.05382757 0.03021014
v 0.43178357 0.02245244 0.01089106
v 0.43352565 0.06232088 0.03011235
v 0.46401794 0.03583245 0.01061592
v 0.48126118 0.01851433 0.01131127
v 0.50042138 0.02946625 0.00478045
v 0.50086867 0.04858894 0.00461536
v 0.50087491 0.05929799 0.00470016
v 0.49426933 0.04638828 0.00525280
v 0.48794966 0.02462339 0.00503822
v 0.49123831 0.05171285 0.00535075
v 0.47962036 0.05537601 0.01521394
v 0.47527058 0.02396339 0.01063100
v 0.44340878 0.04870642 0.01493112
v 0.45251922 0.05873626 0.01699896
v 0.45633930 0.03553477 0.01066404
v 0.47388044 0.04371118 0.01990318
v 0.44091886 0.04846034 0.01886068
v 0.50205593 0.04216300 0.00091024
v 0.50219215 0.03823429 0.00422581
v 0.48823691 0.01635568 0.00424757
v 0.49203771 0.03080586 0.00448931
v 0.49035194 0.03648694 0.00493291
v 0.47733022 0.06219436 0.02101542
v 0.50176872 0.05399550 0.00086376
v 0.49309679 0.05782327 0.00420639
v 0.50123096 0.06117516 0.00114222
v 0.43826201 0.04892191 0.02354004
v 0.49703720 0.06238821 0.00535634
v 0.29674850 0.06281937 0.00432644
v 0.41895021 0.03922386 0.02168525
v 0.41669637 0.04208910 0.02171218
v 0.47368578 0.02810625 0.01056180
v 0.43750926 0.03133850 0.01067497
v 0.49542930 0.03819185 0.00531840
v 0.44630187 0.05620602 0.01976683
v 0.44337883 0.03525253 0.01064806
v 0.30415526 0.07296782 0.00443768
v 0.31587570 0.06685233 0.00453937
v 0.29814521 0.08171591 0.00448399
v 0.29199970 0.07239231 0.00433326
v 0.32558639 0.06312992 0.00449719
v 0.47162927 0.03614522 0.01187894
v 0.41429441 0.01554800 0.02474251
v 0.33574269 0.06994677 0.00436481
v 0.48948843 0.04330489 0.00557065
v 0.28698795 0.07936001 0.00441423
v 0.31177539 0.07876612 0.00443270
v 0.31749718 0.07364078 0.00467623
v 0.43102583 0.04444119 0.02342352
v 0.32091923 0.08104128 0.00455804
v 0.31259916 0.08685335 0.00429381
v 0.28588014 0.08707707 0.00442795
v 0.30767722 0.09505749 0.00433259
v 0.29668027 0.09364930 0.00442864
v 0.31712795 0.09295940 0.00447249
v 0.42104611 0.04176090 0.02297842
v 0.41698210 0.04053482 0.02752886
v 0.32842145 0.07652375 0.00434557
v 0.30268384 0.10250054 0.00413597
v 0.34233699 0.06688886 0.00448095
v 0.31248949 0.10358482 0.00444313
v 0.28703014 0.09889158 0.00420022
v 0.34392975 0.07966279 0.00443664
v 0.35858676 0.06137930 0.00389577
v 0.29239848 0.08605656 0.00449964
v 0.35782335 0.07056466 0.00461750
v 0.44415624 0.05562423 0.02257404
v 0.35993709 0.09917719 0.00426540
v 0.34651639 0.10027044 0.00457567
v 0.34856665 0.09441157 0.00455404
v 0.35979837 0.08565462 0.00439339
v 0.36063507 0.07615281 0.00477542
v 0.36658832 0.08053436 0.00449361
v 0.36391812 0.09357561 0.00433017
v 0.36753461 0.10480587 0.00414651
v 0.50965717 0.05811624 0.00072464
v 0.32761798 0.09037179 0.00432804
v 0.31684019 0.10585668 0.00428963
v 0.32198097 0.10172646 0.00418638
v 0.33477182 0.08769420 0.00419428
v 0.37866180 0.09445667 0.00409796
v 0.37601235 0.08304404 0.00515980
v 0.36733911 0.06482417 0.03056659
v 0.36977568 0.06323968 0.03249840
v 0.37186574 0.07013581 0.03512884
v 0.36907357 0.06769820 0.02617554
v 0.37242225 0.07146007 0.02236321
v 0.35026007 0.08551799 0.00457710
v 0.36553755 0.06325959 0.01053499
v 0.37621494 0.08004432 0.02505629
v 0.37802395 0.08822259 0.02885775
v 0.37857319 0.08272366 0.02300679
v 0.37755352 0.08926575 0.01854997
v 0.37784767 0.08047605 0.03091853
v 0.37466447 0.07753221 0.03629386
v 0.36208451 0.06036338 0.01895676
v 0.38342313 0.08907806 0.00614623
v 0.38326163 0.09318111 0.02925672
v 0.33126932 0.09875831 0.00452130
v 0.37565731 0.09030691 0.01365734
v 0.36335540 0.06572831 0.01383890
v 0.37082766 0.07251911 0.00725380
v 0.37896249 0.08662108 0.03324119
v 0.43934859 0.05825652 0.02441596
v 0.40800040 0.06756634 0.02940293
v 0.28995338 0.12750275 0.00419256
v 0.29010932 0.11633397 0.00468982
v 0.30248430 0.12058641 0.00456189
v 0.38320469 0.09744393 0.00649189
v 0.39930578 0.06588586 0.03239439
v 0.38007147 0.09869775 0.01187257
v 0.38628609 0.10914654 0.00511680
v 0.29174387 0.10390181 0.00456404
v 0.38497230 0.10870730 0.01019644
v 0.29884417 0.10946700 0.00438392
v 0.30583083 0.11269706 0.00428470
v 0.36601943 0.06022720 0.00506289
v 0.38500021 0.08588019 0.03966385
v 0.38833176 0.09374053 0.03886623
v 0.36275970 0.06167280 0.00257877
v 0.40701412 0.08584867 0.03162404
v 0.40662671 0.07858365 0.03396791
v 0.41119559 0.08132083 0.02942649
v 0.40969227 0.08784549 0.03226242
v 0.36692199 0.07080578 0.01718722
v 0.41857352 0.09259987 0.02802120
v 0.33612315 0.10343974 0.00427526
v 0.38505379 0.09987308 0.02501346
v 0.40876255 0.07566927 0.02983644
v 0.40317876 0.07323759 0.03239315
v 0.31659196 0.13480039 0.00444923
v 0.31241967 0.14188357 0.00437827
v 0.30448081 0.13145543 0.00434576
v 0.36898537 0.06942894 0.00484303
v 0.36602750 0.07447036 0.01278041
v 0.37032906 0.08194749 0.01200252
v 0.37222141 0.07947879 0.01764661
v 0.32240193 0.13032260 0.00449098
v 0.32067980 0.12230426 0.00422504
v 0.32880248 0.12636387 0.00424294
v 0.31319615 0.11538746 0.00438836
v 0.39033037 0.10093816 0.03515507
v 0.33386207 0.14149430 0.00407438
v 0.31924612 0.14198972 0.00428603
v 0.33039857 0.13496731 0.00450943
v 0.36525532 0.06296681 0.02096407
v 0.37100057 0.07139829 0.01919815
v 0.36261537 0.11874487 0.00422164
v 0.35673884 0.10997452 0.00456110
v 0.36124650 0.13706918 0.00533847
v 0.35804217 0.13282914 0.01399556
v 0.35779924 0.13625547 0.00613958
v 0.37311218 0.13710921 0.00818051
v 0.37037307 0.13237705 0.00482709
v 0.36956871 0.13069219 0.00871620
v 0.37213525 0.13426884 0.00996204
v 0.37510516 0.11121856 0.00401625
v 0.38301097 0.10121402 0.01688685
v 0.33499711 0.11852929 0.00438416
v 0.33573832 0.11015797 0.00485619
v 0.34480234 0.10942692 0.00464392
v 0.34715417 0.12582412 0.00478445
v 0.33927704 0.13462004 0.00449573
v 0.34665350 0.14354087 0.00440910
v 0.34066209 0.12614273 0.00431499
v 0.36615292 0.05978079 0.02632859
v 0.31107997 0.12415361 0.00461375
v 0.38902620 0.10972045 0.02217419
v 0.38570847 0.10608756 0.01544792
v 0.29543451 0.14347023 0.02193709
v 0.29100442 0.14076859 0.02681085
v 0.29367385 0.13725269 0.02345667
v 0.33053918 0.11052710 0.00398338
v 0.28816577 0.14347012 0.02382431
v 0.32315810 0.11282253 0.00432596
v 0.35017287 0.11125184 0.00466784
v 0.35230874 0.12003789 0.00437744
v 0.29983566 0.13732568 0.01519932
v 0.30656549 0.13788084 0.01499464
v 0.37098565 0.06114053 0.03886820
v 0.29697178 0.14503357 0.00634449
v 0.34482138 0.11478972 0.01404007
v 0.34731085 0.12137194 0.00945708
v 0.35478639 0.12716087 0.01367701
v 0.33821663 0.12385257 0.01338159
v 0.34989924 0.13787128 0.00418142
v 0.34092827 0.12408496 0.01437196
v 0.37106473 0.12252978 0.01964157
v 0.37865432 0.12000813 0.02578884
v 0.38123866 0.12290782 0.02010007
v 0.34679992 0.12770486 0.00993518
v 0.37804250 0.11756155 0.02480369
v 0.38556454 0.12239098 0.02282284
v 0.38319404 0.12009737 0.02730433
v 0.38769302 0.12731105 0.03000798
v 0.38036870 0.11423515 0.00181073
v 0.38490825 0.11396703 0.00662552
v 0.35699923 0.12346409 0.00473807
v 0.37993348 0.11788096 0.00668836
v 0.38606360 0.12618607 0.01829864
v 0.37973160 0.12868110 0.02042900
v 0.37036303 0.12350538 0.00414477
v 0.35132708 0.13014804 0.00791235
v 0.38713938 0.11361234 0.03399122
v 0.38347249 0.11746600 0.03391655
v 0.29974172 0.13710925 0.01948559
v 0.30762909 0.13807528 0.01974942
v 0.35215673 0.13902923 0.00956590
v 0.34805393 0.13955297 0.01407889
v 0.34944208 0.13010972 0.01392050
v 0.37340005 0.14070529 0.01850885
v 0.36569380 0.12611989 0.01342113
v 0.36423853 0.12930217 0.00532064
v 0.37644982 0.11927228 0.00641873
v 0.35775735 0.13097286 0.00430725
v 0.35370321 0.13890019 0.00552719
v 0.35883660 0.14568309 0.00618277
v 0.36902110 0.14219314 0.00447382
v 0.36268066 0.14416383 0.00593745
v 0.36490378 0.12438113 0.01892386
v 0.37314488 0.12138562 0.01438983
v 0.37207308 0.14206810 0.00330537
v 0.39145980 0.11043216 0.02895762
v 0.38894450 0.11374045 0.01962684
v 0.38540159 0.11331038 0.02342075
v 0.28741391 0.13767069 0.03054232
v 0.36168625 0.13973682 0.01378227
v 0.37774498 0.11648623 0.01062912
v 0.37968280 0.14386162 0.01101615
v 0.37485569 0.12762084 0.00324605
v 0.37640266 0.12810888 0.00653410
v 0.29237756 0.13714051 0.01596106
v 0.38070321 0.11517144 0.01780366
v 0.37581208 0.14222841 0.00519671
v 0.37671814 0.13799736 0.01159087
v 0.39337522 0.11610590 0.02847783
v 0.39301641 0.12118076 0.03432777
v 0.38874216 0.12602867 0.03430924
v 0.38072829 0.14387441 0.01894575
v 0.39757992 0.14119128 0.03410823
v 0.39461210 0.13914291 0.02908383
v 0.39150824 0.13288327 0.03406631
v 0.38619351 0.14050541 0.01993278
v 0.39096472 0.14283278 0.02080453
v 0.37691167 0.13626051 0.02007231
v 0.37815886 0.13899960 0.02418586
v 0.39577088 0.11142200 0.03433407
v 0.38159303 0.14217205 0.02235696
v 0.39936691 0.13296999 0.03392145
v 0.39956091 0.12319648 0.02948855
v 0.40451178 0.13310865 0.02813624
v 0.51023806 0.07490270 0.00081197
v 0.50208715 0.06809707 0.00098481
v 0.38612889 0.11252465 0.01375974
v 0.45715910 0.07032134 0.00553240
v 0.37952077 0.11776617 0.01332475
v 0.47197812 0.07067254 0.00419146
v 0.48243128 0.06607357 0.00450565
v 0.29591576 0.13194063 0.00449637
v 0.29216201 0.14163780 0.00513975
v 0.47938036 0.07205173 0.00523851
v 0.40221192 0.12108922 0.03652614
v 0.46271691 0.08130427 0.00568552
v 0.40511893 0.12930797 0.03398237
v 0.40679690 0.14279021 0.02542634
v 0.40516800 0.14174660 0.03374507
v 0.41118370 0.14422523 0.02571046
v 0.47891925 0.08063104 0.00431101
v 0.39407822 0.13622516 0.02078050
v 0.39667412 0.14433079 0.02621424
v 0.47218121 0.07964092 0.00550652
v 0.35414389 0.14210690 0.01396266
v 0.44620415 0.08070029 0.02748066
v 0.44029756 0.07736214 0.03091519
v 0.44778050 0.07626836 0.02363444
v 0.43669985 0.07745001 0.03027582
v 0.48254172 0.07848614 0.00600115
v 0.48856493 0.07528930 0.00455022
v 0.49044938 0.08527754 -0.00001456
v 0.49203242 0.07973682 0.00518099
v 0.49308599 0.07388532 0.00680878
v 0.46756099 0.08571182 0.00293051
v 0.47339130 0.09031505 0.00367969
v 0.47934515 0.08921741 0.00589480
v 0.48195152 0.08512620 0.00497862
v 0.50293668 0.08124568 0.00113959
v 0.50155764 0.07300093 0.00456086
v 0.47040775 0.09301021 0.00838908
v 0.45667779 0.07036040 0.01971335
v 0.44970046 0.06202923 0.02099074
v 0.45743452 0.06572260 0.01632666
v 0.45080004 0.06830271 0.02333009
v 0.38186701 0.13358521 0.02490917
v 0.37844726 0.13935248 0.02979702
v 0.38092104 0.13552081 0.03265252
v 0.47946742 0.09517670 0.00558909
v 0.47248490 0.10015208 0.00595574
v 0.47866998 0.10496942 0.00432052
v 0.46914881 0.07595782 0.02437798
v 0.47383993 0.07889030 0.02218031
v 0.46712823 0.08161607 0.02379010
v 0.49139553 0.08513559 0.00263164
v 0.49422364 0.06597137 0.00321658
v 0.50301671 0.09030384 0.00122228
v 0.49941121 0.08402930 0.00174608
v 0.46868802 0.08102251 0.01743817
v 0.51016112 0.08771227 0.00098806
v 0.47037819 0.08940050 0.01915616
v 0.46357029 0.08779087 0.02585639
v 0.46220881 0.09306024 0.02385528
v 0.46936607 0.10614143 0.02563277
v 0.50225486 0.07921339 0.00662483
v 0.46707097 0.08223286 0.00733421
v 0.45511791 0.08857209 0.02381521
v 0.45935000 0.09727319 0.02186686
v 0.45082669 0.09852005 0.02860406
v 0.46133201 0.10003657 0.02454324
v 0.30589520 0.14285788 0.00500049
v 0.50268617 0.08025583 0.01020461
v 0.45871921 0.07423874 0.02310446
v 0.49783094 0.07328549 0.01517973
v 0.49088176 0.07042958 0.01376725
v 0.47587757 0.06830880 0.02157824
v 0.46581433 0.08112531 0.01139226
v 0.38432990 0.13459295 0.02060161
v 0.48452117 0.08152048 0.01008674
v 0.50248487 0.07910319 0.01515667
v 0.46221353 0.07203025 0.01657391
v 0.49158796 0.07598214 0.01671279
v 0.48778238 0.07377887 0.01189246
v 0.47632362 0.07520586 0.01843216
v 0.48391322 0.07621164 0.01434568
v 0.48484083 0.09300764 0.01400263
v 0.50418696 0.09930656 0.00088624
v 0.48437538 0.08837450 0.01588246
v 0.48849343 0.08668980 0.01584051
v 0.48316670 0.07999404 0.01725612
v 0.50919148 0.11146521 0.00079109
v 0.46874974 0.07749002 0.01731404
v 0.49135799 0.09145806 0.02019860
v 0.48971538 0.09577724 0.01463495
v 0.48149824 0.10164293 0.00943966
v 0.48326964 0.10276925 0.01521722
v 0.48826208 0.10649195 0.01955292
v 0.49192153 0.10320464 0.01604815
v 0.47734726 0.11057142 0.00560039
v 0.48378555 0.10751206 0.00735263
v 0.49923398 0.09080363 0.01560701
v 0.49393935 0.09003095 0.01950738
v 0.49806748 0.08633385 0.01846091
v 0.47499526 0.10120718 0.01847693
v 0.38420359 0.14222701 0.03181608
v 0.47349564 0.10527463 0.01972491
v 0.50194961 0.08909140 0.01859920
v 0.49779220 0.09548190 0.01856360
v 0.49720833 0.08041478 0.01838452
v 0.50292453 0.08600793 0.01477376
v 0.50282348 0.09096970 0.01149999
v 0.49106642 0.08171473 0.02046979
v 0.50928702 0.12389054 0.00070284
v 0.50246075 0.12241765 0.00188968
v 0.47072166 0.11530388 0.02528797
v 0.49519489 0.09954365 0.01982830
v 0.50231459 0.09707095 0.01009112
v 0.41398692 0.09468847 0.03180441
v 0.50317080 0.10056771 0.01617141
v 0.49892187 0.10270329 0.01900910
v 0.43766140 0.09569737 0.02762289
v 0.49519900 0.10736754 0.01840490
v 0.50268155 0.09637627 0.00340721
v 0.50285725 0.10609204 0.00438323
v 0.41561987 0.10041807 0.03223327
v 0.44283252 0.06898920 0.02396254
v 0.45669601 0.07722948 0.02388400
v 0.45328966 0.10054884 0.03054042
v 0.35300719 0.13025853 0.00577383
v 0.50308732 0.13410483 0.00125872
v 0.42072114 0.10578218 0.03224081
v 0.44511568 0.11119965 0.02955564
v 0.46014857 0.11728103 0.03133276
v 0.42699692 0.11081854 0.02880101
v 0.46560721 0.07670446 0.02046690
v 0.48550764 0.10671132 0.01534318
v 0.46162447 0.08021833 0.02454786
v 0.50997643 0.13867000 0.00069002
v 0.48692295 0.06835842 0.00545028
v 0.50346275 0.14592556 0.00069866
v 0.45628694 0.08080766 0.02543553
v 0.48897388 0.11367504 0.01014695
v 0.48243816 0.11345454 0.01109899
v 0.49451791 0.06866483 0.00526985
v 0.49929586 0.10944892 0.01575484
v 0.50305669 0.11150945 0.01450282
v 0.47766405 0.11005192 0.01975866
v 0.50332880 0.11433857 0.00294408
v 0.50433107 0.10955949 0.00108133
v 0.48584789 0.11967558 0.01450137
v 0.48051734 0.11927929 0.01954389
v 0.43329921 0.12299142 0.02848397
v 0.42652503 0.11356261 0.03121231
v 0.43279325 0.11547909 0.03982143
v 0.43825225 0.13335372 0.02969686
v 0.47278375 0.11368635 0.02279987
v 0.48951004 0.08544784 0.02182166
v 0.46031489 0.13145028 0.02940547
v 0.44960863 0.12737024 0.02942121
v 0.46512869 0.11985993 0.03069765
v 0.46688643 0.12781305 0.03073997
v 0.46384141 0.13652258 0.03002705
v 0.46089782 0.14276561 0.03032455
v 0.45599868 0.13699898 0.03535858
v 0.47658554 0.11543534 0.02432133
v 0.46739760 0.11883184 0.02668126
v 0.46431326 0.10990984 0.02616339
v 0.47514453 0.14580210 0.02421593
v 0.46819586 0.14474418 0.02976926
v 0.47231350 0.13919527 0.02915701
v 0.40035527 0.14980884 0.02900913
v 0.49767425 0.14407522 0.01061021
v 0.49775842 0.13736311 0.01662322
v 0.49239321 0.14039476 0.01590833
v 0.48948380 0.14237231 0.01558184
v 0.48862570 0.13773563 0.02038071
v 0.50305964 0.12472910 0.00906178
v 0.47773052 0.14394976 0.02729902
v 0.47896035 0.13369856 0.02659684
v 0.48172740 0.13974128 0.02224078
v 0.48916800 0.12982727 0.01457845
v 0.48768171 0.14429074 0.02446789
v 0.46176307 0.11215454 0.03118000
v 0.47192683 0.13474601 0.02889539
v 0.47201104 0.12505226 0.02735103
v 0.46818382 0.12945899 0.02705725
v 0.38013153 0.13961304 0.03545552
v 0.50312184 0.14048440 0.01609271
v 0.50322408 0.12722462 0.01642095
v 0.39420211 0.04744733 0.04153316
v 0.47622926 0.12292435 0.02495516
v 0.48150985 0.13473567 0.02298878
v 0.48374976 0.13194877 0.02243562
v 0.39024109 0.13431629 0.01876280
v 0.48047149 0.12280274 0.02586874
v 0.49510597 0.14037995 0.01031935
v 0.49339634 0.14762557 0.01582976
v 0.37778158 0.05269552 0.04305284
v 0.38344578 0.04589013 0.04161121
v 0.49839320 0.12136842 0.01974285
v 0.49443333 0.12310411 0.01154162
v 0.49516747 0.11188715 0.01718112
v 0.49255033 0.13181769 0.01141528
v 0.49988566 0.12886064 0.01843355
v 0.47878391 0.15101709 0.02502568
v 0.50263639 0.11607644 0.01679598
v 0.41087641 0.14894566 0.03077648
v 0.48836362 0.10877737 0.01400408
v 0.37021673 0.05475300 0.04246176
v 0.46772473 0.13943696 0.03296698
v 0.47975440 0.14666828 0.02327870
v 0.49209859 0.13530051 0.01734880
v 0.41920081 0.06463003 0.03171530
v 0.49294579 0.10807797 0.01830608
v 0.42992417 0.06528304 0.03172079
v 0.49221278 0.10975857 0.01361713
v 0.46000103 0.14754775 0.03469025
v 0.46540149 0.14596468 0.03436153
v 0.37821753 0.07283543 0.04014301
v 0.38053687 0.07952188 0.03885356
v 0.44095084 0.06989951 0.02984318
v 0.49382320 0.11795775 0.00959283
v 0.39789223 0.10256286 0.05052090
v 0.38497976 0.08306412 0.04509990
v 0.37484016 0.06380302 0.04281263
v 0.39741156 0.10717189 0.04111972
v 0.39349426 0.09812258 0.04298114
v 0.38998356 0.09051153 0.04717871
v 0.40409446 0.11759893 0.04228479
v 0.41785820 0.13982584 0.04836547
v 0.40880363 0.12533959 0.04367731
v 0.41553935 0.13351718 0.05197490
v 0.41427791 0.13720475 0.04156848
v 0.40454358 0.11394610 0.05147482
v 0.44677483 0.12620852 0.04236084
v 0.43832536 0.12094484 0.04050975
v 0.44773005 0.13191970 0.03383113
v 0.42483653 0.10607927 0.04188686
v 0.40444335 0.16219838 0.02437273
v 0.40554544 0.16915989 0.02024579
v 0.49549934 0.16869176 0.01770579
v 0.31616587 0.16803626 0.00423631
v 0.45341047 0.16724550 0.01593866
v 0.50314676 0.17603678 0.00895258
v 0.38746061 0.29871221 0.00060631
v 0.38397103 0.30355146 0.00038408
v 0.37862637 0.29863696 0.00029654
v 0.47612337 0.26379341 0.01040078
v 0.45798859 0.26350845 0.01029799
v 0.46635092 0.26065437 0.00357532
v 0.45610663 0.25417208 0.00401751
v 0.45608695 0.26080250 0.00399461
v 0.44709397 0.25802790 0.00400332
v 0.43542987 0.28207220 0.01039299
v 0.43128309 0.27811876 0.01035033
v 0.43379755 0.26929543 0.00995649
v 0.49574751 0.20211021 0.03568172
v 0.49612189 0.19939770 0.04060877
v 0.49982624 0.19897889 0.03440290
v 0.37252504 0.29900284 0.00015976
v 0.49773417 0.19547028 0.04016322
v 0.49265998 0.19395101 0.03590936
v 0.48819095 0.19697069 0.04276246
v 0.48911703 0.20033038 0.03263849
v 0.48695958 0.19573157 0.03545195
v 0.48893346 0.19236485 0.03769701
v 0.50052890 0.28774745 0.00434329
v 0.48939256 0.28419077 0.00325276
v 0.50055761 0.28176682 0.00439433
v 0.48671796 0.29677502 0.01543420
v 0.47670262 0.28933853 0.01535477
v 0.49147867 0.28937673 0.01505557
v 0.43303651 0.18413051 0.03399304
v 0.43307697 0.17696322 0.03459982
v 0.43910721 0.18138832 0.03419412
v 0.42811997 0.18805453 0.03420223
v 0.42518433 0.18326792 0.03419658
v 0.49342627 0.27531065 0.00439528
v 0.44135177 0.17610615 0.03444508
v 0.47679921 0.29628281 0.01527948
v 0.48710390 0.27742400 0.00479588
v 0.49553910 0.20245398 0.02899580
v 0.49223213 0.20229513 0.02646277
v 0.41452988 0.25862400 0.00413141
v 0.41252349 0.25227643 0.00401071
v 0.41981516 0.25058289 0.00400033
v 0.45006992 0.16757711 0.04229624
v 0.49106817 0.29511284 0.00701037
v 0.49115579 0.28717019 0.00573610
v 0.49866283 0.29596865 0.00853856
v 0.50157112 0.29012782 0.00678881
v 0.44639578 0.16990578 0.03404870
v 0.48617231 0.28850501 0.00638841
v 0.50157372 0.29043761 0.01512731
v 0.49793566 0.28898696 0.01347745
v 0.43802291 0.17333257 0.04559242
v 0.41413128 0.27949760 0.00938489
v 0.41818363 0.28212855 0.00413665
v 0.41483562 0.27588173 0.00519256
v 0.48161145 0.25023248 0.00401127
v 0.48884245 0.24964332 0.00412524
v 0.48418713 0.25750632 0.00423625
v 0.47718648 0.25633970 0.00397248
v 0.48604478 0.28050696 0.01007857
v 0.48311727 0.28334508 0.00288811
v 0.44990303 0.30345210 0.00072980
v 0.44927045 0.30024312 0.00071110
v 0.46043605 0.30004066 0.00090706
v 0.36701651 0.30396706 0.00029366
v 0.40612231 0.25662860 0.00411175
v 0.44466823 0.16974796 0.03552629
v 0.49262592 0.30120880 0.01567148
v 0.47719203 0.30126733 0.01416660
v 0.48599022 0.30055453 0.01005572
v 0.47200499 0.29999990 0.00070505
v 0.48252855 0.30002028 0.00118751
v 0.48408618 0.30369713 0.00082472
v 0.48310667 0.28926215 0.00854868
v 0.44791043 0.25193051 0.00404750
v 0.43362153 0.17318295 0.04237961
v 0.47404939 0.30134034 0.00766135
v 0.46413544 0.30191650 0.00912611
v 0.50133258 0.30132611 0.01508122
v 0.50258032 0.30180200 0.00943485
v 0.47084913 0.30053799 0.01531803
v 0.49281749 0.30170054 0.00778397
v 0.46024785 0.30089863 0.01501722
v 0.43044248 0.30352918 0.00071500
v 0.43945696 0.30041352 0.00085363
v 0.44452922 0.16862425 0.04359691
v 0.43433909 0.17515045 0.03861335
v 0.43743690 0.17324625 0.03562986
v 0.44115253 0.17022303 0.03573242
v 0.48455044 0.30114469 0.00577675
v 0.49394438 0.26701935 0.00429707
v 0.48611919 0.27027157 0.00459008
v 0.44686536 0.30151016 0.01042136
v 0.50221479 0.28896549 0.01030942
v 0.45163648 0.29987560 0.00411247
v 0.45404392 0.29691886 0.00530301
v 0.44964566 0.17590381 0.03311877
v 0.49295463 0.29995927 0.00110397
v 0.46094547 0.29480733 0.01510864
v 0.46502511 0.28867558 0.01504584
v 0.45215588 0.30009604 0.01510214
v 0.45236430 0.29780296 0.01112080
v 0.44215230 0.28329410 0.00972239
v 0.42756498 0.28334953 0.00996890
v 0.45354689 0.28894096 0.01476570
v 0.50512941 0.30807750 0.00068007
v 0.45807308 0.29700720 0.00733817
v 0.45945153 0.29217581 0.00489777
v 0.50529995 0.30777476 0.00074959
v 0.50474667 0.30796422 0.00070803
v 0.50506346 0.30730018 0.00077484
v 0.50471211 0.30835457 0.00066732
v 0.47995215 0.28517936 0.00843498
v 0.50420494 0.30757329 0.00074712
v 0.50531619 0.30587773 0.00074443
v 0.44803016 0.29073504 0.00418088
v 0.43893015 0.29293144 0.00404354
v 0.43561096 0.29875125 0.00386776
v 0.50218172 0.30601008 0.00071312
v 0.50535444 0.30190073 0.00073486
v 0.47478746 0.28990911 0.01135458
v 0.49969931 0.30040878 0.00084234
v 0.50133926 0.29676595 0.00164379
v 0.46310550 0.28820882 0.00921574
v 0.47637257 0.28472713 0.00845520
v 0.42632950 0.25893602 0.00398468
v 0.42421003 0.25518358 0.00367153
v 0.43007899 0.25191304 0.00385300
v 0.47139070 0.28625185 0.00650266
v 0.47101550 0.28283892 0.01005389
v 0.47046075 0.30380438 0.00085720
v 0.46262566 0.28721373 0.00432074
v 0.45313931 0.28278439 0.01022577
v 0.46251146 0.28118188 0.00998758
v 0.47882363 0.28170983 0.01058618
v 0.48575775 0.27170134 0.01070139
v 0.43790758 0.25196696 0.00399358
v 0.43187183 0.29993658 0.00057198
v 0.42436050 0.29920739 0.00364523
v 0.44424981 0.27731388 0.01071504
v 0.44344407 0.26566407 0.01042407
v 0.50746213 0.24069996 0.00077527
v 0.50636261 0.25995024 0.00081493
v 0.50129033 0.25096766 0.00094207
v 0.41464229 0.29905666 0.00087467
v 0.42362886 0.29960531 0.00067184
v 0.41873317 0.30225058 0.00050446
v 0.46359370 0.27220202 0.01054133
v 0.45729840 0.27468342 0.01053057
v 0.42027424 0.27581021 0.01024632
v 0.44960598 0.27160671 0.01076517
v 0.42508486 0.29220377 0.00387219
v 0.45126458 0.26277512 0.00986358
v 0.40767324 0.30168935 0.00043718
v 0.40140497 0.29895454 0.00098001
v 0.47016121 0.27563000 0.01043044
v 0.41999477 0.28276495 0.00967851
v 0.35191749 0.29753722 0.00020698
v 0.35030676 0.30300047 0.00031724
v 0.34190042 0.29657827 0.00081718
v 0.49292426 0.25773431 0.00430254
v 0.48787869 0.26080598 0.00441103
v 0.41353995 0.29857811 0.00378830
v 0.46978674 0.26720048 0.01053693
v 0.41643420 0.26469454 0.01034414
v 0.42735985 0.28302097 0.00384081
v 0.48556265 0.26463267 0.00962870
v 0.48564377 0.26421485 0.00416975
v 0.50143488 0.25942907 0.00479191
v 0.49401525 0.24964918 0.00453761
v 0.36633272 0.29954010 0.00023891
v 0.44115981 0.28352641 0.00431713
v 0.39969145 0.29784150 0.00389925
v 0.41473547 0.26722147 0.00472921
v 0.41909103 0.26345718 0.00554599
v 0.40898463 0.29066357 0.00396099
v 0.43402506 0.28374889 0.00383251
v 0.47989489 0.26229491 0.00586191
v 0.44161352 0.26322113 0.00981172
v 0.50149908 0.26935400 0.00454539
v 0.50144259 0.28237224 0.00086791
v 0.38044406 0.29853305 0.00384217
v 0.36788741 0.29850470 0.00400320
v 0.42594943 0.24372224 0.00386902
v 0.40370055 0.28768654 0.00386555
v 0.40968556 0.27957427 0.00371678
v 0.40995447 0.27183147 0.00376045
v 0.46557988 0.25699892 0.00411560
v 0.40632921 0.26593182 0.00369126
v 0.50562190 0.28096682 0.00073481
v 0.50149729 0.26303540 0.00114464
v 0.48370276 0.24294947 0.00414168
v 0.39476514 0.28106729 0.00386460
v 0.45492215 0.24847173 0.00402943
v 0.46518332 0.24943700 0.00434083
v 0.50125284 0.25032630 0.00480531
v 0.42620944 0.26330960 0.00964018
v 0.42583445 0.26260270 0.00513854
v 0.33873363 0.30022472 0.00020306
v 0.33457297 0.29766918 0.00045694
v 0.43443015 0.24041135 0.00404764
v 0.45437191 0.28716368 0.00512637
v 0.47234508 0.24949265 0.00436504
v 0.28619406 0.18115888 0.00385144
v 0.29192495 0.18516943 0.00389589
v 0.32179269 0.17488649 0.00416870
v 0.32804763 0.17261550 0.00400425
v 0.29270165 0.17496982 0.01119293
v 0.28638901 0.17570810 0.01389464
v 0.30112022 0.17276074 0.00988452
v 0.29449094 0.17124415 0.00480971
v 0.30825308 0.17584578 0.01493345
v 0.30055765 0.17467623 0.00517259
v 0.30146379 0.18269428 0.00399392
v 0.29806275 0.17808365 0.00368541
v 0.33400810 0.17410096 0.00403550
v 0.30990687 0.17608176 0.00432728
v 0.30343652 0.19092487 0.00373064
v 0.29331182 0.18076125 0.00308610
v 0.30024102 0.17573032 0.01637389
v 0.29239182 0.19469721 0.00383092
v 0.31668223 0.18292446 0.00403837
v 0.31533348 0.19408092 0.00399516
v 0.30963561 0.17094434 0.01701380
v 0.33277794 0.19666923 0.00405277
v 0.32557028 0.19378601 0.00399892
v 0.33986246 0.19199942 0.00403667
v 0.30390229 0.16729665 0.00466610
v 0.31044091 0.16702150 0.00457708
v 0.32170104 0.18872361 0.00398219
v 0.28505346 0.20050937 0.00373426
v 0.30414017 0.17086940 0.00433647
v 0.30522061 0.19865930 0.00400144
v 0.37878174 0.18056254 0.00401696
v 0.37370582 0.16971129 0.00389060
v 0.38591363 0.17707431 0.00426139
v 0.39415083 0.17646146 0.00406535
v 0.35895850 0.18090118 0.00414636
v 0.36448800 0.17224545 0.00428535
v 0.36958806 0.18237752 0.00412855
v 0.32427032 0.18298866 0.00428345
v 0.33719135 0.20155419 0.00400136
v 0.34645911 0.19434869 0.00408479
v 0.29128205 0.17384169 0.00561633
v 0.37291707 0.17818912 0.00407617
v 0.39826347 0.17475202 0.00496555
v 0.39695254 0.17371552 0.00708971
v 0.37587144 0.19022526 0.00406704
v 0.39301250 0.17457912 0.00934770
v 0.39334058 0.17302013 0.01283397
v 0.38264946 0.18819722 0.00410945
v 0.33105473 0.17962836 0.00475799
v 0.35751558 0.19235995 0.00390943
v 0.34893704 0.18352969 0.00414655
v 0.36570501 0.18873448 0.00420656
v 0.33261923 0.18652542 0.00404893
v 0.33636146 0.17935632 0.00412280
v 0.34115000 0.18361866 0.00412155
v 0.34374239 0.17661628 0.00403205
v 0.39318078 0.18425523 0.00373219
v 0.39318476 0.19133753 0.00416554
v 0.35516831 0.17197453 0.00398971
v 0.38314384 0.19833402 0.00404640
v 0.34998872 0.20060791 0.00411887
v 0.35868515 0.19772801 0.00429673
v 0.41730896 0.24557467 0.00366556
v 0.36910878 0.19532752 0.00417593
v 0.40259640 0.19070519 0.00439227
v 0.47706493 0.23926345 0.00416487
v 0.36556394 0.20108614 0.00387463
v 0.40652994 0.18648710 0.00299247
v 0.40500595 0.19009904 0.00916712
v 0.39670228 0.19550095 0.00396154
v 0.40837382 0.19663533 0.00392233
v 0.40877513 0.19380608 0.00887388
v 0.30005471 0.17017319 0.02023855
v 0.28866980 0.16621673 0.03047262
v 0.39546193 0.20270403 0.00392666
v 0.44773335 0.24418649 0.00400064
v 0.40371679 0.18106033 0.00199650
v 0.40340329 0.20083289 0.00414155
v 0.40040706 0.17781741 0.00925841
v 0.40598270 0.18174377 0.00952915
v 0.39745150 0.18231910 0.01329471
v 0.29110293 0.17243755 0.02688336
v 0.28938206 0.17695348 0.02967319
v 0.28932075 0.17189945 0.03081401
v 0.30863133 0.17572647 0.02006176
v 0.29712053 0.17703733 0.02025340
v 0.41011375 0.19739039 0.01905370
v 0.40503824 0.19845015 0.01821656
v 0.40322156 0.19336733 0.01889148
v 0.45114424 0.26206401 0.00427222
v 0.41043132 0.17658271 0.02031040
v 0.40910638 0.17716746 0.02861667
v 0.40412833 0.17378367 0.02047187
v 0.40510709 0.17999670 0.02604839
v 0.40664549 0.18065380 0.02228115
v 0.29553284 0.17635260 0.02301432
v 0.40722317 0.17958301 0.03421134
v 0.40981255 0.18204526 0.02667553
v 0.28549979 0.17788615 0.02248247
v 0.28802271 0.17617070 0.03477768
v 0.40660034 0.16653833 0.02306035
v 0.40917154 0.16795009 0.02830673
v 0.38745703 0.16742810 0.01663284
v 0.39393617 0.17817211 0.01639740
v 0.37711291 0.20281573 0.00409767
v 0.29105049 0.20111978 0.00392600
v 0.41040390 0.16738255 0.01904531
v 0.40977452 0.18777524 0.00648579
v 0.39684095 0.18116244 0.01898240
v 0.31908980 0.20877363 0.00413541
v 0.32510614 0.20306409 0.00420481
v 0.33021981 0.20986028 0.00440783
v 0.39224569 0.17445149 0.01921035
v 0.40112211 0.17651434 0.01997364
v 0.30200965 0.21330037 0.00396345
v 0.29138318 0.21054969 0.00372475
v 0.30196036 0.20593873 0.00410379
v 0.40475073 0.18209172 0.01842407
v 0.29269685 0.16907982 0.02137755
v 0.31157480 0.20421644 0.00411378
v 0.31214944 0.21264585 0.00404853
v 0.40397427 0.18840439 0.01971498
v 0.28532209 0.21825702 0.00377797
v 0.28953487 0.22382872 0.00361340
v 0.44328198 0.26062891 0.00375370
v 0.41240949 0.19136695 0.01968000
v 0.37679923 0.29186024 0.00391587
v 0.38598175 0.28876836 0.00393674
v 0.40305168 0.19319152 0.01368659
v 0.31802980 0.22011936 0.00410794
v 0.32645428 0.21598268 0.00433852
v 0.29597848 0.21869326 0.00417462
v 0.40984321 0.19904036 0.01342556
v 0.30499110 0.22116134 0.00399700
v 0.29625781 0.22520906 0.00381501
v 0.33291049 0.22290391 0.00400434
v 0.32779899 0.22241374 0.00378913
v 0.43695244 0.26069733 0.00363488
v 0.32126449 0.22560846 0.00356403
v 0.32745701 0.22839406 0.00452686
v 0.29696576 0.24183537 0.00363206
v 0.29884986 0.23510803 0.00316240
v 0.30400294 0.23677712 0.00427911
v 0.31410243 0.22401260 0.00413737
v 0.36857438 0.20544622 0.00429093
v 0.35952389 0.20542618 0.00409533
v 0.31979185 0.23083306 0.00418910
v 0.30496555 0.22902542 0.00383681
v 0.33362319 0.21652490 0.00379896
v 0.34450925 0.21179931 0.00380073
v 0.34127477 0.22091397 0.00385454
v 0.31180093 0.23862506 0.00398656
v 0.34600667 0.20535070 0.00434834
v 0.30615799 0.24928811 0.00395937
v 0.31291143 0.24769811 0.00394920
v 0.40429018 0.20778139 0.00397920
v 0.29198119 0.23362783 0.00377679
v 0.41071720 0.20573557 0.00390760
v 0.35150871 0.21726739 0.00393469
v 0.36403728 0.23084135 0.00402853
v 0.35730681 0.22867843 0.00328264
v 0.35611654 0.22527992 0.00420390
v 0.38941130 0.21367740 0.00415466
v 0.38685518 0.20678790 0.00412074
v 0.34581846 0.22450801 0.00391763
v 0.34038475 0.24791715 0.00402853
v 0.33287902 0.24366477 0.00427369
v 0.33769623 0.23991122 0.00402261
v 0.31979613 0.23839822 0.00416430
v 0.32536914 0.23290821 0.00329654
v 0.40090480 0.21256664 0.00402792
v 0.39311141 0.21972163 0.00379031
v 0.34708909 0.23868987 0.00412040
v 0.34051902 0.23509200 0.00378777
v 0.39896228 0.21984981 0.00393373
v 0.32611775 0.24071511 0.00435511
v 0.33676020 0.20688122 0.00412941
v 0.37877921 0.21374551 0.00388948
v 0.40685075 0.21555467 0.00365399
v 0.33454504 0.23251182 0.00362785
v 0.35603802 0.21326472 0.00408676
v 0.38708292 0.23909706 0.00382331
v 0.38245963 0.23465489 0.00408421
v 0.38708750 0.22943268 0.00402287
v 0.35062639 0.24651839 0.00427571
v 0.37313033 0.21526914 0.00402929
v 0.35104546 0.23341292 0.00349296
v 0.34690153 0.22945192 0.00391643
v 0.38553455 0.22154524 0.00377829
v 0.36452520 0.21544086 0.00424453
v 0.36045725 0.23726964 0.00413222
v 0.38115645 0.24348227 0.00392739
v 0.37612684 0.24307959 0.00395010
v 0.37699880 0.23593185 0.00404997
v 0.37088953 0.22992769 0.00399382
v 0.36887832 0.23700150 0.00415846
v 0.36778671 0.22217725 0.00408169
v 0.37819644 0.22205650 0.00403361
v 0.40750715 0.22108769 0.00382986
v 0.40656931 0.22721620 0.00373636
v 0.39389182 0.23367846 0.00378574
v 0.39384370 0.22696559 0.00384683
v 0.40593894 0.23701749 0.00381709
v 0.37918674 0.22724065 0.00381384
v 0.33827698 0.22822719 0.00390834
v 0.47854237 0.17663057 0.00433754
v 0.36499005 0.24581076 0.00394113
v 0.41583454 0.18785240 0.00470957
v 0.41207210 0.19246216 0.00495108
v 0.45024439 0.28416084 0.00461233
v 0.36876619 0.24747953 0.00432040
v 0.37469793 0.25083932 0.00405359
v 0.42360934 0.18686677 0.00527205
v 0.42057971 0.19205383 0.00424783
v 0.39646419 0.24509934 0.00400640
v 0.44607208 0.16968781 0.00503911
v 0.45628189 0.16940430 0.00396143
v 0.45002215 0.17525935 0.00415291
v 0.46476425 0.17591740 0.00405528
v 0.40881561 0.24231894 0.00376307
v 0.42096745 0.18881671 0.00833754
v 0.45952977 0.19030910 0.00414198
v 0.45912656 0.18226310 0.00384126
v 0.46547095 0.18864439 0.00443584
v 0.44405148 0.17643069 0.00418364
v 0.41665893 0.19971123 0.00356225
v 0.40653480 0.24814886 0.00402306
v 0.45473074 0.20056895 0.00373655
v 0.44716463 0.19538720 0.00407579
v 0.45468330 0.19256446 0.00379004
v 0.44306324 0.19993534 0.00394127
v 0.35840679 0.24220748 0.00385170
v 0.46405714 0.19453275 0.00410190
v 0.46634692 0.18149517 0.00424236
v 0.38994408 0.24536025 0.00389503
v 0.42395716 0.19884255 0.00379600
v 0.43078121 0.19311245 0.00337054
v 0.47227550 0.18427067 0.00418587
v 0.43673495 0.19528116 0.00373179
v 0.43218446 0.20020245 0.00360558
v 0.48344812 0.18491070 0.00617834
v 0.48233543 0.18598818 0.00493840
v 0.43673942 0.17691408 0.00459564
v 0.44335461 0.19042629 0.00366930
v 0.50917663 0.18999700 0.00070838
v 0.50609904 0.17861431 0.00072161
v 0.47645168 0.19500360 0.00431052
v 0.43731204 0.18571087 0.00387427
v 0.42946747 0.18623121 0.00443627
v 0.47088508 0.19899607 0.00427719
v 0.43981719 0.18073958 0.00460167
v 0.48356264 0.19293787 0.00461896
v 0.41027881 0.23302935 0.00379146
v 0.46772407 0.24504408 0.00417309
v 0.43308219 0.18247524 0.00517991
v 0.44646544 0.18173230 0.00396502
v 0.44586964 0.17118637 0.02722911
v 0.44965468 0.16854954 0.02484059
v 0.44626190 0.16960100 0.01930748
v 0.45518364 0.18441609 0.00390863
v 0.50220749 0.18162074 0.00100492
v 0.44920559 0.17557107 0.02497527
v 0.38757891 0.29832397 0.00376988
v 0.44669795 0.17895420 0.02636793
v 0.45032046 0.18794281 0.00397449
v 0.44156278 0.17939479 0.01489815
v 0.44854185 0.17540979 0.01423790
v 0.42890489 0.17400166 0.03151347
v 0.44121894 0.18279776 0.01648230
v 0.43561659 0.18480596 0.01438009
v 0.41628716 0.17513592 0.02382584
v 0.42754712 0.18764175 0.01372304
v 0.41546728 0.17996770 0.02036752
v 0.47374647 0.26063977 0.00336823
v 0.41575439 0.17606414 0.03345563
v 0.45021653 0.16571272 0.02075604
v 0.41715708 0.19433092 0.01454440
v 0.50224220 0.20033717 0.00092118
v 0.50299156 0.19148747 0.00881551
v 0.41917110 0.18388812 0.02425252
v 0.42461274 0.18829285 0.03284923
v 0.43093880 0.18705301 0.03114810
v 0.42910096 0.18781768 0.02576083
v 0.49907786 0.19033654 0.01409162
v 0.49607174 0.20207626 0.01845569
v 0.49561738 0.19644046 0.01590804
v 0.42066159 0.17022152 0.03424551
v 0.44499458 0.17719057 0.01937757
v 0.42818441 0.20584718 0.00387263
v 0.41976333 0.20903281 0.00367960
v 0.49784427 0.18186949 0.01682160
v 0.49156179 0.17840567 0.01593369
v 0.49812882 0.17468349 0.01682439
v 0.48428399 0.17604161 0.01417085
v 0.44048812 0.24256222 0.00404793
v 0.44485977 0.17896817 0.03125661
v 0.50200147 0.19519052 0.01691063
v 0.50207153 0.18803451 0.01359635
v 0.44244320 0.18251626 0.02907912
v 0.49258302 0.18611913 0.01661690
v 0.48774627 0.18166913 0.01670915
v 0.44982860 0.17193236 0.01372402
v 0.50242951 0.20626207 0.01705127
v 0.50181686 0.20476566 0.01183739
v 0.42066787 0.18555320 0.03106418
v 0.41095144 0.18430470 0.01952743
v 0.48724885 0.19895705 0.00364235
v 0.48715854 0.18883168 0.01759431
v 0.48364428 0.18758077 0.01472543
v 0.41736214 0.19021380 0.02413976
v 0.43507079 0.21190361 0.00356752
v 0.42716206 0.21391528 0.00376114
v 0.43770138 0.17996516 0.01887297
v 0.48645060 0.19765303 0.00561494
v 0.43616438 0.18517567 0.02775864
v 0.48789331 0.20381941 0.00419440
v 0.48999251 0.20383689 0.00797522
v 0.49196650 0.19497753 0.02357486
v 0.44903471 0.20678352 0.00388275
v 0.44439237 0.21318452 0.00378090
v 0.43623788 0.20736214 0.00380179
v 0.48863552 0.19456185 0.02334742
v 0.50287954 0.18510595 0.01682246
v 0.48867797 0.20253864 0.02993718
v 0.48780787 0.19632120 0.01622221
v 0.49244720 0.19352667 0.01636398
v 0.49030371 0.20358968 0.01895330
v 0.48761556 0.20301674 0.01762187
v 0.43832955 0.22000052 0.00365858
v 0.41466922 0.21233844 0.00366614
v 0.43185552 0.18388263 0.02017793
v 0.49765651 0.20060773 0.02368429
v 0.42073499 0.21758382 0.00370962
v 0.42797842 0.22223080 0.00364396
v 0.41614520 0.22220265 0.00350740
v 0.48394129 0.19847643 0.01506160
v 0.41749202 0.19353270 0.02047496
v 0.46908780 0.21843024 0.00444404
v 0.46314102 0.22866841 0.00391574
v 0.46209112 0.21926039 0.00396502
v 0.47612311 0.21822972 0.00416673
v 0.46936214 0.22767349 0.00397550
v 0.41393312 0.24206733 0.00380392
v 0.45785044 0.21033798 0.00398363
v 0.46439739 0.20913036 0.00421971
v 0.45896341 0.21668433 0.00422016
v 0.45008329 0.21643395 0.00379704
v 0.42996132 0.22790454 0.00367865
v 0.45361288 0.22189735 0.00410694
v 0.42058066 0.23185314 0.00359756
v 0.41551448 0.23093805 0.00366681
v 0.44997185 0.23325695 0.00382211
v 0.44228091 0.23465678 0.00388153
v 0.44150246 0.22952382 0.00378091
v 0.47074188 0.23599438 0.00409318
v 0.47876270 0.22684950 0.00441119
v 0.44612680 0.22556895 0.00350623
v 0.42893470 0.23364479 0.00384194
v 0.47960780 0.23351575 0.00451583
v 0.45788681 0.24265198 0.00387824
v 0.46454141 0.23939820 0.00376014
v 0.45776184 0.23658088 0.00395570
v 0.37080506 0.29273538 0.00421554
v 0.50854046 0.20995936 0.00077610
v 0.45541854 0.23080102 0.00389963
v 0.50155299 0.22876631 0.00434258
v 0.48954438 0.23344658 0.00471100
v 0.49650449 0.22697226 0.00529532
v 0.50252691 0.23895542 0.00105520
v 0.50219288 0.23926162 0.00452781
v 0.49151495 0.22802380 0.00413888
v 0.49651314 0.23827074 0.00457571
v 0.45627158 0.22586789 0.00390275
v 0.50213469 0.21131607 0.00105131
v 0.50152402 0.22336496 0.00101913
v 0.50155801 0.21754192 0.00996280
v 0.49015313 0.23993783 0.00473596
v 0.44708113 0.23843261 0.00402025
v 0.47849627 0.21065999 0.00401908
v 0.48338764 0.21950689 0.00422030
v 0.49066072 0.21204246 0.00367500
v 0.48467509 0.21055638 0.00580584
v 0.50131027 0.22689687 0.00778043
v 0.49593715 0.20798094 0.01746734
v 0.49268383 0.21550532 0.01890767
v 0.48863093 0.21948958 0.01844344
v 0.48814360 0.21245475 0.01565837
v 0.49264522 0.20895333 0.01679365
v 0.48387573 0.21193111 0.01653134
v 0.48504093 0.20876759 0.01285142
v 0.48331133 0.20713353 0.01657423
v 0.49606993 0.21398715 0.01513933
v 0.49808225 0.21533396 0.01825423
v 0.48892278 0.22981321 0.01749651
v 0.48373422 0.22682720 0.01658235
v 0.49021856 0.22464878 0.01802872
v 0.48433113 0.22526673 0.00543076
v 0.50315613 0.21086636 0.01032145
v 0.29335729 0.26693904 0.00359719
v 0.30120455 0.25638000 0.00350457
v 0.30133566 0.26379317 0.00345882
v 0.29033581 0.25732162 0.00366391
v 0.49669124 0.23112685 0.01861919
v 0.49533699 0.22343536 0.01831469
v 0.50248431 0.22664616 0.01732550
v 0.48413565 0.22803326 0.01396076
v 0.29955852 0.24780664 0.00430498
v 0.31197874 0.26130264 0.00366503
v 0.50277044 0.21641810 0.01740491
v 0.50021974 0.23171181 0.01479603
v 0.49131512 0.23328704 0.01589112
v 0.28923184 0.27786437 0.00357250
v 0.28681313 0.28522353 0.00390965
v 0.31170942 0.27231215 0.00381352
v 0.30843278 0.26554486 0.00401310
v 0.32115911 0.27024765 0.00385023
v 0.49011473 0.22729937 0.00959923
v 0.49159628 0.21479730 0.00808048
v 0.48793044 0.21223273 0.01267560
v 0.29336573 0.28403183 0.00392236
v 0.29852276 0.27800478 0.00368779
v 0.34683741 0.25464288 0.00408888
v 0.33428698 0.25697826 0.00394990
v 0.32970049 0.24813659 0.00401220
v 0.34211143 0.25889213 0.00403018
v 0.35378041 0.25654418 0.00416052
v 0.35890704 0.25138356 0.00380569
v 0.33354715 0.26778605 0.00384232
v 0.33302392 0.27539123 0.00381480
v 0.29164239 0.29043683 0.00400104
v 0.32262957 0.24821085 0.00384283
v 0.34760358 0.26518805 0.00390076
v 0.32670562 0.25907225 0.00392201
v 0.32872386 0.28377305 0.00393081
v 0.31370332 0.28083599 0.00378947
v 0.39997650 0.25186742 0.00394175
v 0.39798555 0.26142632 0.00380076
v 0.39431302 0.25365867 0.00347327
v 0.49289084 0.21979011 0.02384772
v 0.36768491 0.25370369 0.00368657
v 0.49513805 0.22065623 0.02242806
v 0.39453980 0.27052550 0.00405203
v 0.38640013 0.27640853 0.00402848
v 0.38019957 0.26541195 0.00382767
v 0.34602808 0.27252875 0.00397177
v 0.38361749 0.25104527 0.00412397
v 0.36801094 0.28298489 0.00404560
v 0.35464928 0.28944894 0.00397498
v 0.35573531 0.27973726 0.00395814
v 0.36278517 0.26051196 0.00408649
v 0.36018852 0.29463560 0.00372568
v 0.38904034 0.26076238 0.00413011
v 0.34055692 0.28696204 0.00386101
v 0.30911554 0.29255980 0.00412179
v 0.31846330 0.29118557 0.00398531
v 0.37852734 0.25807041 0.00395266
v 0.40163073 0.27013402 0.00375246
v 0.39513641 0.29126786 0.00396403
v 0.34728918 0.28422951 0.00397877
v 0.37208273 0.27128746 0.00397957
v 0.35724323 0.27028078 0.00399467
v 0.38753955 0.25512065 0.00398379
v 0.49113003 0.22101985 0.00107621
v 0.29682520 0.30657455 0.00024690
v 0.37844005 0.28206127 0.00394964
v 0.28624494 0.29763079 0.00077501
v 0.30311529 0.28703124 0.00382508
v 0.33197044 0.29174142 0.00412787
v 0.29038338 0.29584069 0.00386669
v 0.29689833 0.29553646 0.00392583
v 0.29652320 0.30139647 0.00057086
v 0.31621032 0.30512174 0.00017620
v 0.30230194 0.29808338 0.00069125
v 0.31211340 0.29720469 0.00387473
v 0.32308336 0.29735850 0.00340696
v 0.32632133 0.29432728 0.00381539
v 0.32716627 0.29502438 0.00015886
v 0.32454808 0.29784679 0.00038955
v 0.36133535 0.29722798 0.00039413
v 0.30360921 0.29768226 0.00410604
v 0.34712805 0.29462973 0.00412986
v 0.31304915 0.29747089 0.00051135
v 0.33565707 0.30378695 0.00050726
v 0.35692678 0.30343770 0.00029415
v 0.34012496 0.29551319 0.00398684
v 0.39543283 0.30237490 0.00026170
v 0.37363239 0.05248740 0.04990934
v 0.37336194 0.05254101 0.04999541
v 0.37764575 0.06500799 0.05101286
v 0.37765503 0.06502782 0.05101378
v 0.43711458 0.17165050 0.05326065
v 0.43735371 0.17181572 0.05322256
v 0.43601974 0.16985012 0.05324840
v 0.46108175 0.16088189 0.04455690
v 0.46093336 0.16009143 0.04445754
v 0.45914745 0.16229939 0.04535740
v 0.45960800 0.16196188 0.04516680
v 0.49253127 0.00064822 0.00701386
v 0.49228161 0.00068473 0.00709100
v 0.49652729 0.00151522 0.00603871
v 0.49539906 0.00127043 0.00631404
v 0.50161690 0.00360873 0.00497357
v 0.49956936 0.00273740 0.00539687
v 0.50043282 0.00628354 0.00578669
v 0.50073339 0.00560455 0.00558028
v 0.49585042 0.00562910 0.00696568
v 0.49726967 0.00583179 0.00660052
v 0.48666741 0.00052323 0.00864993
v 0.48627592 0.00087029 0.00882270
v 0.49253688 0.01272816 0.00917207
v 0.49308707 0.01057294 0.00863113
v 0.48371102 0.00195528 0.00974210
v 0.48421925 0.00489166 0.01012336
v 0.41702653 0.00792723 0.02966959
v 0.41695757 0.00755516 0.02962257
v 0.41672516 0.00630127 0.02946411
v 0.41592134 0.00510382 0.02947735
v 0.41542233 0.00436044 0.02948557
v 0.41559037 0.00501483 0.02955505
v 0.47265238 0.03449492 0.01868753
v 0.47373459 0.04207828 0.01973730
v 0.48866368 0.02141019 0.01181976
v 0.48867618 0.02094761 0.01173352
v 0.48421897 0.01326309 0.01162018
v 0.48297476 0.01457165 0.01220603
v 0.48044848 0.01722857 0.01339555
v 0.48232001 0.02061265 0.01347129
v 0.48254542 0.02104782 0.01348535
v 0.48206500 0.02164562 0.01372810
v 0.49104297 0.03081576 0.01282849
v 0.49091033 0.03024200 0.01276342
v 0.47500955 0.02360618 0.01607406
v 0.47406838 0.02358221 0.01633595
v 0.47309526 0.02355744 0.01660674
v 0.47297192 0.02379654 0.01668438
v 0.47284080 0.02405074 0.01676691
v 0.47272550 0.02445998 0.01687269
v 0.47260149 0.02490013 0.01698646
v 0.47241648 0.02804254 0.01760062
v 0.41615849 0.00722728 0.02978994
v 0.41623494 0.00773073 0.02985833
v 0.41648599 0.00938403 0.03008293
v 0.41660844 0.00905401 0.02998929
v 0.48875432 0.01805611 0.01119445
v 0.48907276 0.01759749 0.01102239
v 0.38472542 0.04523718 0.04547572
v 0.38436577 0.04568846 0.04565812
v 0.39559962 0.05091248 0.04341497
v 0.39534373 0.04998733 0.04332193
v 0.39044217 0.04407965 0.04365195
v 0.38990045 0.04420613 0.04382777
v 0.39258899 0.04577402 0.04334772
v 0.39203763 0.04533886 0.04342586
v 0.38255793 0.07288893 0.05103264
v 0.38283588 0.07346142 0.05105638
v 0.40929685 0.07545557 0.04392921
v 0.40926338 0.07528374 0.04390796
v 0.39027714 0.08679873 0.05133644
v 0.39054395 0.08729598 0.05134989
v 0.37258090 0.05529463 0.05070863
v 0.37279149 0.05570770 0.05072293
v 0.39085587 0.08787731 0.05136561
v 0.40066038 0.06030856 0.04366362
v 0.40052477 0.06005798 0.04365718
v 0.39964605 0.05843429 0.04361539
v 0.39928469 0.05783333 0.04361015
v 0.49319000 0.18636069 0.04003142
v 0.49287098 0.18634280 0.04011845
v 0.48890373 0.19692250 0.04313203
v 0.49151363 0.19767173 0.04252785
v 0.49630726 0.19861437 0.04134065
v 0.49728411 0.19640487 0.04066934
v 0.48731334 0.19030247 0.04239822
v 0.48769274 0.19293864 0.04276225
v 0.49716793 0.19405148 0.04028143
v 0.49580987 0.19142585 0.04019608
v 0.48883017 0.18742691 0.04145511
v 0.48872812 0.18741300 0.04148148
v 0.44400402 0.17043677 0.05109517
v 0.44434096 0.17018574 0.05095499
v 0.44804962 0.16910746 0.04971332
v 0.44836875 0.16904269 0.04961148
v 0.45209134 0.16635002 0.04807723
v 0.45283836 0.16584058 0.04777487
v 0.37327129 0.05286060 0.05007819
v 0.37927727 0.04974476 0.04782249
v 0.37927968 0.06763272 0.05102003
v 0.37342233 0.05694509 0.05076575
v 0.43740103 0.17184014 0.05321354
v 0.46049719 0.15776783 0.04416546
v 0.49167404 0.00077356 0.00727871
v 0.49809079 0.00210820 0.00570254
v 0.48549569 0.00156197 0.00916704
v 0.49393488 0.00725188 0.00779757
v 0.48494689 0.00909574 0.01066923
v 0.48248934 0.02091883 0.01347814
v 0.48054309 0.02353935 0.01449711
v 0.48995771 0.02612098 0.01229604
v 0.47231103 0.02983380 0.01795070
v 0.49051066 0.01552664 0.01024547
v 0.38305214 0.04733680 0.04632435
v 0.39451842 0.04700344 0.04302185
v 0.38861674 0.04450586 0.04424442
v 0.38332774 0.07447453 0.05109841
v 0.40879969 0.07290299 0.04361344
v 0.39730330 0.05453820 0.04358138
v 0.49228199 0.18630975 0.04027912
v 0.49553953 0.19882744 0.04159588
v 0.49771432 0.19543181 0.04037369
v 0.48809068 0.19570360 0.04314405
v 0.48817990 0.18733830 0.04162317
v 0.44008962 0.17322736 0.05270118
v 0.44444532 0.17010800 0.05091158
v 0.44844244 0.16902773 0.04958797
v 0.45347442 0.16540680 0.04751743
v 0.45695231 0.16324352 0.04614703
v 0.49761492 0.00200843 0.00581929
v 0.49472525 0.00590638 0.00733347
v 0.47240201 0.03400417 0.01867060
v 0.49204361 0.01319892 0.00939574
v 0.48843564 0.19665406 0.04321642
v 0.49781107 0.19522214 0.04030884
v 0.28499131 0.15463936 0.03429488
v 0.28499143 0.15643520 0.03436417
v 0.28493173 0.00440608 0.00015722
v 0.28493261 -0.00203668 0.00066019
v 0.28493261 -0.00246394 0.00066296
v 0.28493239 -0.00555486 0.00053638
v 0.28493792 0.00571298 0.00370406
v 0.28493226 0.00529415 0.00045916
v 0.28493844 0.03710821 0.00400380
v 0.28493811 0.03143833 0.00381354
v 0.28493709 0.01085296 0.00322987
v 0.28493833 0.02557224 0.00394016
v 0.28494095 0.02139800 0.00544147
v 0.28493900 0.01942498 0.00432377
v 0.28493901 0.01633333 0.00433077
v 0.28497551 0.02458584 0.02524244
v 0.28497858 0.02414806 0.02700052
v 0.28496596 0.01925894 0.01976916
v 0.28496346 0.02787828 0.01833972
v 0.28497854 0.01842596 0.02697949
v 0.28496648 0.01873627 0.02007063
v 0.28493911 0.05527794 0.00438824
v 0.28493868 0.04610430 0.00414055
v 0.28493845 0.03724594 0.00400777
v 0.28493844 0.03734216 0.00400200
v 0.28493846 0.03793554 0.00401209
v 0.28493907 0.06059186 0.00436383
v 0.28493758 0.18844406 0.00351159
v 0.28493763 0.18780991 0.00353723
v 0.28494577 0.17519343 0.00820352
v 0.28495183 0.17556901 0.01167436
v 0.28493788 0.20030531 0.00367926
v 0.28493605 0.19453973 0.00263600
v 0.28493758 0.18861287 0.00351002
v 0.28494296 0.17481945 0.00659318
v 0.28493942 0.17902228 0.00456387
v 0.28493952 0.17885043 0.00462130
v 0.28493932 0.17924855 0.00450467
v 0.28498389 0.17713502 0.03004180
v 0.28498546 0.17698385 0.03094060
v 0.28495788 0.17940619 0.01514182
v 0.28496798 0.17929129 0.02092794
v 0.28493764 0.22638804 0.00354684
v 0.28493784 0.22255030 0.00365618
v 0.28499175 0.17226141 0.03454530
v 0.28499156 0.16853374 0.03444019
v 0.28497658 0.17756572 0.02585438
v 0.28493809 0.21613975 0.00380288
v 0.28493820 0.20874443 0.00386402
v 0.28493799 0.20110160 0.00374637
v 0.28493745 0.24227731 0.00343447
v 0.28493752 0.24082275 0.00347376
v 0.28493766 0.22693262 0.00355309
v 0.28493782 0.27388740 0.00364628
v 0.28493783 0.27303512 0.00365180
v 0.28493793 0.27596073 0.00371012
v 0.28493755 0.24283397 0.00349231
v 0.28493750 0.24555201 0.00346471
v 0.28493869 0.29186707 0.00414493
v 0.28493844 0.28737589 0.00400463
v 0.28493740 0.26309858 0.00340885
v 0.28493750 0.25971323 0.00346404
v 0.28493409 0.29758157 0.00151176
v 0.28493788 0.29680122 0.00368306
v 0.28493220 0.30168808 0.00042523
v 0.28493262 0.29878270 0.00066586
v 0.28493856 0.29427439 0.00406929
v 0.28493207 0.30284285 0.00035224
v 0.28493170 0.00468233 0.00014212
v 0.28493143 0.00517865 -0.00001128
v 0.28494991 0.01799381 0.01057228
v 0.28493938 0.02044449 0.00453878
v 0.28493793 0.02571852 0.00371010
v 0.28493857 0.04457313 0.00407959
v 0.28496561 0.01857652 0.01957062
v 0.28496590 0.01888235 0.01973776
v 0.28497818 0.02102889 0.02677040
v 0.28493777 0.02565486 0.00361835
v 0.28493787 0.02563853 0.00367484
v 0.28493779 0.02573682 0.00363082
v 0.28493793 0.18201359 0.00371018
v 0.28499057 0.17609904 0.03386994
v 0.28497008 0.17950410 0.02212953
v 0.28497168 0.17858493 0.02304959
v 0.28493810 0.21860987 0.00380728
v 0.28493805 0.21823859 0.00378158
v 0.28493794 0.20051155 0.00371864
v 0.28493778 0.23580692 0.00362609
v 0.28493790 0.23263789 0.00369282
v 0.28493837 0.28415371 0.00396527
v 0.28493749 0.25409260 0.00345731
v 0.28493830 0.28541317 0.00392317
v 0.28493216 0.30560749 0.00040703
v 0.28493278 0.29771751 0.00075686
v 0.43546815 0.16846035 0.05323259
v 0.43575280 0.16829358 0.05344450
v 0.43732014 0.17173962 0.05360537
v 0.46117190 0.16097870 0.04496866
v 0.46069863 0.15845749 0.04465174
v 0.45960585 0.16212634 0.04561676
v 0.49322954 0.18579442 0.04033895
v 0.49258691 0.18575837 0.04051425
v 0.48942002 0.19688759 0.04339973
v 0.49527495 0.19856837 0.04204434
v 0.49639148 0.19825850 0.04167316
v 0.49767494 0.19535550 0.04079114
v 0.48733187 0.19001808 0.04276209
v 0.48801805 0.19478580 0.04342045
v 0.43733426 0.17168972 0.05362548
v 0.49604487 0.19123746 0.04051589
v 0.48882076 0.18697726 0.04179732
v 0.48824382 0.18689863 0.04194644
v 0.43736717 0.17175887 0.05362854
v 0.44020216 0.17322163 0.05308827
v 0.44432971 0.17027908 0.05139481
v 0.44444031 0.17019669 0.05134880
v 0.44826005 0.16913634 0.05007892
v 0.44833844 0.16912043 0.05005391
v 0.45222051 0.16627161 0.04844663
v 0.45296507 0.16576384 0.04814527
v 0.45703625 0.16323153 0.04654110
v 0.48861288 0.19642471 0.04354524
v 0.43733876 0.17173803 0.05363285
v 0.49796358 0.19473000 0.04059767
v 0.44831251 0.16914354 0.05017006
v 0.44443864 0.17022635 0.05149502
v 0.44449581 0.17027472 0.05170882
v 0.44819783 0.16924986 0.05047858
v 0.45102249 0.16716487 0.04930692
v 0.45233178 0.16620406 0.04876485
v 0.44381777 0.17070823 0.05197809
v 0.44409599 0.17050989 0.05186395
v 0.45710856 0.16322120 0.04688056
v 0.45948179 0.16220047 0.04602687
v 0.45252630 0.16607140 0.04868611
v 0.45358991 0.16540983 0.04826702
v 0.48829889 0.18651989 0.04222491
v 0.48748678 0.18929780 0.04295126
v 0.49284958 0.18528339 0.04071680
v 0.49042319 0.18606867 0.04154344
v 0.49504703 0.19834519 0.04243066
v 0.49603528 0.19807092 0.04210213
v 0.48876556 0.19622714 0.04382850
v 0.48953480 0.19666829 0.04368982
v 0.48795548 0.19399518 0.04365855
v 0.48848224 0.19544652 0.04376906
v 0.43754270 0.17172053 0.05393380
v 0.43756997 0.17174053 0.05392967
v 0.49764102 0.19528976 0.04115074
v 0.49790571 0.19471615 0.04097333
v 0.49809496 0.19430605 0.04084648
v 0.49630201 0.19104243 0.04077005
v 0.44029911 0.17321670 0.05342174
v 0.46124956 0.16106210 0.04532337
v 0.46087216 0.15905160 0.04507065
v 0.46000074 0.16197727 0.04584019
v 0.49326360 0.18530661 0.04060386
v 0.48986477 0.19685752 0.04363033
v 0.49646403 0.19795193 0.04195959
v 0.48734783 0.18977310 0.04307553
v 0.49507743 0.18881340 0.04071786
v 0.48881266 0.18658991 0.04209212
v 0.43788233 0.17196972 0.05388230
v 0.46038404 0.15484857 0.04445723
v 0.43748893 0.17114303 0.05384576
v 0.43749296 0.17118625 0.05385235
v 0.44849233 0.16902321 0.05035476
v 0.43749307 0.17118744 0.05385253
v 0.39134474 0.09001811 0.05239182
v 0.38993848 0.08773620 0.05238155
v 0.38651210 0.08176167 0.05228240
v 0.38109443 0.07231496 0.05212564
v 0.38058604 0.07142848 0.05211093
v 0.39079873 0.08923619 0.05240644
v 0.38212107 0.07410510 0.05215535
v 0.38177226 0.07349688 0.05214525
v 0.39007712 0.08797794 0.05238556
v 0.39123483 0.09008280 0.05229184
v 0.38969459 0.08752955 0.05205181
v 0.38223750 0.07452673 0.05183604
v 0.38164514 0.07349383 0.05181890
v 0.39005081 0.08815067 0.05206212
v 0.38049403 0.07148665 0.05178559
v 0.39059193 0.08702065 0.05170704
v 0.38322957 0.07396410 0.05145487
v 0.38270848 0.07289079 0.05141034
v 0.39093056 0.08765175 0.05172411
v 0.38148294 0.07092582 0.05140563
v 0.50159129 0.00358716 0.00539691
v 0.50061366 0.00579559 0.00606825
v 0.49265970 0.01271669 0.00955523
v 0.49393925 0.00770441 0.00829719
v 0.47301253 0.03399397 0.01891606
v 0.47398988 0.04084255 0.01986411
v 0.48870335 0.02123165 0.01219657
v 0.48878633 0.01816129 0.01162415
v 0.48332002 0.01377727 0.01238631
v 0.48028474 0.01696952 0.01381549
v 0.48192765 0.01994021 0.01388198
v 0.48247181 0.02119180 0.01395186
v 0.48063909 0.02347228 0.01487792
v 0.49107484 0.03055419 0.01319266
v 0.49006928 0.02620419 0.01269931
v 0.47397546 0.02355275 0.01677692
v 0.47292712 0.02352606 0.01706864
v 0.47278777 0.02379621 0.01715635
v 0.47265671 0.02426137 0.01727658
v 0.47249765 0.02696323 0.01780464
v 0.49039410 0.01584579 0.01075545
v 0.40936158 0.07516084 0.04427816
v 0.40888062 0.07269142 0.04397268
v 0.47263488 0.03325373 0.01889052
v 0.49210815 0.01324307 0.00980533
v 0.47393936 0.04314370 0.02028983
v 0.48322945 0.01322151 0.01240995
v 0.48343741 0.01310518 0.01223294
v 0.49442817 0.00687208 0.00801010
v 0.40069732 0.06002892 0.04402313
v 0.50080811 0.00325388 0.00555882
v 0.49718879 0.00530647 0.00694942
v 0.39164174 0.08985566 0.05191701
v 0.38092128 0.07123836 0.05198212
v 0.37345109 0.05247831 0.05020894
v 0.37765385 0.06501147 0.05103654
v 0.49254972 0.00051856 0.00740541
v 0.49189506 0.00061428 0.00760768
v 0.49560148 0.00118068 0.00666069
v 0.49867999 0.00234826 0.00599878
v 0.49683024 0.00525526 0.00704167
v 0.48650038 0.00034455 0.00908518
v 0.48553304 0.00120210 0.00951208
v 0.48332041 0.00168973 0.01022505
v 0.48437106 0.00776003 0.01101322
v 0.41705531 0.00783436 0.03006479
v 0.41681055 0.00651383 0.02989792
v 0.41575246 0.00493759 0.02991535
v 0.41635033 0.00726589 0.03016254
v 0.41661631 0.00901749 0.03040049
v 0.38484915 0.04517404 0.04584939
v 0.38343908 0.04694339 0.04656453
v 0.39563298 0.05063087 0.04377514
v 0.39459856 0.04689098 0.04339903
v 0.37341675 0.05277048 0.05044089
v 0.37269348 0.05532042 0.05110135
v 0.37938707 0.04952813 0.04817265
v 0.37367933 0.05230132 0.05028275
v 0.39052457 0.04404330 0.04404210
v 0.38911673 0.04437201 0.04449903
v 0.39218028 0.04535006 0.04380747
v 0.37931652 0.06745226 0.05139730
v 0.37335450 0.05661701 0.05114622
v 0.37672559 0.06305274 0.05134346
v 0.40043817 0.05962792 0.04402473
v 0.39953078 0.05795125 0.04398158
v 0.39743501 0.05446590 0.04395116
v 0.49774301 0.00215181 0.00622865
v 0.49513210 0.00567374 0.00759676
v 0.37356587 0.05240634 0.05033361
v 0.37348684 0.05245515 0.05036469
v 0.37775426 0.06447541 0.05130690
v 0.37812105 0.06505491 0.05130677
v 0.41708010 0.00775435 0.03040524
v 0.41688411 0.00669694 0.03027162
v 0.41603684 0.00543477 0.03028557
v 0.41651559 0.00729915 0.03048351
v 0.41672857 0.00870175 0.03067405
v 0.38495574 0.04511965 0.04617128
v 0.39631097 0.03818828 0.10499005
v 0.46307999 0.14179193 0.11564362
v 0.45504402 0.13376123 0.11111429
v 0.45833573 0.13299469 0.11500493
v 0.47391927 0.13198724 0.11184354
v 0.47798536 0.13839045 0.10865170
v 0.47248192 0.13708279 0.11489543
v 0.47563335 0.15385782 0.12015051
v 0.46859506 0.15730124 0.11647489
v 0.46903036 0.15246822 0.11967248
v 0.44887863 0.11859689 0.11816761
v 0.45082241 0.11087591 0.12105793
v 0.45512829 0.12058086 0.12020257
v 0.45942985 0.15217019 0.10803291
v 0.47199070 0.14662721 0.12177468
v 0.48368026 0.13863843 0.10594386
v 0.47818577 0.14190938 0.11368621
v 0.46315162 0.15626791 0.11473080
v 0.46664446 0.14972181 0.12061969
v 0.45914076 0.14702361 0.10679988
v 0.42565791 0.04083597 0.10751451
v 0.42199972 0.04276528 0.11375315
v 0.42642363 0.03724300 0.11038354
v 0.45940519 0.15325307 0.11573489
v 0.46114725 0.14054941 0.12119706
v 0.45904901 0.13427763 0.11963411
v 0.46616604 0.14899497 0.11734008
v 0.46406357 0.16022491 0.10779789
v 0.46037921 0.16056223 0.11116252
v 0.41532171 0.05843248 0.10816887
v 0.48190748 0.13667554 0.10003961
v 0.45637813 0.12711504 0.11945699
v 0.43114027 0.05404175 0.10171716
v 0.43680758 0.04547087 0.09741561
v 0.47975205 0.12709238 0.10404469
v 0.46768932 0.12388172 0.11483626
v 0.46515499 0.13096466 0.11794042
v 0.46041758 0.11959776 0.11728967
v 0.47357271 0.15518133 0.11118475
v 0.45340181 0.12457708 0.11368651
v 0.48420405 0.14249096 0.10323610
v 0.48803300 0.13560662 0.09931811
v 0.47601632 0.15269039 0.10578666
v 0.47756394 0.14570919 0.10356187
v 0.48108960 0.14530602 0.10999166
v 0.42787738 0.04667582 0.10877292
v 0.44687450 0.09979519 0.11823989
v 0.44438655 0.09206953 0.11701060
v 0.45035929 0.10044550 0.11603147
v 0.41803637 0.05690370 0.12103420
v 0.41427467 0.05711377 0.11711804
v 0.40932156 0.04879629 0.11667323
v 0.46133271 0.11073510 0.11330820
v 0.47747838 0.14578621 0.11570143
v 0.44817575 0.11557923 0.11452272
v 0.47313330 0.14294700 0.11666936
v 0.47142204 0.14536575 0.11856016
v 0.45131823 0.09447096 0.11366448
v 0.46394761 0.13465377 0.12128939
v 0.46455016 0.11196663 0.10990032
v 0.48081737 0.14567090 0.10563394
v 0.39295085 0.04193208 0.10885136
v 0.40842029 0.04373709 0.11500368
v 0.40408086 0.04668693 0.10673233
v 0.40993520 0.03130002 0.11369285
v 0.40189055 0.03579277 0.11587156
v 0.40109887 0.03639929 0.10964015
v 0.40639752 0.05329370 0.10955846
v 0.41385059 0.04485161 0.12041536
v 0.40784177 0.03851072 0.11905377
v 0.40848334 0.03246276 0.11958359
v 0.41820528 0.03561111 0.11257249
v 0.41696839 0.03338286 0.10774033
v 0.41989035 0.03281782 0.10761158
v 0.41615921 0.03582169 0.11535750
v 0.39963892 0.04043445 0.11358019
v 0.40049497 0.04506830 0.10911594
v 0.39679244 0.04415397 0.10651084
v 0.39614734 0.03824809 0.10528816
v 0.40734341 0.03251611 0.10333235
v 0.42704482 0.02879607 0.09609170
v 0.42463950 0.03217927 0.10413772
v 0.42208540 0.03150045 0.10074985
v 0.41244440 0.03610853 0.10244143
v 0.44083158 0.03058628 0.09170020
v 0.41762631 0.03730327 0.09946908
v 0.43605178 0.03395011 0.09884282
v 0.43331480 0.03524716 0.10115874
v 0.42777818 0.05182361 0.11302482
v 0.43276015 0.05217977 0.11166934
v 0.43375306 0.05587642 0.11116491
v 0.43863129 0.04992146 0.09603386
v 0.42428774 0.05415340 0.11662449
v 0.42172096 0.05628183 0.11990902
v 0.40422031 0.05491811 0.10835180
v 0.44291078 0.05507413 0.09786074
v 0.43841935 0.05932719 0.10015293
v 0.41819764 0.06415872 0.10441067
v 0.42723102 0.08945571 0.10626400
v 0.45218629 0.06714528 0.09511038
v 0.44359796 0.06392606 0.09972729
v 0.44828736 0.07099630 0.09630925
v 0.45609464 0.09909991 0.11160616
v 0.46032551 0.10033539 0.10867044
v 0.45688364 0.10339102 0.11207815
v 0.45481932 0.06797824 0.09789557
v 0.41516155 0.06334374 0.11315374
v 0.45741848 0.07451945 0.09522696
v 0.43527892 0.07606359 0.11783703
v 0.43584611 0.08270670 0.12072619
v 0.42971451 0.07117173 0.12186006
v 0.45957974 0.08163199 0.09530466
v 0.42645359 0.07769172 0.11955760
v 0.43656905 0.06240257 0.11278655
v 0.43094148 0.06333302 0.11574560
v 0.44618663 0.08245116 0.11011855
v 0.45654226 0.09276139 0.10719385
v 0.46055373 0.09584629 0.10308291
v 0.43944714 0.08928047 0.12032515
v 0.46326405 0.10838482 0.10138758
v 0.42260061 0.07534773 0.11705083
v 0.42886307 0.08985017 0.11495813
v 0.44994320 0.08974471 0.11250532
v 0.43185416 0.08415989 0.11991262
v 0.43889392 0.10248151 0.10830186
v 0.43162161 0.09922447 0.11382960
v 0.44018795 0.09979859 0.11432416
v 0.44565530 0.10921327 0.11826644
v 0.44468327 0.10915835 0.11213699
v 0.42723713 0.06681918 0.11974261
v 0.43746253 0.09252278 0.11907606
v 0.44108296 0.09992280 0.11991527
v 0.42093339 0.06590578 0.11952586
v 0.44274363 0.07173990 0.11024054
v 0.48844554 0.14027511 0.09775120
v 0.44977381 0.07363067 0.10065521
v 0.44422673 0.09773324 0.12120337
v 0.45150875 0.10743342 0.11842688
v 0.43909316 0.07241687 0.11378600
v 0.43161873 0.08957028 0.11672606
v 0.47273277 0.11473244 0.10276853
v 0.47910453 0.12027703 0.09758240
v 0.45885910 0.11083667 0.11573241
v 0.45472035 0.10263998 0.11532058
v 0.47442833 0.15576180 0.10391803
v 0.47426564 0.15642791 0.10408314
v 0.46384961 0.16030971 0.10772304
v 0.46294993 0.16051986 0.10801506
v 0.45504124 0.15520167 0.10930095
v 0.45485700 0.15506853 0.10932926
v 0.45921087 0.15193585 0.10753780
v 0.45911985 0.14821004 0.10689739
v 0.45443962 0.15476695 0.10939338
v 0.45636666 0.15373581 0.10866402
v 0.45898182 0.14620915 0.10657869
v 0.45829641 0.14316225 0.10622778
v 0.45639442 0.13470723 0.10525401
v 0.45636678 0.13439007 0.10520512
v 0.47124524 0.15584866 0.10483381
v 0.47078469 0.15619571 0.10502611
v 0.47027986 0.15657612 0.10523690
v 0.46584094 0.15917362 0.10695673
v 0.45600823 0.15697283 0.10934414
v 0.45571024 0.15642701 0.10933083
v 0.48239311 0.13038948 0.09712907
v 0.48242170 0.13166502 0.09734904
v 0.48245827 0.13329662 0.09763041
v 0.48319314 0.13289901 0.09735149
v 0.48386365 0.14119975 0.09864596
v 0.48364405 0.14138591 0.09874135
v 0.48802651 0.14020111 0.09729006
v 0.48749194 0.14032935 0.09746418
v 0.47990938 0.14626539 0.10067000
v 0.47954056 0.14622552 0.10076718
v 0.46713395 0.11094073 0.09796739
v 0.46794084 0.11147924 0.09783547
v 0.46893630 0.11214361 0.09767272
v 0.47091977 0.11375249 0.09739941
v 0.44708521 0.11546599 0.10444667
v 0.44694654 0.11519377 0.10443722
v 0.48989884 0.13625093 0.09605427
v 0.48947687 0.13786927 0.09646296
v 0.47925033 0.12312434 0.09671896
v 0.47931343 0.12406038 0.09686847
v 0.44858123 0.11799551 0.10447582
v 0.44838824 0.11766920 0.10447206
v 0.47343513 0.15626863 0.10428955
v 0.47688360 0.14662689 0.10159039
v 0.45906644 0.16142704 0.10927559
v 0.45909133 0.14704259 0.10669673
v 0.45779650 0.15297072 0.10812284
v 0.45628244 0.13342217 0.10505592
v 0.46498634 0.15967370 0.10728784
v 0.48432959 0.13228411 0.09692013
v 0.46350160 0.10689418 0.09827121
v 0.48199590 0.14278306 0.09945727
v 0.47886842 0.14615287 0.10094429
v 0.47262188 0.11513314 0.09716486
v 0.44607278 0.11347842 0.10437765
v 0.48896107 0.13984747 0.09696252
v 0.47934930 0.12459241 0.09695345
v 0.45921120 0.15255820 0.10764898
v 0.45912449 0.14688982 0.10666004
v 0.45396919 0.12843614 0.10481870
v 0.46399487 0.16024664 0.10767069
v 0.46403064 0.16024403 0.10766010
v 0.46405768 0.16020602 0.10764566
v 0.48885060 0.13457501 0.09605109
v 0.47696065 0.11929498 0.09668187
v 0.49105794 0.13255386 0.09506544
v 0.47770226 0.12034204 0.09665934
v 0.48846823 0.14011463 0.09714967
v 0.42719161 0.12394220 0.09589832
v 0.42554569 0.12498270 0.09007868
v 0.42120246 0.12772837 0.07472185
v 0.41973830 0.12865397 0.06954486
v 0.41759829 0.13000683 0.06197819
v 0.41617037 0.13090953 0.05692934
v 0.42226544 0.12705639 0.07848034
v 0.42380328 0.12608420 0.08391786
v 0.42873045 0.12296938 0.10133939
v 0.42847289 0.12313220 0.10042869
v 0.42839105 0.12318394 0.10013932
v 0.42735771 0.12383719 0.09648564
v 0.42914098 0.12270985 0.10279092
v 0.41584877 0.13111284 0.05579222
v 0.42724921 0.12390577 0.09610202
v 0.41866924 0.12932981 0.06576487
v 0.42941281 0.12253801 0.10375208
v 0.44178776 0.11551990 0.09899741
v 0.42926958 0.13041002 0.09175984
v 0.43211203 0.13149624 0.09755458
v 0.43400079 0.13556123 0.09647032
v 0.43856984 0.13968378 0.10227709
v 0.43556223 0.13359421 0.10343769
v 0.42913065 0.12778750 0.09526922
v 0.43785030 0.14027653 0.09952943
v 0.42343232 0.13822642 0.06502990
v 0.41758848 0.13346067 0.05685464
v 0.42387703 0.14432954 0.05717887
v 0.42117000 0.14132507 0.05456803
v 0.42776539 0.13899010 0.07518032
v 0.42505344 0.13192012 0.07855755
v 0.43105722 0.12751166 0.10069064
v 0.43081204 0.12774782 0.09970393
v 0.43612423 0.13567661 0.10182669
v 0.43560875 0.13713409 0.09833374
v 0.43956657 0.14050881 0.10365350
v 0.43915074 0.14077169 0.10218319
v 0.43847215 0.14120067 0.09978384
v 0.42865649 0.14740588 0.06507752
v 0.42758144 0.14808550 0.06127634
v 0.42976845 0.14670292 0.06900922
v 0.43647977 0.14246021 0.09273915
v 0.43614578 0.14267134 0.09155824
v 0.43348594 0.14435282 0.08215355
v 0.43310914 0.14459103 0.08082124
v 0.43406740 0.14398524 0.08420947
v 0.43793288 0.14154159 0.09787706
v 0.43785885 0.14158839 0.09761532
v 0.43798986 0.14150557 0.09807853
v 0.42568522 0.14928424 0.05457168
v 0.42640357 0.14883012 0.05711162
v 0.43820006 0.14137268 0.09882178
v 0.43568321 0.13372027 0.10356650
v 0.43888978 0.13911504 0.10394927
v 0.43124260 0.12747513 0.10122706
v 0.43499663 0.13555105 0.09907723
v 0.43550276 0.13349488 0.10342951
v 0.42974385 0.12321898 0.10360853
v 0.44020329 0.13973950 0.10644621
v 0.44053445 0.13989694 0.10707574
v 0.43117447 0.12645362 0.10255751
v 0.43553364 0.13347381 0.10354098
v 0.44787991 0.12680325 0.09888032
v 0.44792610 0.12688096 0.09888583
v 0.43572940 0.13379797 0.10357201
v 0.44343930 0.12055811 0.09654088
v 0.44349337 0.12067444 0.09650991
v 0.43129668 0.12759145 0.10119609
v 0.44719333 0.12863403 0.09439105
v 0.44720062 0.12860441 0.09445374
v 0.43500392 0.13552143 0.09913992
v 0.45273115 0.13297993 0.10238956
v 0.45239998 0.13282248 0.10176003
v 0.45240475 0.13282475 0.10176909
v 0.44020805 0.13974176 0.10645527
v 0.44020328 0.13973949 0.10644621
v 0.44194055 0.11630196 0.09892235
v 0.44196115 0.11634856 0.09890721
v 0.42976446 0.12326557 0.10359339
v 0.44337117 0.11953661 0.09787133
v 0.44337215 0.11955133 0.09785216
v 0.43117545 0.12646834 0.10253834
v 0.43117447 0.12645363 0.10255751
v 0.44769945 0.12657786 0.09874333
v 0.44769990 0.12657756 0.09874493
v 0.43550320 0.13349457 0.10343111
v 0.44773033 0.12655680 0.09885480
v 0.44773249 0.12656035 0.09885516
v 0.43553579 0.13347736 0.10354134
v 0.45108647 0.13219802 0.09926309
v 0.45110539 0.13220701 0.09929905
v 0.43890869 0.13912403 0.10398523
v 0.45528263 0.13148643 0.10421088
v 0.47630206 0.11956584 0.09613485
v 0.46356833 0.10647543 0.09739575
v 0.46732108 0.11065611 0.09708187
v 0.46881533 0.11211270 0.09691969
v 0.46983260 0.11308848 0.09680645
v 0.44620624 0.11389336 0.10363238
v 0.45401639 0.12875716 0.10408103
v 0.44938514 0.11978286 0.10378631
v 0.46822109 0.11165874 0.09700659
v 0.46841625 0.11178899 0.09697468
v 0.44700295 0.11545745 0.10368670
v 0.44818023 0.11744803 0.10370963
v 0.47620366 0.11942691 0.09613784
v 0.45489634 0.13065382 0.10417127
v 0.47570179 0.11871832 0.09615309
v 0.44805816 0.12670216 0.09881183
v 0.45126472 0.13209693 0.09919460
v 0.44361755 0.12045702 0.09647239
v 0.44737158 0.12853294 0.09432256
v 0.44787770 0.12647677 0.09867484
v 0.44211880 0.11620087 0.09885386
v 0.45290940 0.13287884 0.10232107
v 0.45257823 0.13272139 0.10169154
v 0.44354942 0.11943552 0.09780284
v 0.44790858 0.12645571 0.09878631
v 0.45344629 0.13256008 0.10297462
v 0.45512821 0.13160036 0.10268229
v 0.46517936 0.12610625 0.08639934
v 0.46180690 0.12808128 0.08393267
v 0.48549403 0.11450286 0.08356559
v 0.48643148 0.11396372 0.08365651
v 0.49661040 0.10896145 0.03331965
v 0.49666248 0.10900010 0.02919059
v 0.49177201 0.11166290 0.03774017
v 0.48768845 0.11389191 0.04454393
v 0.49553557 0.10965512 0.02866423
v 0.49223297 0.11145296 0.03446145
v 0.49693427 0.10869350 0.03827417
v 0.49362223 0.11045059 0.04685227
v 0.49409324 0.11018165 0.04678122
v 0.48807077 0.11364199 0.04639170
v 0.48930952 0.11292222 0.04695472
v 0.45998124 0.12922647 0.07801681
v 0.45911106 0.12987740 0.06886418
v 0.46062745 0.12880332 0.08118360
v 0.49462394 0.10988516 0.04630707
v 0.49012722 0.11187737 0.08165919
v 0.48996573 0.11200140 0.07976615
v 0.48883465 0.11260016 0.08277382
v 0.48788669 0.11318466 0.08031210
v 0.45759957 0.13091138 0.05879226
v 0.45532341 0.13240757 0.04729360
v 0.45904982 0.12992066 0.06837362
v 0.47111427 0.12261528 0.09166120
v 0.46773600 0.12460754 0.08835675
v 0.45408230 0.13316350 0.04463305
v 0.47140790 0.12244279 0.09190789
v 0.45526600 0.13149870 0.10404630
v 0.47475110 0.12047885 0.09471670
v 0.48999454 0.11254870 0.04578943
v 0.49007604 0.11198337 0.07704006
v 0.48957808 0.11226841 0.07707268
v 0.48850245 0.11285585 0.07884637
v 0.49792484 0.10804921 0.04286589
v 0.49188808 0.11160257 0.03736452
v 0.45910938 0.12988211 0.06863840
v 0.49675291 0.10895830 0.02858467
v 0.49634107 0.10921731 0.02720936
v 0.45410914 0.13314715 0.04469060
v 0.49193959 0.11158779 0.03647519
v 0.49204894 0.11153753 0.03572461
v 0.49682375 0.10892555 0.02810996
v 0.47608772 0.11969202 0.09593886
v 0.45413819 0.12958557 0.10217740
v 0.45831324 0.12314778 0.08366933
v 0.48498703 0.11158240 0.08300139
v 0.49655677 0.10217152 0.02909518
v 0.49716266 0.10474553 0.02963719
v 0.49201994 0.10457044 0.03270933
v 0.49592303 0.09353335 0.02476866
v 0.47792311 0.09599410 0.08407630
v 0.47905302 0.09476701 0.07255255
v 0.48229851 0.10066093 0.07697722
v 0.47771026 0.10436064 0.08547013
v 0.48481299 0.10173596 0.08099538
v 0.48746050 0.10560505 0.07692566
v 0.48729899 0.10710188 0.04159422
v 0.48806430 0.11116881 0.04598505
v 0.49392472 0.10908557 0.04636241
v 0.45484541 0.12633743 0.05373829
v 0.45422262 0.11066477 0.05438210
v 0.45764190 0.11944416 0.06944084
v 0.46219124 0.11311415 0.08525569
v 0.49857283 0.10575691 0.04109545
v 0.48746914 0.10476441 0.03757400
v 0.48895966 0.10975595 0.08170063
v 0.46357675 0.12099689 0.08736102
v 0.45203213 0.11373038 0.04797612
v 0.44970345 0.11887711 0.04698185
v 0.46395072 0.10407588 0.09237916
v 0.46835310 0.11174593 0.09688992
v 0.46651233 0.11450886 0.09229307
v 0.44920112 0.12099643 0.10148317
v 0.44827796 0.11803110 0.09660452
v 0.44669916 0.11542591 0.10087975
v 0.43109692 0.12158291 0.10310502
v 0.44160951 0.11562099 0.09906590
v 0.44163595 0.11560599 0.09905574
v 0.43938832 0.14060990 0.10372199
v 0.43897249 0.14087278 0.10225168
v 0.43829390 0.14130176 0.09985233
v 0.42847824 0.14750697 0.06514601
v 0.42740319 0.14818659 0.06134483
v 0.42959020 0.14680401 0.06907771
v 0.43630152 0.14256130 0.09280764
v 0.43596753 0.14277243 0.09162673
v 0.43293089 0.14469212 0.08088973
v 0.43330769 0.14445391 0.08222204
v 0.43388915 0.14408633 0.08427796
v 0.43768060 0.14168948 0.09768381
v 0.43775463 0.14164268 0.09794555
v 0.43781161 0.14160666 0.09814702
v 0.42550697 0.14938533 0.05464017
v 0.42622532 0.14893121 0.05718011
v 0.43802181 0.14147377 0.09889027
v 0.44035620 0.13999803 0.10714423
v 0.43829390 0.14130177 0.09985232
v 0.42847824 0.14750697 0.06514600
v 0.42959020 0.14680401 0.06907770
v 0.43630152 0.14256130 0.09280763
v 0.43330769 0.14445392 0.08222203
v 0.43768060 0.14168947 0.09768381
v 0.43938833 0.14060990 0.10372200
v 0.43802181 0.14147377 0.09889026
v 0.43948791 0.15987972 0.07553806
v 0.44110973 0.15641400 0.08487473
v 0.44659245 0.15353057 0.10340063
v 0.44268974 0.14783448 0.10165076
v 0.45070648 0.15667036 0.10947372
v 0.44579715 0.15664013 0.09674085
v 0.44412950 0.15497431 0.09485930
v 0.44345342 0.15198157 0.09751711
v 0.43085934 0.15169084 0.06516771
v 0.43634257 0.16657840 0.05746416
v 0.43075848 0.15700622 0.05705945
v 0.44254769 0.14322501 0.10808484
v 0.43479307 0.14664392 0.08285546
v 0.43710833 0.14480664 0.09159328
v 0.43785129 0.14195613 0.09773446
v 0.43941850 0.14585098 0.09606446
v 0.45064902 0.15624743 0.10994843
v 0.45089959 0.15668435 0.10995568
v 0.44827815 0.15211338 0.10987982
v 0.44849292 0.15248788 0.10988604
v 0.45132722 0.15743000 0.10996805
v 0.45106331 0.15696983 0.10996041
v 0.45142741 0.15760469 0.10997095
v 0.44581097 0.14781140 0.10980843
v 0.44705380 0.14997850 0.10984439
v 0.44871214 0.15287012 0.10989238
v 0.45090257 0.15668955 0.10995576
v 0.45088369 0.15665662 0.10995522
v 0.45101998 0.15689426 0.10995916
v 0.44310112 0.16364897 0.07937857
v 0.44271739 0.16389155 0.07802176
v 0.44871580 0.16009952 0.09923100
v 0.44818640 0.16043419 0.09735915
v 0.44642347 0.16154867 0.09112574
v 0.44621878 0.16167806 0.09040203
v 0.44054311 0.16526607 0.07033394
v 0.44043097 0.16533697 0.06993742
v 0.43970496 0.16579593 0.06737038
v 0.44579913 0.16194336 0.08891821
v 0.43664254 0.16773191 0.05654226
v 0.45090676 0.15871445 0.10697782
v 0.45021012 0.15915485 0.10451463
v 0.45091264 0.15871073 0.10699861
v 0.45124786 0.15849882 0.10818388
v 0.45164796 0.15824588 0.10959855
v 0.45139120 0.15840820 0.10869071
v 0.45100056 0.15865515 0.10730949
v 0.45069973 0.15884533 0.10624581
v 0.43737989 0.16726578 0.05914940
v 0.43708995 0.16744907 0.05812422
v 0.43664493 0.16773040 0.05655071
v 0.45175597 0.15817760 0.10998046
v 0.44343091 0.14794933 0.10341027
v 0.44499595 0.15007401 0.10434747
v 0.44344198 0.14607702 0.10620268
v 0.44023308 0.14007587 0.10670888
v 0.44088364 0.14038515 0.10794557
v 0.44629924 0.15020574 0.10754511
v 0.44604495 0.14932762 0.10817939
v 0.44561354 0.14783793 0.10925543
v 0.44265669 0.14306417 0.10860592
v 0.44543456 0.14721987 0.10970187
v 0.44537502 0.14705124 0.10979582
v 0.45887858 0.15158026 0.10678649
v 0.45887888 0.15215912 0.10688989
v 0.45901894 0.14602205 0.10575302
v 0.45889610 0.14658800 0.10588895
v 0.45887940 0.15314699 0.10706637
v 0.45795094 0.14092655 0.10514404
v 0.45848894 0.14349337 0.10545081
v 0.45877073 0.14716567 0.10602770
v 0.45395542 0.15491458 0.10877500
v 0.45419961 0.15509102 0.10873749
v 0.45459211 0.15580992 0.10875502
v 0.44655387 0.16169084 0.07805196
v 0.44607182 0.16198918 0.07673293
v 0.45446431 0.15683941 0.09702233
v 0.45334243 0.15751009 0.09537811
v 0.45091552 0.15900112 0.08939982
v 0.45029496 0.15936637 0.08883589
v 0.44329219 0.16370701 0.06927770
v 0.44317386 0.16378142 0.06888355
v 0.44247817 0.16422318 0.06630486
v 0.44970549 0.15972797 0.08741732
v 0.43880023 0.16650824 0.05571324
v 0.45746192 0.15499687 0.10445922
v 0.45629866 0.15570190 0.10217531
v 0.45803148 0.15465167 0.10557749
v 0.45472926 0.15649841 0.10841466
v 0.45416340 0.15683602 0.10762558
v 0.45761855 0.15490194 0.10476675
v 0.45296752 0.15755921 0.10537448
v 0.43981850 0.16588279 0.05821244
v 0.43974710 0.16594214 0.05710330
v 0.43880528 0.16650522 0.05572066
v 0.45496730 0.15635638 0.10874661
v 0.45260803 0.13305776 0.10195421
v 0.45580586 0.14093122 0.09865560
v 0.45737090 0.14305591 0.09959280
v 0.45581692 0.13905892 0.10144801
v 0.45260802 0.13305776 0.10195421
v 0.45325858 0.13336705 0.10319090
v 0.45867419 0.14318763 0.10279044
v 0.45841990 0.14230952 0.10342472
v 0.45798849 0.14081983 0.10450076
v 0.45503163 0.13604607 0.10385125
v 0.45780950 0.14020176 0.10494720
v 0.45774996 0.14003313 0.10504115
v 0.48055003 0.12667881 0.09620518
v 0.48269861 0.13077086 0.09632914
v 0.48331428 0.13137322 0.09626271
v 0.48568109 0.13257254 0.09580776
v 0.48907475 0.13429218 0.09515542
v 0.49140092 0.13216223 0.09411671
v 0.49188726 0.13171692 0.09389955
v 0.49105078 0.13438494 0.09461314
v 0.45658134 0.13483817 0.10444284
v 0.45652206 0.13415795 0.10433799
v 0.48271932 0.13169513 0.09648853
v 0.47878425 0.12380471 0.09619071
v 0.47906864 0.12431585 0.09620166
v 0.47687886 0.12038022 0.09611732
v 0.47850876 0.12330959 0.09618010
v 0.45559285 0.13215511 0.10424270
v 0.47658027 0.11995864 0.09612639
v 0.47919302 0.12449224 0.09619802
v 0.47957584 0.12471406 0.09612942
v 0.47907327 0.12432416 0.09620184
v 0.46369212 0.15217250 0.05934609
v 0.46129612 0.15368363 0.05108887
v 0.47006549 0.14808419 0.08545022
v 0.46938849 0.14856417 0.07992331
v 0.49081821 0.13682527 0.04671990
v 0.48894236 0.13788232 0.04784955
v 0.49731321 0.13311808 0.04565443
v 0.49314172 0.13552547 0.04474764
v 0.49678982 0.13288197 0.07797067
v 0.49223186 0.13541386 0.08291727
v 0.49637509 0.13361797 0.04795190
v 0.49793455 0.13273817 0.04707486
v 0.49528106 0.13422310 0.04929531
v 0.46759450 0.14968328 0.07448473
v 0.46512351 0.15126348 0.06465618
v 0.47663163 0.14419813 0.09270567
v 0.47315129 0.14627662 0.08773290
v 0.49241754 0.13515421 0.09214696
v 0.49501812 0.13372380 0.08847024
v 0.49037467 0.13704252 0.04895640
v 0.48180127 0.14123002 0.09290622
v 0.48064372 0.14189698 0.09271927
v 0.48267984 0.14071568 0.09353809
v 0.46062755 0.15416172 0.04538432
v 0.48270074 0.14070181 0.09365126
v 0.49050242 0.13620414 0.09506316
v 0.48828164 0.13760318 0.08750441
v 0.48462453 0.13960027 0.09354617
v 0.48271439 0.14069276 0.09372518
v 0.48289893 0.14057034 0.09472459
v 0.48359183 0.14016871 0.09498070
v 0.48883957 0.13729246 0.08694710
v 0.48878158 0.13732453 0.08701871
v 0.46815681 0.14931247 0.07739650
v 0.50017602 0.13088211 0.08145816
v 0.49296268 0.13553594 0.05030464
v 0.49434152 0.13413876 0.08684743
v 0.46101769 0.15388273 0.04871318
v 0.49047586 0.13621869 0.09510360
v 0.45828402 0.13997977 0.09943752
v 0.45679156 0.13498544 0.10353056
v 0.48284101 0.13094863 0.09595627
v 0.48716552 0.12413117 0.08542566
v 0.48414220 0.13267326 0.09090969
v 0.48338422 0.13938121 0.09218121
v 0.47592053 0.13973035 0.08987610
v 0.49081203 0.13210015 0.08821342
v 0.47368333 0.12977044 0.08978056
v 0.48409727 0.13056208 0.09249722
v 0.46837942 0.13736255 0.08442810
v 0.48861639 0.11756578 0.08464747
v 0.49331898 0.12827943 0.08341684
v 0.49508234 0.12088067 0.08148330
v 0.49658962 0.10961989 0.02912553
v 0.49597183 0.11383634 0.03757769
v 0.48808972 0.12088783 0.04758309
v 0.49222663 0.11212646 0.03734847
v 0.49676567 0.11924521 0.03747704
v 0.49672625 0.11228929 0.04614069
v 0.49426739 0.12506395 0.04255415
v 0.49741358 0.12724030 0.04814951
v 0.48872863 0.13444340 0.04804650
v 0.49217907 0.11696291 0.04918931
v 0.45548832 0.13450170 0.04507025
v 0.45721117 0.13694832 0.04343587
v 0.49135440 0.11510080 0.07709597
v 0.49528024 0.11790240 0.04973135
v 0.49274462 0.12655625 0.05005693
v 0.46282477 0.13958911 0.06838069
v 0.45792278 0.14472717 0.04830658
v 0.45912365 0.12998358 0.06863060
v 0.46432235 0.13783304 0.07721484
v 0.50066442 0.13032700 0.08087354
v 0.49682194 0.13272161 0.07742710
v 0.49268070 0.13091618 0.09278408
v 0.46353248 0.10670039 0.09786606
v 0.46763706 0.11127301 0.09752275
v 0.46869563 0.11197950 0.09734968
v 0.47086026 0.11373532 0.09705140
v 0.44704714 0.11546204 0.10409497
v 0.44613454 0.11367045 0.10403275
v 0.44839566 0.11774215 0.10412125
v 0.45399103 0.12858470 0.10447732
v 0.47637807 0.11902811 0.09643716
v 0.45532334 0.13145639 0.10461395
v 0.47662450 0.11937604 0.09642967
v 0.47413070 0.15671598 0.10395184
v 0.46333537 0.16051351 0.10754315
v 0.45886961 0.16155670 0.10899268
v 0.45465175 0.15515046 0.10904019
v 0.45421554 0.15483527 0.10910721
v 0.45905709 0.15177129 0.10719010
v 0.45894296 0.14709955 0.10638711
v 0.45664946 0.15353290 0.10818599
v 0.45850475 0.14376446 0.10591476
v 0.45648092 0.13476783 0.10487862
v 0.45639333 0.13376267 0.10472368
v 0.47310942 0.15672016 0.10410063
v 0.47064320 0.15624719 0.10471357
v 0.47011275 0.15664691 0.10493505
v 0.46720413 0.15834893 0.10606198
v 0.45535287 0.15643465 0.10907150
v 0.48253449 0.13056598 0.09675887
v 0.48257908 0.13255548 0.09710197
v 0.48385972 0.13186257 0.09661589
v 0.48383601 0.14109491 0.09827326
v 0.48207594 0.14258694 0.09903781
v 0.48775889 0.14015384 0.09699554
v 0.47984772 0.14630576 0.10033289
v 0.47907113 0.14622182 0.10053752
v 0.47677787 0.14676950 0.10128402
v 0.47414928 0.15654928 0.10377598
v 0.49013557 0.13633268 0.09564017
v 0.48929033 0.13957434 0.09645881
v 0.47928995 0.12389808 0.09648433
v 0.47932774 0.12445859 0.09657386
v 0.45905765 0.15283068 0.10737936
v 0.45907564 0.14648823 0.10624029
v 0.47401485 0.15678886 0.10385684
v 0.47410489 0.15671347 0.10381790
v 0.46382975 0.16029888 0.10736496
v 0.46395148 0.16028999 0.10732894
v 0.46404351 0.16016063 0.10727979
v 0.48895433 0.13444412 0.09563659
v 0.49144174 0.13216653 0.09452588
v 0.47732120 0.12035971 0.09640850
v 0.48848273 0.14001213 0.09676548
v 0.45666605 0.15379240 0.10780774
v 0.45531795 0.15418550 0.10825930
v 0.47931442 0.12437594 0.09633942
v 0.47366928 0.15700624 0.10357349
v 0.47283462 0.15694291 0.10379823
v 0.47420469 0.15605203 0.10325146
v 0.47416331 0.15620509 0.10329053
v 0.47402790 0.15670599 0.10341838
v 0.47394139 0.15677843 0.10345580
v 0.46363808 0.16035952 0.10701006
v 0.46316505 0.16056488 0.10718056
v 0.46385960 0.16034335 0.10694452
v 0.46374334 0.16035184 0.10697891
v 0.46977863 0.15681109 0.10463895
v 0.46962635 0.15689838 0.10469763
v 0.46402706 0.16010794 0.10685507
v 0.46393803 0.16023309 0.10690262
v 0.45864112 0.16170722 0.10866426
v 0.45541454 0.15700777 0.10873658
v 0.48216885 0.14235928 0.09855088
v 0.48009887 0.14581401 0.09975399
v 0.47930645 0.14630186 0.10006533
v 0.47791945 0.14663310 0.10051682
v 0.48967255 0.13925728 0.09587406
v 0.48896758 0.13963944 0.09614177
v 0.48849956 0.13989315 0.09631950
v 0.48780864 0.14002841 0.09653909
v 0.46273843 0.16075010 0.10733433
v 0.47006315 0.15673261 0.10454445
v 0.46994433 0.15670982 0.10457399
v 0.46991877 0.15672908 0.10458466
v 0.48380393 0.14097321 0.09784063
v 0.48744821 0.14009897 0.09665364
v 0.47977614 0.14635263 0.09994156
v 0.47665514 0.14693505 0.10092838
v 0.49041037 0.13642758 0.09515947
v 0.45509975 0.15633613 0.10538985
v 0.44684611 0.16278872 0.07722495
v 0.44334409 0.16403337 0.06897248
v 0.45885264 0.16348516 0.06743217
v 0.45487006 0.16475559 0.05690557
v 0.45396048 0.16432144 0.06738573
v 0.46172720 0.16105094 0.06178343
v 0.46993562 0.15463779 0.07748077
v 0.46585112 0.15495869 0.06347729
v 0.45852876 0.16226475 0.07516063
v 0.46655194 0.15837974 0.07517526
v 0.49867845 0.16034704 0.04518652
v 0.49697932 0.14515245 0.04792746
v 0.49498665 0.14665460 0.04390504
v 0.45641745 0.15751586 0.10274338
v 0.45610033 0.16338098 0.10501223
v 0.45939224 0.16170269 0.09914857
v 0.45838772 0.16128143 0.09181422
v 0.45492295 0.16509315 0.09874145
v 0.49271728 0.16663653 0.05036002
v 0.48873241 0.15592511 0.04762354
v 0.49632994 0.15670825 0.05040178
v 0.49631283 0.15958145 0.04765031
v 0.49785088 0.17337410 0.04596495
v 0.45396814 0.15997839 0.09598003
v 0.48923906 0.16586608 0.04527631
v 0.46794884 0.15838220 0.08504276
v 0.47069453 0.15208419 0.08583155
v 0.46709781 0.16058095 0.09281581
v 0.47214053 0.15652266 0.09362410
v 0.49473691 0.14781230 0.05149139
v 0.49144572 0.15032533 0.04875067
v 0.45138521 0.16672702 0.08953919
v 0.45394702 0.16523662 0.08077922
v 0.45665110 0.16145129 0.08554093
v 0.47682354 0.14540388 0.09346931
v 0.46379536 0.16287644 0.08955336
v 0.46959357 0.15956997 0.10023166
v 0.46990895 0.15673324 0.10456692
v 0.47496695 0.14921218 0.09603641
v 0.49179900 0.15398760 0.03938434
v 0.44893200 0.16454385 0.09426287
v 0.45056686 0.16062631 0.08807630
v 0.46352820 0.16264006 0.08319919
v 0.45570024 0.16182003 0.07876609
v 0.46190907 0.16147600 0.09878389
v 0.46353793 0.15854081 0.09422380
v 0.45172733 0.16236032 0.09975376
v 0.45798245 0.16309635 0.05098313
v 0.45237113 0.16618017 0.04887738
v 0.44654063 0.16655701 0.08393866
v 0.48934669 0.14438794 0.04747698
v 0.46326874 0.15892108 0.05271587
v 0.46155530 0.16139042 0.04671977
v 0.49310391 0.14135203 0.05046508
v 0.49553255 0.13879224 0.04779158
v 0.48885272 0.13739585 0.08695905
v 0.49276329 0.13904242 0.04548504
v 0.49819034 0.13543749 0.04654724
v 0.49631028 0.13527590 0.08608548
v 0.47966659 0.14642435 0.09934266
v 0.49229799 0.13707941 0.09185754
v 0.45270113 0.16904847 0.07801532
v 0.44902941 0.16768940 0.08015453
v 0.44565878 0.16737055 0.07753220
v 0.44253724 0.17040203 0.06706858
v 0.49527083 0.18499368 0.04725237
v 0.49996799 0.18826191 0.04439364
v 0.49186425 0.19221743 0.04957726
v 0.48747135 0.18787741 0.04550097
v 0.48783306 0.17865984 0.04762572
v 0.45141209 0.16995991 0.07164227
v 0.49263019 0.17632521 0.04966010
v 0.49355144 0.18290417 0.05051269
v 0.44852064 0.16953574 0.06314739
v 0.48874675 0.18343947 0.04448981
v 0.49332530 0.18442315 0.04108364
v 0.49322003 0.17198473 0.04275605
v 0.49329114 0.19662584 0.04540688
v 0.49726601 0.19456307 0.04512592
v 0.44585329 0.17142338 0.05678575
v 0.44240409 0.17130328 0.06110776
v 0.44085935 0.17318818 0.05534876
v 0.38023301 0.04785920 0.05087032
v 0.41717973 0.00743283 0.03177343
v 0.38551200 0.04483580 0.04785122
v 0.38511127 0.04455953 0.07327109
v 0.38076750 0.04680472 0.05257479
v 0.23159830 0.18613197 0.03840209
v 0.23159830 0.18710000 0.03840210
v 0.23159830 0.16623670 0.03840210
v 0.23159830 0.16981707 0.03840210
v 0.23159830 0.17759855 0.03840210
v 0.23159830 0.18175018 0.03840209
v 0.23159830 0.17014560 0.03840210
v 0.23159830 0.17728910 0.03840210
v 0.23159830 0.17480989 0.03840210
v 0.23159830 0.15517178 0.03840209
v 0.23159830 0.15838496 0.03840210
v 0.23159830 0.15515853 0.03840210
v 0.23159830 0.16332500 0.03840210
v 0.23159830 0.18531573 0.03840209
v 0.23159830 0.15410000 0.03840210
v 0.25503483 0.15410000 0.03836119
v 0.24820881 0.15410000 0.03837311
v 0.24234147 0.15410000 0.03838335
v 0.23817502 0.15410000 0.03839062
v 0.23280690 0.15410000 0.03839999
v 0.24722638 0.15410000 0.03837482
v 0.26227054 0.15410000 0.03834856
v 0.26048698 0.15410000 0.03835168
v 0.26249938 0.15410000 0.03834816
v 0.24769796 0.15410000 0.03837400
v 0.26279821 0.15410000 0.03834764
v 0.23881562 0.16161301 0.03838950
v 0.24241539 0.15582978 0.03838322
v 0.25308680 0.16297051 0.03836459
v 0.26243316 0.15566667 0.03834828
v 0.23324464 0.15551737 0.03839922
v 0.25067933 0.17256301 0.03836879
v 0.25815756 0.16345231 0.03835574
v 0.25914258 0.17272381 0.03835402
v 0.23583702 0.16899023 0.03839470
v 0.23452911 0.17608229 0.03839698
v 0.24204746 0.18534529 0.03838386
v 0.24551302 0.17232136 0.03837781
v 0.23836906 0.17911174 0.03839028
v 0.23805358 0.18391175 0.03839083
v 0.24789903 0.18161979 0.03837365
v 0.25264660 0.18324489 0.03836536
v 0.25859050 0.17689230 0.03835499
v 0.26221398 0.17592548 0.03834866
v 0.26279821 0.15672751 0.03834764
v 0.26279821 0.16036041 0.03834764
v 0.26279821 0.15546012 0.03834764
v 0.26279821 0.18669771 0.03834764
v 0.26279821 0.18355852 0.03834764
v 0.26279821 0.18574521 0.03834764
v 0.26279821 0.16072529 0.03834764
v 0.26279821 0.18641384 0.03834764
v 0.26279821 0.18690123 0.03834764
v 0.26279821 0.17147754 0.03834764
v 0.26279821 0.17533433 0.03834764
v 0.26279821 0.16616167 0.03834764
v 0.26279821 0.17861741 0.03834764
v 0.26279821 0.15572757 0.03834764
v 0.26279821 0.15559442 0.03834764
v 0.26279821 0.18697705 0.03834764
v 0.26279821 0.17565816 0.03834764
v 0.26279821 0.17621431 0.03834764
v 0.26279821 0.16380178 0.03834764
v 0.25192289 0.18710000 0.03836662
v 0.24678645 0.18710000 0.03837559
v 0.25335845 0.18710000 0.03836412
v 0.23711636 0.18710000 0.03839246
v 0.24024150 0.18710000 0.03838701
v 0.25973895 0.18710000 0.03835298
v 0.26160273 0.18710000 0.03834973
v 0.26259291 0.18710000 0.03834800
v 0.26220140 0.18710000 0.03834868
v 0.26185652 0.18710000 0.03834929
v 0.26257260 0.18710000 0.03834804
v 0.24194483 0.18710000 0.03838404
v 0.26267842 0.18710000 0.03834785
v 0.26279821 0.18710000 0.03834764
v 0.26279674 0.15672751 0.03750730
v 0.26279261 0.16036041 0.03513772
v 0.26279814 0.15546012 0.03830789
v 0.26279305 0.18355852 0.03539346
v 0.26279322 0.18574521 0.03548803
v 0.26279276 0.16072529 0.03522502
v 0.26279262 0.18669771 0.03514604
v 0.26274091 0.18641384 0.00551868
v 0.26273744 0.18690123 0.00353196
v 0.26279573 0.17147754 0.03692574
v 0.26279128 0.17533433 0.03437534
v 0.26279457 0.16616167 0.03626482
v 0.26279141 0.17861741 0.03445431
v 0.26279792 0.15572757 0.03818463
v 0.26279795 0.15559442 0.03819775
v 0.26274777 0.18697705 0.00944896
v 0.26279085 0.17565816 0.03412966
v 0.26279091 0.17621431 0.03416315
v 0.26279367 0.16380178 0.03574921
v 0.25191562 0.18710000 0.03419703
v 0.24677954 0.18710000 0.03441392
v 0.25335295 0.18710000 0.03521459
v 0.23710849 0.18710000 0.03388525
v 0.24023447 0.18710000 0.03435607
v 0.25973322 0.18710000 0.03507063
v 0.26159694 0.18710000 0.03502858
v 0.26253206 0.18710000 0.00348150
v 0.26214307 0.18710000 0.00493038
v 0.26180042 0.18710000 0.00620669
v 0.24193676 0.18710000 0.03375953
v 0.26267301 0.18710000 0.03524605
v 0.26279284 0.18710000 0.03527027
v 0.26273736 0.18710000 0.00348510
v 0.26274783 0.18710000 0.00948324
v 0.26279788 0.15410000 0.03815705
v 0.23159828 0.15410000 0.03838989
v 0.23159758 0.18710000 0.03798495
v 0.26526329 0.15410000 0.03835885
v 0.27684059 0.15807151 0.03389322
v 0.26393673 0.16005286 0.03503458
v 0.28396415 0.15498511 0.03433864
v 0.27910971 0.16539051 0.03316326
v 0.26283299 0.19281323 0.01475528
v 0.26442722 0.18614774 0.03530663
v 0.26501128 0.21909733 0.01506976
v 0.26477054 0.22656934 0.01363688
v 0.28480620 0.18850563 0.00350436
v 0.27171886 0.18365401 0.00848881
v 0.26477309 0.18493120 0.00403205
v 0.26607190 0.18516730 0.01127968
v 0.28196030 0.17527950 0.00705280
v 0.27724214 0.18536467 0.01357673
v 0.28344081 0.18332637 0.01646389
v 0.27196427 0.18783657 0.00347327
v 0.28163263 0.19446995 0.00210656
v 0.28070407 0.19451485 0.00502328
v 0.27751153 0.18801498 0.00396378
v 0.27347980 0.19409903 0.00402013
v 0.27896776 0.17959550 0.00516521
v 0.26640932 0.19220872 0.00379195
v 0.28476720 0.17898651 0.00459427
v 0.26881469 0.19195411 0.01509607
v 0.28172042 0.18420287 0.00334834
v 0.26763477 0.19976566 0.00241915
v 0.27499144 0.17138470 0.03452541
v 0.28343823 0.17025770 0.03442620
v 0.27081389 0.19411196 0.01889680
v 0.26840880 0.19254975 0.02269139
v 0.27960798 0.17597182 0.03225853
v 0.28431817 0.17716250 0.03009759
v 0.28014500 0.17994398 0.02806314
v 0.28006509 0.19303254 0.01914583
v 0.27759157 0.19220479 0.02159263
v 0.27285227 0.18834596 0.03416082
v 0.26858375 0.18670028 0.03647380
v 0.27407377 0.18179199 0.03442427
v 0.28243423 0.18838647 0.01673769
v 0.28280737 0.18610984 0.02068855
v 0.27675921 0.19074721 0.03357986
v 0.28054553 0.18645473 0.03150641
v 0.28295273 0.18125638 0.02521771
v 0.27633926 0.21782598 0.00386243
v 0.27038358 0.21339329 0.00442472
v 0.27408553 0.20884575 0.00376532
v 0.26854361 0.16951780 0.03659618
v 0.26920926 0.17272113 0.03391030
v 0.28126538 0.19114427 0.02450961
v 0.26742380 0.19340925 0.02766065
v 0.26910990 0.19345575 0.03500167
v 0.26827786 0.16421481 0.03545597
v 0.28005949 0.19261780 0.03002783
v 0.27327690 0.19176645 0.02752893
v 0.26546045 0.21916390 0.00466876
v 0.27710911 0.20065955 0.00266028
v 0.27893231 0.22412857 0.00426571
v 0.28457635 0.22658918 0.00354161
v 0.27475407 0.23675919 0.00410390
v 0.27082876 0.23380498 0.00341024
v 0.27872267 0.23176434 0.00361872
v 0.28352505 0.20834860 0.00389456
v 0.28103363 0.23701478 0.00354255
v 0.26634023 0.24036736 0.00346115
v 0.26599918 0.20748138 0.00431411
v 0.27362136 0.24379809 0.00361656
v 0.28346040 0.24233158 0.00341021
v 0.27409739 0.22642364 0.00388210
v 0.26397735 0.25022451 0.00376273
v 0.28117238 0.26138129 0.00332463
v 0.26500484 0.25525961 0.00335820
v 0.28217444 0.25243987 0.00335156
v 0.27505746 0.24749301 0.00327248
v 0.28442136 0.27340907 0.00365515
v 0.27994567 0.28130463 0.00411340
v 0.27737521 0.27724111 0.00345765
v 0.27808203 0.27166547 0.00366965
v 0.26712921 0.26169379 0.00382406
v 0.26942433 0.27111165 0.00366538
v 0.26544468 0.27579740 0.00379286
v 0.26667963 0.28163886 0.00397267
v 0.27606647 0.28631058 0.00398715
v 0.28013377 0.29289221 0.00424807
v 0.26716932 0.28624994 0.00387227
v 0.27148827 0.29486780 0.00429871
v 0.27304868 0.29850288 0.00059250
v 0.28128972 0.29744472 0.00356004
v 0.26392452 0.29904602 0.00075063
v 0.26455558 0.29672073 0.00469044
v 0.27518676 0.30481506 0.00053825
v 0.28152496 0.30177380 0.00038242
v 0.26405986 0.30526508 0.00047016
v 0.26273653 0.18912559 0.00300760
v 0.26273697 0.19064454 0.00326064
v 0.26274913 0.18975903 0.01022464
v 0.26275674 0.19271253 0.01458614
v 0.26276206 0.19514844 0.01763429
v 0.26276366 0.19473562 0.01855414
v 0.26273756 0.19823008 0.00360031
v 0.26273793 0.19683904 0.00380915
v 0.26278522 0.19400002 0.03090717
v 0.26279078 0.19409701 0.03409001
v 0.26277212 0.19395397 0.02339923
v 0.26277574 0.19421579 0.02547174
v 0.26279443 0.19233724 0.03618025
v 0.26279394 0.18913709 0.03589933
v 0.26273743 0.23980437 0.00352665
v 0.26273746 0.23681916 0.00353927
v 0.26273863 0.20735134 0.00421354
v 0.26273651 0.20247842 0.00299516
v 0.26275724 0.19292877 0.01487484
v 0.26273755 0.22622246 0.00359486
v 0.26273773 0.22551724 0.00369460
v 0.26273912 0.21614172 0.00449240
v 0.26274978 0.22431932 0.01059972
v 0.26274942 0.22581389 0.01039231
v 0.26275534 0.22585584 0.01378652
v 0.26275732 0.21996168 0.01491801
v 0.26273753 0.22648821 0.00358096
v 0.26273773 0.24657444 0.00369642
v 0.26273754 0.24382928 0.00358801
v 0.26273779 0.26943843 0.00373188
v 0.26273789 0.26589089 0.00378637
v 0.26273817 0.28097584 0.00394636
v 0.26273797 0.27721180 0.00383173
v 0.26273759 0.24754897 0.00361639
v 0.26273783 0.24958220 0.00375360
v 0.26273738 0.25242632 0.00349328
v 0.26273806 0.25994471 0.00388592
v 0.26273747 0.25610303 0.00354510
v 0.26273787 0.27239732 0.00377765
v 0.26273821 0.28636848 0.00396966
v 0.26273830 0.28355115 0.00402427
v 0.26273820 0.29105791 0.00396738
v 0.26273816 0.29042552 0.00394270
v 0.26273210 0.30433206 0.00047095
v 0.26273249 0.29941289 0.00069619
v 0.26273843 0.29204083 0.00409938
v 0.26273299 0.29894415 0.00098002
v 0.26273849 0.29709892 0.00412953
v 0.26275697 0.19281517 0.01471689
v 0.26275708 0.19283607 0.01478108
v 0.26275744 0.21893286 0.01498649
v 0.26275723 0.21846416 0.01486684
v 0.26275488 0.22664838 0.01352417
v 0.26273624 0.19923938 0.00283951
v 0.26273700 0.23243724 0.00327833
v 0.26273979 0.22040386 0.00487732
v 0.26273916 0.21776464 0.00451257
v 0.26275393 0.21853009 0.01297963
v 0.26275180 0.22021833 0.01175696
v 0.26273726 0.25471070 0.00342619
v 0.26273814 0.26302042 0.00393186
v 0.26273938 0.29631273 0.00464325
v 0.26273212 0.30515465 0.00048141
v 0.26273215 0.30542395 0.00049849
v 0.23156178 0.19650361 0.01747696
v 0.23155373 0.19521263 0.01286046
v 0.23156824 0.19662308 0.02117557
v 0.23154058 0.19350227 0.00532901
v 0.23155258 0.19499987 0.01220385
v 0.26252195 0.18710000 0.00932459
v 0.24448703 0.19605093 0.01158049
v 0.25415563 0.19303470 0.01037320
v 0.24584043 0.19325759 0.01027648
v 0.25967879 0.18864790 0.00775876
v 0.24910286 0.19694427 0.01942172
v 0.26116739 0.19535372 0.01738425
v 0.23924475 0.19655415 0.00384822
v 0.23162271 0.19328198 0.00433355
v 0.24405475 0.19272015 0.00410010
v 0.23797926 0.19627305 0.01558502
v 0.25150238 0.19195053 0.00421597
v 0.24728999 0.19706006 0.00372752
v 0.26005143 0.18950067 0.00287210
v 0.26185452 0.19795319 0.00381329
v 0.25284952 0.19817720 0.00368793
v 0.23585917 0.19135049 0.03397505
v 0.23223082 0.19638322 0.03208375
v 0.26119978 0.19205482 0.03647784
v 0.25383361 0.18971200 0.03426589
v 0.24160795 0.19265106 0.03137479
v 0.23368014 0.20734448 0.00407493
v 0.23905187 0.19595248 0.03216979
v 0.25108024 0.19389515 0.03388592
v 0.23536534 0.20219105 0.00256879
v 0.24217287 0.20369660 0.00269870
v 0.25901578 0.19448009 0.03354539
v 0.25179289 0.19667988 0.02971797
v 0.25452897 0.20702392 0.00396032
v 0.23971706 0.20887304 0.00403518
v 0.23593039 0.21563339 0.00480913
v 0.23166156 0.23166997 0.00313720
v 0.23558307 0.22696060 0.00311256
v 0.24184550 0.23613412 0.00328823
v 0.23471149 0.21782164 0.01371747
v 0.23552648 0.22329991 0.01457703
v 0.23278453 0.22808417 0.01395265
v 0.23219438 0.24334292 0.00458578
v 0.23893672 0.23977484 0.00393293
v 0.24240717 0.22901238 0.01454555
v 0.24259905 0.22380396 0.00424195
v 0.25459825 0.22368650 0.00412002
v 0.24660222 0.22661329 0.00293362
v 0.24158491 0.19641999 0.02083859
v 0.25063651 0.22712358 0.01284655
v 0.26219265 0.22560578 0.00949851
v 0.25829211 0.22243093 0.00521826
v 0.24806858 0.21786094 0.01444381
v 0.24632742 0.22323056 0.01488943
v 0.25660835 0.23140133 0.00317842
v 0.25709205 0.23892220 0.00362929
v 0.25119233 0.23572068 0.00420433
v 0.25476467 0.22302669 0.01437989
v 0.26243778 0.22621715 0.00358728
v 0.25105019 0.21434639 0.00441468
v 0.25823793 0.21545015 0.00425422
v 0.24234887 0.24471847 0.00477717
v 0.25696354 0.21707504 0.00761818
v 0.25772634 0.21705096 0.01441393
v 0.24345744 0.19633811 0.02998836
v 0.25173508 0.24663626 0.00479097
v 0.24942719 0.24153519 0.00424796
v 0.25930058 0.19481880 0.02383518
v 0.24932155 0.19566257 0.02243530
v 0.23432453 0.19663270 0.02372154
v 0.23921891 0.19606677 0.02702307
v 0.23163665 0.25645383 0.00324174
v 0.23943369 0.25894223 0.00375860
v 0.24265596 0.26309368 0.00370587
v 0.23414732 0.26567235 0.00333214
v 0.23471000 0.24984596 0.00429036
v 0.24800871 0.25425619 0.00366048
v 0.24079074 0.25037624 0.00339743
v 0.25176904 0.26228883 0.00373674
v 0.25775052 0.25795808 0.00395619
v 0.24692495 0.26753495 0.00381234
v 0.25307581 0.25237199 0.00371587
v 0.25979631 0.26870236 0.00376113
v 0.26053818 0.26368508 0.00398587
v 0.23270871 0.27245888 0.00532575
v 0.25884821 0.24756664 0.00372496
v 0.23197285 0.28557442 0.00319957
v 0.23638850 0.29118686 0.00447658
v 0.23553902 0.28266744 0.00458893
v 0.23952717 0.27209138 0.00384119
v 0.24187523 0.28627133 0.00404712
v 0.23984711 0.27930453 0.00376434
v 0.25168547 0.28241955 0.00406498
v 0.24608121 0.27728447 0.00382970
v 0.24586067 0.29037509 0.00426875
v 0.25064642 0.27278467 0.00384435
v 0.25659277 0.28653289 0.00410472
v 0.25728897 0.28005920 0.00390999
v 0.23889523 0.29412615 0.00526749
v 0.23775816 0.29792986 0.00115338
v 0.25487281 0.29454553 0.00443886
v 0.24405942 0.29738875 0.00348004
v 0.25645247 0.29840722 0.00218911
v 0.25148555 0.30421925 0.00057668
v 0.24931602 0.29935230 0.00138270
v 0.25786405 0.30091125 0.00047385
v 0.24234135 0.29986782 0.00103331
v 0.23468585 0.30433250 0.00069552
v 0.24608199 0.30741622 0.00085381
v 0.26227917 0.29085804 0.00395000
v 0.23153831 0.23728796 0.00402937
v 0.23153697 0.23240524 0.00325985
v 0.23153839 0.23762770 0.00407400
v 0.23153891 0.24073971 0.00436930
v 0.23153888 0.22382128 0.00435374
v 0.23153985 0.22410311 0.00491120
v 0.23155109 0.22787465 0.01134772
v 0.23155368 0.22792814 0.01283480
v 0.23154896 0.21641344 0.01013248
v 0.23153944 0.21496400 0.00467636
v 0.23153860 0.22423968 0.00419409
v 0.23153812 0.26087022 0.00392013
v 0.23153707 0.25695007 0.00331645
v 0.23153790 0.26218059 0.00379135
v 0.23153838 0.25007304 0.00406973
v 0.23153907 0.24444592 0.00446586
v 0.23153877 0.29109560 0.00428889
v 0.23153708 0.28627674 0.00332484
v 0.23153891 0.27764141 0.00437240
v 0.23153979 0.27501537 0.00487606
v 0.23153697 0.25628356 0.00325799
v 0.23153910 0.27855243 0.00448219
v 0.23153823 0.29740856 0.00398040
v 0.23153908 0.29699903 0.00446650
v 0.23153965 0.27139987 0.00479668
v 0.23153715 0.26702355 0.00336560
v 0.23153749 0.28325925 0.00355546
v 0.23153294 0.30264868 0.00094873
v 0.23153325 0.30057785 0.00113012
v 0.23153911 0.29192494 0.00448788
v 0.23155666 0.22330791 0.01453946
v 0.23155565 0.21960083 0.01396319
v 0.23155577 0.22733933 0.01403461
v 0.23155665 0.22331464 0.01453862
v 0.23153674 0.23159223 0.00312654
v 0.23153635 0.22715855 0.00290355
v 0.23153265 0.29812914 0.00078490
v 0.23153678 0.23179004 0.00315097
v 0.23153920 0.24305851 0.00453527
v 0.23155542 0.21800422 0.01383023
v 0.23153631 0.22676876 0.00288394
v 0.23155520 0.22807442 0.01370765
v 0.23154039 0.27191737 0.00521940
v 0.23154036 0.27208166 0.00520119
v 0.23153695 0.25647404 0.00325009
v 0.23153916 0.24348556 0.00451390
v 0.23153695 0.25655908 0.00324764
v 0.23153694 0.28556621 0.00324435
v 0.23153694 0.28554846 0.00324234
v 0.23153247 0.30445388 0.00067992
v 0.23155565 0.21959550 0.01396236
v 0.23153677 0.23175370 0.00314454
v 0.23155556 0.22810836 0.01391016
v 0.23153694 0.25654019 0.00324432
v 0.23153676 0.23166214 0.00314055
v 0.26720612 0.00432604 0.00304322
v 0.26613973 0.00389828 0.00014231
v 0.26569602 0.02626531 0.00617896
v 0.26771659 0.02815570 0.01186014
v 0.26658098 0.03121332 0.01820675
v 0.26431867 0.01366665 0.01900414
v 0.27123993 0.01554669 0.02313626
v 0.26368407 0.01540018 0.02517072
v 0.26734339 0.01664984 0.03015182
v 0.26448159 0.02965010 0.02529503
v 0.26570347 0.00816253 0.00373528
v 0.26548338 0.04467283 0.00369657
v 0.26504945 0.02687699 0.00349573
v 0.26699852 0.03213645 0.00425667
v 0.26362468 0.05604122 0.00428056
v 0.27116029 0.01911718 0.00607501
v 0.27499273 0.00401586 0.00026757
v 0.27389787 -0.00197809 0.00060497
v 0.27876439 0.00458768 0.00266025
v 0.28104825 0.00943783 0.00279063
v 0.27259200 -0.00531919 0.00062018
v 0.27703058 0.01749785 0.00308117
v 0.27614353 0.01119655 0.00437522
v 0.28393944 0.01698322 0.00442147
v 0.28185708 0.01895591 0.00611546
v 0.27443395 0.03197332 0.01238149
v 0.28151256 0.00808981 -0.00093873
v 0.28417197 0.03038186 0.01643302
v 0.28036884 0.02844456 0.00737092
v 0.28483297 0.03734097 0.00400353
v 0.27284244 0.02509745 0.00709598
v 0.27793543 0.02438728 0.00688977
v 0.27629945 0.05165142 0.00429273
v 0.27412589 0.03878923 0.00376347
v 0.27435550 0.02948273 0.02424452
v 0.27810432 0.02882112 0.02942851
v 0.27987396 0.02820385 0.02064495
v 0.28302545 0.02399505 0.00976137
v 0.27316794 0.01236088 0.01660052
v 0.28328068 0.02655799 0.02831730
v 0.28278488 0.01249118 0.01712440
v 0.27182303 0.01433813 0.01897123
v 0.28455635 0.01590568 0.01544106
v 0.27266391 0.01625520 0.02930964
v 0.28332510 0.01578182 0.02824342
v 0.28107974 0.01523462 0.02156184
v 0.28236034 0.03207534 0.01926559
v 0.27215935 0.03156841 0.01814968
v 0.28177011 0.02030373 0.02886849
v 0.27061807 0.02137155 0.02972263
v 0.27708074 0.03180999 0.00388729
v 0.27642372 0.02548060 0.00286812
v 0.26999706 0.06114674 0.00428367
v 0.26273429 0.00609236 0.00172376
v 0.26273129 0.00552983 0.00000559
v 0.26275446 0.02945107 0.01328359
v 0.26275933 0.03052655 0.01607031
v 0.26276232 0.03132763 0.01778551
v 0.26276543 0.02989272 0.01956643
v 0.26277373 0.02926754 0.02432318
v 0.26273566 0.00834338 0.00251249
v 0.26273833 0.02484552 0.00404003
v 0.26274135 0.02412795 0.00576999
v 0.26273875 0.03187981 0.00428048
v 0.26273766 0.02771187 0.00365488
v 0.26273776 0.04217103 0.00371505
v 0.26273826 0.03529366 0.00399689
v 0.26277487 0.01542659 0.02497259
v 0.26276572 0.01400232 0.01973385
v 0.26277944 0.01627481 0.02759107
v 0.26273220 -0.00459695 0.00052761
v 0.26273221 -0.00540216 0.00053405
v 0.26273160 0.00197629 0.00018283
v 0.26273177 0.00013681 0.00028240
v 0.26273878 0.01251390 0.00429903
v 0.26273885 0.01232845 0.00433674
v 0.26273798 0.04874471 0.00384098
v 0.26273790 0.04782887 0.00379463
v 0.26275892 0.01279540 0.01583834
v 0.26275653 0.01367543 0.01446950
v 0.26276133 0.01321797 0.01721599
v 0.26273871 0.01183446 0.00425978
v 0.26278297 0.02142062 0.02961645
v 0.26278298 0.02137861 0.02962065
v 0.26278245 0.02776563 0.02931664
v 0.26278259 0.02618520 0.02939614
v 0.26277839 0.02878250 0.02699505
v 0.26273727 0.01832278 0.00343437
v 0.26273689 0.01822434 0.00321535
v 0.26273829 0.05180885 0.00401779
v 0.26273893 0.06210179 0.00438609
v 0.26274497 0.02591485 0.00784649
v 0.26278348 0.01722374 0.02990690
v 0.26273847 0.00774679 0.00412014
v 0.26273745 0.02650853 0.00353547
v 0.26276415 0.01348213 0.01883546
v 0.26273868 0.05597096 0.00424053
v 0.26277499 0.02914905 0.02504430
v 0.26274392 0.02071482 0.00724477
v 0.26273879 0.05743334 0.00430442
v 0.25363162 0.06410000 0.01196023
v 0.24069279 0.06410000 0.01046571
v 0.23685771 0.06410000 0.01050383
v 0.25169666 0.06410000 0.01115548
v 0.24776345 0.06410000 0.01259994
v 0.23230427 -0.00425874 0.00093740
v 0.25114419 0.00623087 0.00392610
v 0.24890315 0.00129388 0.00448322
v 0.25359978 0.00420842 0.00120806
v 0.24579046 -0.00684707 0.00075596
v 0.24063880 0.00192963 0.00042654
v 0.24139986 -0.00398413 0.00070399
v 0.25096232 0.00149139 0.00037854
v 0.25599549 0.00875411 -0.00026460
v 0.25917137 -0.00543213 0.00050294
v 0.26028990 0.00059931 0.00021186
v 0.23621702 0.00820927 0.00426674
v 0.24426214 0.01157539 0.00464981
v 0.25688757 0.02853020 0.01233680
v 0.25462225 0.02286952 0.01520410
v 0.25309039 0.02844908 0.01790413
v 0.26013262 0.02560461 0.00932264
v 0.26097227 0.03138122 0.01758805
v 0.23528940 0.01748369 0.00363165
v 0.25515199 0.01564804 0.02331144
v 0.25517077 0.01818187 0.02949802
v 0.25387094 0.01932153 0.02326992
v 0.25035952 0.01708054 0.00339801
v 0.24293470 0.02352167 0.00432978
v 0.26274221 0.02142088 0.02961590
v 0.26046938 0.02760629 0.02929975
v 0.25453270 0.02672917 0.02383335
v 0.24034843 0.05183171 0.00434613
v 0.24277327 0.04416811 0.00414400
v 0.25442471 0.01249226 0.01793053
v 0.24626137 0.02423345 0.02095815
v 0.23517637 0.03285534 0.00301890
v 0.25763033 0.02811542 0.02139634
v 0.23905514 0.03291514 0.00404073
v 0.24936388 0.02580064 0.01990421
v 0.25087387 0.04954906 0.00416074
v 0.25162179 0.02473706 0.00372653
v 0.25799198 0.00708125 0.00473624
v 0.25252818 0.04269001 0.00406674
v 0.25473034 0.01159522 0.00476393
v 0.26206642 0.04860077 0.00381861
v 0.25857564 0.03837851 0.00374307
v 0.25811300 0.02077987 0.00512937
v 0.25284685 0.03128385 0.00433577
v 0.25954582 0.02132190 0.00768926
v 0.26205895 0.01825880 0.00322171
v 0.25134158 0.05506714 0.00372556
v 0.26147994 0.01284879 0.01574469
v 0.26231067 0.01236461 0.00433551
v 0.25675763 0.02154065 0.02537321
v 0.23676373 0.06173586 0.01404816
v 0.24817981 0.06350643 0.01392283
v 0.25399987 0.06295762 0.01314995
v 0.24366071 0.06294963 0.00488973
v 0.23453848 0.05718096 0.00442772
v 0.23158135 0.06410000 0.02868603
v 0.23153179 0.00229077 0.00029451
v 0.23153194 0.00044193 0.00037823
v 0.23153264 -0.00590325 0.00077865
v 0.23153248 -0.00672576 0.00068807
v 0.23153248 -0.00684896 0.00068942
v 0.23153787 0.00350075 0.00377860
v 0.23153773 0.00349186 0.00369859
v 0.23153790 0.00371824 0.00379083
v 0.23153274 -0.00327812 0.00083415
v 0.23153785 0.00423281 0.00376345
v 0.23153772 0.04458263 0.00369214
v 0.23153760 0.04274232 0.00361933
v 0.23153793 0.02993275 0.00381051
v 0.23153790 0.02946227 0.00379459
v 0.23153785 0.03016557 0.00376566
v 0.23153763 0.03993668 0.00363764
v 0.23153703 0.03838762 0.00329515
v 0.23153761 0.05419688 0.00362921
v 0.23153758 0.05405993 0.00360917
v 0.23154042 0.06067829 0.00523748
v 0.23153982 0.05874088 0.00489208
v 0.23154037 0.06097069 0.00521105
v 0.23154008 0.06281101 0.00504470
v 0.23155236 0.06326953 0.01208018
v 0.23155019 0.06410000 0.01083734
v 0.23155588 0.06309054 0.01409730
v 0.23153807 0.01737164 0.00388866
v 0.23153694 0.03411054 0.00324186
v 0.23153277 -0.00370814 0.00085605
v 0.23153288 -0.00447058 0.00091721
v 0.23153883 0.05839593 0.00432473
v 0.23153896 0.05844374 0.00440336
v 0.23153280 -0.00396509 0.00086914
v 0.23155575 0.06197425 0.01401862
v 0.17814135 0.21971133 0.00406608
v 0.17625050 0.21443646 0.00339497
v 0.18421501 0.21486182 0.00322976
v 0.17994892 0.22928752 0.00418279
v 0.17679011 0.23311763 0.00370306
v 0.18729100 0.22941070 0.00392318
v 0.18762934 0.23429954 0.00470487
v 0.18513242 0.22434839 0.00439213
v 0.18116069 0.24171620 0.00396644
v 0.18882497 0.23958243 0.00385161
v 0.17239685 0.24539722 0.00442688
v 0.20155737 0.22212068 0.00420891
v 0.19125180 0.21981999 0.00450308
v 0.19871598 0.21737911 0.00404181
v 0.19645278 0.22457096 0.00357105
v 0.19359308 0.23651502 0.00403945
v 0.20267339 0.22873415 0.01416575
v 0.17545210 0.25710598 0.00424755
v 0.18560145 0.25311908 0.00433605
v 0.18663248 0.26190963 0.00367182
v 0.17854090 0.26198158 0.00373647
v 0.19566475 0.24705798 0.00407179
v 0.18953940 0.25829037 0.00437367
v 0.19545231 0.25266833 0.00392344
v 0.17741692 0.24825818 0.00384091
v 0.20063776 0.25766743 0.00401052
v 0.19577832 0.26173627 0.00367601
v 0.18382607 0.27443232 0.00344468
v 0.17522331 0.26883202 0.00373838
v 0.18111703 0.26759125 0.00394030
v 0.17312372 0.28116380 0.00353470
v 0.20162546 0.26712682 0.00372095
v 0.20119969 0.26561409 0.00502275
v 0.18006781 0.28466655 0.00378969
v 0.19123817 0.26906235 0.00353741
v 0.20005210 0.28293470 0.00357085
v 0.18788707 0.27267286 0.00419832
v 0.19687010 0.27340214 0.00371262
v 0.18811748 0.29426803 0.00475768
v 0.18115339 0.29803115 0.00401748
v 0.17866842 0.29207669 0.00413037
v 0.17832825 0.30046265 0.00067593
v 0.18350382 0.29856836 0.00068761
v 0.17236743 0.29402703 0.00465217
v 0.18992415 0.28161592 0.00364638
v 0.20027549 0.29059723 0.00402188
v 0.18823574 0.30695558 0.00065485
v 0.17175536 0.30547368 0.00033378
v 0.18786738 0.29913919 0.00186552
v 0.18429012 0.29195320 0.00335632
v 0.19646422 0.28744548 0.00390991
v 0.20055503 0.30613028 0.00054506
v 0.18922952 0.30272263 0.00058663
v 0.19568190 0.29702466 0.00416766
v 0.19771732 0.29826164 0.00018358
v 0.20273798 0.22488970 0.00389412
v 0.20273732 0.22762102 0.00351553
v 0.20273856 0.21928427 0.00422129
v 0.20273862 0.22232444 0.00425739
v 0.20273743 0.22946648 0.00357687
v 0.20273900 0.24474006 0.00447607
v 0.20273899 0.24578762 0.00446803
v 0.20273864 0.25594693 0.00426833
v 0.20273849 0.25735483 0.00418468
v 0.20273896 0.24644286 0.00445199
v 0.20274011 0.26578659 0.00510989
v 0.20273811 0.26704972 0.00396643
v 0.20273951 0.26220641 0.00476819
v 0.20273758 0.27081814 0.00366175
v 0.20273756 0.27187621 0.00364921
v 0.20273821 0.28369964 0.00402077
v 0.20273873 0.28918717 0.00431954
v 0.20273754 0.27290369 0.00363856
v 0.20273246 0.29824279 0.00073145
v 0.20273250 0.30163558 0.00075362
v 0.20273385 0.29800733 0.00152735
v 0.20273847 0.29205982 0.00417069
v 0.20273873 0.29534715 0.00432269
v 0.20273658 0.23479659 0.00308792
v 0.20273893 0.23752582 0.00443538
v 0.20275591 0.22873598 0.01416652
v 0.20275586 0.22871949 0.01413535
v 0.20275595 0.22835312 0.01418601
v 0.20273899 0.21755638 0.00447089
v 0.20273822 0.21500300 0.00403155
v 0.20275580 0.22862678 0.01410270
v 0.20273769 0.26765957 0.00372588
v 0.20273739 0.28255336 0.00355512
v 0.20273221 0.30537546 0.00058717
v 0.20273215 0.30598405 0.00055346
v 0.22083047 0.21862466 0.01421343
v 0.20482837 0.21878818 0.01469457
v 0.21109080 0.21792438 0.00536165
v 0.20376123 0.23460402 0.00298129
v 0.21040666 0.23837325 0.00476732
v 0.21935021 0.21627830 0.00344033
v 0.20370997 0.24561326 0.00452242
v 0.21421851 0.22898976 0.01427321
v 0.21304967 0.22688958 0.01034101
v 0.20420655 0.22833407 0.00350255
v 0.21415250 0.22257370 0.01438397
v 0.22492718 0.22332127 0.01447672
v 0.22211776 0.22829412 0.01358389
v 0.21283482 0.22406602 0.00467176
v 0.21257650 0.22779484 0.00272420
v 0.21761264 0.23078831 0.00351413
v 0.21504483 0.23723359 0.00331686
v 0.21006461 0.22139243 0.00721976
v 0.22130735 0.23861704 0.00374643
v 0.22315336 0.22637137 0.00241035
v 0.21520567 0.24255945 0.00386811
v 0.20729176 0.22271690 0.01063263
v 0.21465978 0.26020000 0.00369093
v 0.21547473 0.26292177 0.00459725
v 0.20970737 0.26656682 0.00550403
v 0.22206061 0.26474792 0.00348909
v 0.22184058 0.25843950 0.00406198
v 0.20508989 0.25700492 0.00437963
v 0.22140719 0.24817749 0.00473258
v 0.21372322 0.24663613 0.00490175
v 0.21166738 0.27193686 0.00376547
v 0.21212810 0.24884524 0.00323179
v 0.21497415 0.25437921 0.00391487
v 0.22011859 0.27494381 0.00416863
v 0.22371808 0.26829174 0.00450736
v 0.21080513 0.28140764 0.00350786
v 0.20303319 0.27179933 0.00364602
v 0.20914011 0.28552276 0.00509308
v 0.21557647 0.27769265 0.00326941
v 0.22474427 0.28514391 0.00390875
v 0.21454670 0.28749335 0.00383863
v 0.21113305 0.30246295 0.00074966
v 0.21743425 0.30499655 0.00061019
v 0.21912571 0.29060340 0.00367435
v 0.20437915 0.29823660 0.00091134
v 0.21814847 0.29754322 0.00111985
v 0.20669182 0.29440745 0.00440954
v 0.21957225 0.29514983 0.00451603
v 0.21315854 0.29615718 0.00416847
v 0.22495591 0.21838600 0.01406603
v 0.22495663 0.22330472 0.01447444
v 0.22495663 0.22333912 0.01447476
v 0.22495524 0.22823827 0.01368198
v 0.22493883 0.21468609 0.00427763
v 0.22494412 0.21548046 0.00731213
v 0.22493915 0.22390285 0.00446309
v 0.22493635 0.22578603 0.00285804
v 0.22493584 0.22748143 0.00256263
v 0.22493715 0.23124797 0.00331761
v 0.22494246 0.22484804 0.00636021
v 0.22493753 0.23618140 0.00353283
v 0.22495299 0.22802205 0.01239183
v 0.22494979 0.22743087 0.01055855
v 0.22493800 0.25781165 0.00380263
v 0.22493732 0.26225631 0.00341478
v 0.22493798 0.24492259 0.00378977
v 0.22493878 0.24931856 0.00425089
v 0.22493825 0.25438877 0.00394465
v 0.22493921 0.26995035 0.00449746
v 0.22493887 0.27610091 0.00430137
v 0.22493822 0.28488093 0.00392728
v 0.22493739 0.26648473 0.00345131
v 0.22493873 0.26837466 0.00422386
v 0.22493332 0.29993222 0.00112118
v 0.22493299 0.30279821 0.00093164
v 0.22493821 0.28544189 0.00392218
v 0.22493889 0.29270170 0.00431256
v 0.22493912 0.29620666 0.00444664
v 0.22493639 0.29743108 0.00288231
v 0.22495663 0.22332121 0.01447700
v 0.22493813 0.23813950 0.00387937
v 0.22493839 0.24019321 0.00402637
v 0.22493575 0.22645586 0.00251104
v 0.22493942 0.26885783 0.00461854
v 0.22493771 0.26352531 0.00363811
v 0.22493815 0.28515546 0.00388973
v 0.22493249 0.30470793 0.00064728
v 0.22493298 0.29786308 0.00092467
v 0.22660417 0.21421163 0.00452714
v 0.23069358 0.23738252 0.00409011
v 0.23091812 0.22382225 0.00436001
v 0.22913151 0.22762108 0.01063500
v 0.22804743 0.25032298 0.00382688
v 0.23070980 0.26107249 0.00393708
v 0.23043968 0.27742137 0.00445285
v 0.22846449 0.26861417 0.00340499
v 0.22858166 0.29103996 0.00417445
v 0.23067559 0.29733626 0.00437248
v 0.23096309 0.29814737 0.00075119
v 0.22937471 0.30149607 0.00112205
v 0.22568039 0.12360000 0.03835117
v 0.22592216 0.12235939 0.03835075
v 0.22859540 0.09896757 0.03834608
v 0.23012111 0.11275577 0.03834342
v 0.22620804 0.09710000 0.03835025
v 0.22849355 0.09710000 0.03834626
v 0.22499830 0.10776831 0.03835236
v 0.22499830 0.10177489 0.03835236
v 0.22499830 0.12138808 0.03835236
v 0.22499830 0.11664548 0.03835236
v 0.22499830 0.12304288 0.03835236
v 0.22499830 0.09794108 0.03835236
v 0.22499830 0.09710000 0.03835236
v 0.22499830 0.12223792 0.03835236
v 0.22499830 0.09918422 0.03835236
v 0.22499830 0.09817803 0.03835236
v 0.22499329 0.09710000 0.03547895
v 0.22966669 0.07044433 0.03834421
v 0.22581517 0.08836525 0.03835094
v 0.22594996 0.09293466 0.03835070
v 0.22518896 0.08345860 0.03835203
v 0.22522019 0.07531664 0.03835197
v 0.22605304 0.07353852 0.03835052
v 0.23022894 0.06585515 0.03834323
v 0.22875744 0.07948194 0.03834580
v 0.22981422 0.08947721 0.03834396
v 0.22512065 0.09004938 0.03835215
v 0.23024996 0.08479567 0.03834320
v 0.22939900 0.09082858 0.03834468
v 0.22818762 0.09149016 0.03834679
v 0.22499830 0.06461402 0.03835236
v 0.22499830 0.06821160 0.03835236
v 0.22499830 0.06929661 0.03835236
v 0.22499830 0.08876738 0.03835236
v 0.22499830 0.09220608 0.03835236
v 0.22499830 0.09291449 0.03835236
v 0.22499830 0.08200528 0.03835236
v 0.22499830 0.07787906 0.03835236
v 0.22499830 0.07595317 0.03835236
v 0.22499830 0.06480730 0.03835236
v 0.22499830 0.07210292 0.03835236
v 0.22499830 0.08624826 0.03835236
v 0.22499830 0.08362258 0.03835236
v 0.22499830 0.07527872 0.03835236
v 0.22499830 0.07357352 0.03835236
v 0.22499830 0.08966768 0.03835236
v 0.22499830 0.08854238 0.03835236
v 0.22499830 0.09004691 0.03835236
v 0.22499830 0.09153302 0.03835236
v 0.22499830 0.09185831 0.03835236
v 0.22499830 0.09013215 0.03835236
v 0.22499830 0.09139702 0.03835236
v 0.22499830 0.09098625 0.03835236
v 0.22499830 0.09500267 0.03835236
v 0.22499830 0.09615365 0.03835236
v 0.22499830 0.06909880 0.03835236
v 0.22499830 0.08874265 0.03835236
v 0.22499830 0.08333182 0.03835236
v 0.22499830 0.07342249 0.03835236
v 0.22499830 0.07517365 0.03835236
v 0.22499830 0.09285624 0.03835236
v 0.22499830 0.09697011 0.03835236
v 0.22916858 0.06410000 0.03834508
v 0.22771745 0.06410000 0.03834762
v 0.22877815 0.06410000 0.03834576
v 0.22499830 0.06410000 0.03835236
v 0.22550928 0.06410000 0.03835147
v 0.22494024 0.06929661 0.00508798
v 0.22494098 0.09291449 0.00551158
v 0.22494057 0.08200528 0.00527649
v 0.22494038 0.07787906 0.00516781
v 0.22494701 0.07595317 0.00896614
v 0.22495643 0.07210292 0.01436177
v 0.22495608 0.06480730 0.01415957
v 0.22493795 0.08624826 0.00377692
v 0.22494040 0.08362258 0.00517681
v 0.22494963 0.07527872 0.01046590
v 0.22495644 0.07357352 0.01436922
v 0.22497008 0.08966768 0.02218275
v 0.22496561 0.08854238 0.01962479
v 0.22498034 0.09004691 0.02806231
v 0.22493987 0.09153302 0.00487362
v 0.22498364 0.09185831 0.02995394
v 0.22498058 0.09013215 0.02819859
v 0.22499234 0.09139702 0.03493735
v 0.22498926 0.09098625 0.03317058
v 0.22499289 0.09500267 0.03525388
v 0.22499307 0.09615365 0.03535493
v 0.22494966 0.06461402 0.01048276
v 0.22493706 0.06909880 0.00326574
v 0.22494052 0.08333182 0.00524802
v 0.22495661 0.07342249 0.01446693
v 0.22494902 0.07517365 0.01011566
v 0.22494043 0.09285624 0.00519329
v 0.22499326 0.09697011 0.03546193
v 0.22910889 0.06410000 0.00414579
v 0.22767518 0.06410000 0.01413392
v 0.22495100 0.06410000 0.01125201
v 0.22493772 0.06410000 0.00364020
v 0.22544853 0.06410000 0.00354104
v 0.22495599 0.06410000 0.01410972
v 0.20476089 0.12360000 0.03844894
v 0.20709182 0.12360000 0.03844487
v 0.21386911 0.12360000 0.03843304
v 0.21665260 0.12360000 0.03842818
v 0.20287878 0.12360000 0.03845222
v 0.22424536 0.12360000 0.03841493
v 0.22499841 0.12360000 0.03841361
v 0.20975715 0.12360000 0.03844022
v 0.20279830 0.12360000 0.03845236
v 0.22344176 0.12360000 0.03841633
v 0.22499841 0.10776831 0.03841361
v 0.22499841 0.10177489 0.03841361
v 0.22499841 0.12138808 0.03841361
v 0.22499841 0.11664548 0.03841361
v 0.22499841 0.12304288 0.03841361
v 0.22499841 0.09794108 0.03841361
v 0.22499841 0.09710000 0.03841361
v 0.22499841 0.12223792 0.03841361
v 0.22499841 0.09918422 0.03841361
v 0.22499841 0.09817803 0.03841361
v 0.20627866 0.10018333 0.03844629
v 0.21026830 0.09961232 0.03843932
v 0.21171576 0.10101325 0.03843680
v 0.22181594 0.09937589 0.03841917
v 0.20438134 0.10974253 0.03844960
v 0.20377686 0.10133247 0.03845065
v 0.20852906 0.10432720 0.03844236
v 0.21498843 0.12092184 0.03843109
v 0.22237912 0.11863429 0.03841819
v 0.21378777 0.10536145 0.03843318
v 0.21981341 0.11254380 0.03842266
v 0.20303685 0.11826171 0.03845195
v 0.20778529 0.11694959 0.03844366
v 0.22158144 0.10444163 0.03841958
v 0.20279830 0.09771347 0.03845236
v 0.20279830 0.10581414 0.03845236
v 0.20279830 0.10147792 0.03845236
v 0.20279830 0.11918689 0.03845236
v 0.20279830 0.11476065 0.03845236
v 0.20279830 0.10942935 0.03845236
v 0.20279830 0.10900697 0.03845236
v 0.20279830 0.10318760 0.03845236
v 0.20279830 0.09771239 0.03845236
v 0.20279830 0.11773764 0.03845236
v 0.20279830 0.10382393 0.03845236
v 0.20279830 0.11835739 0.03845236
v 0.20313695 0.09710000 0.03845177
v 0.20328943 0.09710000 0.03845150
v 0.21285866 0.09710000 0.03843480
v 0.21071620 0.09710000 0.03843854
v 0.21833318 0.09710000 0.03842525
v 0.22008697 0.09710000 0.03842219
v 0.20852382 0.09710000 0.03844237
v 0.20882359 0.09710000 0.03844185
v 0.22205104 0.09710000 0.03841876
v 0.20304510 0.09710000 0.03845193
v 0.20456885 0.09710000 0.03844927
v 0.20279830 0.09710000 0.03845236
v 0.20301757 0.09710000 0.03845198
v 0.20299688 0.09710000 0.03845201
v 0.21229764 0.09710000 0.03843578
v 0.21270183 0.09710000 0.03843508
v 0.20982016 0.09710000 0.03844011
v 0.20885989 0.09710000 0.03844178
v 0.20603758 0.09710000 0.03844671
v 0.20279615 0.10581414 0.03722270
v 0.20279795 0.10147792 0.03825272
v 0.20279060 0.11918689 0.03403926
v 0.20279138 0.11476065 0.03448797
v 0.20279253 0.10942935 0.03514834
v 0.20279316 0.10900697 0.03550744
v 0.20274244 0.10318760 0.00644538
v 0.20273862 0.09771239 0.00425695
v 0.20278990 0.11773764 0.03364054
v 0.20274749 0.10382393 0.00934102
v 0.20275012 0.09771347 0.01084792
v 0.20279048 0.11835739 0.03397423
v 0.20307722 0.09710000 0.00423225
v 0.20322958 0.09710000 0.00416335
v 0.21280513 0.09710000 0.00776649
v 0.21832901 0.09710000 0.03603561
v 0.22008270 0.09710000 0.03597430
v 0.20852313 0.09710000 0.03804515
v 0.20882286 0.09710000 0.03802678
v 0.22204610 0.09710000 0.03558865
v 0.20298527 0.09710000 0.00417257
v 0.20275061 0.09710000 0.01113067
v 0.20295771 0.09710000 0.00415468
v 0.20279707 0.09710000 0.03774987
v 0.20299593 0.09710000 0.03790902
v 0.21223897 0.09710000 0.00481863
v 0.21264510 0.09710000 0.00593218
v 0.20976128 0.09710000 0.00470138
v 0.20273845 0.09710000 0.00416080
v 0.22499697 0.09710000 0.03759003
v 0.22499832 0.12360000 0.03836077
v 0.20279250 0.12360000 0.03512867
v 0.18553178 0.12360000 0.01135254
v 0.19389315 0.12360000 0.00695109
v 0.18764213 0.12360000 0.01359364
v 0.17255134 0.12360000 0.00923688
v 0.18736986 0.12360000 0.01375744
v 0.18674552 0.12360000 0.01327764
v 0.18759796 0.12360000 0.01362616
v 0.17258881 0.12360000 0.00921007
v 0.17485940 -0.00731890 0.00043085
v 0.18239279 -0.00353688 0.00096794
v 0.18816511 0.01064294 0.00374290
v 0.17506821 0.02457290 0.00369968
v 0.18766497 0.02474347 0.00378101
v 0.18213862 0.00075129 0.00081943
v 0.18335723 0.00067059 0.00407937
v 0.18029393 0.00601368 0.00337680
v 0.17396515 0.03921710 0.01467115
v 0.17624427 0.04072371 0.00378898
v 0.17661111 0.04862664 0.00415234
v 0.18184824 0.04729847 0.00358595
v 0.18161992 0.12359749 0.03345786
v 0.18106953 0.04605820 0.02740097
v 0.17732566 0.04207372 0.01959460
v 0.17623222 0.05340027 0.02167832
v 0.17697691 0.04475304 0.01123384
v 0.17573678 0.04150013 0.02597920
v 0.17239563 0.04308464 0.02759430
v 0.18234519 0.05431584 0.00430852
v 0.17660863 0.05541404 0.01778520
v 0.17349092 0.05261118 0.01004644
v 0.18645464 0.03301269 0.00368265
v 0.17541256 0.05164410 0.02760234
v 0.18046904 0.12216381 0.02703019
v 0.18612469 0.12250037 0.03310634
v 0.17159366 0.07398105 0.00371114
v 0.18990422 0.06086439 0.00450602
v 0.17407154 0.06020480 0.00396828
v 0.18352778 0.06449407 0.00367783
v 0.17417612 0.09889855 0.00410350
v 0.17857525 0.08731366 0.00411002
v 0.18117672 0.09216793 0.00456750
v 0.18077604 0.06872275 0.00453288
v 0.17979041 0.07647164 0.00413876
v 0.18121945 0.10208124 0.00409246
v 0.18454983 0.08479470 0.00432698
v 0.17448112 0.05768025 0.01471208
v 0.18316870 0.11793561 0.00363040
v 0.17350640 0.11997762 0.00387117
v 0.17793645 0.11249262 0.00448542
v 0.17944361 0.12336204 0.00488443
v 0.17959795 0.12291878 0.01106825
v 0.17526832 0.12213228 0.02139994
v 0.18345948 0.12216699 0.01765926
v 0.18540130 0.12184401 0.02529556
v 0.18512105 0.10961072 0.00439961
v 0.19475730 0.00105854 0.00369677
v 0.19719465 0.00916334 0.00395358
v 0.19220871 0.04098134 0.00364812
v 0.19197407 0.00041889 0.00062018
v 0.20226487 0.00585239 0.00416039
v 0.20045280 -0.00525994 0.00070965
v 0.20016800 0.04188026 0.00456410
v 0.19225891 0.03419141 0.00304546
v 0.19065913 0.03070106 0.00498509
v 0.19640751 0.02623191 0.00357313
v 0.19465835 0.05272356 0.00416215
v 0.20193088 0.02190736 0.00382845
v 0.20188496 -0.00179033 0.00072441
v 0.20215729 0.00009019 0.00416902
v 0.19011469 0.09551233 0.00426394
v 0.18810615 0.08968632 0.00380750
v 0.20004859 0.08212582 0.00391839
v 0.20129382 0.09667827 0.01224848
v 0.19980627 0.08978964 0.01390558
v 0.19363336 0.09091223 0.01509375
v 0.19635627 0.10403323 0.01488655
v 0.18929397 0.09187574 0.01991926
v 0.18936102 0.09806054 0.01741482
v 0.19246683 0.10130878 0.01503408
v 0.19155419 0.07765989 0.00430126
v 0.19285884 0.08869988 0.02367745
v 0.20028219 0.08813409 0.03025973
v 0.19291077 0.08970331 0.02902978
v 0.19401587 0.06831180 0.00418250
v 0.18834309 0.09499941 0.02858644
v 0.19359142 0.09388903 0.02932983
v 0.18760796 0.08935599 0.02616128
v 0.19951273 0.09312368 0.03066493
v 0.19831902 0.09410166 0.02736984
v 0.19448233 0.09939612 0.02784606
v 0.19117948 0.10145402 0.02972416
v 0.18795214 0.10092741 0.02274084
v 0.20210374 0.09708155 0.03010763
v 0.19915307 0.10290124 0.02788589
v 0.20228350 0.05753587 0.00395962
v 0.18705286 0.09960800 0.00376988
v 0.20114705 0.10172296 0.03695960
v 0.20184106 0.09084875 0.03626775
v 0.18607325 0.10309242 0.02747007
v 0.19999961 0.10670097 0.01079087
v 0.19483088 0.11299078 0.00826465
v 0.19940341 0.11121651 0.00579738
v 0.18846409 0.11555008 0.02240405
v 0.18912941 0.11123079 0.02730173
v 0.18700253 0.11841184 0.02461993
v 0.19040985 0.11635003 0.03069209
v 0.19052289 0.12051671 0.03302202
v 0.19442259 0.11778588 0.00935519
v 0.19198090 0.11365079 0.00487820
v 0.19288165 0.10953973 0.01524995
v 0.18954132 0.11123017 0.01961776
v 0.19139990 0.11787876 0.01751854
v 0.19342678 0.10930417 0.02892670
v 0.20209184 0.10668122 0.03066419
v 0.19990345 0.10563693 0.00558037
v 0.20238743 0.10881885 0.03500416
v 0.20115755 0.11416573 0.02993771
v 0.19596314 0.11774271 0.03033712
v 0.19839402 0.12011806 0.03011747
v 0.20273840 0.00664984 0.00413062
v 0.20273794 0.01250594 0.00387087
v 0.20273790 0.03008781 0.00384305
v 0.20273781 0.03159730 0.00379255
v 0.20273786 0.02111207 0.00382347
v 0.20273849 0.03551970 0.00418082
v 0.20273240 -0.00535232 0.00069196
v 0.20273244 -0.00211552 0.00071570
v 0.20273909 0.04916269 0.00452751
v 0.20273899 0.05236157 0.00446941
v 0.20273792 0.02481432 0.00385664
v 0.20273310 -0.00153264 0.00109788
v 0.20273842 0.00011402 0.00414246
v 0.20273823 0.08440834 0.00403618
v 0.20273865 0.09111833 0.00427626
v 0.20275318 0.09390715 0.01260226
v 0.20275484 0.08935019 0.01354861
v 0.20273883 0.07206322 0.00437567
v 0.20273840 0.07693378 0.00413016
v 0.20276393 0.09174453 0.01875980
v 0.20276421 0.09177159 0.01892272
v 0.20273906 0.05299357 0.00451124
v 0.20273838 0.05601975 0.00411984
v 0.20273876 0.06978418 0.00433772
v 0.20273819 0.05904598 0.00401128
v 0.20276910 0.08837916 0.02172025
v 0.20277768 0.08817988 0.02663821
v 0.20273841 0.00546683 0.00413901
v 0.20273842 0.09698413 0.00414261
v 0.20278119 0.08805394 0.02864622
v 0.20279111 0.09029792 0.03433407
v 0.20279686 0.09602242 0.03762610
v 0.20273838 0.00585004 0.00412310
v 0.20273883 0.04203498 0.00437899
v 0.20273239 -0.00170832 0.00068705
v 0.20273787 0.02207118 0.00383013
v 0.20276072 0.08913077 0.01692113
v 0.20273816 0.08134889 0.00399576
v 0.20273812 0.05726600 0.00397045
v 0.20273814 0.05774457 0.00398058
v 0.20279323 0.09074312 0.03554754
v 0.20279437 0.09076373 0.03620191
v 0.20279491 0.09169522 0.03650963
v 0.22494331 0.06821160 0.00684302
v 0.22496345 0.08876738 0.01838240
v 0.22494351 0.09220608 0.00695842
v 0.22496426 0.08874265 0.01884749
v 0.21066634 0.09710000 0.00986967
v 0.20451921 0.09710000 0.01000986
v 0.20881004 0.09710000 0.00987932
v 0.20598632 0.09710000 0.00908010
v 0.21136639 -0.00087280 0.00030641
v 0.22267177 -0.00059227 0.00008508
v 0.21994613 -0.00065546 0.00336595
v 0.20942109 0.00581687 0.00359686
v 0.20899754 0.00037063 0.00385636
v 0.21438886 0.01098228 0.00347548
v 0.22343998 -0.00669311 0.00070540
v 0.20815564 0.01577280 0.00379004
v 0.20476555 0.04215695 0.00423305
v 0.20449993 0.03116108 0.00391818
v 0.21731166 0.05449277 0.00475646
v 0.21449225 0.05028860 0.00425045
v 0.21411840 0.03184289 0.00392917
v 0.22357230 0.02630068 0.00387338
v 0.21160961 0.04240746 0.00401638
v 0.21699246 0.03960755 0.00399715
v 0.22182852 0.01369663 0.00373425
v 0.21216402 -0.00573451 0.00061876
v 0.20385088 0.05231176 0.00451169
v 0.20834544 0.08916679 0.00428173
v 0.21797099 0.06259606 0.01394157
v 0.22068658 0.06824975 0.00766840
v 0.20298873 0.09701331 0.00414020
v 0.21624553 0.09213984 0.00478774
v 0.21686851 0.09274329 0.00783610
v 0.21822816 0.09185073 0.01389309
v 0.22086534 0.06792481 0.00414417
v 0.22377281 0.06154144 0.00405808
v 0.20614452 0.07035905 0.00439833
v 0.21056765 0.06133877 0.00434151
v 0.20535729 0.08896232 0.01323354
v 0.20670168 0.08825189 0.02094360
v 0.21613617 0.07747865 0.00438117
v 0.20284080 0.09179534 0.01888596
v 0.22122232 0.07277703 0.00578495
v 0.22436374 0.07760804 0.00530580
v 0.21567581 0.08891186 0.01618094
v 0.21176481 0.06678064 0.01378569
v 0.21236339 0.07203703 0.01496491
v 0.22154676 0.08653891 0.00357647
v 0.21659908 0.07385081 0.01392558
v 0.20870376 0.09693889 0.03800803
v 0.21953837 0.09638438 0.03558821
v 0.21862092 0.08991870 0.02099010
v 0.22107955 0.09277111 0.02819689
v 0.21538986 0.08817732 0.02336745
v 0.21404794 0.09128628 0.02629414
v 0.20974126 0.08997237 0.03029213
v 0.20688865 0.08792220 0.02599417
v 0.21867603 0.09121256 0.03494250
v 0.20868173 0.09023869 0.03579528
v 0.22493788 0.00139140 0.00373315
v 0.22493799 0.00205374 0.00379487
v 0.22493796 0.00261284 0.00377865
v 0.22493599 0.00106383 0.00265405
v 0.22493783 0.04457154 0.00370310
v 0.22493822 0.04653393 0.00392632
v 0.22493785 0.03108191 0.00371828
v 0.22493765 0.03545085 0.00360320
v 0.22493769 0.03645768 0.00362606
v 0.22493798 0.00473325 0.00378972
v 0.22493841 0.01593110 0.00403973
v 0.22493838 0.02239323 0.00402142
v 0.22493775 0.04147639 0.00366246
v 0.22493782 0.06332023 0.00369862
v 0.22493266 -0.00628318 0.00074447
v 0.22493186 -0.00145254 0.00028506
v 0.22493857 0.05427391 0.00413162
v 0.22493832 0.06040657 0.00398833
v 0.22493164 0.00100291 0.00016002
v 0.22493259 -0.00672353 0.00070188
v 0.22493810 0.02695540 0.00386092
v 0.22493790 0.01037105 0.00374610
v 0.22495576 0.06227635 0.01398119
v 0.22493895 0.06122230 0.00434977
v 0.22493852 0.06106929 0.00409810
v 0.22873045 0.06410000 0.01101453
v 0.22701016 0.00247008 0.00022895
v 0.22595290 0.00180761 0.00380782
v 0.23133779 0.00352618 0.00377048
v 0.23108887 -0.00684902 0.00068735
v 0.22889310 0.04240674 0.00349584
v 0.23142781 0.05408769 0.00359999
v 0.22631703 0.03591084 0.00356164
v 0.23135904 0.03003338 0.00380236
v 0.22674404 0.01722845 0.00421710
v 0.22880200 0.06016511 0.00531605
v 0.11380406 0.19540000 0.00996026
v 0.11433186 0.19540000 0.00993067
v 0.11446587 0.19540000 0.01010916
v 0.11458682 0.19540000 0.01020176
v 0.11467513 0.19540000 0.01048856
v 0.09477193 0.20458532 0.00436445
v 0.08281422 0.20225321 0.00464344
v 0.08317972 0.20577625 0.01251895
v 0.08487794 0.20945552 0.00374558
v 0.07403733 0.20993025 0.01226377
v 0.07630719 0.20303546 0.00441526
v 0.09106512 0.20688942 0.01352001
v 0.09109865 0.21187968 0.00351858
v 0.08389690 0.21700223 0.00487334
v 0.10004938 0.20403927 0.00410735
v 0.09871745 0.20658433 0.01361262
v 0.08068888 0.20504164 0.02012222
v 0.09116562 0.20384214 0.01748878
v 0.07636971 0.21119283 0.01705450
v 0.10003758 0.20471773 0.01480970
v 0.05785349 0.20916542 0.00798969
v 0.06016930 0.21497200 0.00285537
v 0.06395875 0.20749528 0.00372798
v 0.10306523 0.21029188 0.00343537
v 0.10600809 0.20579249 0.00438074
v 0.06437650 0.21332979 0.00546278
v 0.07215119 0.20747351 0.00431352
v 0.06988704 0.21578700 0.00447128
v 0.10787171 0.20418870 0.01229639
v 0.05609919 0.21780476 0.01095802
v 0.10464150 0.19936501 0.00856463
v 0.05714889 0.20996915 0.01234957
v 0.11197806 0.20821408 0.00387989
v 0.06954860 0.22926503 0.00347817
v 0.06432927 0.22735386 0.00359602
v 0.06902354 0.22650133 0.00552869
v 0.06838354 0.21058971 0.02705595
v 0.07062339 0.21143213 0.02052462
v 0.06798174 0.21052621 0.01487067
v 0.07058564 0.21477785 0.01875421
v 0.07567863 0.22511308 0.00342601
v 0.07424613 0.21307374 0.02686907
v 0.06139597 0.23040310 0.00265964
v 0.05681292 0.21267875 0.02889114
v 0.06155008 0.20990252 0.01770553
v 0.06437520 0.21245802 0.02787228
v 0.07623804 0.23228313 0.00347541
v 0.09604789 0.23493011 0.00350473
v 0.08368608 0.23023486 0.00332360
v 0.09146194 0.22792052 0.00324227
v 0.10671402 0.22712845 0.00310039
v 0.09205098 0.22539885 0.00433962
v 0.11444448 0.19830668 0.00404491
v 0.10867430 0.19791498 0.00635516
v 0.11432422 0.19566008 0.01025858
v 0.10719109 0.19897403 0.00324925
v 0.05933854 0.22471584 0.00459175
v 0.07789858 0.20398711 0.02247476
v 0.10376456 0.21721763 0.00407458
v 0.11091241 0.21956812 0.01417722
v 0.09997985 0.21962874 0.01442099
v 0.10655295 0.23445564 0.00336172
v 0.10748459 0.22270761 0.01438010
v 0.05754962 0.22760685 0.01006665
v 0.09182875 0.20460310 0.02139102
v 0.06325651 0.21985315 0.01461501
v 0.07395047 0.21973318 0.01443262
v 0.09138165 0.22648735 0.01450445
v 0.08353280 0.21989854 0.01425405
v 0.09998116 0.22468751 0.01438596
v 0.05935738 0.22498597 0.01490879
v 0.07624983 0.21008501 0.02917630
v 0.05750119 0.23236427 0.00419621
v 0.08546602 0.20088614 0.02393143
v 0.09315452 0.20160627 0.02297361
v 0.08329812 0.22567025 0.00486150
v 0.08292962 0.23136266 0.01452267
v 0.06440512 0.23125466 0.01394975
v 0.07459436 0.23158444 0.01462461
v 0.08798298 0.23229541 0.01202924
v 0.09508374 0.22864763 0.01185306
v 0.06572890 0.22613591 0.01477384
v 0.05980918 0.24230241 0.00378155
v 0.06780208 0.23767154 0.00387037
v 0.09968270 0.20410055 0.01970083
v 0.07583368 0.20705675 0.00458964
v 0.07653938 0.22596751 0.01453671
v 0.11138383 0.20388558 0.02030708
v 0.10289053 0.19930708 0.02463741
v 0.09152348 0.21688400 0.00484541
v 0.07253174 0.20093775 0.02740850
v 0.07204609 0.20554597 0.02860796
v 0.06672376 0.20289858 0.02634292
v 0.06298544 0.19876312 0.02890528
v 0.06238685 0.20340573 0.02733529
v 0.05745282 0.19870260 0.03042037
v 0.10159903 0.19750601 0.03005005
v 0.09133398 0.19939482 0.03061954
v 0.09230777 0.19569991 0.03094332
v 0.06439398 0.20595661 0.03231536
v 0.06818072 0.20649984 0.03432842
v 0.05958234 0.20731333 0.03388602
v 0.07312657 0.20583600 0.03361027
v 0.07461085 0.19867859 0.03106272
v 0.07601324 0.20375301 0.03275090
v 0.07948809 0.19894663 0.03052134
v 0.07723185 0.20208928 0.02659496
v 0.09612394 0.19905475 0.02622014
v 0.11158706 0.19631376 0.02987106
v 0.10982866 0.22631887 0.00647090
v 0.07617640 0.21132911 0.03522309
v 0.05646379 0.21196094 0.03473354
v 0.06189982 0.19628956 0.03126723
v 0.06479674 0.21226599 0.03498188
v 0.09460530 0.23178830 0.01431328
v 0.11155006 0.22033945 0.00437876
v 0.07050031 0.21293160 0.03444028
v 0.11300584 0.20042874 0.02685791
v 0.06761374 0.19808274 0.02838933
v 0.11514846 0.19838815 0.03077635
v 0.10857150 0.23111893 0.01452697
v 0.11359755 0.22235378 0.00843078
v 0.11198518 0.22509199 0.00450468
v 0.06579772 0.30297709 -0.00008212
v 0.06008409 0.29816233 0.00058148
v 0.07030037 0.24354175 0.00385710
v 0.05638347 0.24848359 0.00375307
v 0.06465866 0.24830028 0.00404402
v 0.09468568 0.24979486 0.00437501
v 0.08790910 0.25618145 0.00397847
v 0.09028530 0.24617870 0.00335631
v 0.07790016 0.25678632 0.00424512
v 0.08586314 0.26143731 0.00504257
v 0.07411240 0.26125840 0.00544344
v 0.05781572 0.25571684 0.00351673
v 0.09872123 0.24264442 0.00346396
v 0.07572631 0.24445159 0.00400877
v 0.07231852 0.25373290 0.00392494
v 0.10672402 0.24694240 0.00358252
v 0.09968233 0.24824950 0.00373021
v 0.06247961 0.28160850 0.00974138
v 0.06130276 0.28351907 0.00343906
v 0.11214110 0.25252661 0.00383921
v 0.11519698 0.24650141 0.00344774
v 0.06199210 0.27986230 0.00385962
v 0.06876271 0.28639076 0.00342623
v 0.09688073 0.25741136 0.00431494
v 0.10685064 0.25747299 0.00356593
v 0.07211643 0.28207232 0.00385148
v 0.07204789 0.28103053 0.01028007
v 0.10752855 0.28312028 0.00359618
v 0.10328924 0.27282779 0.00311741
v 0.11197834 0.27218928 0.00426753
v 0.09009892 0.26500556 0.00386732
v 0.09921998 0.28158195 0.00332544
v 0.10150110 0.26363302 0.00355165
v 0.08523997 0.28042468 0.00295307
v 0.08966709 0.27523594 0.00383588
v 0.09376424 0.28889841 0.00358143
v 0.06935815 0.27753472 0.00979503
v 0.08991917 0.27754604 0.00990349
v 0.08328059 0.26864772 0.00996960
v 0.08767337 0.26235284 0.00995623
v 0.05868790 0.26112296 0.00464018
v 0.06695481 0.26056625 0.00465885
v 0.09019183 0.26993125 0.00354799
v 0.07933359 0.28141397 0.00994272
v 0.07697284 0.26719746 0.00977842
v 0.06376043 0.28981961 0.00369042
v 0.09862550 0.27079073 0.00292731
v 0.08114020 0.24881188 0.00346692
v 0.11111434 0.26158629 0.00370328
v 0.10966917 0.27026729 0.00283103
v 0.08458385 0.28207930 0.00920354
v 0.08463276 0.28599393 0.00373726
v 0.08665915 0.29197395 0.00364818
v 0.07766371 0.28520440 0.00347548
v 0.07481073 0.29055239 0.00375111
v 0.06132649 0.27199309 0.01037202
v 0.07403827 0.29816274 0.00476305
v 0.07625185 0.28070861 0.00256745
v 0.06154217 0.29863850 0.00494500
v 0.10093937 0.29854810 0.00053242
v 0.11374825 0.29648467 0.00066496
v 0.11424731 0.30202842 -0.00023209
v 0.07136031 0.26661770 0.01027159
v 0.09384776 0.30245247 -0.00022173
v 0.08915447 0.29886928 0.00053060
v 0.08884221 0.29861497 0.00432186
v 0.10381453 0.29716277 0.00428139
v 0.10242653 0.29239482 0.00344535
v 0.07424594 0.26138782 0.01029126
v 0.06957146 0.29755229 0.00083808
v 0.11168632 0.29071892 0.00362015
v 0.06388417 0.26159464 0.00996173
v 0.08059268 0.29750682 0.00025789
v 0.11279395 0.29596643 0.00431769
v 0.08177875 0.30249568 -0.00003183
v 0.06547223 0.26590429 0.00928393
v 0.07304347 0.10540000 0.01333481
v 0.06900558 0.10540000 0.01124827
v 0.06800687 0.10540000 0.01025544
v 0.06203570 0.10540000 0.01411743
v 0.07596206 0.10540000 0.03315655
v 0.08323151 0.10540000 0.03310898
v 0.09851932 0.10540000 0.03280868
v 0.09999335 0.10540000 0.03279030
v 0.10025837 0.10540000 0.03280965
v 0.10345068 0.10540000 0.03280957
v 0.06274757 0.10540000 0.03354018
v 0.07279176 0.10540000 0.03342646
v 0.05681692 0.10540000 0.02216713
v 0.06052375 0.10540000 0.03402935
v 0.05900935 0.10540000 0.03436248
v 0.05618457 0.10540000 0.02283005
v 0.11355420 0.10540000 0.00926239
v 0.11142293 0.10540000 0.03292448
v 0.06870082 0.10540000 0.01006766
v 0.08455233 0.10540000 0.03306897
v 0.08638683 0.10540000 0.03309265
v 0.11088683 0.10540000 0.03290614
v 0.11112929 0.10540000 0.03293191
v 0.05642923 0.10540000 0.01407554
v 0.05602668 0.10540000 0.03445920
v 0.11130571 0.10540000 0.03292745
v 0.09445563 -0.00414137 0.00067243
v 0.09169324 0.00006742 0.00094371
v 0.08444600 0.00020832 0.00053491
v 0.05768081 -0.00093751 0.01621015
v 0.06056713 -0.00015021 0.01302664
v 0.07092894 0.00051925 0.00063862
v 0.08392279 0.00019997 0.00426289
v 0.06319071 -0.00088664 0.00061784
v 0.05990657 -0.00653174 0.00060169
v 0.05680904 0.00219376 0.00105918
v 0.10529083 -0.00128284 0.00075334
v 0.09554809 -0.00040762 0.00442341
v 0.09019061 -0.00809200 0.00060021
v 0.07068699 0.00054255 0.00405029
v 0.06236059 0.00046708 0.00416641
v 0.10608745 -0.00063127 0.00388601
v 0.06638661 0.00795309 0.00328135
v 0.06023292 0.00959610 0.00420142
v 0.06751280 0.01635151 0.00472581
v 0.07868679 0.00662030 0.00369994
v 0.06031462 0.01339247 0.00563550
v 0.10988388 0.00499685 0.00431094
v 0.08344335 0.01691123 0.00382901
v 0.08122111 0.01301178 0.00437582
v 0.08858443 0.01442148 0.00402297
v 0.07670831 0.01646111 0.00384847
v 0.05688320 0.00628174 0.01577652
v 0.05846857 0.00936393 0.01404866
v 0.08928002 0.02081378 0.00361860
v 0.10498157 0.01645221 0.00381937
v 0.06618592 0.04121849 0.00425951
v 0.07254802 0.03718888 0.00356490
v 0.07285356 0.04570828 0.00337278
v 0.10552157 0.02692817 0.00366510
v 0.08056678 0.03631197 0.00391592
v 0.05890407 -0.00102371 0.00715890
v 0.06018363 0.01142398 0.00943053
v 0.06003051 0.01690294 0.01251513
v 0.10110525 0.02529905 0.00525675
v 0.09876937 0.02930742 0.00377070
v 0.11345111 0.00888932 0.00389968
v 0.10290339 0.00796210 0.00403046
v 0.06572018 0.01645130 0.01000502
v 0.11303330 0.02856153 0.00419086
v 0.11591098 0.02054596 0.00367042
v 0.07449316 0.01641038 0.01188263
v 0.06068316 0.04888841 0.00505159
v 0.06027681 0.04091455 0.00473447
v 0.06470485 0.04860168 0.00313560
v 0.09528118 0.00688322 0.00412363
v 0.08265190 0.01630603 0.00949190
v 0.08723298 0.00842255 0.00464034
v 0.08749638 0.01906631 0.00968508
v 0.05859256 0.00260139 0.00408141
v 0.09236269 0.00244368 0.00336760
v 0.10829962 0.04330892 0.00359463
v 0.10267477 0.05099708 0.00417201
v 0.09726868 0.04519460 0.00323477
v 0.08812627 0.03018696 0.00512162
v 0.08841642 0.03309176 0.00406640
v 0.06176849 0.02265298 0.01173364
v 0.06061242 0.02410252 0.01587141
v 0.08749094 0.03956109 0.00369193
v 0.06037989 0.03193545 0.01591036
v 0.08691855 0.03362093 0.01029410
v 0.07649170 0.03566397 0.01000968
v 0.10861394 0.03249657 0.00369762
v 0.06286262 0.02776750 0.01043819
v 0.06122274 0.03447088 0.01052666
v 0.07327866 0.02135930 0.01014959
v 0.06775185 0.03582412 0.01045596
v 0.05959121 0.04141551 0.01573551
v 0.10542416 0.05963713 0.00296244
v 0.06220131 0.01685863 0.01615237
v 0.08968414 0.04745323 0.00501815
v 0.08366355 0.05143762 0.00517331
v 0.08349473 0.04760610 0.00357168
v 0.09192573 0.04848156 0.00349334
v 0.05952583 0.05519129 0.01426501
v 0.05968955 0.03805961 0.00862169
v 0.08298838 0.02576657 0.01086122
v 0.08100697 0.03026602 0.01008418
v 0.06162944 0.03535833 0.00478076
v 0.05907730 0.04852111 0.01553914
v 0.11576632 0.05335542 0.02258293
v 0.11451236 0.08318890 0.00462691
v 0.10930358 0.08329921 0.00488467
v 0.11187082 0.05621002 0.00412425
v 0.08358002 0.05752840 0.00427807
v 0.10484072 0.06279096 0.00788726
v 0.10128362 0.06338056 0.00467751
v 0.09651171 0.05702183 0.01392184
v 0.06167576 0.05471423 0.00563146
v 0.06450289 0.05659944 0.00351574
v 0.11042349 0.06078538 0.00613273
v 0.10793861 0.06606149 0.00664819
v 0.11415968 0.06548735 0.00546329
v 0.09820527 0.07034050 0.00481958
v 0.10729392 0.07437052 0.00375766
v 0.09871334 0.07845188 0.00366803
v 0.09430866 0.05648341 0.00465430
v 0.10210273 0.06761969 0.00909668
v 0.09118636 0.06819279 0.01428873
v 0.10562326 0.07166755 0.00720316
v 0.07363315 0.05270318 0.00389346
v 0.06393251 0.06270201 0.00394852
v 0.11397551 0.07104322 0.00569304
v 0.10075442 0.05767349 0.00475801
v 0.05630498 0.07965199 0.00428274
v 0.09609718 0.05996443 0.01443559
v 0.08615109 0.06310440 0.01420697
v 0.07754297 0.06131545 0.00390177
v 0.09195925 0.06283098 0.00377042
v 0.08372232 0.05662093 0.01451180
v 0.07776323 0.05675454 0.01404311
v 0.08033138 0.06074609 0.00958362
v 0.10412646 0.06842361 0.01503416
v 0.08866195 0.07110102 0.00481407
v 0.07634510 0.06828503 0.01063607
v 0.07862544 0.07015336 0.00446462
v 0.07487947 0.06851512 0.01418102
v 0.10775530 0.06474681 0.01184880
v 0.10947780 0.05594548 0.01691204
v 0.10342616 0.06286195 0.01498705
v 0.05944337 0.07610477 0.00446440
v 0.06275568 0.09203406 0.00451850
v 0.06738626 0.10131835 0.00430685
v 0.11281546 0.06022972 0.01665873
v 0.11272348 0.06288886 0.01765243
v 0.10958424 0.06703376 0.01793643
v 0.07853217 0.06195748 0.01439074
v 0.09436007 0.08832473 0.00428645
v 0.08969381 0.08052550 0.00386784
v 0.07862476 0.06400528 0.00511007
v 0.09554826 0.08306467 0.00559535
v 0.06183498 0.07019368 0.00338235
v 0.10816473 0.06121004 0.01675584
v 0.11536780 0.07565582 0.00386720
v 0.09268144 0.07591733 0.00268315
v 0.08795096 0.08376712 0.00571685
v 0.10323493 0.08405333 0.00618336
v 0.10872498 0.06454845 0.01975523
v 0.10905992 0.05773016 0.02167663
v 0.10316298 0.06625635 0.02498578
v 0.08628124 0.09258880 0.00504601
v 0.10419915 0.07203434 0.02673571
v 0.10174435 0.07647289 0.02719422
v 0.10688369 0.07033389 0.02262771
v 0.11025994 0.06216714 0.02390672
v 0.09322485 0.09718947 0.01966401
v 0.08599424 0.09189452 0.02533917
v 0.08725045 0.09451411 0.01469232
v 0.07382488 0.09325657 0.00414596
v 0.06226116 0.08259483 0.00470347
v 0.11016907 0.09221182 0.01413487
v 0.11016624 0.08425528 0.01797682
v 0.09982742 0.08094021 0.02020621
v 0.09780153 0.08999539 0.01767595
v 0.10006258 0.08639140 0.02289085
v 0.07382857 0.07598815 0.00459042
v 0.10548983 0.06871860 0.02043261
v 0.10237005 0.07383997 0.02107558
v 0.10759653 0.07670567 0.01829950
v 0.06659337 0.07380512 0.00422143
v 0.11348621 0.09537049 0.00475515
v 0.10058977 0.09494638 0.00480838
v 0.10458583 0.08979145 0.00506389
v 0.07943808 0.09847123 0.00416633
v 0.08018127 0.08528689 0.00477559
v 0.07050784 0.07091377 0.00406392
v 0.11349299 0.09264128 0.02131914
v 0.10997591 0.08435298 0.02257319
v 0.09649186 0.09582973 0.01871758
v 0.09649924 0.09411284 0.01431072
v 0.10773344 0.09653810 0.01250109
v 0.09920031 0.09792282 0.01992469
v 0.05941050 0.09121344 0.02454977
v 0.06483456 0.08534657 0.03420047
v 0.05681178 0.08466238 0.03416236
v 0.10928405 0.08162694 0.02647786
v 0.05674670 0.09402426 0.01796436
v 0.08439542 0.09751282 0.00740201
v 0.11173461 0.09048523 0.02627212
v 0.10163394 0.08232190 0.02783705
v 0.09402481 0.09570418 0.00447886
v 0.09939807 0.09507188 0.02514571
v 0.08108563 0.08477522 0.03854360
v 0.08296097 0.08512741 0.04246070
v 0.07340964 0.08588541 0.04169606
v 0.10005245 0.07823295 0.02392476
v 0.06870728 0.05820373 0.01341526
v 0.07486913 0.06226608 0.01053593
v 0.10814679 0.09444308 0.02585715
v 0.08917874 0.08643527 0.04244400
v 0.08925911 0.08458281 0.03831272
v 0.09712499 0.08542634 0.04149962
v 0.07705133 0.08955520 0.04227792
v 0.09598800 0.09468420 0.02654436
v 0.06099729 0.09307652 0.04014851
v 0.06372401 0.08833076 0.03966118
v 0.06797495 0.06503305 0.01497656
v 0.05725010 0.08660182 0.04175744
v 0.05882845 0.08500186 0.04239875
v 0.11279424 0.05851438 0.02079466
v 0.07007265 0.09483403 0.03977995
v 0.11192326 0.09462870 0.02838041
v 0.06085730 0.09499069 0.02068851
v 0.06692900 0.08491371 0.04279274
v 0.10703566 0.09734093 0.02942806
v 0.07257421 0.08355757 0.03538508
v 0.07841279 0.09389267 0.02394020
v 0.08143962 0.08560328 0.03413212
v 0.08914289 0.08672297 0.03384551
v 0.06356643 0.09727778 0.02495541
v 0.09555513 0.09273404 0.04046778
v 0.09853431 0.09981814 0.03469555
v 0.09189917 0.10163891 0.03481834
v 0.08191767 0.09658589 0.03691237
v 0.10037752 0.09053424 0.03288365
v 0.06116307 0.08713181 0.03601956
v 0.11357667 0.09133811 0.03341178
v 0.10409738 0.09707133 0.03703295
v 0.10865501 0.09264529 0.03947561
v 0.10800515 0.08682532 0.03675792
v 0.08670320 0.09300655 0.04036685
v 0.11146523 0.08926540 0.03806487
v 0.11096290 0.09713243 0.03772712
v 0.05856631 0.10184024 0.00465991
v 0.06196998 0.10330616 0.00373693
v 0.07042894 0.10175449 0.02044921
v 0.06412912 0.10266123 0.01224992
v 0.05682595 0.09912235 0.01673439
v 0.06770078 0.09918001 0.01248476
v 0.08126678 0.09972513 0.01386286
v 0.06841268 0.08631178 0.03641043
v 0.05707074 0.10398856 0.02203297
v 0.05625522 0.09775406 0.03730464
v 0.07946660 0.09976497 0.00867383
v 0.06627930 0.10159503 0.01941551
v 0.10305406 0.09949542 0.00568176
v 0.11237730 0.10423869 0.00597758
v 0.10612822 0.08816204 0.03931816
v 0.10045258 0.08647820 0.04238387
v 0.11047965 0.10128888 0.00913066
v 0.11395591 0.10037298 0.00723144
v 0.11559168 0.10443515 0.00492249
v 0.11317747 0.08661292 0.04167739
v 0.07426980 0.08515207 0.03706114
v 0.07566622 0.10057938 0.03539655
v 0.06776880 0.10280136 0.03504802
v 0.10020906 0.10527136 0.03283257
f 4 5 6
f 9 10 11
f 9 13 10
f 9 14 13
f 18 19 20
f 22 23 16
f 20 21 22
f 22 18 20
f 22 16 18
f 23 22 21
f 15 16 23
f 24 19 18
f 25 24 18
f 16 17 25
f 25 18 16
f 29 30 31
f 32 31 30
f 33 31 34
f 33 34 35
f 36 37 38
f 39 37 36
f 41 42 39
f 43 44 45
f 8 46 3
f 37 32 38
f 7 29 33
f 47 37 39
f 48 49 50
f 32 37 51
f 48 50 44
f 39 42 47
f 53 43 54
f 43 53 44
f 54 43 45
f 42 50 47
f 8 45 46
f 41 55 42
f 7 33 5
f 8 54 45
f 54 8 56
f 57 33 35
f 58 5 33
f 57 58 33
f 12 46 41
f 57 34 59
f 30 40 38
f 57 35 34
f 6 5 58
f 12 41 52
f 38 32 30
f 50 42 44
f 55 44 42
f 58 57 13
f 6 58 13
f 46 55 41
f 13 60 6
f 46 45 55
f 40 30 29
f 47 51 37
f 55 45 44
f 51 59 32
f 57 59 49
f 49 61 57
f 13 57 61
f 48 61 49
f 31 33 29
f 53 48 44
f 31 32 59
f 59 34 31
f 61 54 10
f 61 10 13
f 51 47 49
f 50 49 47
f 14 60 13
f 59 51 49
f 53 61 48
f 54 61 53
f 62 56 63
f 56 62 54
f 11 10 62
f 28 27 64
f 62 10 54
f 2 5 4
f 4 60 14
f 4 6 60
f 1 2 65
f 66 65 67
f 67 65 68
f 66 69 65
f 70 71 72
f 70 73 71
f 74 75 76
f 75 77 76
f 78 70 72
f 77 75 79
f 80 70 81
f 73 70 80
f 81 70 78
f 84 81 78
f 71 69 72
f 66 85 86
f 72 69 66
f 86 75 74
f 67 68 14
f 66 87 72
f 87 66 74
f 85 67 14
f 78 72 87
f 86 74 66
f 14 9 85
f 74 76 87
f 78 87 88
f 9 11 75
f 84 78 88
f 89 88 76
f 87 76 88
f 76 90 89
f 65 2 4
f 65 4 68
f 90 76 77
f 83 77 79
f 85 66 67
f 83 92 77
f 90 77 92
f 9 86 85
f 86 9 75
f 11 62 93
f 62 63 93
f 93 75 11
f 75 93 63
f 79 75 63
f 1 69 71
f 65 69 1
f 82 79 63
f 14 68 4
f 2 1 95
f 20 19 98
f 19 24 100
f 24 25 102
f 26 24 103
f 24 26 105
f 25 17 109
f 29 7 110
f 40 29 112
f 7 5 114
f 5 2 96
f 73 80 118
f 71 73 121
f 1 71 122
f 95 96 2
f 98 99 20
f 100 101 19
f 102 103 24
f 103 104 26
f 105 100 24
f 108 109 17
f 109 102 25
f 110 111 29
f 112 113 40
f 114 115 7
f 96 117 5
f 118 119 73
f 120 118 80
f 121 122 71
f 122 123 1
f 1 124 95
f 7 115 125
f 19 101 126
f 26 127 105
f 29 111 112
f 7 125 110
f 20 128 106
f 26 104 127
f 20 99 128
f 19 126 98
f 5 117 114
f 1 130 124
f 1 123 130
f 73 119 131
f 73 131 132
f 73 132 121
f 8 3 133
f 27 28 135
f 46 12 137
f 3 46 138
f 12 52 140
f 64 27 142
f 63 56 146
f 56 8 134
f 28 64 148
f 79 82 149
f 83 79 150
f 82 63 154
f 133 134 8
f 135 136 27
f 137 138 46
f 138 139 3
f 140 141 12
f 142 143 64
f 146 147 63
f 134 146 56
f 148 144 28
f 149 150 79
f 150 151 83
f 152 153 94
f 154 155 82
f 3 158 159
f 3 159 133
f 12 141 137
f 27 160 142
f 3 139 158
f 64 161 148
f 27 136 160
f 64 143 162
f 64 162 161
f 94 153 157
f 82 155 164
f 82 164 149
f 63 147 154
f 89 90 166
f 90 92 168
f 80 81 170
f 84 88 172
f 81 84 174
f 88 89 167
f 91 94 176
f 94 91 178
f 92 83 180
f 120 80 171
f 152 94 179
f 83 151 184
f 94 157 185
f 151 156 186
f 163 152 183
f 165 163 187
f 166 167 89
f 168 169 90
f 170 171 80
f 172 173 84
f 174 175 81
f 167 172 88
f 176 177 91
f 178 179 94
f 180 181 92
f 171 182 120
f 179 183 152
f 184 180 83
f 185 176 94
f 186 184 151
f 183 187 163
f 187 188 165
f 91 177 189
f 91 189 178
f 90 169 166
f 84 190 191
f 92 192 168
f 81 175 170
f 84 191 174
f 84 173 190
f 92 181 192
f 120 182 193
f 157 194 185
f 156 194 186
f 165 188 194
f 16 15 195
f 17 16 197
f 21 20 199
f 15 23 201
f 36 38 203
f 39 36 205
f 41 39 206
f 52 41 207
f 23 21 209
f 38 40 211
f 20 106 213
f 108 17 214
f 40 113 216
f 106 107 217
f 113 116 218
f 107 97 219
f 129 108 215
f 28 144 221
f 144 145 223
f 135 28 224
f 140 52 226
f 195 196 16
f 197 198 17
f 199 200 21
f 201 202 15
f 203 204 36
f 205 206 39
f 206 207 41
f 207 208 52
f 209 210 23
f 211 212 38
f 213 199 20
f 214 215 108
f 216 211 40
f 217 213 106
f 218 216 113
f 219 217 107
f 215 220 129
f 221 222 28
f 223 221 144
f 224 225 135
f 226 225 140
f 16 196 227
f 15 228 195
f 23 210 229
f 23 229 201
f 16 227 197
f 15 202 228
f 36 204 230
f 36 230 231
f 52 232 233
f 36 231 205
f 52 208 232
f 21 200 209
f 38 212 203
f 28 222 234
f 97 235 219
f 17 198 236
f 17 237 214
f 116 238 218
f 97 239 235
f 17 236 237
f 116 239 238
f 129 220 239
f 52 233 240
f 28 234 224
f 52 240 226
f 145 225 223
f 241 242 99
f 241 99 98
f 244 243 100
f 244 100 105
f 245 246 107
f 245 107 106
f 247 119 118
f 248 247 118
f 248 118 120
f 246 249 97
f 246 97 107
f 250 245 106
f 250 106 128
f 242 250 128
f 242 128 99
f 252 253 134
f 252 134 133
f 254 255 136
f 254 136 135
f 256 257 138
f 256 138 137
f 257 258 139
f 257 139 138
f 140 259 141
f 262 263 147
f 262 147 146
f 253 262 146
f 253 146 134
f 264 265 150
f 264 150 149
f 265 266 151
f 265 151 150
f 268 269 155
f 268 155 154
f 266 270 156
f 266 156 151
f 271 272 159
f 271 159 158
f 272 252 133
f 272 133 159
f 259 256 137
f 259 137 141
f 273 260 142
f 273 142 160
f 258 271 158
f 258 158 139
f 255 273 160
f 255 160 136
f 267 274 157
f 267 157 153
f 269 275 164
f 269 164 155
f 275 264 149
f 275 149 164
f 263 268 154
f 263 154 147
f 277 278 167
f 277 167 166
f 279 280 169
f 279 169 168
f 281 282 171
f 281 171 170
f 283 284 173
f 283 173 172
f 285 286 175
f 285 175 174
f 278 283 172
f 278 172 167
f 287 288 177
f 287 177 176
f 289 290 181
f 289 181 180
f 282 291 182
f 282 182 171
f 292 289 180
f 292 180 184
f 293 287 176
f 293 176 185
f 294 292 184
f 294 184 186
f 288 295 189
f 288 189 177
f 280 277 166
f 280 166 169
f 296 297 191
f 296 191 190
f 298 279 168
f 298 168 192
f 286 281 170
f 286 170 175
f 297 285 174
f 297 174 191
f 284 296 190
f 284 190 173
f 290 298 192
f 290 192 181
f 291 299 193
f 291 193 182
f 274 300 194
f 274 194 157
f 300 293 185
f 300 185 194
f 270 301 194
f 270 194 156
f 301 294 186
f 301 186 194
f 276 302 194
f 276 194 165
f 303 304 200
f 303 200 199
f 305 306 202
f 305 202 201
f 307 308 210
f 307 210 209
f 245 309 213
f 245 213 106
f 309 303 199
f 309 199 213
f 246 311 217
f 245 309 213
f 245 213 106
f 311 309 213
f 311 213 217
f 246 311 217
f 312 311 217
f 312 217 219
f 261 313 221
f 261 313 221
f 316 315 225
f 316 225 224
f 308 318 229
f 308 229 210
f 318 305 201
f 318 201 229
f 306 317 228
f 306 228 202
f 304 307 209
f 304 209 200
f 314 319 234
f 314 234 222
f 320 312 219
f 320 219 235
f 321 310 214
f 321 214 237
f 249 322 239
f 249 239 97
f 322 320 235
f 322 235 239
f 251 323 239
f 251 239 129
f 319 316 224
f 319 224 234
f 324 259 140
f 324 325 225
f 324 225 140
f 326 327 96
f 326 96 95
f 243 328 101
f 243 101 100
f 329 330 103
f 329 103 102
f 330 331 104
f 330 104 103
f 332 333 109
f 332 109 108
f 333 329 102
f 333 102 109
f 334 335 111
f 334 111 110
f 336 337 113
f 336 113 112
f 338 339 115
f 338 115 114
f 337 340 116
f 337 116 113
f 327 341 117
f 327 117 96
f 247 342 119
f 343 344 122
f 343 122 121
f 344 345 123
f 344 123 122
f 346 326 95
f 346 95 124
f 339 347 125
f 339 125 115
f 328 348 126
f 328 126 101
f 349 244 105
f 349 105 127
f 335 336 112
f 335 112 111
f 347 334 110
f 347 110 125
f 331 349 127
f 331 127 104
f 251 332 108
f 251 108 129
f 348 241 98
f 348 98 126
f 341 338 114
f 341 114 117
f 350 346 124
f 350 124 130
f 345 350 130
f 345 130 123
f 342 351 131
f 342 131 119
f 351 352 132
f 351 132 131
f 352 343 121
f 352 121 132
f 248 299 193
f 248 193 120
f 340 353 239
f 340 239 116
f 354 355 356
f 357 354 356
f 358 359 354
f 358 354 357
f 354 360 355
f 361 360 354
f 362 363 364
f 365 366 367
f 362 364 368
f 367 366 369
f 365 370 371
f 356 371 370
f 358 372 361
f 366 365 355
f 360 361 372
f 355 365 371
f 371 356 355
f 360 372 373
f 374 367 369
f 375 372 358
f 364 366 355
f 368 364 355
f 364 363 376
f 368 355 360
f 378 376 379
f 380 378 379
f 357 356 381
f 381 382 357
f 383 384 385
f 386 387 388
f 389 385 380
f 389 390 385
f 386 389 380
f 378 380 369
f 376 378 369
f 388 391 392
f 385 369 380
f 386 393 389
f 383 385 390
f 394 388 392
f 395 390 389
f 396 394 392
f 388 393 386
f 393 395 389
f 373 372 397
f 372 398 397
f 399 400 401
f 402 403 404
f 396 400 394
f 405 406 407
f 391 388 387
f 399 373 408
f 409 410 388
f 411 401 412
f 409 388 394
f 390 413 402
f 399 414 400
f 415 405 416
f 392 391 417
f 415 406 405
f 411 373 401
f 410 393 388
f 418 403 419
f 401 373 399
f 410 420 393
f 418 384 383
f 402 413 421
f 413 420 421
f 409 394 422
f 408 423 399
f 423 414 399
f 419 403 424
f 390 395 413
f 408 373 397
f 393 413 395
f 423 408 425
f 426 403 402
f 426 402 415
f 420 413 393
f 415 402 421
f 410 409 406
f 366 364 369
f 383 404 418
f 369 364 376
f 379 376 363
f 359 361 354
f 402 383 390
f 402 404 383
f 359 358 361
f 407 406 409
f 409 422 407
f 417 396 392
f 417 412 396
f 427 405 407
f 370 381 356
f 426 415 416
f 422 400 414
f 428 426 429
f 430 431 432
f 394 400 422
f 416 429 426
f 414 433 422
f 422 427 407
f 433 427 422
f 415 420 410
f 415 410 406
f 374 369 385
f 434 435 432
f 435 436 432
f 420 415 421
f 374 385 384
f 386 380 379
f 404 403 418
f 382 358 357
f 401 396 412
f 435 434 437
f 396 401 400
f 377 358 382
f 362 417 363
f 362 412 417
f 411 368 360
f 411 412 368
f 414 423 430
f 437 434 439
f 423 425 430
f 360 373 411
f 358 377 375
f 387 386 379
f 391 379 417
f 363 417 379
f 387 379 391
f 440 425 438
f 433 441 427
f 377 382 442
f 438 397 398
f 372 375 398
f 435 441 433
f 427 444 405
f 427 445 444
f 414 430 436
f 408 397 438
f 362 368 412
f 431 446 432
f 438 425 408
f 441 445 427
f 433 414 436
f 432 446 434
f 443 446 431
f 435 437 441
f 440 431 425
f 435 433 436
f 430 432 436
f 449 450 451
f 452 453 454
f 431 430 425
f 455 456 457
f 457 456 453
f 453 458 454
f 459 458 453
f 440 443 431
f 456 459 453
f 460 461 462
f 463 454 464
f 460 462 465
f 464 454 468
f 454 458 468
f 469 468 458
f 458 470 471
f 459 470 458
f 472 473 474
f 475 476 477
f 461 478 479
f 480 481 449
f 482 483 467
f 484 482 466
f 485 486 472
f 484 487 482
f 488 489 490
f 490 491 492
f 419 493 488
f 424 428 494
f 496 497 498
f 499 500 501
f 502 499 501
f 503 504 499
f 428 505 494
f 506 507 508
f 503 499 509
f 509 510 503
f 503 510 508
f 510 506 508
f 444 511 429
f 505 512 494
f 513 501 514
f 405 444 416
f 515 516 500
f 515 500 504
f 500 514 501
f 516 514 500
f 428 517 505
f 428 429 517
f 429 511 517
f 493 512 518
f 519 520 518
f 521 520 519
f 521 519 514
f 522 514 516
f 522 516 515
f 523 524 515
f 524 522 515
f 481 525 450
f 526 517 511
f 527 528 529
f 526 511 530
f 523 504 531
f 532 533 504
f 494 512 493
f 446 439 434
f 490 489 491
f 494 493 419
f 446 534 439
f 535 536 537
f 533 523 531
f 531 504 533
f 533 532 507
f 538 507 539
f 499 502 509
f 538 533 507
f 540 501 513
f 540 502 501
f 513 519 540
f 519 530 540
f 511 540 530
f 519 518 530
f 519 513 514
f 541 542 543
f 544 545 546
f 544 546 547
f 506 510 534
f 548 543 549
f 499 504 500
f 550 493 520
f 551 552 553
f 523 515 504
f 532 504 503
f 503 508 532
f 437 509 554
f 521 514 522
f 507 532 508
f 521 549 520
f 521 522 555
f 542 541 556
f 524 557 522
f 557 555 522
f 558 559 560
f 558 561 559
f 562 563 564
f 444 429 416
f 549 550 520
f 565 550 549
f 450 449 481
f 493 550 488
f 566 567 568
f 561 569 570
f 569 561 563
f 466 482 467
f 509 502 554
f 571 561 570
f 492 491 572
f 573 553 552
f 575 573 552
f 505 518 512
f 530 518 505
f 518 520 493
f 488 550 489
f 576 567 566
f 576 566 577
f 573 575 578
f 546 550 565
f 579 566 568
f 505 517 526
f 565 547 546
f 526 530 505
f 445 441 444
f 444 441 580
f 581 582 559
f 559 573 581
f 583 581 573
f 439 510 509
f 561 571 559
f 579 568 584
f 579 584 560
f 585 586 575
f 580 511 444
f 542 565 549
f 547 542 544
f 587 544 542
f 585 557 524
f 542 556 587
f 588 589 590
f 555 551 521
f 534 510 439
f 556 562 587
f 557 551 555
f 586 588 590
f 551 571 521
f 591 550 546
f 502 540 511
f 547 565 542
f 575 557 585
f 524 523 533
f 582 579 560
f 554 580 441
f 539 507 574
f 584 593 594
f 595 543 548
f 541 543 595
f 546 545 591
f 586 596 575
f 507 506 574
f 569 541 595
f 437 554 441
f 564 593 562
f 594 593 564
f 564 558 594
f 578 575 596
f 554 502 580
f 558 584 594
f 538 539 592
f 447 574 506
f 568 587 562
f 447 506 598
f 537 536 525
f 598 506 534
f 525 481 537
f 582 560 559
f 599 556 541
f 511 580 502
f 568 562 584
f 558 560 584
f 562 593 584
f 534 600 598
f 601 586 590
f 587 576 544
f 568 567 576
f 576 587 568
f 559 551 553
f 524 586 585
f 588 586 524
f 492 572 537
f 588 524 533
f 589 588 533
f 538 589 533
f 538 592 589
f 537 572 535
f 548 549 521
f 548 521 595
f 570 595 521
f 571 570 521
f 559 571 551
f 545 489 591
f 599 541 569
f 419 424 494
f 570 569 595
f 509 437 439
f 426 424 403
f 428 424 426
f 573 559 553
f 549 543 542
f 556 563 562
f 607 608 609
f 610 611 612
f 609 608 613
f 614 613 608
f 612 615 610
f 607 491 489
f 591 489 550
f 615 612 616
f 617 583 573
f 552 551 557
f 557 575 552
f 617 573 578
f 618 615 616
f 615 619 610
f 620 606 621
f 622 614 623
f 622 623 624
f 625 610 619
f 614 622 613
f 623 626 624
f 627 628 625
f 627 629 628
f 628 630 625
f 631 624 626
f 632 628 633
f 634 635 636
f 581 634 637
f 638 636 635
f 611 634 639
f 640 461 479
f 640 641 461
f 642 643 638
f 637 644 645
f 631 645 644
f 622 624 646
f 624 631 647
f 624 647 646
f 636 638 643
f 633 628 629
f 636 637 634
f 648 622 646
f 644 637 636
f 649 461 641
f 647 648 646
f 650 457 651
f 644 647 631
f 649 652 462
f 653 633 654
f 648 647 655
f 450 525 536
f 599 569 563
f 644 636 655
f 645 631 626
f 626 623 656
f 605 621 606
f 645 626 657
f 658 652 643
f 563 556 599
f 659 657 626
f 632 660 628
f 628 660 630
f 564 563 558
f 561 558 563
f 663 664 665
f 576 577 666
f 666 614 576
f 647 644 655
f 473 652 658
f 472 652 473
f 660 643 642
f 668 660 632
f 612 611 617
f 621 602 604
f 653 632 633
f 660 668 643
f 611 639 617
f 649 669 648
f 655 649 648
f 652 649 655
f 462 652 472
f 622 669 613
f 452 457 453
f 452 454 670
f 655 636 643
f 462 461 649
f 658 643 668
f 643 652 655
f 601 590 671
f 637 672 581
f 618 601 671
f 656 614 666
f 669 622 648
f 672 637 645
f 617 578 612
f 673 674 675
f 623 614 656
f 596 612 578
f 582 677 579
f 613 669 640
f 677 678 579
f 596 586 612
f 462 472 465
f 679 653 654
f 612 586 616
f 601 616 586
f 621 604 620
f 653 679 668
f 668 679 680
f 633 681 654
f 601 618 616
f 678 677 682
f 653 668 632
f 668 680 658
f 589 597 683
f 684 679 654
f 684 685 679
f 640 669 641
f 641 669 649
f 671 686 661
f 679 685 680
f 687 677 582
f 674 673 688
f 618 671 689
f 536 535 690
f 670 685 452
f 691 692 673
f 536 690 693
f 685 670 680
f 609 613 690
f 662 618 661
f 658 680 473
f 618 662 663
f 640 690 613
f 695 696 697
f 615 618 663
f 693 450 536
f 698 699 700
f 474 473 680
f 670 474 680
f 701 691 702
f 497 700 703
f 704 700 497
f 696 695 705
f 692 691 701
f 670 454 463
f 704 705 698
f 529 706 707
f 450 693 451
f 640 693 690
f 708 704 497
f 640 479 693
f 663 627 615
f 654 709 684
f 609 690 535
f 705 673 692
f 688 673 705
f 663 710 627
f 699 711 712
f 713 712 674
f 457 684 651
f 681 709 654
f 699 701 711
f 699 712 713
f 697 699 713
f 663 665 710
f 709 681 694
f 662 664 663
f 659 714 715
f 650 651 684
f 716 709 694
f 702 717 657
f 715 682 712
f 685 684 452
f 689 671 661
f 529 707 708
f 719 717 702
f 605 720 621
f 459 456 476
f 684 457 452
f 476 475 459
f 712 659 715
f 695 713 674
f 711 659 712
f 657 659 711
f 674 688 695
f 566 579 577
f 697 703 699
f 577 579 678
f 703 700 699
f 583 617 639
f 684 709 722
f 716 722 709
f 723 724 691
f 701 699 698
f 725 726 727
f 696 728 697
f 727 716 694
f 706 529 528
f 729 697 728
f 729 703 697
f 635 730 638
f 638 730 642
f 697 713 695
f 455 457 650
f 730 635 625
f 610 625 635
f 704 698 700
f 692 701 698
f 496 708 497
f 456 455 476
f 695 688 705
f 656 666 678
f 677 724 682
f 698 705 692
f 615 625 619
f 590 589 671
f 589 683 671
f 625 615 627
f 666 577 678
f 705 707 696
f 630 660 730
f 660 642 730
f 630 730 625
f 677 719 724
f 675 682 723
f 581 672 582
f 731 676 720
f 686 671 683
f 719 691 724
f 687 582 672
f 581 583 639
f 704 707 705
f 682 715 678
f 719 677 687
f 676 732 720
f 717 719 687
f 603 602 732
f 732 676 603
f 572 491 609
f 731 726 676
f 715 656 678
f 727 726 733
f 673 675 723
f 706 696 707
f 572 609 535
f 702 691 719
f 728 696 706
f 611 610 635
f 717 687 645
f 734 475 477
f 634 611 635
f 477 487 734
f 621 732 602
f 482 487 495
f 495 727 733
f 639 634 581
f 545 607 489
f 672 645 687
f 657 711 702
f 609 491 607
f 608 607 545
f 614 545 544
f 576 614 544
f 614 608 545
f 708 707 704
f 723 682 724
f 703 729 497
f 733 726 731
f 729 728 528
f 706 528 728
f 712 675 674
f 701 702 711
f 482 495 483
f 691 673 723
f 720 732 621
f 656 715 714
f 626 656 714
f 495 735 736
f 496 527 708
f 735 477 736
f 618 689 661
f 659 626 714
f 645 657 717
f 527 737 528
f 675 712 682
f 736 477 650
f 627 710 629
f 476 455 650
f 738 710 739
f 710 738 629
f 710 665 739
f 484 740 734
f 484 734 487
f 734 740 741
f 742 460 465
f 477 476 650
f 665 667 739
f 461 460 478
f 528 737 743
f 498 528 743
f 729 498 497
f 498 729 528
f 718 725 727
f 529 708 527
f 464 744 463
f 745 475 746
f 475 745 459
f 471 470 746
f 470 745 746
f 629 738 633
f 475 734 746
f 470 459 745
f 479 478 748
f 485 472 744
f 748 451 479
f 748 749 451
f 479 451 693
f 736 722 727
f 739 667 681
f 727 722 716
f 650 684 722
f 463 744 474
f 741 469 471
f 633 738 681
f 670 463 474
f 681 738 739
f 742 750 460
f 474 744 472
f 495 487 735
f 498 751 496
f 736 727 495
f 746 734 741
f 725 718 747
f 722 736 650
f 747 726 725
f 676 726 747
f 487 477 735
f 746 741 471
f 750 478 460
f 465 472 486
f 498 743 752
f 451 753 449
f 471 469 458
f 754 753 755
f 756 757 758
f 759 760 761
f 757 756 762
f 755 763 754
f 763 764 765
f 486 766 767
f 762 768 760
f 769 486 770
f 760 757 762
f 762 771 768
f 760 768 761
f 764 755 753
f 750 772 478
f 772 748 478
f 486 769 773
f 742 772 750
f 770 486 485
f 485 744 770
f 464 770 744
f 774 775 776
f 775 772 777
f 774 778 779
f 764 753 779
f 780 781 782
f 783 770 784
f 770 464 784
f 780 785 781
f 780 782 786
f 748 772 749
f 786 782 787
f 788 789 787
f 790 780 786
f 753 480 449
f 791 773 769
f 792 776 793
f 777 793 776
f 763 765 794
f 792 793 795
f 791 769 785
f 789 786 787
f 788 787 796
f 791 785 780
f 791 780 790
f 789 790 786
f 797 790 789
f 798 799 800
f 754 480 753
f 798 800 801
f 763 755 764
f 764 779 765
f 772 775 749
f 486 773 766
f 784 464 468
f 802 803 791
f 803 802 801
f 469 804 468
f 804 784 468
f 757 794 758
f 804 805 784
f 787 782 783
f 527 496 806
f 806 496 751
f 807 802 808
f 792 809 776
f 810 811 812
f 813 812 811
f 814 811 810
f 815 776 809
f 816 792 817
f 816 809 792
f 802 818 801
f 818 802 807
f 819 801 818
f 763 794 757
f 820 809 816
f 820 816 821
f 817 792 795
f 749 779 753
f 751 822 806
f 783 782 781
f 820 815 809
f 781 785 769
f 783 769 770
f 783 781 769
f 814 822 751
f 775 779 749
f 823 737 824
f 825 741 740
f 824 737 806
f 825 469 741
f 816 800 799
f 804 469 825
f 817 800 816
f 795 766 817
f 822 824 806
f 777 776 775
f 775 774 779
f 826 804 825
f 779 778 827
f 810 828 814
f 807 808 829
f 828 830 814
f 831 810 812
f 817 766 832
f 811 814 752
f 829 833 834
f 835 834 833
f 833 836 835
f 776 815 774
f 765 779 827
f 773 803 832
f 811 752 837
f 807 829 834
f 838 774 815
f 834 839 807
f 813 811 837
f 840 839 834
f 810 831 828
f 828 831 841
f 834 842 840
f 843 834 835
f 777 772 742
f 843 842 834
f 767 777 742
f 795 777 767
f 795 793 777
f 844 813 837
f 795 767 766
f 845 846 847
f 824 837 823
f 848 758 846
f 756 758 848
f 844 849 813
f 773 832 766
f 784 796 783
f 787 783 796
f 788 796 789
f 797 789 796
f 850 798 851
f 852 853 854
f 855 856 857
f 801 851 798
f 825 740 484
f 858 859 860
f 861 851 862
f 863 804 826
f 844 837 824
f 864 853 852
f 865 484 466
f 866 861 862
f 867 863 826
f 814 830 822
f 826 825 867
f 797 796 805
f 851 868 862
f 869 870 864
f 871 852 854
f 767 465 486
f 773 791 803
f 790 808 802
f 797 808 790
f 790 802 791
f 872 873 866
f 874 852 871
f 827 778 875
f 876 844 824
f 877 866 862
f 824 822 830
f 830 876 824
f 827 878 794
f 827 875 878
f 863 867 836
f 847 879 880
f 881 857 880
f 861 866 873
f 879 875 778
f 879 778 774
f 882 862 883
f 843 835 836
f 882 883 873
f 884 885 886
f 861 887 888
f 850 861 888
f 833 808 797
f 889 858 860
f 890 885 891
f 891 885 884
f 857 889 860
f 861 850 851
f 845 847 859
f 484 892 825
f 893 756 848
f 894 895 896
f 897 896 895
f 892 484 865
f 857 856 889
f 891 898 890
f 896 899 894
f 899 900 901
f 895 856 855
f 893 848 902
f 903 871 854
f 853 864 870
f 891 884 900
f 904 905 869
f 906 890 855
f 893 907 756
f 898 891 900
f 908 836 867
f 907 762 756
f 851 801 819
f 863 833 797
f 870 909 853
f 884 909 870
f 853 903 854
f 879 774 838
f 908 843 836
f 819 868 851
f 910 911 886
f 913 914 915
f 916 895 855
f 897 895 916
f 884 886 911
f 914 913 917
f 911 910 918
f 919 907 893
f 875 879 878
f 893 902 920
f 911 918 921
f 922 874 871
f 923 922 924
f 925 926 927
f 914 907 919
f 915 914 919
f 794 878 758
f 928 929 925
f 903 853 909
f 915 905 913
f 928 925 927
f 913 905 904
f 846 758 878
f 930 931 903
f 923 924 932
f 879 838 880
f 901 905 915
f 933 929 934
f 935 930 936
f 880 838 887
f 918 839 921
f 911 909 884
f 936 909 911
f 840 937 839
f 933 934 936
f 938 904 852
f 861 880 887
f 852 874 938
f 921 839 937
f 852 869 864
f 870 869 905
f 936 903 909
f 852 904 869
f 939 940 917
f 937 840 941
f 874 923 942
f 805 796 784
f 943 843 908
f 859 847 860
f 928 934 929
f 944 945 937
f 857 847 880
f 815 887 838
f 942 923 946
f 946 923 932
f 936 934 935
f 890 906 881
f 886 819 910
f 892 867 825
f 931 922 871
f 857 881 906
f 931 924 922
f 890 916 855
f 947 924 931
f 860 847 857
f 881 883 868
f 898 916 890
f 931 871 903
f 881 868 885
f 819 886 885
f 885 868 819
f 896 897 898
f 874 942 938
f 855 857 906
f 938 917 904
f 931 948 947
f 916 898 897
f 904 917 913
f 939 938 942
f 939 917 938
f 885 890 881
f 804 797 805
f 863 797 804
f 949 915 919
f 847 878 879
f 847 846 878
f 895 894 950
f 902 846 845
f 921 937 926
f 908 951 943
f 933 911 921
f 929 933 921
f 765 827 794
f 880 873 881
f 861 873 880
f 873 883 881
f 815 820 821
f 821 816 888
f 911 933 936
f 829 808 833
f 883 862 868
f 799 888 816
f 798 888 799
f 818 910 819
f 925 921 926
f 888 798 850
f 929 921 925
f 863 836 833
f 815 821 887
f 926 937 945
f 920 950 894
f 949 901 915
f 949 920 894
f 926 945 927
f 888 887 821
f 882 873 872
f 948 931 930
f 919 893 920
f 942 953 956
f 942 956 939
f 957 939 956
f 958 844 959
f 848 846 902
f 841 862 882
f 946 953 942
f 949 919 920
f 959 876 830
f 842 843 941
f 842 941 840
f 961 937 941
f 948 935 952
f 899 896 898
f 845 859 902
f 948 930 935
f 944 937 961
f 818 807 839
f 918 910 818
f 918 818 839
f 859 920 902
f 901 900 905
f 812 849 962
f 899 898 900
f 800 817 832
f 832 803 800
f 803 801 800
f 877 841 831
f 812 813 849
f 923 874 922
f 884 870 900
f 752 751 498
f 930 903 936
f 865 967 892
f 968 969 941
f 969 968 970
f 967 867 892
f 967 908 867
f 900 870 905
f 970 961 969
f 841 958 959
f 945 944 970
f 928 971 972
f 945 928 927
f 970 944 961
f 951 908 967
f 945 970 971
f 971 964 972
f 971 928 945
f 964 971 965
f 958 882 872
f 837 752 743
f 837 743 823
f 963 966 964
f 841 882 958
f 872 849 958
f 967 965 951
f 814 751 752
f 771 762 907
f 771 907 914
f 914 973 771
f 743 737 823
f 894 899 949
f 973 914 917
f 941 843 943
f 965 967 865
f 941 969 961
f 965 865 912
f 737 527 806
f 958 849 844
f 959 830 828
f 949 899 901
f 959 828 841
f 959 844 876
f 972 964 966
f 968 943 951
f 943 968 941
f 968 951 965
f 972 934 928
f 971 970 968
f 971 968 965
f 950 920 859
f 940 973 917
f 872 866 962
f 858 889 856
f 856 895 858
f 859 858 950
f 962 866 877
f 841 877 862
f 858 895 950
f 877 831 962
f 831 812 962
f 849 872 962
f 974 975 761
f 975 976 759
f 975 977 976
f 978 979 976
f 979 978 980
f 975 759 761
f 979 981 976
f 979 982 981
f 982 979 983
f 984 982 985
f 984 985 986
f 981 982 987
f 974 988 989
f 986 985 983
f 977 975 974
f 989 990 974
f 974 771 973
f 974 973 988
f 983 985 982
f 991 992 993
f 988 973 994
f 992 984 995
f 996 992 995
f 997 996 995
f 998 999 1000
f 995 984 986
f 995 986 1001
f 1000 999 1002
f 1003 1004 1005
f 1002 999 1006
f 989 994 1007
f 989 988 994
f 977 974 990
f 990 989 1008
f 980 977 990
f 1009 1010 1005
f 1011 1012 1013
f 1013 1009 1014
f 1015 1005 1010
f 989 1007 1008
f 940 994 973
f 987 982 984
f 1016 1017 1006
f 1010 1009 1018
f 1019 1006 999
f 1019 999 998
f 1020 980 990
f 990 1008 1020
f 977 980 978
f 1022 1008 1007
f 1023 1016 1006
f 1023 1006 1019
f 1022 1020 1008
f 992 996 993
f 1018 1024 1010
f 1018 1025 1024
f 978 976 977
f 1026 1027 1011
f 1028 1010 1024
f 979 980 1029
f 1028 1030 1010
f 1027 1031 1011
f 980 1020 1029
f 1030 998 1032
f 1022 1033 1020
f 1034 1013 1014
f 1018 1020 1033
f 1035 1036 1007
f 1037 1010 1030
f 998 1028 1038
f 1039 1040 1012
f 1041 1035 1007
f 1028 1024 1033
f 1025 1033 1024
f 1030 1028 998
f 1003 1005 1015
f 1019 998 1023
f 1041 1042 1035
f 998 1038 1023
f 939 957 940
f 1043 1044 1045
f 1046 1022 1036
f 1043 1038 1044
f 1044 1046 1036
f 1041 940 957
f 1015 1037 1048
f 1004 1049 1014
f 1046 1044 1038
f 1046 1028 1022
f 1049 1034 1014
f 1007 1036 1022
f 1050 1044 1036
f 1047 1042 1041
f 1051 1052 1053
f 1053 1054 1051
f 1035 1042 1050
f 1028 1033 1022
f 1036 1035 1050
f 1055 1056 1051
f 1052 1051 1056
f 768 771 761
f 1057 1004 1003
f 974 761 771
f 1004 1058 1049
f 1059 1004 1057
f 1060 1049 1058
f 1034 1011 1013
f 1034 1026 1011
f 1042 1061 1050
f 1037 1015 1010
f 1048 1003 1015
f 1009 1012 1040
f 1049 1060 1034
f 1012 1009 1013
f 1057 1003 1048
f 994 1041 1007
f 1041 994 940
f 1031 1062 1063
f 1057 1048 1064
f 1040 1039 1009
f 1009 1039 1018
f 1065 1054 1066
f 1054 1053 1066
f 1067 1064 1048
f 1014 1009 1005
f 1004 1014 1005
f 1063 1068 983
f 1069 1067 1062
f 1032 1068 1063
f 1038 1028 1046
f 1002 1068 1032
f 1023 1070 1056
f 1016 1056 1055
f 1016 1023 1056
f 986 1068 1002
f 1027 1062 1031
f 1069 1071 1072
f 1064 1067 1073
f 1059 1057 1073
f 1067 1072 1073
f 1038 1043 1023
f 983 1068 986
f 1023 1043 1070
f 1043 1045 1074
f 1075 1001 986
f 1067 1069 1072
f 995 1001 997
f 1076 996 997
f 1076 997 1077
f 1073 1057 1064
f 1026 1034 1060
f 1061 1044 1050
f 1061 1045 1044
f 1002 1006 1077
f 1077 1006 1017
f 1071 1026 1060
f 1016 1051 1054
f 1017 1016 1054
f 979 1029 1039
f 1002 1075 986
f 1025 1018 1033
f 1078 1017 1054
f 1004 1059 1058
f 1043 1074 1070
f 1058 1059 1060
f 1075 1002 1077
f 1039 1012 1011
f 1039 1029 1018
f 1059 1073 1079
f 1029 1020 1018
f 1079 1060 1059
f 1001 1075 1077
f 1079 1072 1060
f 1071 1060 1072
f 1072 1079 1073
f 983 979 1031
f 983 1031 1063
f 1063 1062 1032
f 979 1039 1031
f 997 1001 1077
f 1076 1077 1078
f 1037 1032 1062
f 1062 1027 1069
f 1030 1032 1037
f 1076 993 996
f 1065 993 1076
f 1041 957 1047
f 1067 1037 1062
f 1078 1077 1017
f 1066 1021 993
f 960 957 956
f 1065 1066 993
f 991 993 1021
f 1078 1065 1076
f 1011 1031 1039
f 1032 998 1000
f 1026 1069 1027
f 1065 1078 1054
f 1002 1032 1000
f 1067 1048 1037
f 957 960 1047
f 1069 1026 1071
f 1051 1016 1055
f 767 742 465
f 749 753 451
f 381 370 1080
f 382 381 1082
f 438 398 1084
f 375 377 1086
f 398 375 1087
f 442 382 1083
f 377 442 1090
f 440 438 1092
f 443 440 1094
f 448 447 1096
f 446 443 1098
f 466 467 326
f 483 495 347
f 589 592 1100
f 447 448 1102
f 447 598 1104
f 539 574 1106
f 574 447 1108
f 592 539 1110
f 598 600 1112
f 534 446 1099
f 600 534 1114
f 602 603 1115
f 604 602 1117
f 620 604 1118
f 662 661 1120
f 606 620 1122
f 605 606 1124
f 603 676 1126
f 597 589 1101
f 664 662 249
f 694 681 348
f 683 597 1129
f 686 683 1130
f 727 694 244
f 720 605 1132
f 733 731 336
f 495 733 334
f 731 720 1133
f 665 664 245
f 718 727 349
f 676 747 251
f 661 686 1131
f 747 718 332
f 667 665 250
f 681 667 241
f 467 483 338
f 865 466 346
f 912 865 350
f 932 924 1135
f 924 947 1137
f 953 946 1138
f 946 932 1140
f 954 946 1141
f 946 954 1143
f 955 954 1145
f 948 952 1147
f 947 948 1148
f 956 953 1150
f 963 964 351
f 964 965 352
f 954 955 1152
f 960 956 1151
f 966 963 1154
f 965 912 343
f 952 935 1156
f 935 934 1158
f 934 972 1159
f 972 966 1160
f 991 1021 1162
f 1042 1047 1164
f 1052 1056 1166
f 1053 1052 1168
f 1061 1042 1165
f 1056 1070 1171
f 1070 1074 1172
f 1066 1053 1174
f 1021 1066 1176
f 1045 1061 1178
f 1047 960 1180
f 1074 1045 1182
f 1080 1081 381
f 1082 1083 382
f 1084 1085 438
f 1086 1087 375
f 1087 1088 398
f 1083 1089 442
f 1090 1091 377
f 1092 1093 440
f 1094 1095 443
f 1096 1097 448
f 1098 1099 446
f 326 346 466
f 347 339 483
f 1100 1101 589
f 1102 1103 447
f 1104 1105 447
f 1106 1107 539
f 1108 1109 574
f 1110 1111 592
f 1112 1104 598
f 1099 1113 534
f 1114 1112 600
f 1115 1116 602
f 1117 1118 604
f 1118 1119 620
f 1120 1121 662
f 1122 1123 606
f 1124 1125 605
f 1126 1127 603
f 1101 1128 597
f 249 246 664
f 348 328 694
f 1129 1130 683
f 1130 1131 686
f 244 349 727
f 1132 1133 720
f 336 335 733
f 334 347 495
f 1133 1134 731
f 245 250 665
f 349 331 718
f 251 1126 676
f 1131 1120 661
f 332 251 747
f 250 242 667
f 241 348 681
f 338 341 467
f 346 350 865
f 350 345 912
f 1135 1136 932
f 1137 1135 924
f 1138 1139 953
f 1140 1141 946
f 1141 1142 954
f 1143 1144 946
f 1145 1146 955
f 1147 1148 948
f 1148 1149 947
f 1150 1151 956
f 351 342 963
f 352 351 964
f 1152 1143 954
f 1151 1153 960
f 1154 1155 966
f 343 352 965
f 1156 1157 952
f 1158 1156 935
f 1159 1158 934
f 1160 1161 972
f 1162 1163 991
f 1164 1165 1042
f 1166 1167 1052
f 1168 1169 1053
f 1165 1170 1061
f 1171 1166 1056
f 1172 1173 1070
f 1174 1175 1066
f 1176 1177 1021
f 1178 1179 1045
f 1180 1181 1047
f 1182 1183 1074
f 377 1184 1086
f 381 1081 1185
f 381 1185 1082
f 377 1186 1184
f 438 1085 1187
f 398 1088 1084
f 442 1089 1090
f 377 1091 1186
f 443 1095 1188
f 438 1187 1189
f 438 1189 1092
f 447 1105 1096
f 440 1093 1094
f 448 1097 1190
f 448 1190 1102
f 443 1188 1098
f 467 327 326
f 574 1109 1191
f 574 1191 1106
f 592 1111 1100
f 447 1103 1108
f 597 1192 1193
f 539 1107 1194
f 539 1194 1110
f 534 1113 1114
f 602 1116 1195
f 602 1195 1117
f 597 1128 1196
f 605 1197 1198
f 606 1123 1124
f 620 1119 1199
f 605 1125 1197
f 620 1199 1122
f 662 1121 249
f 667 242 241
f 603 1127 1115
f 605 1198 1132
f 597 1196 1192
f 694 328 243
f 718 330 329
f 718 331 330
f 721 1200 1201
f 694 243 244
f 721 1201 1202
f 721 1203 1200
f 721 1202 1203
f 664 246 245
f 718 333 332
f 718 329 333
f 733 335 334
f 731 337 336
f 483 339 338
f 597 1193 1129
f 731 340 337
f 731 1134 340
f 467 341 327
f 932 1136 1204
f 932 1204 1140
f 947 1149 1137
f 952 1157 1205
f 946 1144 1138
f 954 1142 1206
f 954 1206 1145
f 953 1139 1150
f 960 1153 1180
f 952 1205 1147
f 966 1207 1208
f 966 1155 1207
f 955 1209 1152
f 955 1146 1209
f 966 1208 1210
f 963 342 247
f 963 247 248
f 912 344 343
f 963 248 1154
f 912 345 344
f 966 1210 1160
f 972 1161 1159
f 1021 1177 1162
f 1047 1211 1164
f 1052 1212 1168
f 1052 1167 1212
f 1061 1170 1178
f 1053 1169 1213
f 1070 1173 1171
f 1053 1213 1174
f 1066 1175 1176
f 1045 1179 1182
f 1074 1183 1214
f 1074 1214 1172
f 1047 1181 1211
f 1217 1216 1223
f 1220 1221 1216
f 1223 1222 1217
f 1216 1224 1223
f 1216 1221 1224
f 1218 1215 1226
f 1226 1227 1218
f 1215 1225 1228
f 1215 1228 1229
f 1215 1229 1226
f 1216 1217 1231
f 1215 1218 1233
f 1220 1216 1235
f 1218 1219 1237
f 1219 1220 1236
f 1225 1215 1239
f 1231 1232 1216
f 1233 1234 1215
f 1235 1236 1220
f 1237 1233 1218
f 1236 1238 1219
f 1239 1240 1225
f 1216 1241 1235
f 1216 1232 1241
f 1217 1230 1231
f 1219 1238 1237
f 1215 1234 1239
f 1217 1222 1242
f 1230 1217 1245
f 1242 1243 1217
f 1245 1246 1230
f 1222 1244 1242
f 1217 1243 1245
f 1247 1248 1219
f 1247 1219 1218
f 1248 1249 1220
f 1248 1220 1219
f 1249 1250 1221
f 1249 1221 1220
f 1251 1252 1223
f 1251 1223 1222
f 1250 1253 1224
f 1250 1224 1221
f 1252 1253 1224
f 1252 1224 1223
f 1247 1254 1227
f 1247 1227 1218
f 1255 1254 1227
f 1255 1227 1226
f 1256 1257 1228
f 1256 1228 1225
f 1255 1258 1229
f 1255 1229 1226
f 1257 1258 1229
f 1257 1229 1228
f 1256 1259 1240
f 1256 1240 1225
f 1251 1260 1244
f 1251 1244 1222
f 1264 1265 1263
f 1266 1263 1265
f 1264 1261 1265
f 1265 1268 1266
f 1261 1262 1265
f 1270 1271 1269
f 1271 1268 1269
f 1268 1265 1262
f 1263 1266 1271
f 1266 1268 1271
f 1261 1264 1272
f 1277 1281 1278
f 1275 1274 1272
f 1282 1275 1272
f 1273 1261 1272
f 1280 1276 1282
f 1276 1278 1281
f 1282 1281 1275
f 1277 1275 1281
f 1279 1272 1264
f 1281 1282 1276
f 1273 1272 1274
f 1282 1279 1280
f 1279 1282 1272
f 1262 1261 1283
f 1269 1268 1286
f 1268 1262 1288
f 1267 1269 1287
f 1273 1274 1291
f 1274 1275 1293
f 1275 1277 1294
f 1261 1273 1295
f 1283 1284 1262
f 1286 1287 1269
f 1288 1289 1268
f 1287 1290 1267
f 1291 1292 1273
f 1293 1291 1274
f 1294 1293 1275
f 1295 1296 1261
f 1261 1297 1283
f 1262 1284 1288
f 1261 1296 1297
f 1267 1290 1285
f 1268 1289 1286
f 1277 1298 1299
f 1273 1292 1295
f 1277 1299 1294
f 1277 1278 1301
f 1278 1276 1300
f 1298 1277 1304
f 1301 1302 1277
f 1300 1303 1278
f 1304 1305 1298
f 1278 1303 1301
f 1277 1302 1306
f 1277 1306 1307
f 1277 1307 1304
f 1264 1263 1247
f 1271 1270 1252
f 1263 1271 1253
f 1280 1279 1309
f 1276 1280 1311
f 1279 1264 1313
f 1300 1276 1314
f 1247 1308 1264
f 1252 1253 1271
f 1253 1250 1263
f 1309 1310 1280
f 1311 1312 1276
f 1313 1309 1279
f 1314 1315 1300
f 1263 1248 1247
f 1263 1249 1248
f 1263 1250 1249
f 1270 1251 1252
f 1280 1310 1316
f 1280 1316 1311
f 1276 1312 1317
f 1264 1308 1313
f 1276 1317 1314
f 1269 1267 1318
f 1270 1269 1320
f 1267 1285 1322
f 1251 1270 1323
f 1318 1319 1269
f 1320 1321 1270
f 1322 1318 1267
f 1323 1260 1251
f 1269 1319 1324
f 1269 1324 1320
f 1285 1325 1322
f 1270 1321 1326
f 1270 1326 1323
f 1341 1342 1343
f 1344 1345 1346
f 1348 1343 1345
f 1342 1345 1343
f 1351 1345 1352
f 1345 1342 1346
f 1346 1342 1341
f 1353 1354 1352
f 1344 1354 1353
f 1345 1353 1352
f 1344 1353 1345
f 1347 1344 1346
f 1354 1344 1356
f 1356 1357 1354
f 1357 1358 1354
f 1360 1358 1357
f 1357 1347 1359
f 1357 1359 1360
f 1350 1354 1358
f 1362 1355 1363
f 1350 1358 1360
f 1355 1360 1363
f 1355 1350 1360
f 1361 1362 1363
f 1360 1361 1363
f 1359 1361 1360
f 1350 1366 1354
f 1352 1367 1368
f 1367 1352 1366
f 1352 1354 1366
f 1367 1370 1368
f 1373 1374 1370
f 1370 1367 1373
f 1374 1369 1370
f 1377 1367 1349
f 1373 1377 1378
f 1378 1377 1379
f 1371 1378 1379
f 1350 1349 1366
f 1373 1367 1377
f 1374 1373 1378
f 1371 1374 1378
f 1367 1366 1349
f 1369 1374 1371
f 1381 1382 1380
f 1383 1382 1381
f 1385 1382 1384
f 1352 1386 1351
f 1351 1387 1388
f 1387 1389 1388
f 1386 1387 1351
f 1387 1386 1390
f 1385 1384 1340
f 1387 1390 1391
f 1386 1392 1390
f 1370 1375 1393
f 1392 1394 1395
f 1396 1397 1398
f 1397 1396 1399
f 1401 1402 1403
f 1406 1392 1395
f 1401 1395 1402
f 1381 1343 1348
f 1381 1348 1407
f 1348 1389 1407
f 1389 1410 1383
f 1348 1351 1388
f 1410 1412 1408
f 1402 1413 1403
f 1413 1395 1394
f 1388 1389 1348
f 1383 1381 1407
f 1389 1383 1407
f 1414 1395 1401
f 1415 1408 1412
f 1412 1410 1389
f 1408 1383 1410
f 1345 1351 1348
f 1414 1401 1416
f 1401 1403 1416
f 1352 1368 1394
f 1394 1386 1352
f 1392 1386 1394
f 1417 1393 1375
f 1375 1405 1417
f 1418 1419 1420
f 1421 1419 1418
f 1417 1413 1394
f 1387 1412 1389
f 1413 1417 1411
f 1403 1413 1411
f 1391 1412 1387
f 1411 1417 1405
f 1426 1421 1423
f 1408 1415 1409
f 1402 1395 1413
f 1427 1428 1421
f 1429 1428 1427
f 1400 1409 1415
f 1420 1419 1430
f 1420 1430 1431
f 1431 1430 1432
f 1391 1415 1412
f 1390 1415 1391
f 1424 1409 1400
f 1434 1418 1420
f 1425 1433 1398
f 1397 1425 1398
f 1404 1396 1435
f 1400 1415 1390
f 1399 1396 1404
f 1399 1404 1406
f 1436 1406 1437
f 1427 1438 1439
f 1428 1419 1421
f 1404 1400 1390
f 1398 1433 1435
f 1390 1406 1404
f 1392 1406 1390
f 1396 1398 1435
f 1397 1399 1440
f 1431 1434 1420
f 1370 1393 1368
f 1395 1414 1437
f 1441 1427 1439
f 1442 1437 1414
f 1417 1394 1368
f 1440 1425 1397
f 1443 1414 1416
f 1417 1368 1393
f 1440 1436 1425
f 1404 1435 1444
f 1406 1440 1399
f 1442 1414 1443
f 1436 1440 1406
f 1437 1442 1445
f 1438 1421 1426
f 1423 1425 1426
f 1427 1421 1438
f 1426 1425 1436
f 1436 1437 1445
f 1436 1438 1426
f 1439 1436 1445
f 1441 1439 1445
f 1436 1439 1438
f 1406 1395 1437
f 1370 1369 1328
f 1369 1371 1332
f 1375 1370 1337
f 1379 1376 1330
f 1371 1379 1331
f 1403 1411 1339
f 1416 1403 1338
f 1405 1375 1335
f 1411 1405 1294
f 1428 1429 1447
f 1432 1430 1449
f 1419 1428 1451
f 1430 1419 1455
f 1427 1441 1457
f 1443 1416 1459
f 1429 1427 1458
f 1442 1443 1462
f 1445 1442 1464
f 1441 1445 1465
f 1328 1337 1370
f 1332 1329 1369
f 1337 1336 1375
f 1330 1290 1379
f 1331 1289 1371
f 1339 1338 1403
f 1338 1446 1416
f 1335 1333 1405
f 1294 1339 1411
f 1447 1448 1428
f 1449 1450 1432
f 1451 1452 1419
f 1455 1456 1430
f 1457 1458 1427
f 1459 1460 1443
f 1458 1461 1429
f 1462 1463 1442
f 1464 1465 1445
f 1465 1466 1441
f 1369 1329 1328
f 1379 1287 1331
f 1371 1289 1332
f 1379 1290 1287
f 1405 1333 1291
f 1405 1291 1334
f 1405 1334 1294
f 1416 1446 1459
f 1429 1467 1447
f 1430 1456 1449
f 1432 1450 1453
f 1428 1448 1451
f 1419 1452 1455
f 1441 1468 1457
f 1442 1463 1464
f 1429 1461 1467
f 1443 1460 1462
f 1441 1466 1468
f 1375 1336 1335
f 1341 1343 1469
f 1347 1346 1471
f 1346 1341 1473
f 1344 1347 1474
f 1356 1344 1475
f 1347 1357 1477
f 1357 1356 1476
f 1359 1347 1472
f 1361 1359 1482
f 1362 1361 1484
f 1355 1362 1485
f 1381 1380 1486
f 1385 1340 1488
f 1382 1385 1489
f 1380 1382 1490
f 1343 1381 1491
f 1384 1382 1493
f 1382 1383 1495
f 1340 1384 1497
f 1400 1404 1499
f 1408 1409 1501
f 1383 1408 1503
f 1418 1422 1505
f 1421 1418 1506
f 1423 1421 1507
f 1409 1424 1509
f 1425 1423 1511
f 1422 1418 1513
f 1433 1425 1515
f 1424 1400 1517
f 1435 1433 1519
f 1418 1434 1521
f 1444 1435 1523
f 1404 1444 1526
f 1469 1470 1341
f 1471 1472 1347
f 1473 1471 1346
f 1474 1475 1344
f 1475 1476 1356
f 1477 1474 1347
f 1476 1477 1357
f 1472 1478 1359
f 1482 1483 1361
f 1484 1485 1362
f 1485 1480 1355
f 1486 1487 1381
f 1488 1489 1385
f 1489 1490 1382
f 1490 1486 1380
f 1491 1492 1343
f 1493 1494 1384
f 1495 1496 1382
f 1497 1498 1340
f 1499 1500 1400
f 1501 1502 1408
f 1503 1504 1383
f 1505 1506 1418
f 1506 1507 1421
f 1507 1508 1423
f 1509 1510 1409
f 1511 1512 1425
f 1513 1514 1422
f 1515 1516 1433
f 1517 1518 1424
f 1519 1520 1435
f 1521 1522 1418
f 1523 1524 1444
f 1525 1521 1434
f 1526 1499 1404
f 1340 1498 1527
f 1343 1492 1469
f 1341 1470 1473
f 1361 1528 1529
f 1361 1529 1484
f 1359 1478 1482
f 1364 1530 1531
f 1364 1531 1479
f 1361 1532 1528
f 1361 1483 1532
f 1384 1533 1534
f 1381 1535 1491
f 1381 1487 1535
f 1340 1527 1488
f 1384 1494 1533
f 1382 1496 1493
f 1383 1536 1495
f 1384 1537 1497
f 1384 1534 1537
f 1400 1500 1517
f 1383 1504 1536
f 1408 1502 1503
f 1423 1508 1538
f 1423 1538 1511
f 1409 1510 1501
f 1422 1539 1505
f 1425 1512 1515
f 1433 1516 1519
f 1422 1514 1539
f 1424 1518 1509
f 1418 1522 1513
f 1435 1520 1523
f 1444 1524 1526
f 1431 1432 1540
f 1434 1431 1542
f 1432 1453 1544
f 1453 1454 1546
f 1525 1434 1543
f 1540 1541 1431
f 1542 1543 1434
f 1544 1545 1432
f 1546 1544 1453
f 1543 1548 1525
f 1432 1549 1540
f 1432 1545 1549
f 1431 1541 1542
f 1454 1547 1546
f 1525 1548 1550
f 1349 1350 1551
f 1350 1355 1553
f 1372 1365 1554
f 1365 1372 1556
f 1377 1349 1558
f 1379 1377 1560
f 1376 1379 1561
f 1330 1376 1563
f 1364 1479 1565
f 1355 1480 1567
f 1480 1481 1569
f 1530 1364 1570
f 1551 1552 1349
f 1553 1551 1350
f 1554 1555 1372
f 1556 1557 1365
f 1558 1559 1377
f 1560 1561 1379
f 1561 1562 1376
f 1563 1564 1330
f 1565 1566 1364
f 1567 1568 1355
f 1569 1567 1480
f 1570 1571 1530
f 1355 1572 1553
f 1364 1566 1573
f 1355 1568 1572
f 1365 1574 1575
f 1372 1555 1576
f 1372 1577 1578
f 1349 1579 1558
f 1372 1578 1556
f 1365 1557 1580
f 1372 1576 1577
f 1349 1552 1579
f 1365 1580 1574
f 1377 1559 1581
f 1377 1581 1560
f 1365 1575 1554
f 1376 1562 1582
f 1376 1582 1563
f 1364 1573 1583
f 1364 1583 1570
f 1479 1571 1565
f 1481 1571 1569
f 1584 1585 1470
f 1584 1470 1469
f 1586 1587 1472
f 1586 1472 1471
f 1589 1590 1476
f 1589 1476 1475
f 1590 1591 1477
f 1590 1477 1476
f 1587 1592 1478
f 1587 1478 1472
f 1593 1594 1481
f 1593 1481 1480
f 1595 1596 1483
f 1595 1483 1482
f 1597 1598 1485
f 1597 1485 1484
f 1598 1593 1480
f 1598 1480 1485
f 1599 1600 1487
f 1599 1487 1486
f 1601 1599 1486
f 1601 1486 1490
f 1602 1603 1492
f 1602 1492 1491
f 1604 1605 1496
f 1604 1496 1495
f 1606 1607 1498
f 1606 1498 1497
f 1608 1609 1500
f 1608 1500 1499
f 1610 1611 1502
f 1610 1502 1501
f 1612 1613 1504
f 1612 1504 1503
f 1614 1615 1510
f 1614 1510 1509
f 1616 1617 1512
f 1616 1512 1511
f 1618 1619 1514
f 1618 1514 1513
f 1620 1621 1516
f 1620 1516 1515
f 1624 1625 1520
f 1624 1520 1519
f 1626 1627 1522
f 1626 1522 1521
f 1630 1626 1521
f 1630 1521 1525
f 1631 1608 1499
f 1631 1499 1526
f 1607 1632 1527
f 1607 1527 1498
f 1603 1584 1469
f 1603 1469 1492
f 1585 1588 1473
f 1585 1473 1470
f 1633 1634 1529
f 1633 1529 1528
f 1634 1597 1484
f 1634 1484 1529
f 1592 1595 1482
f 1592 1482 1478
f 1636 1637 1479
f 1636 1479 1531
f 1638 1633 1528
f 1638 1528 1532
f 1596 1638 1532
f 1596 1532 1483
f 1639 1640 1534
f 1639 1534 1533
f 1641 1602 1491
f 1641 1491 1535
f 1600 1641 1535
f 1600 1535 1487
f 1642 1604 1495
f 1642 1495 1536
f 1643 1606 1497
f 1643 1497 1537
f 1640 1643 1537
f 1640 1537 1534
f 1609 1622 1517
f 1609 1517 1500
f 1613 1642 1536
f 1613 1536 1504
f 1611 1612 1503
f 1611 1503 1502
f 1644 1616 1511
f 1644 1511 1538
f 1615 1610 1501
f 1615 1501 1510
f 1617 1620 1515
f 1617 1515 1512
f 1621 1624 1519
f 1621 1519 1516
f 1619 1645 1539
f 1619 1539 1514
f 1623 1614 1509
f 1623 1509 1518
f 1627 1618 1513
f 1627 1513 1522
f 1625 1628 1523
f 1625 1523 1520
f 1629 1631 1526
f 1629 1526 1524
f 1646 1647 1541
f 1646 1541 1540
f 1648 1649 1543
f 1648 1543 1542
f 1650 1651 1545
f 1650 1545 1544
f 1652 1650 1544
f 1652 1544 1546
f 1630 1654 1548
f 1649 1654 1548
f 1649 1548 1543
f 1655 1646 1540
f 1655 1540 1549
f 1651 1655 1549
f 1651 1549 1545
f 1647 1648 1542
f 1647 1542 1541
f 1653 1652 1546
f 1653 1546 1547
f 1630 1654 1548
f 1654 1656 1550
f 1654 1550 1548
f 1657 1658 1552
f 1657 1552 1551
f 1659 1657 1551
f 1659 1551 1553
f 1661 1662 1559
f 1661 1559 1558
f 1663 1664 1561
f 1663 1561 1560
f 1664 1665 1562
f 1664 1562 1561
f 1666 1327 1564
f 1666 1564 1563
f 1667 1668 1566
f 1667 1566 1565
f 1669 1670 1568
f 1669 1568 1567
f 1671 1669 1567
f 1671 1567 1569
f 1635 1672 1571
f 1635 1571 1530
f 1673 1659 1553
f 1673 1553 1572
f 1668 1674 1573
f 1668 1573 1566
f 1670 1673 1572
f 1670 1572 1568
f 1660 1675 1576
f 1660 1576 1555
f 1676 1677 1578
f 1676 1578 1577
f 1678 1661 1558
f 1678 1558 1579
f 1675 1676 1577
f 1675 1577 1576
f 1658 1678 1579
f 1658 1579 1552
f 1662 1679 1581
f 1662 1581 1559
f 1679 1663 1560
f 1679 1560 1581
f 1665 1680 1582
f 1665 1582 1562
f 1680 1666 1563
f 1680 1563 1582
f 1637 1681 1571
f 1637 1571 1479
f 1681 1667 1565
f 1681 1565 1571
f 1594 1682 1571
f 1594 1571 1481
f 1682 1671 1569
f 1682 1569 1571
f 1688 1690 1691
f 1688 1691 1689
f 1692 1693 1694
f 1691 1699 1700
f 1699 1691 1698
f 1696 1695 1702
f 1691 1700 1701
f 1699 1698 1694
f 1689 1691 1701
f 1700 1699 1703
f 1697 1702 1695
f 1697 1695 1688
f 1691 1690 1698
f 1692 1694 1698
f 1703 1699 1694
f 1703 1701 1700
f 1688 1695 1690
f 1704 1694 1693
f 1705 1703 1706
f 1694 1704 1707
f 1704 1693 1708
f 1709 1708 1693
f 1705 1706 1710
f 1703 1694 1707
f 1711 1712 1707
f 1712 1710 1706
f 1711 1713 1714
f 1708 1713 1704
f 1687 1710 1712
f 1706 1703 1707
f 1704 1713 1711
f 1704 1711 1707
f 1706 1707 1712
f 1687 1712 1711
f 1713 1708 1714
f 1693 1692 1447
f 1690 1695 1449
f 1695 1696 1453
f 1692 1698 1451
f 1698 1690 1455
f 1708 1709 1457
f 1711 1714 1464
f 1709 1693 1467
f 1687 1711 1462
f 1714 1708 1468
f 1447 1467 1693
f 1449 1456 1690
f 1453 1450 1695
f 1451 1448 1692
f 1455 1452 1698
f 1457 1468 1708
f 1464 1463 1711
f 1467 1461 1709
f 1462 1460 1687
f 1468 1466 1714
f 1692 1448 1447
f 1695 1450 1449
f 1698 1452 1451
f 1696 1454 1453
f 1690 1456 1455
f 1709 1458 1457
f 1687 1460 1459
f 1709 1461 1458
f 1711 1463 1462
f 1714 1465 1464
f 1714 1466 1465
f 1685 1686 1683
f 1686 1687 1306
f 1687 1459 1684
f 1459 1446 1304
f 1683 1303 1685
f 1306 1302 1686
f 1684 1306 1687
f 1304 1684 1459
f 1686 1302 1683
f 1685 1303 1300
f 1446 1305 1304
f 1686 1685 1715
f 1688 1689 1717
f 1697 1688 1721
f 1701 1703 1722
f 1689 1701 1724
f 1703 1705 1726
f 1710 1687 1727
f 1705 1710 1729
f 1687 1686 1731
f 1685 1300 1315
f 1715 1716 1686
f 1717 1718 1688
f 1721 1719 1697
f 1722 1723 1701
f 1724 1725 1689
f 1726 1722 1703
f 1727 1728 1710
f 1729 1730 1705
f 1731 1727 1687
f 1315 1732 1685
f 1685 1733 1715
f 1701 1723 1734
f 1701 1734 1735
f 1701 1735 1724
f 1689 1725 1717
f 1688 1718 1721
f 1705 1730 1726
f 1686 1716 1731
f 1710 1728 1729
f 1685 1732 1733
f 1702 1697 1736
f 1696 1702 1738
f 1454 1696 1739
f 1697 1719 1740
f 1719 1720 1742
f 1736 1737 1702
f 1738 1739 1696
f 1739 1547 1454
f 1740 1741 1697
f 1742 1740 1719
f 1697 1741 1736
f 1702 1737 1744
f 1702 1744 1738
f 1720 1743 1742
f 1745 1746 1737
f 1745 1737 1736
f 1747 1748 1739
f 1747 1739 1738
f 1748 1653 1547
f 1748 1547 1739
f 1749 1750 1741
f 1749 1741 1740
f 1751 1749 1740
f 1751 1740 1742
f 1750 1745 1736
f 1750 1736 1741
f 1746 1753 1744
f 1746 1744 1737
f 1753 1747 1738
f 1753 1738 1744
f 1752 1751 1742
f 1752 1742 1743
f 1757 1759 1758
f 1757 1758 1314
f 1316 1310 1756
f 1314 1317 1757
f 1756 1310 1309
f 1756 1309 1313
f 1758 1315 1314
f 1756 1313 1755
f 1313 1308 1255
f 1755 1754 1756
f 1255 1755 1313
f 1308 1254 1255
f 1759 1757 1760
f 1316 1756 1762
f 1757 1317 1764
f 1311 1316 1763
f 1317 1312 1767
f 1312 1311 1768
f 1756 1754 1769
f 1754 1256 1771
f 1760 1761 1759
f 1762 1763 1316
f 1764 1765 1757
f 1763 1766 1311
f 1767 1764 1317
f 1768 1767 1312
f 1769 1770 1756
f 1771 1769 1754
f 1756 1770 1772
f 1756 1772 1762
f 1757 1765 1773
f 1757 1773 1760
f 1311 1766 1768
f 1256 1259 1771
f 1779 1775 1734
f 1780 1777 1717
f 1777 1778 1721
f 1781 1779 1726
f 1776 1782 1731
f 1782 1781 1729
f 1734 1723 1779
f 1735 1734 1775
f 1717 1725 1780
f 1721 1718 1777
f 1726 1730 1781
f 1731 1716 1776
f 1729 1728 1782
f 1733 1732 1758
f 1776 1716 1715
f 1777 1718 1717
f 1778 1720 1719
f 1778 1719 1721
f 1779 1723 1722
f 1780 1725 1724
f 1779 1722 1726
f 1782 1728 1727
f 1781 1730 1729
f 1782 1727 1731
f 1758 1732 1315
f 1778 1777 1783
f 1775 1779 1785
f 1777 1780 1787
f 1779 1781 1790
f 1782 1776 1792
f 1781 1782 1793
f 1758 1759 1795
f 1776 1715 1797
f 1735 1775 1799
f 1780 1724 1801
f 1733 1758 1796
f 1715 1733 1803
f 1724 1735 1800
f 1783 1784 1778
f 1785 1786 1775
f 1787 1788 1777
f 1790 1791 1779
f 1792 1793 1782
f 1793 1794 1781
f 1795 1796 1758
f 1797 1798 1776
f 1799 1800 1735
f 1801 1802 1780
f 1796 1803 1733
f 1803 1797 1715
f 1800 1801 1724
f 1775 1804 1799
f 1775 1786 1804
f 1776 1798 1792
f 1778 1784 1789
f 1780 1802 1805
f 1780 1805 1787
f 1777 1788 1783
f 1779 1791 1785
f 1781 1794 1790
f 1759 1761 1795
f 1720 1778 1806
f 1778 1789 1807
f 1806 1743 1720
f 1807 1808 1778
f 1778 1808 1806
f 1789 1809 1807
f 1810 1811 1784
f 1810 1784 1783
f 1812 1813 1788
f 1812 1788 1787
f 1815 1816 1793
f 1815 1793 1792
f 1816 1817 1794
f 1816 1794 1793
f 1818 1819 1796
f 1818 1796 1795
f 1820 1821 1798
f 1820 1798 1797
f 1823 1824 1802
f 1823 1802 1801
f 1819 1825 1803
f 1819 1803 1796
f 1825 1820 1797
f 1825 1797 1803
f 1822 1823 1801
f 1822 1801 1800
f 1821 1815 1792
f 1821 1792 1798
f 1811 1826 1789
f 1811 1789 1784
f 1824 1827 1805
f 1824 1805 1802
f 1827 1812 1787
f 1827 1787 1805
f 1813 1810 1783
f 1813 1783 1788
f 1817 1814 1790
f 1817 1790 1794
f 1774 1818 1795
f 1774 1795 1761
f 1828 1752 1743
f 1828 1743 1806
f 1826 1829 1807
f 1829 1830 1808
f 1829 1808 1807
f 1830 1828 1806
f 1830 1806 1808
f 1826 1831 1809
f 1826 1809 1789
f 1826 1829 1807
f 1831 1829 1807
f 1831 1807 1809
f 260 1832 143
f 260 143 142
f 261 1833 145
f 261 145 144
f 1834 261 144
f 1834 144 148
f 1835 267 153
f 1835 153 152
f 1836 1834 148
f 1836 148 161
f 1832 1837 162
f 1832 162 143
f 1837 1836 161
f 1837 161 162
f 1838 1835 152
f 1838 152 163
f 276 1838 163
f 276 163 165
f 254 315 225
f 254 225 135
f 1833 1839 225
f 1833 225 145
f 1588 1586 1471
f 1588 1471 1473
f 1840 1589 1475
f 1840 1475 1474
f 1591 1840 1474
f 1591 1474 1477
f 1841 1842 1489
f 1841 1489 1488
f 1842 1601 1490
f 1842 1490 1489
f 1843 1844 1494
f 1843 1494 1493
f 1845 1846 1506
f 1845 1506 1505
f 1846 1847 1507
f 1846 1507 1506
f 1847 1848 1508
f 1847 1508 1507
f 1622 1623 1518
f 1622 1518 1517
f 1628 1629 1524
f 1628 1524 1523
f 1635 1636 1531
f 1635 1531 1530
f 1632 1841 1488
f 1632 1488 1527
f 1844 1639 1533
f 1844 1533 1494
f 1605 1843 1493
f 1605 1493 1496
f 1848 1644 1538
f 1848 1538 1508
f 1645 1845 1505
f 1645 1505 1539
f 1630 1656 1550
f 1630 1550 1525
f 1857 1858 1859
f 1860 1851 1861
f 1862 1850 1849
f 1862 1863 1850
f 1861 1864 1860
f 1865 1860 1864
f 1866 1867 1868
f 1866 1864 1867
f 1862 1869 1870
f 1862 1870 1863
f 1870 1864 1863
f 1871 1872 1873
f 1864 1861 1863
f 1869 1867 1870
f 1867 1864 1870
f 1872 1871 1874
f 1850 1861 1851
f 1875 1866 1868
f 1850 1863 1861
f 1875 1868 1877
f 1878 1879 1880
f 1881 1857 1882
f 1880 1879 1883
f 1884 1885 1883
f 1886 1885 1884
f 1883 1885 1880
f 1857 1859 1882
f 1880 1887 1878
f 1888 1878 1887
f 1864 1866 1865
f 1868 1869 1876
f 1889 1881 1882
f 1891 1892 1893
f 1868 1867 1869
f 1894 1893 1895
f 1868 1876 1877
f 1896 1875 1877
f 1898 1866 1899
f 1898 1900 1866
f 1901 1899 1896
f 1896 1899 1866
f 1860 1902 1852
f 1893 1903 1904
f 1854 1855 1905
f 1906 1907 1904
f 1904 1895 1893
f 1907 1895 1904
f 1908 1909 1910
f 1911 1912 1890
f 1902 1890 1853
f 1852 1851 1860
f 1898 1911 1902
f 1912 1911 1916
f 1917 1918 1919
f 1920 1856 1905
f 1890 1921 1855
f 1901 1896 1897
f 1922 1923 1924
f 1919 1918 1906
f 1896 1877 1897
f 1899 1911 1898
f 1899 1925 1911
f 1926 1927 1928
f 1928 1930 1926
f 1925 1931 1911
f 1865 1902 1860
f 1916 1911 1931
f 1932 1933 1934
f 1910 1935 1915
f 1936 1912 1916
f 1937 1932 1938
f 1937 1939 1932
f 1933 1932 1939
f 1940 1933 1939
f 1932 1934 1938
f 1902 1911 1890
f 1892 1941 1942
f 1912 1936 1943
f 1935 1910 1909
f 1890 1912 1921
f 1905 1855 1921
f 1914 1944 1909
f 1909 1944 1945
f 1945 1944 1946
f 1943 1921 1912
f 1948 1901 1897
f 1900 1902 1865
f 1949 1934 1950
f 1852 1902 1853
f 1953 1954 1955
f 1956 1955 1954
f 1866 1875 1896
f 1943 1905 1921
f 1956 1949 1957
f 1958 1959 1960
f 1961 1962 1963
f 1964 1905 1965
f 1905 1964 1920
f 1958 1960 1966
f 1966 1967 1958
f 1968 1961 1963
f 1969 1920 1964
f 1900 1865 1866
f 1960 1930 1966
f 1957 1955 1956
f 1930 1928 1970
f 1971 1953 1972
f 1959 1949 1960
f 1949 1930 1960
f 1973 1955 1957
f 1916 1931 1974
f 1975 1965 1943
f 1976 1947 1915
f 1903 1892 1919
f 1942 1919 1892
f 1977 1919 1942
f 1978 1972 1953
f 1918 1979 1980
f 1953 1981 1978
f 1974 1982 1916
f 1899 1901 1925
f 1985 1986 1987
f 1985 1989 1986
f 1891 1893 1894
f 1925 1901 1991
f 1985 1891 1894
f 1957 1949 1959
f 1957 1959 1958
f 1919 1904 1903
f 1906 1904 1919
f 1916 1982 1936
f 1967 1966 1992
f 1991 1901 1948
f 1956 1954 1949
f 1993 1965 1975
f 1934 1949 1954
f 1986 1884 1994
f 1955 1981 1953
f 1989 1884 1986
f 1994 1884 1883
f 1950 1930 1949
f 1996 1884 1989
f 1993 1964 1965
f 1902 1900 1898
f 1996 1886 1884
f 1997 1998 1999
f 1992 2002 1967
f 1975 1943 1936
f 1975 2003 1962
f 1958 1973 1957
f 1973 1958 2004
f 1961 1993 1975
f 1951 1982 1974
f 1975 1936 2003
f 1982 2003 1936
f 1962 1961 1975
f 2002 2005 1967
f 1967 2005 2004
f 2006 1927 1926
f 2007 1927 2006
f 1930 1950 2008
f 2007 1922 1929
f 1929 1927 2007
f 1929 1922 2009
f 1924 2009 1922
f 2010 2009 1924
f 1958 1967 2004
f 1966 1930 1970
f 1966 1970 1992
f 1992 1970 1988
f 2002 1992 1988
f 1990 1918 1980
f 1968 1993 1961
f 2011 1964 1993
f 2012 1993 1968
f 2013 2014 2015
f 2016 2017 1858
f 1926 1933 2006
f 2007 2003 1982
f 1951 2007 1982
f 2006 1963 1962
f 1962 2003 2006
f 1951 1952 2007
f 1903 1893 1892
f 1991 1931 1925
f 2014 1914 2015
f 2006 2003 2007
f 1963 1933 2020
f 2006 1933 1963
f 2020 1933 1940
f 1954 1971 1938
f 1914 2014 1944
f 1985 1987 1891
f 1971 1954 1953
f 2021 1891 1987
f 1952 1922 2007
f 2008 1926 1930
f 1934 1933 2008
f 1926 2008 1933
f 1954 1938 1934
f 1950 1934 2008
f 1905 1856 1854
f 1991 1974 1931
f 1974 1991 1948
f 1905 1943 1965
f 2022 1856 1969
f 1964 2025 1969
f 1856 1920 1969
f 2034 2035 2036
f 2034 2036 2037
f 2038 2034 2039
f 2023 2036 2035
f 1937 2040 1873
f 1872 1937 1873
f 2041 2039 2037
f 2039 2034 2037
f 1873 2040 2031
f 2042 2036 2024
f 2036 2042 2037
f 2035 2034 2038
f 2023 2024 2036
f 1998 1997 2043
f 2031 2044 1873
f 2044 2031 1984
f 2025 2042 1969
f 2041 2045 2046
f 2047 2038 2039
f 2043 2048 1998
f 2047 2041 2046
f 2025 2037 2042
f 1872 1939 1937
f 1940 1939 2049
f 2049 1939 1872
f 1940 2049 2051
f 1997 2047 2046
f 2051 2049 2052
f 2039 2041 2047
f 2053 2054 2020
f 1969 2042 2022
f 1924 2053 2010
f 2053 2020 1940
f 2025 2011 2037
f 2042 2024 2022
f 2014 2013 1888
f 1872 2055 2049
f 1891 2021 1892
f 2037 2011 2041
f 1878 1888 2013
f 2052 2056 2051
f 1874 2055 1872
f 2057 2058 2059
f 2025 1964 2011
f 2055 2052 2049
f 2060 2000 2001
f 2061 2060 1999
f 1993 2012 2011
f 2055 2056 2052
f 2010 2053 2059
f 2063 2014 1888
f 1915 1935 1976
f 2060 2001 1999
f 2061 1999 2064
f 1972 1978 2065
f 2066 1889 2067
f 2010 2059 2058
f 1889 1882 2067
f 2053 1940 2051
f 2059 2053 2051
f 2033 2028 2068
f 1924 2054 2053
f 2045 2069 2054
f 1857 1918 1990
f 2070 2065 1978
f 1978 1981 2070
f 1924 1923 2054
f 1983 1972 2065
f 2073 2054 1923
f 2046 2045 2054
f 2075 1998 2048
f 2054 2073 2046
f 2064 1998 2075
f 2076 2005 2057
f 2077 2011 2012
f 2051 2056 2076
f 1935 1909 2078
f 2077 2012 1968
f 2069 2045 2077
f 2079 1935 2078
f 2020 1968 1963
f 2075 2080 2064
f 2061 2064 2080
f 1968 2020 2077
f 2069 2077 2020
f 2020 2054 2069
f 2029 2068 2030
f 2045 2041 2077
f 2081 2082 2068
f 2029 2033 2068
f 1857 1881 1918
f 2083 2057 2005
f 2001 2062 1999
f 2080 2084 2061
f 2040 1938 2031
f 1938 1971 2031
f 2058 2057 2085
f 1909 2086 2078
f 2038 2062 2035
f 2081 2087 2088
f 1871 2070 1874
f 1937 1938 2040
f 1945 2086 1909
f 2089 2075 2090
f 2057 2083 2085
f 2091 2092 2093
f 2094 2095 2096
f 2080 2075 2089
f 2093 2096 2091
f 2070 1981 1955
f 2096 2095 2091
f 2050 2075 2048
f 2078 2071 2079
f 2092 2097 2093
f 1871 2044 1983
f 2059 2051 2076
f 2070 1871 1983
f 2077 2041 2011
f 2065 2070 1983
f 2030 2068 2098
f 2099 2067 1882
f 2098 2068 2082
f 1998 2064 1999
f 2100 2101 2091
f 2095 2100 2091
f 1985 2067 2102
f 1874 2070 2055
f 1894 2066 2067
f 1895 2066 1894
f 1985 2102 1989
f 2026 2088 2087
f 2092 2103 2097
f 1985 1894 2067
f 2044 1984 1983
f 2091 2101 2092
f 2032 2104 2096
f 2105 2106 2107
f 2094 2104 2084
f 2094 2096 2104
f 1859 1858 2017
f 2094 2108 2095
f 2108 2105 2109
f 2109 2110 2108
f 2108 2094 2084
f 2067 2099 2102
f 2055 2004 2056
f 2105 2107 2111
f 2104 2060 2061
f 2112 2078 2086
f 2114 2109 2105
f 2111 2114 2105
f 1973 2070 1955
f 2055 2070 1973
f 2096 2093 2032
f 1882 2116 2117
f 1882 2117 2099
f 2115 2118 2112
f 2095 2108 2119
f 2113 2120 2111
f 1858 1857 2019
f 2004 2055 1973
f 1889 1907 1906
f 2087 2081 2068
f 2074 2118 2115
f 2028 2027 2068
f 2122 2103 2116
f 2076 2057 2059
f 2123 2098 2082
f 2123 2082 2081
f 2016 2018 2098
f 2121 2081 2088
f 2114 2063 2109
f 2106 2089 2090
f 2098 2123 2016
f 1999 2062 2038
f 1906 1918 1881
f 1906 1881 1889
f 2124 2081 2121
f 2103 2092 2125
f 2120 1945 1946
f 2125 2092 2101
f 2101 2100 2125
f 2123 2081 2124
f 1944 2114 2111
f 1944 2120 1946
f 2087 2027 2026
f 2125 2100 2126
f 2125 2126 2117
f 2084 2104 2061
f 1888 2110 2109
f 2027 2087 2068
f 2047 1999 2038
f 2032 2060 2104
f 2126 1886 2117
f 2089 2084 2080
f 2119 2100 2095
f 1945 2112 2086
f 2110 2119 2108
f 2074 2127 2118
f 2014 2063 1944
f 2112 1945 2120
f 2110 1887 2119
f 1888 2109 2063
f 2127 2112 2118
f 2116 1859 2122
f 1944 2063 2114
f 2074 2071 2127
f 1935 2079 1976
f 2072 2071 2074
f 2127 2078 2112
f 2128 2004 2005
f 2127 2071 2078
f 2076 2128 2005
f 2004 2128 2056
f 2128 2076 2056
f 2116 2103 2117
f 2018 2030 2098
f 1871 1873 2044
f 2106 2090 2107
f 2100 2119 1885
f 1887 1885 2119
f 2110 1888 1887
f 2018 1858 2019
f 2126 2100 1885
f 1885 1887 1880
f 1885 1886 2126
f 2084 2089 2108
f 2106 2108 2089
f 1882 1859 2116
f 2124 2121 2129
f 2103 2129 2097
f 2122 2124 2129
f 2103 2122 2129
f 2017 2123 2124
f 2108 2106 2105
f 2125 2117 2103
f 2122 1859 2124
f 2017 2016 2123
f 1858 2018 2016
f 1999 2047 1997
f 1886 2099 2117
f 2017 2124 1859
f 1989 2102 1996
f 2090 2075 2050
f 1907 2066 1895
f 1996 2099 1886
f 2066 1907 1889
f 2120 2113 2112
f 2102 2099 1996
f 1944 2111 2120
f 1994 1883 2130
f 1917 2131 1918
f 1942 2132 2133
f 1909 1908 1914
f 1879 2137 1883
f 1879 1878 2139
f 2137 2130 1883
f 2139 2137 1879
f 1986 1994 2140
f 2130 2141 1994
f 1994 2141 2140
f 2142 2133 2132
f 1942 1941 2132
f 2143 2144 2137
f 2145 2146 2147
f 1941 1892 2021
f 1878 2013 2139
f 2021 2142 1941
f 1987 2142 2021
f 2139 2143 2137
f 2142 2132 1941
f 2148 2146 2149
f 2137 2144 2130
f 2141 2130 2144
f 2150 2151 2152
f 1986 2140 2153
f 2153 1987 1986
f 2149 2146 2145
f 2156 2157 2158
f 2159 2142 1987
f 2145 2151 2149
f 2160 2161 2162
f 2163 2142 2159
f 2148 2157 2147
f 2149 2151 2150
f 2164 2161 2160
f 2157 2148 2158
f 2165 2144 2156
f 2166 2147 2167
f 2168 2144 2143
f 2168 2156 2144
f 2167 2156 2168
f 2162 2143 2139
f 2162 2168 2143
f 2169 2160 2170
f 2164 2160 2169
f 2141 2144 2165
f 2169 2170 2171
f 2172 2173 2174
f 2165 2156 2158
f 2161 2166 2167
f 2171 2175 2176
f 2138 1914 1908
f 2161 2164 2177
f 2147 2157 2156
f 2173 2172 2178
f 2179 2173 2178
f 2156 2167 2147
f 2147 2166 2145
f 2162 2167 2168
f 2161 2167 2162
f 2180 2181 2182
f 2181 2183 2182
f 2182 2183 2154
f 2184 1917 1977
f 2180 2185 2181
f 2185 2180 2186
f 2187 2174 2188
f 2186 2189 2185
f 2190 1917 2184
f 1913 2015 1914
f 2191 2171 2192
f 2131 1917 2190
f 2188 2193 2187
f 2183 2181 2194
f 2192 2171 2176
f 2176 2175 2192
f 2165 2158 2195
f 2195 2141 2165
f 2162 2139 2013
f 2196 2185 2189
f 2195 2158 2197
f 2193 2163 2159
f 2181 2185 2196
f 2170 2162 2013
f 2170 2013 2015
f 2198 2170 2015
f 2147 2146 2148
f 2163 2193 2190
f 2198 2015 1913
f 2160 2162 2170
f 2153 2141 2195
f 2140 2141 2153
f 2183 2192 2175
f 2198 2155 2170
f 2183 2175 2154
f 2172 2174 2197
f 2197 2174 2195
f 2174 2187 2195
f 2181 2196 2194
f 2193 2195 2187
f 2131 2199 1979
f 2195 2193 2153
f 2200 2201 2196
f 2183 2194 2192
f 2202 2194 2196
f 2202 2192 2194
f 2193 2159 2153
f 2202 2196 2203
f 2203 2196 2201
f 2204 2202 2203
f 2193 2199 2190
f 2199 2131 2190
f 2189 2200 2196
f 2175 2155 2154
f 2155 2175 2170
f 2171 2170 2175
f 2205 2203 2201
f 2193 2188 2199
f 2208 2203 2205
f 1977 1942 2133
f 2188 2209 2199
f 2188 2174 2209
f 2209 2174 2210
f 2209 2134 2199
f 1977 1917 1919
f 1987 2153 2159
f 2174 2173 2210
f 2197 2158 2148
f 2148 2149 2197
f 2172 2197 2149
f 2145 2211 2212
f 2211 2145 2177
f 2172 2149 2178
f 2213 2214 2211
f 2212 2211 2215
f 2216 2211 2217
f 2218 2219 2220
f 2163 2184 2133
f 2151 2145 2212
f 2163 2190 2184
f 2221 2219 2218
f 2217 2211 2177
f 2179 2178 2135
f 2163 2133 2142
f 2224 2225 2204
f 2212 2222 2151
f 2226 2224 2204
f 2227 2179 2135
f 2228 2229 2230
f 2213 2216 2231
f 2231 2233 2213
f 2166 2177 2145
f 2177 2166 2161
f 2233 2231 2234
f 2235 2214 2213
f 2236 2234 2231
f 2221 2237 2219
f 2236 2231 2219
f 2219 2237 2236
f 2212 2215 2222
f 2205 2201 2200
f 2222 2215 2232
f 2238 2232 2215
f 2216 2213 2211
f 2227 2210 2179
f 2133 2184 1977
f 2235 2238 2215
f 2240 2210 2227
f 2177 2164 2217
f 2220 2217 2164
f 2242 2243 2233
f 2242 2233 2244
f 2169 2220 2164
f 2236 2239 2245
f 2191 2169 2171
f 2244 2246 2242
f 2238 2235 2247
f 2241 2238 2247
f 2211 2214 2215
f 2169 2191 2220
f 1918 2131 1979
f 2249 2216 2217
f 2135 2240 2227
f 2213 2243 2250
f 2215 2214 2235
f 2253 2192 2202
f 2249 2231 2216
f 2192 2253 2191
f 2219 2217 2220
f 2220 2254 2218
f 2225 2253 2202
f 2204 2225 2202
f 2239 2236 2237
f 2219 2231 2249
f 2251 2252 2136
f 2191 2254 2220
f 2228 2243 2256
f 2244 2234 2246
f 2234 2245 2246
f 2230 2241 2247
f 2230 2247 2250
f 2253 2254 2191
f 2257 2246 2245
f 2236 2245 2234
f 2223 2253 2225
f 2219 2249 2217
f 2250 2247 2235
f 2223 2225 2224
f 2233 2243 2213
f 2250 2235 2213
f 2233 2234 2244
f 2242 2246 2259
f 2242 2259 2243
f 2206 2205 2207
f 2206 2208 2205
f 2210 2173 2179
f 2258 2209 2210
f 2245 2260 2257
f 2230 2255 2241
f 2240 2258 2210
f 2243 2230 2250
f 2230 2229 2255
f 2260 2245 2248
f 2228 2230 2243
f 2245 2239 2248
f 2261 2262 2263
f 2263 2264 2256
f 2265 2266 2267
f 2266 2268 2267
f 2263 2256 2269
f 2265 2267 2260
f 2269 2268 2261
f 2269 2261 2263
f 2270 2271 2272
f 2273 2270 2274
f 2268 2269 2259
f 2275 2274 2276
f 2272 2262 2261
f 2272 2277 2262
f 2272 2271 2278
f 2279 2276 2265
f 2276 2266 2265
f 2274 2275 2273
f 2274 2270 2261
f 2270 2272 2261
f 2280 2281 2276
f 2274 2261 2276
f 2280 2276 2279
f 2278 2282 2283
f 2275 2276 2281
f 2271 2270 2284
f 2273 2284 2270
f 2278 2271 2282
f 2285 2286 2287
f 2278 2283 2277
f 2257 2259 2246
f 2259 2257 2267
f 2284 2282 2271
f 2257 2260 2267
f 2229 2228 2264
f 2290 2280 2291
f 2281 2280 2290
f 2287 2286 2288
f 2273 2292 2284
f 2290 2275 2281
f 2259 2267 2268
f 2263 2262 2289
f 2285 2287 2282
f 2293 2290 2291
f 2294 2284 2292
f 2289 2262 2277
f 2266 2276 2268
f 2268 2276 2261
f 2272 2278 2277
f 2287 2288 2283
f 2294 2282 2284
f 2283 2282 2287
f 2294 2285 2282
f 2286 2285 2297
f 2295 2286 2298
f 2294 2297 2285
f 2243 2259 2256
f 2302 2303 2304
f 2302 2305 2303
f 2256 2264 2228
f 2307 2308 2306
f 2259 2269 2256
f 2294 2309 2297
f 2310 2297 2309
f 2309 2294 2312
f 2296 2298 2299
f 2308 2307 2313
f 2313 2307 2312
f 2296 2295 2298
f 2311 2304 2293
f 2306 2308 2300
f 2304 2311 2302
f 2312 2310 2309
f 2306 2299 2307
f 2314 2308 2313
f 2300 2308 2314
f 2298 2310 2299
f 2275 2292 2273
f 2307 2299 2310
f 2310 2298 2297
f 2303 2292 2275
f 2305 2312 2303
f 2297 2298 2286
f 2305 2313 2312
f 2275 2290 2293
f 2305 2314 2313
f 2310 2312 2307
f 2293 2303 2275
f 2305 2301 2314
f 2301 2305 2302
f 2292 2312 2294
f 2303 2312 2292
f 2314 2301 2300
f 2303 2293 2304
f 1869 1862 2315
f 1876 1869 2316
f 1877 1876 2318
f 1913 1914 1632
f 1897 1877 2320
f 1910 1915 1584
f 1927 1929 2322
f 1952 1951 2324
f 1928 1927 2323
f 1915 1947 1588
f 1923 1922 2327
f 1970 1928 2326
f 2005 2002 2330
f 1929 2009 2332
f 1988 1970 2334
f 2002 1988 2336
f 1974 1948 2338
f 1951 1974 2339
f 1922 1952 2341
f 1948 1897 2342
f 2043 1997 2343
f 2050 2048 2345
f 2048 2043 2347
f 1997 2046 2349
f 2009 2010 2350
f 2071 2072 1634
f 2072 2074 1597
f 2010 2058 2351
f 2046 2073 2353
f 2073 1923 2355
f 2085 2083 2356
f 1947 1976 1595
f 2112 2113 1636
f 2115 2112 1635
f 2111 2107 2359
f 2113 2111 1637
f 2058 2085 2357
f 2079 2071 1633
f 2107 2090 2362
f 2083 2005 2363
f 2074 2115 2365
f 1976 2079 1638
f 2090 2050 2346
f 2154 2155 1640
f 1908 1910 1602
f 2138 1908 1641
f 1914 2138 1841
f 2182 2154 1639
f 2180 2182 1843
f 2186 2180 1604
f 2198 1913 1606
f 2155 2198 1643
f 2206 2207 1622
f 2189 2186 1642
f 2200 2189 1612
f 2223 2224 1644
f 2224 2226 1616
f 2205 2200 1610
f 2237 2221 2367
f 2239 2237 2369
f 2253 2223 1845
f 2226 2204 1620
f 2204 2203 1624
f 2254 2253 1645
f 2207 2205 1614
f 2218 2254 1618
f 2203 2208 1628
f 2208 2206 1631
f 2221 2218 1630
f 2248 2239 2371
f 2265 2260 2373
f 2260 2248 2375
f 2279 2265 2376
f 2280 2279 2378
f 2293 2291 2380
f 2291 2280 2379
f 2311 2293 2381
f 2306 2300 2384
f 2302 2311 2386
f 2300 2301 2388
f 2301 2302 2387
f 2315 2316 1869
f 2316 2317 1876
f 2318 2319 1877
f 1632 1607 1913
f 2320 2321 1897
f 1584 1603 1910
f 2322 2323 1927
f 2324 2325 1952
f 2323 2326 1928
f 1588 1585 1915
f 2327 2328 1923
f 2326 2329 1970
f 2330 2331 2005
f 2332 2333 1929
f 2334 2335 1988
f 2336 2337 2002
f 2338 2339 1974
f 2339 2340 1951
f 2341 2327 1922
f 2342 2338 1948
f 2343 2344 2043
f 2345 2346 2050
f 2347 2348 2048
f 2349 2343 1997
f 2350 2332 2009
f 1634 1633 2071
f 1597 1634 2072
f 2351 2352 2010
f 2353 2354 2046
f 2355 2353 2073
f 2356 2357 2085
f 1595 1592 1947
f 1636 1635 2112
f 1635 2358 2115
f 2359 2360 2111
f 1637 1636 2113
f 2357 2361 2058
f 1633 1638 2079
f 2362 2359 2107
f 2363 2364 2083
f 2365 1594 2074
f 1638 1596 1976
f 2346 2366 2090
f 1640 1639 2154
f 1602 1641 1908
f 1641 1600 2138
f 1841 1632 1914
f 1639 1844 2182
f 1843 1605 2180
f 1604 1642 2186
f 1606 1643 2198
f 1643 1640 2155
f 1622 1609 2206
f 1642 1613 2189
f 1612 1611 2200
f 1644 1848 2223
f 1616 1644 2224
f 1610 1615 2205
f 2367 2368 2237
f 2369 2370 2239
f 1845 1645 2253
f 1620 1617 2226
f 1624 1621 2204
f 1645 1619 2254
f 1614 1623 2207
f 1618 1627 2218
f 1628 1625 2203
f 1631 1629 2208
f 1630 2367 2221
f 2371 2372 2248
f 2373 2374 2265
f 2375 2373 2260
f 2376 2377 2279
f 2378 2379 2280
f 2380 2381 2293
f 2379 2382 2291
f 2381 2383 2311
f 2384 2385 2306
f 2386 2387 2302
f 2388 2389 2300
f 2387 2390 2301
f 1876 2317 2391
f 1897 2392 2342
f 1876 2391 2393
f 1876 2393 2318
f 1915 1585 1584
f 1877 2319 2320
f 1897 2321 2392
f 1947 1587 1586
f 1952 2325 2341
f 1947 1586 1588
f 1970 2329 2334
f 1988 2335 2336
f 1995 1589 1840
f 2002 2337 2330
f 1929 2333 2394
f 1929 2394 2322
f 1951 2340 2395
f 1995 1590 1589
f 1951 2395 2396
f 2005 2331 2363
f 1951 2396 2324
f 1995 1840 1591
f 2048 2348 2345
f 2046 2354 2349
f 1995 1591 1590
f 2043 2344 2397
f 2043 2397 2347
f 1947 1592 1587
f 2010 2398 2350
f 2010 2352 2398
f 1923 2328 2399
f 1923 2399 2355
f 2115 2358 2400
f 2111 2360 1637
f 2115 2400 2401
f 2058 2361 2351
f 2083 2364 2356
f 2115 2401 2365
f 2090 2402 2362
f 2090 2366 2402
f 2074 1594 1593
f 1976 1596 1595
f 2074 1598 1597
f 2074 1593 1598
f 2138 1600 1599
f 2138 1842 1841
f 2138 1601 1842
f 2138 1599 1601
f 1910 1603 1602
f 2182 1844 1843
f 2180 1605 1604
f 1913 1607 1606
f 2206 1609 1608
f 2200 1611 1610
f 2189 1613 1612
f 2223 1846 1845
f 2223 1847 1846
f 2223 1848 1847
f 2205 1615 1614
f 2226 1617 1616
f 2239 2403 2371
f 2239 2370 2404
f 2248 2372 2405
f 2237 2368 2369
f 2239 2404 2406
f 2248 2405 2375
f 2239 2406 2403
f 2254 1619 1618
f 2204 1621 1620
f 2207 1623 1622
f 2203 1625 1624
f 2218 1627 1626
f 2208 1629 1628
f 2218 1626 1630
f 2206 1608 1631
f 2265 2374 2376
f 2291 2382 2380
f 2279 2377 2407
f 2279 2407 2378
f 2300 2389 2408
f 2301 2390 2388
f 2311 2383 2409
f 2300 2408 2384
f 2311 2410 2386
f 2311 2409 2410
f 1849 1850 2411
f 1850 1851 2413
f 1851 1852 2414
f 1855 1854 2416
f 1890 1855 2418
f 1853 1890 2419
f 1852 1853 2421
f 1983 1984 2423
f 1857 1990 272
f 2001 2000 2425
f 1990 1980 252
f 1854 1856 2427
f 2018 2019 256
f 1856 2022 2429
f 2027 2028 2431
f 2029 2030 2433
f 2023 2035 2435
f 2031 1971 2437
f 1984 2031 2439
f 2022 2024 2441
f 2024 2023 2443
f 2062 2001 2445
f 2028 2033 2447
f 2033 2029 2449
f 2035 2062 2446
f 2093 2097 260
f 2088 2026 2452
f 2000 2060 2453
f 2019 1857 271
f 2121 2088 1834
f 2032 2093 273
f 2060 2032 2455
f 2030 2018 324
f 2097 2129 1837
f 1971 1972 2458
f 2129 2121 1836
f 2026 2027 2459
f 1972 1983 2424
f 2150 2152 274
f 2149 2150 1835
f 1979 2199 275
f 2199 2134 264
f 2134 2209 2461
f 2178 2149 1838
f 2152 2151 2462
f 2135 2178 276
f 2151 2222 2465
f 2222 2232 2466
f 1980 1979 268
f 2240 2135 2468
f 2232 2238 2470
f 2238 2241 2471
f 2252 2251 2472
f 2251 2136 2474
f 2241 2255 2476
f 2136 2252 2478
f 2209 2258 2480
f 2258 2240 2469
f 2255 2229 2482
f 2229 2264 2484
f 2277 2283 2486
f 2289 2277 2488
f 2283 2288 2490
f 2295 2296 2491
f 2264 2263 2493
f 2288 2286 2494
f 2263 2289 2496
f 2296 2299 2497
f 2286 2295 2499
f 2299 2306 2501
f 2411 2412 1849
f 2413 2411 1850
f 2414 2415 1851
f 2416 2417 1855
f 2418 2419 1890
f 2419 2420 1853
f 2421 2422 1852
f 2423 2424 1983
f 272 271 1857
f 2425 2426 2001
f 252 272 1990
f 2427 2428 1854
f 256 259 2018
f 2429 2430 1856
f 2431 2432 2027
f 2433 2434 2029
f 2435 2436 2023
f 2437 2438 2031
f 2439 2440 1984
f 2441 2442 2022
f 2443 2444 2024
f 2445 2446 2062
f 2447 2448 2028
f 2449 2450 2033
f 2446 2451 2035
f 260 273 2093
f 2452 1833 2088
f 2453 2454 2000
f 271 258 2019
f 1834 1836 2121
f 273 255 2032
f 2455 2456 2060
f 324 2457 2030
f 1837 1832 2097
f 2458 2437 1971
f 1836 1837 2129
f 2459 2460 2026
f 2424 2458 1972
f 274 267 2150
f 1835 1838 2149
f 275 269 1979
f 264 275 2199
f 2461 270 2134
f 1838 276 2178
f 2462 2463 2152
f 276 2464 2135
f 2465 2462 2151
f 2466 2467 2222
f 268 263 1980
f 2468 2469 2240
f 2470 2466 2232
f 2471 2470 2238
f 2472 2473 2252
f 2474 2475 2251
f 2476 2477 2241
f 2478 2479 2136
f 2480 2461 2209
f 2469 2481 2258
f 2482 2483 2255
f 2484 2485 2229
f 2486 2487 2277
f 2488 2489 2289
f 2490 2486 2283
f 2491 2492 2295
f 2493 2484 2264
f 2494 2495 2288
f 2496 2493 2263
f 2497 2498 2296
f 2499 2500 2286
f 2501 2497 2299
f 1849 2412 2502
f 1851 2503 2413
f 1851 2415 2503
f 1852 2422 2414
f 1853 2504 2421
f 1853 2420 2504
f 1856 2430 2427
f 1855 2417 2505
f 1854 2428 2416
f 1855 2505 2418
f 2000 2506 2425
f 1980 253 252
f 2022 2442 2429
f 2023 2436 2443
f 2024 2444 2441
f 2000 2454 2507
f 2026 2460 2508
f 1984 2509 2423
f 1984 2440 2509
f 2000 2507 2506
f 2027 2432 2510
f 2026 2508 2511
f 2029 2512 2449
f 2029 2434 2512
f 2031 2438 2513
f 2031 2513 2439
f 2028 2514 2431
f 2032 255 254
f 2028 2448 2514
f 2026 2511 2515
f 2026 2515 2452
f 2033 2450 2447
f 2030 2457 2433
f 2019 257 256
f 2035 2451 2516
f 2019 258 257
f 2035 2516 2435
f 2018 259 324
f 2001 2426 2445
f 2097 1832 260
f 2088 1833 261
f 2032 254 2455
f 2060 2456 2453
f 1980 263 262
f 1980 262 253
f 2088 261 1834
f 2027 2510 2459
f 2134 265 264
f 2134 266 265
f 2135 2464 2517
f 2136 2518 2474
f 2150 267 1835
f 1979 269 268
f 2136 2479 2518
f 2134 270 266
f 2152 2463 274
f 2222 2467 2465
f 2241 2519 2471
f 2135 2517 2468
f 2251 2475 2472
f 2252 2473 2520
f 2252 2520 2478
f 2241 2477 2519
f 2255 2483 2521
f 2255 2521 2476
f 2258 2481 2522
f 2258 2522 2480
f 2229 2485 2482
f 2277 2487 2523
f 2288 2495 2490
f 2289 2489 2496
f 2277 2523 2488
f 2286 2500 2494
f 2295 2492 2499
f 2296 2524 2491
f 2296 2498 2524
f 2525 2526 2527
f 2528 2526 2525
f 2531 2535 2536
f 2531 2534 2535
f 2535 2534 2537
f 2536 2532 2531
f 2528 2525 2533
f 2540 2530 2539
f 2541 2530 2540
f 2542 2537 2534
f 2543 2544 2538
f 2538 2544 2545
f 2541 2529 2530
f 2529 2541 2527
f 2541 2539 2546
f 2540 2539 2541
f 2525 2541 2546
f 2537 2542 2543
f 2547 2543 2542
f 2548 2525 2549
f 2525 2548 2533
f 2537 2536 2535
f 2546 2539 2544
f 2537 2538 2536
f 2537 2543 2538
f 2549 2543 2547
f 2525 2527 2541
f 2544 2543 2546
f 2549 2546 2543
f 2525 2546 2549
f 2542 2534 2551
f 2533 2548 2553
f 2549 2547 2555
f 2548 2549 2557
f 2547 2542 2559
f 2551 2552 2542
f 2553 2554 2533
f 2555 2556 2549
f 2557 2558 2548
f 2559 2555 2547
f 2534 2560 2551
f 2542 2552 2559
f 2549 2556 2557
f 2548 2558 2553
f 2533 2554 2561
f 2533 2561 2550
f 2531 2532 2562
f 2534 2531 2564
f 2560 2534 2567
f 2562 2563 2531
f 2564 2565 2534
f 2566 2562 2532
f 2567 2568 2560
f 2531 2569 2564
f 2534 2565 2570
f 2531 2563 2569
f 2534 2570 2571
f 2534 2571 2567
f 2526 2528 2572
f 2529 2527 2574
f 2527 2526 2577
f 2528 2533 2578
f 2533 2550 2580
f 2572 2573 2526
f 2574 2575 2529
f 2577 2574 2527
f 2578 2579 2528
f 2580 2578 2533
f 2526 2582 2577
f 2529 2575 2576
f 2528 2579 2572
f 2526 2573 2582
f 2550 2581 2580
f 2536 2538 2584
f 2539 2530 1235
f 2532 2536 2586
f 2544 2539 1241
f 2538 2545 2588
f 2545 2544 1231
f 2566 2532 2587
f 2530 2529 1237
f 2529 2576 1239
f 2584 2585 2536
f 1235 1241 2539
f 2586 2587 2532
f 1241 1232 2544
f 2588 2589 2538
f 1231 1230 2545
f 2587 2590 2566
f 1237 1238 2530
f 1239 1234 2529
f 2536 2585 2586
f 2538 2589 2584
f 2545 1230 2588
f 2544 1232 1231
f 2566 2590 2591
f 2529 1234 1233
f 2530 1236 1235
f 2529 1233 1237
f 2530 1238 1236
f 2576 1240 1239
f 2608 2596 2609
f 2610 2596 2608
f 2618 2599 2600
f 2601 2618 2602
f 2619 2602 2618
f 2619 2620 2602
f 2621 2620 2619
f 2622 2598 2623
f 2622 2624 2598
f 2625 2623 2626
f 2613 2612 2627
f 2627 2628 2629
f 2603 2629 2630
f 2628 2631 2629
f 2599 2618 2601
f 2629 2631 2630
f 2632 2622 2625
f 2619 2618 2621
f 2613 2629 2603
f 2625 2633 2632
f 2634 2635 2636
f 2603 2637 2606
f 2630 2637 2603
f 2626 2623 2620
f 2638 2604 2605
f 2638 2605 2639
f 2638 2639 2640
f 2637 2630 2631
f 2631 2641 2637
f 2641 2631 2643
f 2627 2604 2638
f 2644 2607 2606
f 2641 2606 2637
f 2644 2606 2641
f 2640 2627 2638
f 2627 2612 2604
f 2623 2598 2602
f 2628 2627 2640
f 2623 2602 2620
f 2642 2639 2605
f 2642 2645 2639
f 2646 2639 2645
f 2628 2640 2639
f 2639 2631 2628
f 2622 2632 2624
f 2647 2643 2648
f 2649 2650 2651
f 2652 2634 2653
f 2654 2653 2634
f 2646 2631 2639
f 2654 2655 2653
f 2656 2653 2655
f 2646 2643 2631
f 2625 2626 2633
f 2653 2657 2658
f 2659 2660 2661
f 2627 2629 2613
f 2654 2634 2651
f 2662 2652 2653
f 2654 2651 2663
f 2650 2663 2651
f 2664 2662 2665
f 2664 2666 2662
f 2664 2665 2667
f 2625 2622 2623
f 2635 2648 2669
f 2611 2607 2670
f 2652 2635 2634
f 2648 2635 2652
f 2616 2659 2661
f 2660 2671 2661
f 2662 2653 2658
f 2665 2662 2658
f 2624 2632 2649
f 2666 2648 2652
f 2662 2666 2652
f 2667 2671 2660
f 2665 2672 2667
f 2656 2657 2653
f 2657 2673 2658
f 2667 2672 2671
f 2624 2635 2642
f 2648 2675 2647
f 2666 2675 2648
f 2676 2670 2675
f 2677 2670 2676
f 2647 2644 2641
f 2636 2624 2649
f 2636 2635 2624
f 2611 2670 2677
f 2666 2676 2675
f 2649 2632 2633
f 2650 2668 2663
f 2671 2616 2661
f 2641 2643 2647
f 2675 2644 2647
f 2674 2672 2665
f 2610 2672 2674
f 2607 2644 2670
f 2678 2659 2677
f 2649 2633 2650
f 2678 2660 2659
f 2649 2651 2636
f 2634 2636 2651
f 2674 2597 2610
f 2615 2677 2659
f 2664 2667 2678
f 2667 2660 2678
f 2669 2645 2642
f 2642 2635 2669
f 2664 2678 2666
f 2643 2646 2645
f 2678 2677 2676
f 2669 2643 2645
f 2669 2648 2643
f 2616 2615 2659
f 2674 2665 2658
f 2678 2676 2666
f 2675 2670 2644
f 2679 2654 2663
f 2680 2616 2671
f 2680 2671 2672
f 2614 2616 2680
f 2611 2677 2615
f 2608 2614 2680
f 2663 2673 2679
f 2679 2655 2654
f 2679 2673 2655
f 2655 2657 2656
f 2663 2658 2673
f 2655 2673 2657
f 2610 2608 2680
f 2672 2610 2680
f 2610 2597 2596
f 2600 2599 2681
f 2599 2601 2683
f 2601 2602 2685
f 2605 2604 2687
f 2606 2607 2560
f 2607 2611 2592
f 2612 2613 2690
f 2613 2603 2692
f 2611 2615 2559
f 2615 2616 2595
f 2598 2624 2694
f 2603 2606 2696
f 2642 2605 2698
f 2624 2642 2699
f 2604 2612 2700
f 2602 2598 2702
f 2616 2614 2553
f 2614 2608 2561
f 2608 2609 2550
f 2681 2682 2600
f 2683 2684 2599
f 2685 2686 2601
f 2687 2688 2605
f 2560 2689 2606
f 2592 2560 2607
f 2690 2691 2612
f 2692 2690 2613
f 2559 2552 2611
f 2595 2594 2615
f 2694 2695 2598
f 2696 2697 2603
f 2698 2699 2642
f 2699 2694 2624
f 2700 2701 2604
f 2702 2685 2602
f 2553 2558 2616
f 2561 2554 2614
f 2550 2561 2608
f 2598 2703 2702
f 2598 2695 2703
f 2599 2704 2681
f 2599 2684 2704
f 2601 2686 2683
f 2603 2705 2692
f 2603 2697 2705
f 2604 2701 2687
f 2606 2689 2696
f 2612 2691 2706
f 2611 2552 2592
f 2614 2554 2553
f 2615 2594 2593
f 2616 2558 2595
f 2615 2593 2559
f 2605 2688 2698
f 2612 2706 2700
f 2600 2617 2707
f 2618 2600 2708
f 2621 2618 2709
f 2620 2621 2711
f 2626 2620 2713
f 2668 2650 2715
f 2633 2626 2717
f 2674 2658 2719
f 2663 2668 2721
f 2650 2633 2718
f 2658 2663 2724
f 2707 2708 2600
f 2708 2709 2618
f 2709 2710 2621
f 2711 2712 2620
f 2713 2714 2626
f 2715 2716 2668
f 2717 2718 2633
f 2719 2720 2674
f 2721 2722 2663
f 2718 2723 2650
f 2724 2725 2658
f 2621 2710 2711
f 2617 2728 2707
f 2620 2712 2713
f 2626 2714 2729
f 2626 2729 2717
f 2650 2723 2715
f 2674 2720 2726
f 2658 2725 2719
f 2668 2716 2721
f 2663 2722 2730
f 2663 2730 2724
f 2596 2597 2731
f 2597 2674 2733
f 2609 2596 2735
f 2550 2609 2737
f 2674 2726 2738
f 2726 2727 2739
f 2731 2732 2596
f 2733 2734 2597
f 2735 2736 2609
f 2737 2581 2550
f 2738 2733 2674
f 2739 2738 2726
f 2597 2734 2740
f 2597 2740 2731
f 2596 2732 2741
f 2596 2741 2735
f 2609 2736 2737
f 2727 2742 2739
f 2617 2600 2743
f 2600 2682 2745
f 2682 2693 2746
f 2728 2617 2748
f 2743 2744 2617
f 2745 2743 2600
f 2746 2745 2682
f 2748 2749 2728
f 2617 2744 2750
f 2693 2751 2746
f 2693 2747 2751
f 2617 2750 2752
f 2617 2752 2748
f 2753 2754 2708
f 2753 2708 2707
f 2754 2755 2709
f 2754 2709 2708
f 2755 2756 2710
f 2755 2710 2709
f 2757 2758 2712
f 2757 2712 2711
f 2759 2760 2714
f 2759 2714 2713
f 2761 2762 2716
f 2761 2716 2715
f 2763 2764 2718
f 2763 2718 2717
f 2765 2766 2720
f 2765 2720 2719
f 2767 2768 2722
f 2767 2722 2721
f 2764 2769 2723
f 2764 2723 2718
f 2771 2772 2727
f 2771 2727 2726
f 2756 2757 2711
f 2756 2711 2710
f 2773 2753 2707
f 2773 2707 2728
f 2758 2759 2713
f 2758 2713 2712
f 2760 2774 2729
f 2760 2729 2714
f 2774 2763 2717
f 2774 2717 2729
f 2769 2761 2715
f 2769 2715 2723
f 2766 2771 2726
f 2766 2726 2720
f 2770 2765 2719
f 2770 2719 2725
f 2762 2767 2721
f 2762 2721 2716
f 2768 2775 2730
f 2768 2730 2722
f 2776 2777 2732
f 2776 2732 2731
f 2778 2779 2734
f 2778 2734 2733
f 2780 2736 2735
f 2737 2583 2581
f 2781 2778 2733
f 2781 2733 2738
f 2782 2781 2738
f 2782 2738 2739
f 2779 2783 2740
f 2779 2740 2734
f 2783 2776 2731
f 2783 2731 2740
f 2777 2784 2741
f 2777 2741 2732
f 2784 2780 2735
f 2784 2735 2741
f 2772 2785 2742
f 2772 2742 2727
f 2785 2782 2739
f 2785 2739 2742
f 2786 2787 2744
f 2786 2744 2743
f 2788 2786 2743
f 2788 2743 2745
f 2789 2788 2745
f 2789 2745 2746
f 2792 2791 2749
f 2792 2749 2748
f 2787 2793 2750
f 2787 2750 2744
f 2794 2789 2746
f 2794 2746 2751
f 2790 2794 2751
f 2790 2751 2747
f 2793 2795 2752
f 2793 2752 2750
f 2795 2792 2748
f 2795 2748 2752
f 2808 2809 2810
f 2811 2809 2808
f 2812 2809 2811
f 2807 2801 2813
f 2801 2807 2805
f 2816 2813 2801
f 2813 2817 2807
f 2818 2819 2813
f 2820 2814 2810
f 2821 2822 2823
f 2820 2824 2814
f 2826 2825 2827
f 2825 2828 2827
f 2829 2824 2820
f 2809 2820 2810
f 2820 2809 2830
f 2812 2815 2830
f 2808 2826 2827
f 2810 2826 2808
f 2813 2816 2818
f 2816 2831 2818
f 2818 2808 2832
f 2831 2808 2818
f 2811 2831 2816
f 2832 2828 2804
f 2808 2831 2811
f 2833 2834 2835
f 2832 2827 2828
f 2834 2836 2835
f 2808 2827 2832
f 2807 2817 2806
f 2837 2838 2839
f 2812 2830 2809
f 2840 2838 2841
f 2837 2842 2838
f 2810 2814 2826
f 2842 2841 2838
f 2821 2844 2822
f 2822 2844 2824
f 2846 2836 2834
f 2840 2822 2824
f 2818 2832 2819
f 2819 2817 2813
f 2819 2832 2806
f 2806 2817 2819
f 2848 2830 2849
f 2849 2850 2848
f 2822 2851 2823
f 2840 2851 2822
f 2837 2852 2833
f 2833 2835 2853
f 2850 2837 2839
f 2835 2854 2853
f 2837 2850 2849
f 2837 2853 2842
f 2853 2837 2833
f 2849 2852 2837
f 2851 2840 2841
f 2843 2833 2852
f 2843 2834 2833
f 2848 2850 2839
f 2829 2840 2824
f 2854 2841 2842
f 2842 2853 2854
f 2838 2840 2829
f 2839 2838 2829
f 2830 2829 2820
f 2848 2829 2830
f 2848 2839 2829
f 2847 2854 2835
f 2812 2811 2702
f 2815 2812 2703
f 2801 2802 2681
f 2816 2801 2704
f 2811 2816 2683
f 2834 2843 2692
f 2846 2834 2705
f 2849 2830 2687
f 2843 2852 2706
f 2830 2815 2698
f 2852 2849 2700
f 2702 2703 2812
f 2703 2695 2815
f 2681 2704 2801
f 2704 2684 2816
f 2683 2686 2811
f 2692 2705 2834
f 2705 2697 2846
f 2687 2701 2849
f 2706 2691 2843
f 2698 2688 2830
f 2700 2706 2852
f 2802 2682 2681
f 2816 2684 2683
f 2811 2686 2685
f 2830 2688 2687
f 2843 2691 2690
f 2843 2690 2692
f 2802 2693 2682
f 2815 2695 2694
f 2846 2697 2696
f 2815 2699 2698
f 2815 2694 2699
f 2849 2701 2700
f 2811 2685 2702
f 2835 2836 2797
f 2836 2846 2570
f 2847 2835 2800
f 2846 2696 2571
f 2696 2689 2567
f 2797 2800 2835
f 2570 2565 2836
f 2800 2563 2847
f 2571 2570 2846
f 2567 2571 2696
f 2847 2563 2796
f 2836 2565 2797
f 2847 2796 2798
f 2689 2799 2567
f 2807 2806 2855
f 2803 2805 2858
f 2801 2805 2860
f 2832 2804 2862
f 2805 2807 2856
f 2806 2832 2863
f 2805 2803 2866
f 2802 2801 2867
f 2693 2802 2869
f 2855 2856 2807
f 2858 2859 2803
f 2860 2861 2801
f 2862 2863 2832
f 2856 2864 2805
f 2863 2865 2806
f 2866 2860 2805
f 2867 2868 2802
f 2869 2747 2693
f 2804 2870 2862
f 2805 2871 2858
f 2805 2864 2871
f 2806 2865 2855
f 2803 2857 2866
f 2801 2861 2872
f 2801 2872 2873
f 2801 2873 2867
f 2802 2868 2869
f 2876 2877 2861
f 2876 2861 2860
f 2878 2879 2863
f 2878 2863 2862
f 2879 2880 2865
f 2879 2865 2863
f 2881 2876 2860
f 2881 2860 2866
f 2882 2883 2868
f 2882 2868 2867
f 2884 2790 2747
f 2884 2747 2869
f 2885 2878 2862
f 2885 2862 2870
f 2880 2874 2855
f 2880 2855 2865
f 2875 2881 2866
f 2875 2866 2857
f 2877 2886 2872
f 2877 2872 2861
f 2886 2887 2873
f 2886 2873 2872
f 2887 2882 2867
f 2887 2867 2873
f 2883 2884 2869
f 2883 2869 2868
f 2814 2824 2888
f 2828 2825 2890
f 2825 2826 2892
f 2821 2823 2894
f 2826 2814 2896
f 2804 2828 2891
f 2844 2821 2899
f 2824 2844 2901
f 2844 2845 2902
f 2845 2844 2900
f 2823 2851 2904
f 2851 2841 2906
f 2841 2854 2908
f 2854 2847 2909
f 2847 2798 2911
f 2857 2803 2912
f 2870 2804 2914
f 2803 2859 2913
f 2875 2857 2916
f 2885 2870 2918
f 2888 2889 2814
f 2890 2891 2828
f 2892 2893 2825
f 2894 2895 2821
f 2896 2897 2826
f 2891 2898 2804
f 2899 2900 2844
f 2901 2888 2824
f 2902 2901 2844
f 2900 2903 2845
f 2904 2905 2823
f 2906 2907 2851
f 2908 2906 2841
f 2909 2910 2854
f 2911 2909 2847
f 2912 2913 2857
f 2914 2913 2870
f 2913 2915 2803
f 2916 2917 2875
f 2918 2919 2885
f 2821 2895 2899
f 2823 2920 2894
f 2825 2921 2890
f 2823 2905 2920
f 2845 2903 2922
f 2851 2907 2904
f 2845 2922 2902
f 2854 2910 2908
f 2798 2591 2911
f 2803 2923 2924
f 2814 2889 2925
f 2814 2926 2896
f 2825 2893 2927
f 2825 2928 2921
f 2804 2898 2929
f 2826 2930 2892
f 2826 2897 2931
f 2814 2925 2926
f 2825 2927 2928
f 2804 2929 2932
f 2826 2931 2930
f 2803 2933 2923
f 2803 2924 2912
f 2804 2932 2914
f 2803 2915 2933
f 2857 2913 2916
f 2870 2913 2918
f 2583 2934 2737
f 2935 2936 2937
f 2938 2939 2940
f 2941 2939 2942
f 2941 2940 2939
f 2945 2946 2947
f 2948 2943 2944
f 2947 2943 2948
f 2947 2946 2943
f 2947 2942 2951
f 2942 2948 2941
f 2942 2947 2948
f 2945 2950 2946
f 2945 2947 2951
f 2949 2950 2945
f 2952 2953 2938
f 2952 2954 2953
f 2942 2939 2958
f 2959 2958 2939
f 2958 2951 2942
f 2936 2951 2958
f 2960 2953 2954
f 2960 2939 2953
f 2959 2939 2960
f 2959 2960 2961
f 2955 2960 2954
f 2953 2939 2938
f 2958 2959 2937
f 2937 2936 2958
f 2956 2957 2952
f 2937 2959 2961
f 2965 2937 2961
f 2938 2956 2952
f 2962 2965 2961
f 2965 2935 2937
f 2965 2962 2964
f 2964 2963 2965
f 2963 2935 2965
f 2960 2955 2967
f 2961 2960 2968
f 2962 2961 2970
f 2952 2957 2972
f 2954 2952 2974
f 2955 2954 2975
f 2964 2962 2971
f 2967 2968 2960
f 2968 2969 2961
f 2970 2971 2962
f 2972 2973 2952
f 2974 2975 2954
f 2975 2977 2955
f 2971 2978 2964
f 2980 2967 2955
f 2957 2966 2972
f 2961 2969 2970
f 2952 2973 2974
f 2964 2978 2976
f 2955 2977 2985
f 2980 2955 2987
f 2977 2979 2989
f 2981 2980 2988
f 2979 2982 2991
f 2983 2981 2993
f 2982 2984 2995
f 2985 2986 2955
f 2987 2988 2980
f 2989 2985 2977
f 2988 2990 2981
f 2991 2992 2979
f 2993 2994 2983
f 2995 2991 2982
f 2955 2986 2987
f 2981 2990 2993
f 2979 2992 2989
f 2983 2994 2996
f 2984 2997 2995
f 2983 2996 2998
f 2938 2940 2999
f 2941 2948 3001
f 2940 2941 3003
f 2948 2944 3005
f 2957 2956 3007
f 2956 2938 3000
f 2966 2957 3012
f 2999 3000 2938
f 3001 3002 2941
f 3003 3004 2940
f 3005 3006 2948
f 3007 3008 2957
f 3000 3009 2956
f 3010 3011 2944
f 3012 3013 2966
f 2940 3004 2999
f 2948 3014 3001
f 2941 3002 3003
f 2944 3011 3005
f 2956 3009 3015
f 2948 3006 3014
f 2957 3008 3016
f 2956 3015 3007
f 2957 3016 3012
f 2944 2943 3035
f 2946 2950 3037
f 2943 2946 3041
f 3010 2944 3043
f 3035 3036 2944
f 3037 3038 2946
f 3039 3040 2950
f 3041 3042 2943
f 3043 3044 3010
f 2944 3036 3043
f 2946 3038 3045
f 2950 3040 3037
f 2943 3042 3035
f 2946 3045 3046
f 2946 3046 3041
f 3010 3044 3047
f 2936 2935 3048
f 2949 2945 3050
f 2950 2949 3052
f 2945 2951 3054
f 2951 2936 3055
f 2963 2964 3056
f 2935 2963 3058
f 2964 2976 3060
f 3039 2950 3053
f 3048 3049 2936
f 3050 3051 2949
f 3052 3053 2950
f 3054 3050 2945
f 3055 3054 2951
f 3056 3057 2963
f 3058 3059 2935
f 3060 3056 2964
f 3053 3062 3039
f 2935 3063 3048
f 2949 3064 3052
f 2949 3051 3064
f 2963 3057 3058
f 2936 3049 3055
f 2935 3059 3063
f 2976 3061 3060
f 3039 3062 3065
f 3022 3021 3069
f 3025 3024 3071
f 3027 3029 3073
f 3034 3032 3075
f 3020 2967 3077
f 3021 3020 3078
f 2971 3022 3079
f 3024 3023 3081
f 3026 3025 3082
f 3028 3026 3083
f 3029 2971 3080
f 3030 3028 3084
f 2967 3031 3086
f 3031 2981 3087
f 3032 3030 3085
f 2981 3033 3088
f 2997 3034 3089
f 3033 3017 3066
f 3023 3019 3091
f 3019 3018 3068
f 3061 3027 3093
f 3069 3070 3022
f 3071 3072 3025
f 3073 3074 3027
f 3075 3076 3034
f 3077 3078 3020
f 3078 3069 3021
f 3079 3080 2971
f 3081 3071 3024
f 3082 3083 3026
f 3083 3084 3028
f 3080 3073 3029
f 3084 3085 3030
f 3086 3077 2967
f 3087 3086 3031
f 3085 3075 3032
f 3088 3087 2981
f 3089 3067 2997
f 3066 3090 3033
f 3091 3092 3023
f 3068 3091 3019
f 3093 3094 3061
f 3022 3070 3079
f 3025 3072 3082
f 3027 3074 3095
f 3034 3076 3096
f 3033 3090 3088
f 3034 3096 3089
f 3023 3097 3081
f 3027 3095 3093
f 3101 3102 3070
f 3101 3070 3069
f 3103 3104 3072
f 3103 3072 3071
f 3105 3106 3074
f 3105 3074 3073
f 3107 3108 3076
f 3107 3076 3075
f 3109 3110 3078
f 3109 3078 3077
f 3110 3101 3069
f 3110 3069 3078
f 3111 3112 3080
f 3111 3080 3079
f 3113 3103 3071
f 3113 3071 3081
f 3114 3115 3083
f 3114 3083 3082
f 3115 3116 3084
f 3115 3084 3083
f 3112 3105 3073
f 3112 3073 3080
f 3116 3117 3085
f 3116 3085 3084
f 3118 3109 3077
f 3118 3077 3086
f 3119 3118 3086
f 3119 3086 3087
f 3117 3107 3075
f 3117 3075 3085
f 3120 3119 3087
f 3120 3087 3088
f 3121 3099 3067
f 3121 3067 3089
f 3098 3122 3090
f 3098 3090 3066
f 3123 3124 3092
f 3123 3092 3091
f 3100 3123 3091
f 3100 3091 3068
f 3126 3125 3094
f 3126 3094 3093
f 3102 3111 3079
f 3102 3079 3070
f 3104 3114 3082
f 3104 3082 3072
f 3106 3127 3095
f 3106 3095 3074
f 3108 3128 3096
f 3108 3096 3076
f 3122 3120 3088
f 3122 3088 3090
f 3128 3121 3089
f 3128 3089 3096
f 3129 3113 3081
f 3129 3081 3097
f 3124 3129 3097
f 3124 3097 3092
f 3127 3126 3093
f 3127 3093 3095
f 3303 3309 3310
f 3305 3309 3303
f 3311 3302 3310
f 3306 3304 3313
f 3304 3308 3313
f 3314 3315 3300
f 3301 3300 3315
f 3312 3315 3314
f 3310 3309 3315
f 3301 3315 3316
f 3311 3310 3315
f 3315 3312 3311
f 3316 3315 3309
f 3312 3302 3311
f 3313 3309 3306
f 3305 3306 3309
f 3307 3301 3308
f 3301 3313 3308
f 3309 3313 3301
f 3316 3309 3301
f 3331 3332 3333
f 3334 3333 3335
f 3336 3332 3337
f 3337 3332 3331
f 3337 3331 3339
f 3334 3341 3343
f 3334 3343 3342
f 3334 3342 3344
f 3344 3333 3334
f 3336 3319 3340
f 3336 3345 3319
f 3320 3319 3345
f 3320 3346 3321
f 3345 3346 3320
f 3348 3350 3347
f 3351 3347 3350
f 3345 3336 3337
f 3344 3331 3333
f 3345 3337 3339
f 3346 3345 3326
f 3346 3326 3352
f 3344 3347 3351
f 3344 3351 3353
f 3354 3355 3356
f 3355 3330 3356
f 3335 3341 3334
f 3358 3359 3335
f 3340 3359 3358
f 3340 3358 3336
f 3335 3359 3341
f 3359 3340 3341
f 3336 3358 3332
f 3332 3358 3335
f 3332 3335 3333
f 3339 3353 3356
f 3339 3331 3353
f 3344 3353 3331
f 3356 3349 3354
f 3330 3339 3356
f 3339 3330 3325
f 3329 3328 3349
f 3349 3328 3354
f 3356 3353 3349
f 3321 3338 3318
f 3338 3322 3318
f 3329 3362 3327
f 3329 3349 3362
f 3363 3321 3364
f 3321 3363 3338
f 3326 3345 3339
f 3338 3363 3364
f 3326 3339 3325
f 3364 3321 3346
f 3365 3352 3327
f 3365 3327 3362
f 3326 3327 3352
f 3338 3364 3240
f 3352 3365 3241
f 3346 3352 3242
f 3364 3346 3225
f 3366 3361 3247
f 3367 3366 3229
f 3240 3222 3338
f 3241 3224 3352
f 3242 3226 3346
f 3225 3228 3364
f 3247 3230 3366
f 3243 3232 3365
f 3229 3235 3367
f 3246 3247 3361
f 3338 3222 3221
f 3352 3224 3223
f 3346 3226 3225
f 3364 3228 3227
f 3366 3230 3229
f 3365 3232 3231
f 3367 3235 3234
f 3364 3227 3239
f 3364 3239 3240
f 3365 3231 3241
f 3352 3223 3242
f 3367 3234 3244
f 3360 3233 3245
f 3305 3303 3248
f 3303 3310 3285
f 3310 3302 3286
f 3304 3306 3253
f 3306 3305 3256
f 3319 3320 3287
f 3321 3318 3263
f 3318 3322 3276
f 3320 3321 3288
f 3324 3323 3267
f 3322 3338 3289
f 3340 3319 3260
f 3341 3340 3290
f 3342 3343 3292
f 3343 3341 3266
f 3323 3342 3291
f 3338 3221 3295
f 3221 3220 3296
f 3220 3219 3297
f 3233 3360 3282
f 3219 3238 3299
f 3238 3237 3283
f 3248 3257 3305
f 3285 3252 3303
f 3286 3285 3310
f 3253 3251 3304
f 3256 3255 3306
f 3287 3262 3319
f 3263 3288 3321
f 3276 3259 3318
f 3288 3287 3320
f 3267 3274 3324
f 3289 3279 3322
f 3260 3290 3340
f 3290 3265 3341
f 3292 3291 3342
f 3266 3292 3343
f 3291 3268 3323
f 3293 3286 3302
f 3294 3270 3360
f 3295 3289 3338
f 3296 3295 3221
f 3297 3296 3220
f 3282 3298 3233
f 3299 3297 3219
f 3283 3299 3238
f 3303 3249 3248
f 3304 3251 3250
f 3303 3252 3249
f 3306 3254 3253
f 3306 3255 3254
f 3305 3257 3256
f 3318 3259 3258
f 3319 3261 3260
f 3319 3262 3261
f 3318 3258 3263
f 3341 3265 3264
f 3341 3264 3266
f 3323 3268 3267
f 3360 3270 3269
f 3304 3250 3272
f 3324 3274 3273
f 3322 3277 3276
f 3322 3279 3278
f 3360 3269 3280
f 3322 3278 3281
f 3360 3280 3282
f 3322 3281 3277
f 3237 3284 3283
f 3323 3324 3132
f 3342 3323 3180
f 3347 3344 3182
f 3344 3342 3181
f 3300 3301 3140
f 3307 3308 3162
f 3301 3307 3138
f 3302 3312 3157
f 3308 3304 3159
f 3312 3314 3164
f 3314 3300 3163
f 3348 3347 3150
f 3350 3348 3173
f 3293 3302 3142
f 3304 3272 3177
f 3324 3273 3178
f 3271 3293 3183
f 3132 3180 3323
f 3180 3181 3342
f 3182 3135 3347
f 3181 3182 3344
f 3140 3137 3300
f 3162 3139 3307
f 3138 3141 3301
f 3157 3143 3302
f 3159 3145 3308
f 3164 3147 3312
f 3163 3149 3314
f 3150 3152 3348
f 3173 3154 3350
f 3142 3183 3293
f 3177 3160 3304
f 3178 3172 3324
f 3183 3176 3271
f 3324 3133 3132
f 3347 3135 3134
f 3300 3137 3136
f 3307 3139 3138
f 3301 3141 3140
f 3302 3143 3142
f 3308 3145 3144
f 3312 3147 3146
f 3314 3149 3148
f 3347 3134 3150
f 3348 3152 3151
f 3350 3154 3153
f 3300 3136 3155
f 3300 3155 3156
f 3312 3158 3157
f 3312 3146 3158
f 3304 3160 3159
f 3308 3144 3161
f 3308 3161 3162
f 3300 3156 3163
f 3314 3148 3164
f 3317 3166 3165
f 3317 3165 3167
f 3317 3167 3168
f 3317 3169 3166
f 3317 3170 3169
f 3317 3168 3170
f 3324 3171 3133
f 3324 3172 3171
f 3348 3174 3173
f 3348 3151 3174
f 3271 3176 3175
f 3272 3130 3177
f 3273 3131 3178
f 3271 3175 3179
f 3326 3325 3192
f 3327 3326 3209
f 3328 3329 3190
f 3325 3330 3211
f 3329 3327 3210
f 3355 3354 3213
f 3353 3351 3199
f 3349 3353 3214
f 3354 3328 3185
f 3351 3350 3197
f 3330 3355 3212
f 3362 3349 3201
f 3365 3362 3215
f 3243 3365 3216
f 3367 3244 3217
f 3244 3236 3205
f 3350 3153 3218
f 3192 3209 3326
f 3209 3210 3327
f 3190 3187 3328
f 3211 3189 3325
f 3210 3191 3329
f 3213 3212 3355
f 3199 3214 3353
f 3214 3194 3349
f 3185 3213 3354
f 3197 3200 3351
f 3212 3211 3330
f 3201 3215 3362
f 3215 3216 3365
f 3216 3207 3243
f 3217 3203 3367
f 3205 3217 3244
f 3218 3208 3350
f 3328 3186 3185
f 3328 3187 3186
f 3325 3189 3188
f 3329 3191 3190
f 3325 3188 3192
f 3349 3194 3193
f 3349 3193 3195
f 3349 3195 3196
f 3350 3198 3197
f 3351 3200 3199
f 3349 3196 3201
f 3367 3203 3202
f 3367 3202 3204
f 3236 3206 3205
f 3243 3207 3184
f 3350 3208 3198
f 3361 3366 3111
f 3360 3357 3114
f 3366 3367 3127
f 3357 3360 3128
f 3246 3361 3120
f 3360 3245 3121
f 3294 3360 3113
f 3275 3294 3129
f 3367 3204 3126
f 3111 3102 3361
f 3114 3104 3360
f 3127 3106 3366
f 3128 3108 3357
f 3120 3122 3246
f 3121 3128 3360
f 3113 3129 3294
f 3129 3124 3275
f 3126 3127 3367
f 3361 3102 3101
f 3360 3104 3103
f 3366 3106 3105
f 3357 3108 3107
f 3361 3110 3109
f 3361 3101 3110
f 3366 3112 3111
f 3360 3103 3113
f 3357 3115 3114
f 3357 3116 3115
f 3366 3105 3112
f 3357 3117 3116
f 3361 3109 3118
f 3361 3118 3119
f 3357 3107 3117
f 3361 3119 3120
f 3245 3099 3121
f 3246 3122 3098
f 3275 3124 3123
f 3275 3123 3100
f 3204 3125 3126
f 3381 3387 3386
f 3377 3378 3369
f 3382 3381 3392
f 3379 3382 3394
f 3385 3379 3396
f 3381 3386 3398
f 3378 3380 2993
f 3383 3377 3371
f 3380 3384 2996
f 3388 3383 3375
f 3384 3389 3376
f 3369 3368 3377
f 3392 3393 3382
f 3394 3395 3379
f 3396 3397 3385
f 3398 3392 3381
f 2993 3372 3378
f 3371 3374 3383
f 2996 2994 3380
f 3375 2997 3388
f 3376 2996 3384
f 3399 3400 3386
f 3382 3393 3394
f 3379 3395 3396
f 3377 3368 2985
f 3378 3370 3369
f 3377 2985 3371
f 3386 3400 3398
f 3378 3372 3370
f 3383 3374 3373
f 3380 2994 2993
f 3383 3373 3375
f 3386 3387 3402
f 3017 3391 3404
f 3390 2997 3067
f 3401 3386 3406
f 3402 3403 3386
f 3404 3066 3017
f 3067 3405 3390
f 3406 3407 3401
f 3386 3403 3409
f 3390 3405 3410
f 3391 3408 3404
f 3386 3409 3406
f 3411 3412 3403
f 3411 3403 3402
f 3413 3098 3066
f 3413 3066 3404
f 3099 3414 3405
f 3099 3405 3067
f 3415 3416 3407
f 3415 3407 3406
f 3412 3418 3409
f 3412 3409 3403
f 3414 3419 3410
f 3414 3410 3405
f 3417 3413 3404
f 3417 3404 3408
f 3418 3415 3406
f 3418 3406 3409
f 3427 3435 3467
f 3466 3425 3424
f 3466 3424 3426
f 3467 3433 3432
f 3467 3435 3434
f 3467 3434 3433
f 3466 3426 3438
f 3466 3438 3425
f 3467 3432 3469
f 3427 3467 3471
f 3458 3440 3473
f 3460 3459 3475
f 3461 3460 3477
f 3459 3429 3479
f 3430 3458 3481
f 3436 3461 3483
f 3439 3455 3485
f 3462 3443 3219
f 3446 3462 3221
f 3447 3450 3223
f 3449 3463 3225
f 3463 3445 3227
f 3452 3464 3229
f 3453 3448 3231
f 3454 3451 3233
f 3464 3457 3234
f 3428 3427 3472
f 3429 3428 3488
f 3431 3430 3489
f 3437 3436 3491
f 3440 3439 3493
f 3441 3437 3492
f 3443 3442 3238
f 3442 3441 3237
f 3445 3444 3239
f 3444 3446 3240
f 3448 3447 3241
f 3450 3449 3242
f 3455 3454 3494
f 3457 3456 3244
f 3432 3465 3495
f 3469 3470 3467
f 3471 3472 3427
f 3473 3474 3458
f 3475 3476 3460
f 3477 3478 3461
f 3479 3480 3459
f 3481 3482 3430
f 3483 3484 3436
f 3485 3486 3439
f 3219 3220 3462
f 3221 3222 3446
f 3223 3224 3447
f 3225 3226 3449
f 3227 3228 3463
f 3229 3230 3452
f 3231 3232 3453
f 3233 3487 3454
f 3234 3235 3464
f 3472 3488 3428
f 3488 3479 3429
f 3489 3490 3431
f 3491 3492 3437
f 3493 3473 3440
f 3492 3237 3441
f 3238 3219 3443
f 3237 3238 3442
f 3239 3227 3445
f 3240 3239 3444
f 3241 3231 3448
f 3242 3223 3450
f 3494 3485 3455
f 3244 3234 3457
f 3495 3469 3432
f 3245 3233 3451
f 3467 3470 3497
f 3467 3498 3471
f 3467 3497 3498
f 3458 3474 3481
f 3460 3476 3477
f 3461 3478 3483
f 3459 3480 3475
f 3430 3482 3489
f 3436 3484 3491
f 3439 3486 3493
f 3462 3220 3221
f 3446 3222 3240
f 3447 3224 3241
f 3449 3226 3242
f 3463 3228 3225
f 3452 3230 3247
f 3453 3232 3243
f 3454 3487 3494
f 3464 3235 3229
f 3456 3236 3244
f 3465 3468 3495
f 3452 3247 3246
f 3453 3243 3422
f 3236 3456 3420
f 3422 3423 3453
f 3420 3206 3236
f 3456 3421 3420
f 3243 3184 3422
f 3431 3490 3418
f 3245 3451 3419
f 3452 3246 3413
f 3490 3496 3415
f 3418 3412 3431
f 3419 3414 3245
f 3413 3417 3452
f 3415 3418 3490
f 3431 3412 3411
f 3246 3098 3413
f 3245 3414 3099
f 3496 3416 3415
f 3504 3505 3516
f 3507 3508 3519
f 3509 3510 3521
f 3511 3509 3523
f 3512 3511 3525
f 3384 3500 3529
f 3501 3503 3532
f 3513 3514 3534
f 3508 3513 3535
f 3505 3506 3536
f 3510 3507 3537
f 3514 3504 3538
f 3515 3512 3539
f 3378 3499 3541
f 3503 3515 3540
f 3500 3378 3542
f 3502 3501 3544
f 3499 3383 3545
f 3516 3517 3504
f 3519 3520 3507
f 3521 3522 3509
f 3523 3524 3511
f 3525 3526 3512
f 3529 3530 3384
f 3532 3533 3501
f 3534 3535 3513
f 3535 3519 3508
f 3536 3516 3505
f 3537 3521 3510
f 3538 3534 3514
f 3539 3540 3515
f 3541 3542 3378
f 3540 3532 3503
f 3542 3529 3500
f 3544 3543 3502
f 3545 3541 3499
f 3504 3517 3538
f 3506 3518 3536
f 3507 3520 3537
f 3509 3522 3523
f 3511 3524 3525
f 3512 3526 3539
f 3383 3528 3545
f 3384 3530 3531
f 3501 3533 3544
f 3384 3531 3547
f 3502 3543 3548
f 3518 3506 3549
f 3528 3383 3551
f 3543 3527 3553
f 3547 3408 3384
f 3548 3402 3502
f 3549 3550 3518
f 3551 3552 3528
f 3553 3548 3543
f 3506 3546 3549
f 3527 3554 3553
f 3383 3555 3551
f 3527 3556 3554
f 3531 3557 3547
f 3558 3559 3517
f 3558 3517 3516
f 3560 3561 3520
f 3560 3520 3519
f 3562 3563 3522
f 3562 3522 3521
f 3564 3565 3524
f 3564 3524 3523
f 3566 3567 3526
f 3566 3526 3525
f 3568 3569 3530
f 3568 3530 3529
f 3570 3571 3533
f 3570 3533 3532
f 3572 3573 3535
f 3572 3535 3534
f 3573 3560 3519
f 3573 3519 3535
f 3574 3562 3521
f 3574 3521 3537
f 3575 3572 3534
f 3575 3534 3538
f 3576 3577 3540
f 3576 3540 3539
f 3578 3579 3542
f 3578 3542 3541
f 3577 3570 3532
f 3577 3532 3540
f 3579 3568 3529
f 3579 3529 3542
f 3580 3581 3527
f 3580 3527 3543
f 3583 3578 3541
f 3583 3541 3545
f 3559 3575 3538
f 3559 3538 3517
f 3561 3574 3537
f 3561 3537 3520
f 3563 3564 3523
f 3563 3523 3522
f 3565 3566 3525
f 3565 3525 3524
f 3567 3576 3539
f 3567 3539 3526
f 3585 3583 3545
f 3585 3545 3528
f 3569 3586 3531
f 3569 3531 3530
f 3571 3582 3544
f 3571 3544 3533
f 3588 3417 3408
f 3588 3408 3547
f 3589 3411 3402
f 3589 3402 3548
f 3584 3590 3550
f 3584 3550 3518
f 3591 3590 3550
f 3591 3550 3549
f 3593 3592 3552
f 3593 3552 3551
f 3594 3589 3548
f 3594 3548 3553
f 3587 3591 3549
f 3587 3549 3546
f 3595 3594 3553
f 3595 3553 3554
f 3596 3593 3551
f 3596 3551 3555
f 3581 3597 3556
f 3581 3556 3527
f 3597 3595 3554
f 3597 3554 3556
f 3586 3598 3557
f 3586 3557 3531
f 3598 3588 3547
f 3598 3547 3557
f 3428 3429 3690
f 3690 3459 3460
f 3690 3460 3461
f 3690 3429 3459
f 3690 3461 3436
f 3428 3690 3599
f 3690 3436 3662
f 3424 3425 3651
f 3691 3692 3629
f 3693 3694 3663
f 3695 3696 3664
f 3697 3698 3665
f 3699 3700 3666
f 3426 3424 3601
f 3427 3428 3661
f 3701 3702 3667
f 3432 3433 3625
f 3434 3435 3668
f 3436 3437 3637
f 3433 3434 3623
f 3438 3426 3613
f 3692 3703 3669
f 3704 3699 3611
f 3705 3704 3631
f 3439 3440 3670
f 3437 3441 3641
f 3442 3443 3671
f 3441 3442 3639
f 3444 3445 3672
f 3446 3444 3643
f 3447 3448 3673
f 3449 3450 3674
f 3425 3438 3627
f 3454 3455 3676
f 3456 3457 3677
f 3440 3458 3678
f 3706 3705 3633
f 3707 3708 3681
f 3700 3707 3680
f 3708 3709 3682
f 3458 3430 3617
f 3702 3691 3603
f 3696 3701 3619
f 3709 3432 3621
f 3698 3693 3605
f 3435 3427 3615
f 3703 3706 3679
f 3694 3695 3607
f 3455 3439 3635
f 3443 3462 3683
f 3462 3446 3645
f 3450 3447 3647
f 3463 3449 3649
f 3445 3463 3684
f 3464 3452 3653
f 3448 3453 3655
f 3451 3454 3657
f 3457 3464 3685
f 3599 3661 3428
f 3662 3600 3690
f 3651 3602 3424
f 3629 3604 3691
f 3663 3606 3693
f 3664 3608 3695
f 3665 3610 3697
f 3666 3612 3699
f 3601 3614 3426
f 3661 3616 3427
f 3667 3620 3701
f 3625 3622 3432
f 3668 3624 3434
f 3637 3662 3436
f 3623 3626 3433
f 3613 3628 3438
f 3669 3630 3692
f 3611 3632 3704
f 3631 3634 3705
f 3670 3636 3439
f 3641 3638 3437
f 3671 3640 3442
f 3639 3642 3441
f 3672 3644 3444
f 3643 3646 3446
f 3673 3648 3447
f 3674 3650 3449
f 3627 3652 3425
f 3676 3658 3454
f 3677 3660 3456
f 3678 3670 3440
f 3633 3679 3706
f 3681 3680 3707
f 3680 3666 3700
f 3682 3681 3708
f 3617 3678 3458
f 3603 3667 3702
f 3619 3664 3696
f 3621 3682 3709
f 3605 3665 3698
f 3615 3668 3435
f 3679 3669 3703
f 3607 3663 3694
f 3635 3676 3455
f 3683 3671 3443
f 3645 3683 3462
f 3647 3674 3450
f 3649 3684 3463
f 3684 3672 3445
f 3653 3685 3464
f 3655 3673 3448
f 3657 3675 3451
f 3685 3677 3457
f 3690 3600 3599
f 3424 3602 3601
f 3691 3604 3603
f 3693 3606 3605
f 3695 3608 3607
f 3697 3610 3609
f 3699 3612 3611
f 3426 3614 3613
f 3427 3616 3615
f 3430 3618 3617
f 3701 3620 3619
f 3432 3622 3621
f 3434 3624 3623
f 3433 3626 3625
f 3438 3628 3627
f 3692 3630 3629
f 3704 3632 3631
f 3705 3634 3633
f 3439 3636 3635
f 3437 3638 3637
f 3442 3640 3639
f 3441 3642 3641
f 3444 3644 3643
f 3446 3646 3645
f 3447 3648 3647
f 3449 3650 3649
f 3425 3652 3651
f 3452 3654 3653
f 3453 3656 3655
f 3454 3658 3657
f 3456 3660 3659
f 3456 3659 3687
f 3656 3453 3686
f 3687 3421 3456
f 3686 3689 3656
f 3453 3423 3686
f 3659 3688 3687
f 3697 3609 3591
f 3430 3431 3594
f 3451 3675 3593
f 3618 3430 3595
f 3654 3452 3588
f 3591 3587 3697
f 3594 3595 3430
f 3593 3596 3451
f 3595 3597 3618
f 3588 3598 3654
f 3452 3417 3588
f 3431 3411 3589
f 3609 3590 3591
f 3675 3592 3593
f 3431 3589 3594
f 3514 3513 3712
f 3513 3508 3714
f 3506 3505 3716
f 3507 3510 3718
f 3504 3514 3720
f 3512 3515 3722
f 3505 3504 3724
f 3508 3507 3726
f 3510 3509 3727
f 3509 3511 3728
f 3511 3512 3729
f 3515 3710 3711
f 3712 3713 3514
f 3714 3715 3513
f 3716 3717 3506
f 3718 3719 3507
f 3720 3721 3504
f 3722 3723 3512
f 3724 3716 3505
f 3726 3714 3508
f 3727 3718 3510
f 3728 3727 3509
f 3729 3728 3511
f 3711 3730 3515
f 3514 3713 3720
f 3513 3715 3712
f 3506 3717 3725
f 3507 3719 3726
f 3504 3721 3724
f 3512 3723 3729
f 3515 3730 3722
f 3506 3725 3731
f 3731 3546 3506
f 3725 3732 3731
f 3733 3587 3546
f 3733 3546 3731
f 3734 3733 3731
f 3734 3731 3732
f 3705 3706 3735
f 3708 3707 3737
f 3707 3700 3739
f 3709 3708 3741
f 3691 3702 3743
f 3701 3696 3745
f 3693 3698 3747
f 3706 3703 3749
f 3695 3694 3751
f 3692 3691 3753
f 3694 3693 3755
f 3696 3695 3756
f 3698 3697 3757
f 3700 3699 3758
f 3702 3701 3759
f 3703 3692 3754
f 3699 3704 3760
f 3704 3705 3761
f 3465 3709 3762
f 3735 3736 3705
f 3737 3738 3708
f 3739 3740 3707
f 3741 3742 3709
f 3743 3744 3691
f 3745 3746 3701
f 3747 3748 3693
f 3749 3750 3706
f 3751 3752 3695
f 3753 3754 3692
f 3755 3751 3694
f 3756 3745 3696
f 3757 3747 3698
f 3758 3739 3700
f 3759 3743 3702
f 3754 3749 3703
f 3760 3758 3699
f 3761 3760 3704
f 3762 3468 3465
f 3705 3736 3761
f 3708 3738 3741
f 3707 3740 3737
f 3691 3744 3753
f 3701 3746 3759
f 3693 3748 3755
f 3706 3750 3735
f 3695 3752 3756
f 3709 3742 3763
f 3709 3763 3762
f 3757 3697 3733
f 3733 3734 3757
f 3697 3587 3733
f 3781 3783 3784
f 3785 3783 3781
f 3785 3786 3783
f 3782 3784 3783
f 3779 3782 3783
f 3783 3786 3779
f 3787 3780 3779
f 3788 3794 3781
f 3794 3778 3781
f 3788 3790 3794
f 3790 3778 3794
f 3789 3793 3791
f 3793 3790 3791
f 3793 3795 3790
f 3795 3793 3792
f 3779 3780 3796
f 3782 3779 3797
f 3784 3782 3799
f 3781 3784 3801
f 3788 3781 3803
f 3790 3788 3805
f 3791 3790 3806
f 3796 3797 3779
f 3797 3798 3782
f 3799 3800 3784
f 3801 3802 3781
f 3803 3804 3788
f 3805 3806 3790
f 3806 3807 3791
f 3781 3802 3803
f 3782 3810 3799
f 3782 3798 3810
f 3784 3800 3801
f 3791 3807 3811
f 3788 3804 3805
f 3780 3808 3796
f 3791 3811 3809
f 3793 3789 3813
f 3792 3793 3814
f 3813 3814 3793
f 3814 3815 3792
f 3789 3817 3813
f 3789 3816 3817
f 3792 3815 3818
f 3792 3818 3812
f 3789 3791 3394
f 3791 3809 3396
f 3816 3789 3398
f 3394 3393 3789
f 3396 3395 3791
f 3398 3400 3816
f 3789 3393 3392
f 3791 3395 3394
f 3809 3397 3396
f 3789 3392 3398
f 3816 3400 3399
f 3781 3778 3765
f 3786 3785 3767
f 3785 3781 3003
f 3787 3779 3769
f 3778 3790 3015
f 3779 3786 3776
f 3795 3792 3777
f 3790 3795 3771
f 3792 3812 3774
f 3765 3768 3781
f 3767 3776 3786
f 3003 3002 3785
f 3769 3011 3787
f 3015 3009 3778
f 3776 3770 3779
f 3777 3772 3795
f 3771 3015 3790
f 3774 3777 3792
f 3778 3766 3765
f 3785 3002 3767
f 3781 3768 3003
f 3779 3770 3769
f 3795 3772 3771
f 3778 3009 3766
f 3787 3011 3773
f 3812 3775 3774
f 3780 3787 3825
f 3808 3780 3827
f 3787 3773 3829
f 3825 3826 3780
f 3827 3828 3808
f 3829 3830 3787
f 3780 3826 3831
f 3780 3831 3832
f 3787 3833 3825
f 3780 3832 3827
f 3787 3830 3833
f 3820 3823 3834
f 3823 3822 3836
f 3824 3821 3838
f 3819 3824 3840
f 3814 3820 3842
f 3821 3814 3843
f 3822 3401 3844
f 3018 3819 3845
f 3834 3835 3820
f 3836 3837 3823
f 3838 3839 3824
f 3840 3841 3819
f 3842 3843 3814
f 3843 3838 3821
f 3844 3836 3822
f 3845 3068 3018
f 3820 3835 3842
f 3823 3837 3834
f 3824 3839 3840
f 3819 3841 3846
f 3401 3407 3844
f 3819 3846 3845
f 3848 3849 3835
f 3848 3835 3834
f 3850 3851 3837
f 3850 3837 3836
f 3852 3853 3839
f 3852 3839 3838
f 3854 3855 3841
f 3854 3841 3840
f 3856 3857 3843
f 3856 3843 3842
f 3857 3852 3838
f 3857 3838 3843
f 3858 3850 3836
f 3858 3836 3844
f 3859 3100 3068
f 3859 3068 3845
f 3849 3856 3842
f 3849 3842 3835
f 3851 3848 3834
f 3851 3834 3837
f 3853 3854 3840
f 3853 3840 3839
f 3855 3860 3846
f 3855 3846 3841
f 3416 3858 3844
f 3416 3844 3407
f 3860 3859 3845
f 3860 3845 3846
f 3962 3961 3965
f 3964 3966 3965
f 3967 3966 3964
f 3968 3967 3969
f 3965 3966 3968
f 3967 3968 3966
f 3963 3962 3970
f 3958 3957 3960
f 3960 3971 3959
f 3959 3971 3964
f 3960 3956 3958
f 3967 3964 3971
f 3975 3967 3971
f 3962 3977 3970
f 3962 3965 3968
f 3971 3972 3975
f 3975 3972 3978
f 3970 3974 3973
f 3981 3975 3978
f 3970 3977 3974
f 3977 3962 3968
f 3975 3982 3967
f 3983 3975 3981
f 3975 3983 3982
f 3977 3979 3974
f 3969 3967 3982
f 3969 3977 3968
f 3969 3979 3977
f 3983 3969 3982
f 3974 3979 3976
f 3979 3969 3980
f 3980 3969 3983
f 3987 3988 3989
f 3986 3990 3985
f 3991 3990 3986
f 3993 3987 3985
f 3988 3987 3993
f 3994 3995 3989
f 3989 3984 3987
f 3989 3995 3984
f 4000 3952 3951
f 3951 4001 4000
f 3953 3955 3912
f 3956 3955 3944
f 3958 3956 3914
f 3955 3953 3910
f 3960 3959 3916
f 3956 3960 3946
f 3955 3956 3947
f 3959 3964 3948
f 3965 3961 3920
f 3964 3965 3949
f 3957 3958 3945
f 3986 3985 3925
f 3985 3987 3931
f 3987 3984 3923
f 3991 3986 3927
f 3992 3991 3929
f 3996 3992 3950
f 3912 3909 3953
f 3944 3915 3956
f 3914 3945 3958
f 3910 3944 3955
f 3916 3946 3960
f 3946 3947 3956
f 3947 3913 3955
f 3948 3922 3959
f 3920 3949 3965
f 3949 3948 3964
f 3945 3940 3957
f 3925 3928 3986
f 3931 3926 3985
f 3923 3932 3987
f 3927 3930 3991
f 3929 3950 3992
f 3950 3935 3996
f 3953 3909 3908
f 3953 3911 3910
f 3955 3913 3912
f 3956 3915 3914
f 3959 3917 3916
f 3953 3908 3911
f 3961 3919 3918
f 3961 3921 3920
f 3959 3922 3917
f 3961 3918 3921
f 3984 3924 3923
f 3985 3926 3925
f 3986 3928 3927
f 3991 3930 3929
f 3987 3932 3931
f 3996 3934 3933
f 3996 3935 3934
f 3954 3937 3936
f 3954 3938 3937
f 3957 3940 3939
f 3996 3933 3941
f 3954 3936 3942
f 3984 3943 3924
f 3984 3995 3497
f 3994 3997 3471
f 3995 3994 3498
f 3951 3952 3481
f 3994 3989 3477
f 3997 3994 3475
f 3952 3998 3489
f 4001 3951 3493
f 3943 3984 3495
f 3497 3470 3984
f 3471 3498 3994
f 3498 3497 3995
f 3481 3474 3951
f 3477 3476 3994
f 3483 3478 3989
f 3475 3480 3997
f 3489 3482 3952
f 3493 3486 4001
f 3495 3468 3943
f 3984 3470 3469
f 3997 3472 3471
f 3951 3474 3473
f 3994 3476 3475
f 3989 3478 3477
f 3997 3480 3479
f 3952 3482 3481
f 4001 3486 3485
f 3997 3488 3472
f 3997 3479 3488
f 3998 3490 3489
f 3999 3492 3491
f 3951 3473 3493
f 4001 3485 3494
f 3984 3469 3495
f 3998 3496 3490
f 3979 3980 3248
f 3978 3972 3250
f 3976 3979 3249
f 3981 3978 3253
f 3983 3981 3254
f 3980 3983 3256
f 3989 3988 3258
f 3985 3990 3260
f 3993 3985 3261
f 3988 3993 3263
f 3990 3991 3264
f 3991 3992 3266
f 3992 3996 3267
f 4002 4001 3269
f 3974 3976 3271
f 3483 3989 3276
f 3999 3491 3278
f 4001 3494 3280
f 3491 3484 3281
f 3494 3487 3282
f 3484 3483 3277
f 3492 3999 3283
f 3248 3249 3979
f 3250 3251 3978
f 3249 3252 3976
f 3253 3254 3981
f 3254 3255 3983
f 3256 3257 3980
f 3258 3259 3989
f 3260 3261 3985
f 3261 3262 3993
f 3263 3258 3988
f 3264 3265 3990
f 3266 3264 3991
f 3267 3268 3992
f 3269 3270 4002
f 3272 3250 3972
f 3273 3274 3996
f 3276 3277 3483
f 3278 3279 3999
f 3280 3269 4001
f 3281 3278 3491
f 3282 3280 3494
f 3277 3281 3484
f 3283 3284 3492
f 3980 3257 3248
f 3976 3252 3285
f 3976 3285 3286
f 3978 3251 3253
f 3983 3255 3256
f 3993 3262 3287
f 3993 3288 3263
f 3989 3259 3276
f 3993 3287 3288
f 3996 3274 3267
f 3999 3279 3289
f 3990 3290 3260
f 3990 3265 3290
f 3992 3291 3292
f 3992 3292 3266
f 3992 3268 3291
f 3976 3286 3293
f 3976 3293 3271
f 4002 3270 3294
f 4002 3294 3275
f 3999 3289 3295
f 3999 3295 3296
f 3999 3296 3297
f 3487 3298 3282
f 3999 3297 3299
f 3999 3299 3283
f 3962 3963 3892
f 3961 3962 3890
f 3963 3970 3877
f 3960 3957 3883
f 3971 3960 3871
f 3972 3971 3886
f 3970 3973 3885
f 3973 3974 3903
f 3957 3939 3900
f 3996 3941 3901
f 3954 3942 3902
f 3919 3961 3898
f 3938 3954 3899
f 3272 3972 3891
f 3273 3996 3896
f 3974 3271 3179
f 3892 3866 3962
f 3890 3868 3961
f 3877 3870 3963
f 3883 3872 3960
f 3871 3874 3971
f 3886 3876 3972
f 3885 3878 3970
f 3903 3880 3973
f 3900 3884 3957
f 3901 3897 3996
f 3902 3882 3954
f 3898 3907 3919
f 3899 3864 3938
f 3891 3905 3272
f 3896 3906 3273
f 3179 3904 3974
f 3962 3866 3865
f 3961 3868 3867
f 3963 3870 3869
f 3960 3872 3871
f 3971 3874 3873
f 3972 3876 3875
f 3970 3878 3877
f 3973 3880 3879
f 3954 3882 3881
f 3957 3884 3883
f 3973 3879 3885
f 3971 3887 3886
f 3961 3889 3888
f 3961 3867 3889
f 3962 3865 3890
f 3972 3875 3891
f 3963 3893 3892
f 3963 3894 3893
f 3963 3895 3894
f 3963 3869 3895
f 3971 3873 3887
f 3996 3897 3896
f 3961 3888 3898
f 3954 3881 3899
f 3939 3861 3900
f 3941 3862 3901
f 3942 3863 3902
f 3974 3904 3903
f 3272 3905 3130
f 3273 3906 3131
f 3952 4000 3856
f 3998 3952 3848
f 4000 4001 3854
f 4001 4002 3860
f 3496 3998 3858
f 4002 3275 3859
f 3856 3849 3952
f 3848 3851 3998
f 3854 3853 4000
f 3860 3855 4001
f 3858 3416 3496
f 3859 3860 4002
f 3952 3849 3848
f 3998 3851 3850
f 4000 3853 3852
f 4001 3855 3854
f 4000 3857 3856
f 4000 3852 3857
f 3998 3850 3858
f 3275 3100 3859
f 4013 4012 4011
f 4014 4015 4016
f 4016 4015 4017
f 4020 4019 4021
f 4022 4023 4024
f 4024 4023 4025
f 4017 4021 4019
f 4019 4026 4017
f 4027 4019 4020
f 4016 4017 4026
f 4028 4024 4025
f 4029 4016 4026
f 4021 4032 4013
f 4027 4033 4030
f 4030 4019 4027
f 4021 4034 4032
f 4013 4032 4012
f 4020 4021 4013
f 4031 4032 4034
f 4031 4034 4037
f 4038 4039 4040
f 4040 4034 4021
f 4040 4037 4034
f 4039 4037 4040
f 4038 4040 4015
f 4017 4040 4021
f 4017 4015 4040
f 4035 4037 4039
f 4018 4026 4019
f 4014 4038 4015
f 4029 4014 4016
f 4036 4014 4029
f 4018 4029 4026
f 4018 4022 4029
f 4028 4041 4024
f 4022 4036 4029
f 4036 4022 4024
f 4041 4036 4024
f 4033 4027 4020
f 4018 4023 4022
f 4014 4036 3803
f 4039 4038 3799
f 4035 4039 4010
f 4038 4014 3801
f 4041 4028 3811
f 4036 4041 3805
f 3803 4006 4014
f 3799 4010 4039
f 4010 4004 4035
f 3801 4005 4038
f 3811 4008 4041
f 3805 4007 4036
f 4009 3811 4028
f 4035 4003 3796
f 4035 4004 4003
f 4038 4005 3799
f 4014 4006 3801
f 4036 4007 3803
f 4041 3806 3805
f 4041 4008 3806
f 4018 4019 3720
f 4023 4018 3712
f 4025 4023 3726
f 4019 4030 3724
f 4028 4025 3729
f 4009 4028 3722
f 3712 3715 4023
f 3725 3717 4030
f 3726 3719 4025
f 3724 3721 4019
f 3729 3723 4028
f 3722 3730 4009
f 4023 3715 3714
f 4030 3717 3716
f 4025 3719 3718
f 4019 3721 3720
f 4028 3723 3722
f 4030 3716 3724
f 4023 3714 3726
f 4025 3718 3727
f 4025 3727 3728
f 4025 3728 3729
f 4009 3730 3711
f 4012 4032 4046
f 4032 4031 4048
f 4031 4037 4050
f 4037 4035 4052
f 4035 3796 4054
f 3796 3808 4056
f 4046 4047 4012
f 4048 4049 4032
f 4050 4051 4031
f 4052 4053 4037
f 4054 4055 4035
f 4056 4054 3796
f 4012 4047 4044
f 4032 4049 4046
f 4031 4051 4058
f 4037 4053 4050
f 4035 4055 4052
f 4031 4059 4048
f 4031 4060 4059
f 4031 4058 4060
f 3808 3828 4056
f 4013 4011 4061
f 4020 4013 4062
f 4033 4020 4064
f 4012 4044 4067
f 4044 4045 4068
f 4045 4057 4069
f 4057 4042 4070
f 4061 4062 4013
f 4062 4064 4020
f 4065 4061 4011
f 4064 4066 4033
f 4067 4063 4012
f 4068 4067 4044
f 4069 4068 4045
f 4070 4069 4057
f 4011 4012 4071
f 4030 4033 4073
f 3725 4030 4075
f 4012 4063 4077
f 4065 4011 4078
f 4033 4066 4080
f 4042 4043 4082
f 4066 4065 4079
f 4070 4042 4084
f 4071 4072 4011
f 4073 4074 4030
f 4075 4076 3725
f 4077 4071 4012
f 4078 4079 4065
f 4080 4081 4033
f 4082 4083 4042
f 4079 4080 4066
f 4084 4085 4070
f 4030 4074 4075
f 4033 4081 4073
f 4011 4072 4086
f 4011 4086 4078
f 3725 4076 3732
f 4043 4087 4088
f 4063 4089 4077
f 4042 4083 4084
f 4043 4088 4082
f 4090 4091 4043
f 4090 4043 4042
f 4092 4093 4045
f 4092 4045 4044
f 4094 4095 4047
f 4094 4047 4046
f 4096 4097 4049
f 4096 4049 4048
f 4098 4099 4051
f 4098 4051 4050
f 4100 4101 4053
f 4100 4053 4052
f 4102 4103 4055
f 4102 4055 4054
f 4104 4102 4054
f 4104 4054 4056
f 4093 4105 4057
f 4093 4057 4045
f 4095 4092 4044
f 4095 4044 4047
f 4097 4094 4046
f 4097 4046 4049
f 4099 4106 4058
f 4099 4058 4051
f 4101 4098 4050
f 4101 4050 4053
f 4103 4100 4052
f 4103 4052 4055
f 4107 4096 4048
f 4107 4048 4059
f 4108 4107 4059
f 4108 4059 4060
f 4106 4108 4060
f 4106 4060 4058
f 3847 4104 4056
f 3847 4056 3828
f 4109 4110 4062
f 4109 4062 4061
f 4110 4111 4064
f 4110 4064 4062
f 4111 4113 4066
f 4111 4066 4064
f 4113 4112 4065
f 4113 4065 4066
f 4114 4115 4063
f 4114 4063 4067
f 4116 4114 4067
f 4116 4067 4068
f 4117 4116 4068
f 4117 4068 4069
f 4118 4119 4072
f 4118 4072 4071
f 4120 4121 4074
f 4120 4074 4073
f 4122 4123 4076
f 4122 4076 4075
f 4124 4118 4071
f 4124 4071 4077
f 4126 4125 4079
f 4126 4079 4078
f 4127 4128 4081
f 4127 4081 4080
f 4129 4130 4083
f 4129 4083 4082
f 4125 4127 4080
f 4125 4080 4079
f 4131 4132 4085
f 4131 4085 4084
f 4121 4122 4075
f 4121 4075 4074
f 4128 4120 4073
f 4128 4073 4081
f 4119 4133 4086
f 4119 4086 4072
f 4133 4126 4078
f 4133 4078 4086
f 4123 3734 3732
f 4123 3732 4076
f 4091 4134 4087
f 4091 4087 4043
f 4134 4135 4088
f 4134 4088 4087
f 4115 4136 4089
f 4115 4089 4063
f 4136 4124 4077
f 4136 4077 4089
f 4130 4131 4084
f 4130 4084 4083
f 4135 4129 4082
f 4135 4082 4088
f 4180 4181 4182
f 4181 4180 4183
f 4184 4185 4186
f 4183 4188 4189
f 4183 4189 4190
f 4193 4190 4194
f 4189 4194 4190
f 4192 4183 4180
f 4187 4184 4186
f 4183 4192 4188
f 4195 4181 4190
f 4181 4183 4190
f 4184 4191 4185
f 4197 4185 4191
f 4182 4195 4196
f 4182 4181 4195
f 4196 4201 4198
f 4199 4198 4202
f 4202 4198 4201
f 4201 4196 4195
f 4197 4203 4185
f 4200 4203 4197
f 4204 4199 4202
f 4200 4205 4203
f 4205 4200 4199
f 4186 4185 4203
f 4203 4206 4186
f 4190 4193 4195
f 4193 4201 4195
f 4194 4186 4206
f 4205 4199 4204
f 4203 4205 4207
f 4205 4204 4207
f 4207 4206 4203
f 4206 4207 4204
f 4208 4209 4210
f 4211 4212 4213
f 4206 4204 4193
f 4212 4214 4213
f 4215 4204 4202
f 4215 4202 4216
f 4193 4204 4215
f 4217 4211 4218
f 4208 4211 4217
f 4224 4222 4225
f 4226 4210 4227
f 4228 4222 4224
f 4229 4230 4213
f 4194 4189 4187
f 4194 4187 4186
f 4231 4227 4209
f 4228 4208 4217
f 4228 4209 4208
f 4219 4234 4235
f 4234 4236 4235
f 4236 4240 4239
f 4223 4219 4235
f 4236 4222 4235
f 4222 4223 4235
f 4216 4201 4193
f 4224 4225 4243
f 4210 4226 4214
f 4216 4193 4215
f 4229 4233 4230
f 4209 4227 4210
f 4201 4216 4202
f 4206 4193 4194
f 4240 4236 4234
f 4240 4234 4220
f 4219 4220 4234
f 4228 4244 4231
f 4224 4244 4228
f 4226 4227 4232
f 4236 4225 4222
f 4242 4231 4244
f 4228 4231 4209
f 4243 4241 4244
f 4231 4242 4227
f 4218 4230 4237
f 4229 4213 4221
f 4230 4218 4213
f 4218 4211 4213
f 4238 4243 4225
f 4239 4225 4236
f 4212 4210 4214
f 4208 4210 4211
f 4211 4210 4212
f 4225 4239 4238
f 4224 4243 4244
f 4238 4241 4243
f 4184 4187 3908
f 4189 4188 3910
f 4191 4184 3912
f 4188 4192 3914
f 4197 4191 3916
f 4187 4189 3911
f 4196 4198 3918
f 4199 4200 3920
f 4200 4197 3917
f 4198 4199 3921
f 4220 4219 3923
f 4223 4222 3925
f 4222 4228 3927
f 4228 4217 3929
f 4219 4223 3931
f 4218 4237 3933
f 4217 4218 3934
f 3908 3909 4184
f 3910 3911 4189
f 3912 3913 4191
f 3914 3915 4188
f 3916 3917 4197
f 3911 3908 4187
f 3918 3919 4196
f 3920 3921 4199
f 3917 3922 4200
f 3921 3918 4198
f 3923 3924 4220
f 3925 3926 4223
f 3927 3928 4222
f 3929 3930 4228
f 3931 3932 4219
f 3933 3934 4218
f 3934 3935 4217
f 3936 3937 4192
f 3939 3940 4192
f 3941 3933 4237
f 4184 3909 3912
f 4188 3915 3944
f 4192 3945 3914
f 4188 3944 3910
f 4191 3946 3916
f 4191 3947 3946
f 4191 3913 3947
f 4200 3922 3948
f 4200 3949 3920
f 4200 3948 3949
f 4192 3940 3945
f 4222 3928 3925
f 4223 3926 3931
f 4219 3932 3923
f 4228 3930 3927
f 4217 3950 3929
f 4217 3935 3950
f 4238 4239 3761
f 4240 4220 3741
f 4239 4240 3737
f 4244 4241 3753
f 4242 4244 3759
f 4232 4227 3755
f 4241 4238 3735
f 4227 4242 3756
f 4220 3924 3763
f 3924 3943 3762
f 3761 3736 4238
f 3741 3738 4240
f 3737 3740 4239
f 3753 3744 4244
f 3759 3746 4242
f 3755 3748 4232
f 3735 3750 4241
f 3756 3752 4227
f 3763 3742 4220
f 3762 3763 3924
f 4238 3736 3735
f 4240 3738 3737
f 4239 3740 3739
f 4220 3742 3741
f 4244 3744 3743
f 4242 3746 3745
f 4232 3748 3747
f 4241 3750 3749
f 4227 3752 3751
f 4241 3754 3753
f 4227 3751 3755
f 4242 3745 3756
f 4232 3747 3757
f 4239 3739 3758
f 4244 3743 3759
f 4241 3749 3754
f 4239 3758 3760
f 4239 3760 3761
f 3943 3468 3762
f 4180 4182 4154
f 4192 4180 4153
f 4182 4196 4155
f 4230 4233 4159
f 4237 4230 4157
f 3936 4192 4139
f 4192 3937 4169
f 3939 4192 4141
f 3941 4237 4160
f 3937 3938 4167
f 3942 3936 4168
f 4196 3919 3907
f 4154 4138 4180
f 4153 4140 4192
f 4155 4144 4182
f 4159 4149 4230
f 4157 4151 4237
f 4139 4168 3936
f 4169 4142 4192
f 4141 4165 3939
f 4160 4166 3941
f 4167 4169 3937
f 4168 4163 3942
f 3907 4164 4196
f 4180 4138 4137
f 4192 4140 4139
f 4192 4142 4141
f 4182 4144 4143
f 4233 4147 4146
f 4230 4149 4148
f 4237 4151 4150
f 4180 4137 4152
f 4180 4152 4153
f 4182 4143 4154
f 4196 4156 4155
f 4230 4148 4157
f 4233 4146 4158
f 4233 4158 4159
f 4237 4161 4160
f 4237 4150 4161
f 3942 4163 4162
f 4196 4164 4156
f 3939 4165 3861
f 3941 4166 3862
f 3942 4162 3863
f 3938 3864 4167
f 4233 4229 4177
f 4229 4221 4170
f 4147 4233 4173
f 4177 4174 4233
f 4170 4177 4229
f 4173 4179 4147
f 4221 4171 4170
f 4233 4174 4173
f 4145 4176 4175
f 4226 4232 4122
f 4214 4226 4120
f 4221 4213 4133
f 4213 4214 4126
f 4232 3757 3734
f 4145 4175 4135
f 4171 4221 4124
f 4178 4172 4131
f 4175 4178 4129
f 4122 4121 4226
f 4120 4128 4214
f 4133 4119 4221
f 4126 4133 4213
f 3734 4123 4232
f 4135 4134 4145
f 4124 4136 4171
f 4131 4130 4178
f 4129 4135 4175
f 4221 4119 4118
f 4226 4121 4120
f 4232 4123 4122
f 4221 4118 4124
f 4214 4125 4126
f 4214 4128 4127
f 4178 4130 4129
f 4214 4127 4125
f 4172 4132 4131
f 4018 3720 3764
f 4018 3764 4245
f 4246 4247 4248
f 4246 4248 3039
f 4249 4250 3036
f 4249 3036 3035
f 4251 4252 3038
f 4251 3038 3037
f 4246 4253 3040
f 4246 3040 3039
f 4254 4255 3042
f 4254 3042 3041
f 4256 4257 3044
f 4256 3044 3043
f 4250 4256 3043
f 4250 3043 3036
f 4252 4259 3045
f 4252 3045 3038
f 4253 4251 3037
f 4253 3037 3040
f 4255 4249 3035
f 4255 3035 3042
f 4259 4260 3046
f 4259 3046 3045
f 4260 4254 3041
f 4260 3041 3046
f 4257 4258 3047
f 4257 3047 3044
f 4262 4268 4274
f 4268 4275 4274
f 4299 4313 4340
f 4315 4325 4341
f 4340 4313 4312
f 4340 4312 4314
f 4341 4325 4324
f 4341 4324 4326
f 4329 4278 4277
f 4261 4262 4256
f 4263 4264 4259
f 4265 4266 4342
f 4267 4263 4251
f 4269 4261 4249
f 4270 4271 4344
f 4264 4272 4260
f 4266 4270 4346
f 4271 4267 4246
f 4272 4269 4254
f 4273 4265 4347
f 4262 4274 4258
f 4315 4341 3132
f 4341 4326 3134
f 4330 4282 3136
f 4291 4332 3138
f 4332 4330 3140
f 4284 4331 3142
f 4287 4290 3144
f 4293 4286 3146
f 4292 4294 3148
f 4298 4333 4350
f 4334 4296 4352
f 4326 4336 3150
f 4336 4321 3151
f 4319 4323 3153
f 4338 4337 4354
f 4337 4334 4356
f 4322 4328 4358
f 4327 4335 4360
f 4282 4281 3155
f 4281 4283 3156
f 4285 4284 3157
f 4286 4285 3158
f 4288 4287 3159
f 4290 4289 3161
f 4289 4291 3162
f 4283 4292 3163
f 4294 4293 3164
f 4296 4295 4362
f 4295 4297 4363
f 4297 4298 4364
f 4302 4301 3165
f 4301 4303 3167
f 4303 4304 3168
f 4305 4302 3166
f 4306 4305 3169
f 4304 4306 3170
f 4308 4307 4365
f 4309 4308 4366
f 4310 4309 4367
f 4311 4310 4368
f 4307 4311 4369
f 4316 4315 3133
f 4317 4316 3171
f 4320 4319 3173
f 4321 4320 3174
f 4323 4322 4370
f 4328 4327 4371
f 4299 4340 4372
f 4340 4314 4374
f 4333 4300 4376
f 4335 4318 4378
f 4314 4338 4380
f 4300 4299 4382
f 4318 4339 4349
f 4331 4329 3175
f 4279 4288 3177
f 4280 4317 3178
f 4329 4277 3179
f 4256 4250 4261
f 4259 4252 4263
f 4342 4343 4265
f 4251 4253 4267
f 4249 4255 4269
f 4344 4345 4270
f 4260 4259 4264
f 4346 4342 4266
f 4246 4344 4271
f 4254 4260 4272
f 4347 4348 4273
f 4258 4257 4262
f 3132 3133 4315
f 3134 3135 4341
f 3136 3137 4330
f 3138 3139 4291
f 3140 3141 4332
f 3142 3143 4284
f 3144 3145 4287
f 3146 3147 4293
f 3148 3149 4292
f 4350 4351 4298
f 4352 4353 4334
f 3150 3134 4326
f 3151 3152 4336
f 3153 3154 4319
f 4354 4355 4338
f 4356 4357 4337
f 4358 4359 4322
f 4360 4361 4327
f 3155 3136 4282
f 3156 3155 4281
f 3157 3158 4285
f 3158 3146 4286
f 3159 3160 4288
f 3161 3144 4290
f 3162 3161 4289
f 3163 3156 4283
f 3164 3148 4294
f 4362 4352 4296
f 4363 4362 4295
f 4364 4363 4297
f 3165 3166 4302
f 3167 3165 4301
f 3168 3167 4303
f 3166 3169 4305
f 3169 3170 4306
f 3170 3168 4304
f 4365 4366 4308
f 4366 4367 4309
f 4367 4368 4310
f 4368 4369 4311
f 4369 4365 4307
f 3133 3171 4316
f 3171 3172 4317
f 3173 3174 4320
f 3174 3151 4321
f 4370 3153 4323
f 4371 4358 4328
f 4372 4373 4299
f 4374 4375 4340
f 4376 4377 4333
f 4378 4379 4335
f 4380 4381 4314
f 4382 4383 4300
f 4349 4378 4318
f 3175 3176 4331
f 3177 3130 4279
f 3178 3131 4280
f 3179 3175 4329
f 4261 4250 4249
f 4263 4252 4251
f 4265 4343 4384
f 4267 4253 4246
f 4269 4255 4254
f 4270 4345 4346
f 4265 4384 4347
f 4262 4257 4256
f 4341 3180 3132
f 4341 3181 3180
f 4341 3135 3182
f 4341 3182 3181
f 4330 3137 3140
f 4291 3139 3162
f 4332 3141 3138
f 4284 3143 3157
f 4287 3145 3159
f 4293 3147 3164
f 4292 3149 3163
f 4298 4351 4364
f 4334 4353 4356
f 4336 3152 3150
f 4319 3154 3173
f 4337 4357 4354
f 4322 4359 4370
f 4327 4361 4371
f 4333 4385 4350
f 4335 4386 4360
f 4338 4355 4387
f 4299 4373 4382
f 4338 4387 4380
f 4340 4375 4388
f 4333 4377 4385
f 4335 4379 4386
f 4314 4381 4374
f 4300 4383 4376
f 4340 4388 4372
f 4331 3183 3142
f 4288 3160 3177
f 4317 3172 3178
f 4331 3176 3183
f 4389 4390 4262
f 4389 4262 4261
f 4391 4392 4264
f 4391 4264 4263
f 4393 4394 4266
f 4393 4266 4265
f 4391 4395 4267
f 4391 4267 4263
f 4390 4396 4268
f 4390 4268 4262
f 4389 4397 4269
f 4389 4269 4261
f 4394 4398 4270
f 4394 4270 4266
f 4395 4399 4271
f 4395 4271 4267
f 4398 4399 4271
f 4398 4271 4270
f 4392 4400 4272
f 4392 4272 4264
f 4397 4400 4272
f 4397 4272 4269
f 4393 4401 4273
f 4393 4273 4265
f 4396 4402 4275
f 4396 4275 4268
f 4401 4403 4348
f 4401 4348 4273
f 4409 4405 4410
f 4410 4405 4404
f 4410 4404 4408
f 4409 4410 4414
f 4410 4408 4416
f 4411 4412 4419
f 4398 4407 4421
f 4408 4399 4423
f 4397 4409 4415
f 4412 4413 4418
f 4390 4389 4427
f 4407 4406 4429
f 4406 4411 4430
f 4396 4390 4428
f 4389 4397 4431
f 4399 4398 4432
f 4414 4415 4409
f 4416 4417 4410
f 4419 4420 4411
f 4421 4422 4398
f 4423 4416 4408
f 4415 4426 4397
f 4418 4419 4412
f 4427 4428 4390
f 4429 4421 4407
f 4430 4429 4406
f 4428 4424 4396
f 4431 4427 4389
f 4432 4423 4399
f 4410 4433 4414
f 4410 4417 4433
f 4411 4420 4430
f 4398 4422 4432
f 4397 4426 4431
f 4418 4413 4435
f 4435 4436 4418
f 4413 4434 4437
f 4413 4437 4435
f 4396 4424 4438
f 4424 4425 4439
f 4438 4402 4396
f 4439 4438 4424
f 4425 4440 4439
f 4441 4442 4415
f 4441 4415 4414
f 4443 4444 4417
f 4443 4417 4416
f 4445 4446 4420
f 4445 4420 4419
f 4447 4448 4422
f 4447 4422 4421
f 4449 4443 4416
f 4449 4416 4423
f 4450 4451 4425
f 4450 4425 4424
f 4442 4452 4426
f 4442 4426 4415
f 4453 4445 4419
f 4453 4419 4418
f 4454 4455 4428
f 4454 4428 4427
f 4456 4447 4421
f 4456 4421 4429
f 4457 4456 4429
f 4457 4429 4430
f 4455 4450 4424
f 4455 4424 4428
f 4458 4454 4427
f 4458 4427 4431
f 4459 4449 4423
f 4459 4423 4432
f 4460 4441 4414
f 4460 4414 4433
f 4444 4460 4433
f 4444 4433 4417
f 4446 4457 4430
f 4446 4430 4420
f 4448 4459 4432
f 4448 4432 4422
f 4452 4458 4431
f 4452 4431 4426
f 4461 4437 4434
f 4462 4276 4402
f 4462 4402 4438
f 4463 4462 4438
f 4463 4438 4439
f 4451 4464 4440
f 4451 4440 4425
f 4464 4463 4439
f 4464 4439 4440
f 4293 4294 4582
f 4295 4296 4584
f 4582 4294 4292
f 4584 4296 4334
f 4584 4337 4338
f 4584 4338 4314
f 4584 4334 4337
f 4582 4583 4468
f 4583 4582 4467
f 4582 4292 4541
f 4293 4582 4466
f 4295 4584 4470
f 4584 4314 4544
f 4281 4282 4546
f 4283 4281 4475
f 4284 4285 4481
f 4285 4286 4547
f 4287 4288 4548
f 4289 4290 4549
f 4291 4289 4485
f 4292 4283 4477
f 4297 4295 4543
f 4298 4297 4489
f 4299 4300 4550
f 4301 4302 4501
f 4303 4301 4495
f 4304 4303 4497
f 4302 4305 4503
f 4305 4306 4505
f 4306 4304 4499
f 4307 4308 4509
f 4308 4309 4511
f 4309 4310 4513
f 4310 4311 4515
f 4311 4307 4507
f 4312 4313 4551
f 4314 4312 4517
f 4315 4316 4521
f 4316 4317 4552
f 4585 4586 4525
f 4586 4318 4553
f 4587 4588 4554
f 4319 4320 4531
f 4320 4321 4555
f 4322 4323 4556
f 4324 4325 4557
f 4326 4324 4535
f 4327 4328 4558
f 4282 4330 4562
f 4329 4331 4563
f 4332 4291 4487
f 4330 4332 4564
f 4331 4284 4479
f 4290 4287 4483
f 4286 4293 4542
f 4300 4333 4565
f 4333 4298 4491
f 4313 4299 4493
f 4325 4315 4519
f 4588 4585 4523
f 4318 4335 4566
f 4336 4326 4537
f 4321 4336 4567
f 4323 4319 4529
f 4589 4590 4568
f 4590 4587 4527
f 4328 4322 4533
f 4335 4327 4539
f 4468 4466 4582
f 4467 4474 4583
f 4541 4466 4582
f 4466 4542 4293
f 4470 4543 4295
f 4544 4471 4584
f 4546 4476 4281
f 4475 4478 4283
f 4481 4480 4284
f 4547 4482 4285
f 4548 4484 4287
f 4549 4486 4289
f 4485 4488 4291
f 4477 4541 4292
f 4543 4490 4297
f 4489 4492 4298
f 4550 4494 4299
f 4501 4496 4301
f 4495 4498 4303
f 4497 4500 4304
f 4503 4502 4302
f 4505 4504 4305
f 4499 4506 4306
f 4509 4508 4307
f 4511 4510 4308
f 4513 4512 4309
f 4515 4514 4310
f 4507 4516 4311
f 4551 4518 4312
f 4517 4544 4314
f 4521 4520 4315
f 4552 4522 4316
f 4525 4524 4585
f 4553 4526 4586
f 4554 4528 4587
f 4531 4530 4319
f 4555 4532 4320
f 4556 4534 4322
f 4557 4536 4324
f 4535 4538 4326
f 4558 4540 4327
f 4562 4546 4282
f 4563 4561 4329
f 4487 4564 4332
f 4564 4562 4330
f 4479 4563 4331
f 4483 4549 4290
f 4542 4547 4286
f 4565 4550 4300
f 4491 4565 4333
f 4493 4551 4313
f 4519 4557 4325
f 4523 4554 4588
f 4566 4553 4318
f 4537 4567 4336
f 4567 4555 4321
f 4529 4556 4323
f 4568 4559 4589
f 4527 4568 4590
f 4533 4558 4328
f 4539 4566 4335
f 4582 4466 4465
f 4582 4465 4467
f 4583 4469 4468
f 4584 4471 4470
f 4583 4472 4469
f 4583 4473 4472
f 4583 4474 4473
f 4281 4476 4475
f 4283 4478 4477
f 4284 4480 4479
f 4285 4482 4481
f 4287 4484 4483
f 4289 4486 4485
f 4291 4488 4487
f 4297 4490 4489
f 4298 4492 4491
f 4299 4494 4493
f 4301 4496 4495
f 4303 4498 4497
f 4304 4500 4499
f 4302 4502 4501
f 4305 4504 4503
f 4306 4506 4505
f 4307 4508 4507
f 4308 4510 4509
f 4309 4512 4511
f 4310 4514 4513
f 4311 4516 4515
f 4312 4518 4517
f 4315 4520 4519
f 4316 4522 4521
f 4585 4524 4523
f 4586 4526 4525
f 4587 4528 4527
f 4319 4530 4529
f 4320 4532 4531
f 4322 4534 4533
f 4324 4536 4535
f 4326 4538 4537
f 4327 4540 4539
f 4589 4559 4570
f 4570 4569 4589
f 4559 4571 4570
f 4329 4561 4579
f 4560 4545 4572
f 4561 4560 4574
f 4548 4288 4576
f 4552 4317 4577
f 4579 4278 4329
f 4572 4575 4560
f 4574 4579 4561
f 4576 4580 4548
f 4577 4581 4552
f 4545 4573 4572
f 4560 4575 4574
f 4288 4279 4576
f 4317 4280 4577
f 4545 4578 4573
f 4589 4569 4592
f 4413 4412 4593
f 4412 4411 4595
f 4411 4591 4596
f 4434 4413 4598
f 4461 4434 4600
f 4585 4588 4602
f 4587 4590 4604
f 4586 4585 4606
f 4588 4587 4608
f 4339 4586 4609
f 4590 4589 4610
f 4589 4592 4612
f 4593 4594 4413
f 4595 4593 4412
f 4596 4597 4411
f 4598 4599 4434
f 4600 4601 4461
f 4602 4603 4585
f 4604 4605 4587
f 4606 4607 4586
f 4608 4602 4588
f 4609 4349 4339
f 4610 4611 4590
f 4612 4610 4589
f 4413 4594 4613
f 4411 4597 4595
f 4413 4613 4598
f 4434 4599 4600
f 4585 4603 4606
f 4587 4605 4608
f 4586 4607 4609
f 4590 4614 4604
f 4590 4611 4614
f 4453 4615 4436
f 4616 2770 2725
f 4616 2725 2724
f 2775 4616 2724
f 2775 2724 2730
f 2773 2791 2749
f 2773 2749 2728
f 4453 4436 4418
f 4617 4618 4619
f 4620 4621 4622
f 4620 4623 4624
f 4625 4626 4627
f 4627 4628 4629
f 4627 4630 4625
f 4623 4631 4624
f 4632 4629 4626
f 4633 4624 4631
f 4629 4627 4626
f 4628 4634 4629
f 4635 4633 4631
f 4636 4633 4635
f 4632 4630 4627
f 4632 4627 4629
f 4637 4618 4617
f 4638 4639 4636
f 4632 4626 4640
f 4641 4642 4643
f 4644 4645 4646
f 4647 4648 4649
f 4623 4620 4622
f 4644 4646 4650
f 4651 4652 4653
f 4652 4654 4653
f 4655 4650 4646
f 4619 4650 4655
f 4644 4626 4645
f 4653 4656 4651
f 4639 4638 4659
f 4660 4653 4654
f 4661 4633 4636
f 4662 4663 4653
f 4662 4664 4663
f 4666 4667 4668
f 4669 4670 4671
f 4622 4652 4672
f 4621 4654 4622
f 4654 4652 4622
f 4663 4674 4675
f 4654 4621 4676
f 4663 4677 4674
f 4678 4636 4639
f 4679 4680 4681
f 4673 4666 4668
f 4640 4626 4644
f 4682 4683 4684
f 4649 4648 4666
f 4666 4648 4685
f 4686 4687 4688
f 4675 4674 4686
f 4689 4687 4686
f 4619 4690 4650
f 4650 4690 4644
f 4687 4691 4688
f 4690 4692 4644
f 4689 4686 4674
f 4689 4683 4687
f 4693 4617 4694
f 4670 4695 4671
f 4696 4694 4697
f 4687 4683 4698
f 4677 4684 4674
f 4664 4677 4663
f 4664 4684 4677
f 4690 4619 4618
f 4695 4699 4700
f 4695 4670 4699
f 4701 4697 4702
f 4700 4703 4704
f 4705 4706 4707
f 4684 4683 4689
f 4674 4684 4689
f 4639 4708 4709
f 4662 4653 4660
f 4705 4710 4711
f 4666 4685 4667
f 4685 4648 4714
f 4659 4625 4630
f 4639 4659 4708
f 4708 4659 4630
f 4715 4711 4710
f 4673 4716 4666
f 4709 4708 4717
f 4630 4717 4708
f 4666 4716 4649
f 4718 4719 4720
f 4632 4717 4630
f 4629 4634 4719
f 4719 4634 4720
f 4685 4714 4721
f 4658 4691 4687
f 4722 4723 4724
f 4725 4628 4627
f 4704 4703 4726
f 4726 4703 4727
f 4691 4658 4657
f 4712 4680 4728
f 4712 4728 4729
f 4679 4728 4680
f 4730 4731 4732
f 4731 4733 4732
f 4680 4713 4681
f 4731 4734 4733
f 4715 4735 4736
f 4737 4738 4739
f 4737 4739 4740
f 4741 4742 4743
f 4744 4737 4740
f 4731 4743 4742
f 4739 4745 4740
f 4746 4728 4747
f 4742 4741 4737
f 4746 4748 4728
f 4705 4749 4739
f 4746 4726 4748
f 4745 4739 4669
f 4750 4732 4733
f 4750 4733 4751
f 4747 4728 4752
f 4711 4753 4754
f 4705 4754 4749
f 4711 4715 4753
f 4703 4700 4755
f 4679 4756 4757
f 4758 4697 4701
f 4696 4697 4758
f 4752 4679 4757
f 4756 4679 4681
f 4759 4693 4696
f 4687 4698 4665
f 4687 4665 4658
f 4679 4752 4728
f 4738 4737 4741
f 4738 4706 4739
f 4755 4700 4699
f 4755 4699 4735
f 4739 4706 4705
f 4730 4743 4731
f 4760 4724 4723
f 4761 4735 4715
f 4736 4762 4715
f 4704 4671 4700
f 4722 4701 4723
f 4742 4737 4731
f 4715 4762 4753
f 4763 4731 4737
f 4764 4760 4765
f 4762 4736 4699
f 4704 4747 4671
f 4718 4766 4719
f 4761 4715 4710
f 4718 4725 4766
f 4766 4627 4629
f 4725 4627 4766
f 4695 4700 4671
f 4726 4746 4704
f 4724 4760 4764
f 4746 4747 4704
f 4767 4750 4751
f 4642 4655 4768
f 4655 4642 4619
f 4711 4754 4705
f 4768 4643 4642
f 4769 4764 4765
f 4764 4714 4770
f 4714 4648 4770
f 4752 4771 4747
f 4769 4714 4764
f 4702 4723 4701
f 4772 4747 4771
f 4747 4772 4671
f 4736 4735 4699
f 4773 4774 4775
f 4776 4777 4778
f 4779 4777 4776
f 4780 4781 4774
f 4781 4780 4782
f 4777 4784 4785
f 4777 4779 4784
f 4786 4779 4776
f 4786 4781 4779
f 4778 4777 4785
f 4778 4787 4788
f 4774 4773 4780
f 4773 4789 4780
f 4788 4776 4778
f 4778 4790 4787
f 4784 4791 4785
f 4778 4785 4790
f 4784 4779 4781
f 4784 4781 4782
f 4790 4783 4787
f 4792 4783 4790
f 4786 4776 4793
f 4781 4786 4774
f 4792 4790 4785
f 4775 4786 4793
f 4775 4774 4786
f 4794 4795 4796
f 4794 4797 4795
f 4798 4794 4799
f 4794 4800 4799
f 4801 4802 4797
f 4797 4803 4795
f 4803 4797 4802
f 4792 4785 4804
f 4785 4791 4804
f 4805 4806 4807
f 4808 4809 4810
f 4802 4801 4811
f 4812 4802 4811
f 4813 4811 4814
f 4815 4773 4775
f 4806 4805 4816
f 4817 4818 4819
f 4817 4820 4818
f 4810 4821 4822
f 4823 4815 4824
f 4800 4823 4825
f 4826 4806 4816
f 4827 4826 4816
f 4822 4807 4806
f 4822 4821 4807
f 4828 4829 4830
f 4831 4832 4806
f 4832 4822 4806
f 4831 4806 4826
f 4832 4810 4822
f 4833 4832 4831
f 4834 4828 4835
f 4829 4828 4834
f 4838 4813 4809
f 4811 4813 4839
f 4837 4792 4804
f 4840 4841 4829
f 4834 4835 4842
f 4838 4809 4808
f 4828 4820 4817
f 4834 4842 4843
f 4844 4823 4800
f 4845 4846 4808
f 4808 4846 4838
f 4844 4815 4823
f 4847 4798 4848
f 4849 4840 4834
f 4817 4819 4850
f 4849 4843 4851
f 4834 4843 4849
f 4848 4852 4847
f 4853 4854 4855
f 4808 4810 4856
f 4810 4832 4856
f 4856 4832 4857
f 4858 4859 4860
f 4861 4854 4853
f 4800 4794 4796
f 4862 4863 4864
f 4865 4858 4860
f 4860 4866 4865
f 4849 4867 4840
f 4868 4863 4862
f 4840 4829 4834
f 4859 4863 4868
f 4797 4794 4798
f 4835 4869 4842
f 4835 4850 4870
f 4856 4845 4808
f 4871 4867 4849
f 4815 4789 4773
f 4869 4864 4842
f 4850 4828 4817
f 4862 4864 4869
f 4851 4842 4864
f 4857 4832 4833
f 4848 4798 4799
f 4848 4799 4872
f 4856 4873 4845
f 4874 4875 4876
f 4796 4844 4800
f 4845 4873 4877
f 4878 4876 4879
f 4880 4789 4815
f 4842 4851 4843
f 4878 4874 4876
f 4856 4881 4873
f 4876 4882 4883
f 4884 4857 4833
f 4850 4835 4828
f 4881 4856 4857
f 4844 4880 4815
f 4885 4886 4887
f 4868 4855 4859
f 4888 4835 4870
f 4852 4848 4805
f 4889 4887 4886
f 4891 4892 4859
f 4891 4893 4892
f 4888 4869 4835
f 4851 4864 4894
f 4892 4860 4859
f 4880 4888 4789
f 4880 4869 4888
f 4805 4807 4852
f 4889 4886 4885
f 4866 4893 4895
f 4855 4891 4859
f 4892 4866 4860
f 4797 4798 4847
f 4782 4791 4784
f 4797 4847 4852
f 4870 4791 4782
f 4852 4801 4797
f 4819 4837 4804
f 4892 4893 4866
f 4801 4852 4807
f 4896 4897 4898
f 4812 4811 4839
f 4900 4901 4902
f 4801 4807 4821
f 4903 4904 4905
f 4818 4837 4819
f 4906 4812 4839
f 4809 4814 4821
f 4904 4907 4908
f 4811 4801 4814
f 4909 4910 4911
f 4801 4821 4814
f 4912 4907 4904
f 4913 4914 4915
f 4909 4911 4916
f 4809 4821 4810
f 4917 4879 4918
f 4809 4813 4814
f 4791 4850 4804
f 4812 4906 4902
f 4919 4902 4906
f 4915 4920 4907
f 4910 4909 4921
f 4854 4891 4855
f 4900 4902 4846
f 4915 4922 4920
f 4902 4923 4846
f 4924 4923 4902
f 4850 4819 4804
f 4904 4903 4912
f 4925 4898 4903
f 4878 4926 4927
f 4859 4928 4863
f 4870 4850 4791
f 4859 4858 4928
f 4854 4893 4891
f 4863 4929 4864
f 4912 4903 4898
f 4917 4926 4878
f 4919 4906 4930
f 4931 4918 4932
f 4928 4929 4863
f 4932 4918 4879
f 4897 4933 4898
f 4934 4935 4926
f 4870 4782 4780
f 4888 4870 4780
f 4868 4880 4844
f 4936 4846 4923
f 4937 4930 4938
f 4795 4803 4939
f 4877 4940 4901
f 4941 4833 4831
f 4941 4831 4940
f 4789 4888 4780
f 4877 4901 4900
f 4877 4941 4940
f 4864 4942 4894
f 4864 4929 4942
f 4943 4944 4945
f 4861 4946 4854
f 4813 4838 4839
f 4803 4802 4812
f 4947 4902 4901
f 4898 4933 4912
f 4948 4949 4934
f 4839 4838 4906
f 4950 4951 4952
f 4953 4949 4948
f 4914 4944 4943
f 4930 4954 4946
f 4841 4899 4830
f 4953 4948 4955
f 4829 4841 4830
f 4956 4957 4950
f 4879 4917 4878
f 4958 4796 4795
f 4893 4854 4895
f 4895 4854 4946
f 4927 4935 4959
f 4935 4927 4926
f 4912 4933 4961
f 4961 4913 4912
f 4951 4962 4963
f 4841 4960 4899
f 4964 4965 4943
f 4947 4924 4902
f 4966 4935 4934
f 4946 4954 4895
f 4967 4905 4954
f 4968 4914 4943
f 4866 4969 4865
f 4967 4903 4905
f 4934 4926 4917
f 4803 4812 4902
f 4970 4969 4908
f 4902 4939 4803
f 4948 4934 4917
f 4943 4965 4968
f 4865 4969 4971
f 4972 4793 4973
f 4919 4939 4902
f 4896 4974 4897
f 4975 4971 4976
f 4977 4978 4979
f 4976 4971 4969
f 4775 4793 4972
f 4911 4910 4979
f 4955 4948 4917
f 4930 4937 4954
f 4979 4980 4897
f 4981 4901 4940
f 4981 4947 4901
f 4980 4979 4910
f 4982 4922 4915
f 4977 4979 4897
f 4936 4906 4838
f 4983 4831 4826
f 4936 4838 4846
f 4983 4940 4831
f 4983 4826 4827
f 4908 4907 4920
f 4900 4846 4845
f 4914 4968 4915
f 4982 4915 4968
f 4913 4907 4912
f 4983 4984 4940
f 4815 4775 4972
f 4898 4925 4937
f 4970 4908 4920
f 4968 4965 4982
f 4985 4981 4940
f 4973 4824 4972
f 4984 4985 4940
f 4872 4824 4973
f 4938 4978 4937
f 4937 4978 4896
f 4970 4976 4969
f 4965 4986 4982
f 4938 4930 4906
f 4939 4958 4795
f 4976 4970 4920
f 4987 4906 4936
f 4844 4796 4958
f 4909 4916 4988
f 4922 4975 4976
f 4922 4976 4920
f 4927 4874 4878
f 4949 4989 4934
f 4953 4955 4990
f 4909 4991 4921
f 4938 4906 4987
f 4980 4933 4897
f 4961 4933 4980
f 4868 4844 4958
f 4883 4879 4876
f 4799 4824 4872
f 4988 4991 4909
f 4910 4961 4980
f 4910 4945 4961
f 4978 4974 4896
f 4992 4945 4910
f 4992 4910 4921
f 4953 4990 4949
f 4949 4990 4993
f 4937 4967 4954
f 4977 4974 4978
f 4994 4995 4996
f 4967 4937 4925
f 4997 4897 4974
f 4997 4977 4897
f 4823 4824 4825
f 4799 4825 4824
f 4977 4997 4998
f 4974 4998 4997
f 4824 4815 4972
f 4999 5000 5001
f 4805 5002 4816
f 4974 4977 4998
f 4964 4992 4921
f 5002 5003 4816
f 4992 4943 4945
f 5004 4984 4983
f 5004 4985 4984
f 4943 4992 4964
f 4861 4853 4919
f 5003 5002 5005
f 4925 4903 4967
f 4964 4991 4966
f 4961 4944 4913
f 4937 4896 4898
f 4924 4947 5006
f 4958 4853 4855
f 5006 5007 4924
f 4936 4923 5008
f 4939 4919 4853
f 4853 4958 4939
f 4861 4919 4930
f 4989 4957 5009
f 4950 4957 4989
f 5005 5010 5003
f 5011 5012 5013
f 5014 5011 5013
f 4923 4924 5007
f 5015 4965 4964
f 4915 4907 4913
f 4862 4869 4880
f 4987 5008 4938
f 4995 5016 4996
f 4881 4884 4873
f 5006 4947 4981
f 5017 4827 4816
f 5018 5000 4999
f 5003 5017 4816
f 4961 4945 4944
f 5017 4983 4827
f 5019 4996 5016
f 5015 4986 4965
f 5020 5021 5016
f 5022 5017 5003
f 5021 5023 5016
f 5003 5010 5022
f 4799 4800 4825
f 4921 4991 4964
f 4890 4837 4818
f 4936 5008 4987
f 4988 4916 5024
f 4890 4818 4836
f 5025 5019 4999
f 4914 4913 4944
f 5009 4966 4934
f 5005 4994 5010
f 4966 5015 4964
f 5010 4994 5026
f 5001 5026 4994
f 5009 5015 4966
f 4989 5009 4934
f 5019 5016 5023
f 4988 5027 4959
f 4877 4900 4845
f 4988 5024 5027
f 4989 4949 4950
f 4949 4951 4950
f 5019 5023 5028
f 4981 5029 5006
f 5030 4981 4985
f 5025 5001 4994
f 4993 4951 4949
f 5025 4996 5019
f 4994 4996 5025
f 5029 4981 5030
f 4868 4862 4880
f 4993 4962 4951
f 4959 4935 4988
f 5005 5002 5031
f 5004 5030 4985
f 5031 4994 5005
f 5006 4875 5007
f 4830 4820 4828
f 5032 5033 5034
f 5019 5028 4999
f 4875 4874 5007
f 5022 5010 5026
f 5026 5000 5022
f 4884 4833 4941
f 5028 5018 4999
f 5001 5000 5026
f 5035 5014 5036
f 5037 5018 5028
f 5001 5025 4999
f 4995 4994 5031
f 4873 4884 4877
f 4884 4941 4877
f 4861 4930 4946
f 5038 5000 5018
f 5033 5036 5039
f 5033 5035 5036
f 5020 5012 5021
f 4927 4923 5007
f 4927 5007 4874
f 5012 5023 5021
f 4931 5040 4918
f 4876 4875 5029
f 4932 4879 4883
f 5042 5014 5035
f 5033 5042 5035
f 5043 5023 5012
f 5044 5045 5046
f 5029 4875 5006
f 5047 5046 5048
f 5011 5049 5012
f 4855 4868 4958
f 5018 5050 5051
f 5043 5028 5023
f 5018 5051 5038
f 5029 5030 4882
f 5047 5052 5053
f 5054 5052 5047
f 5034 5033 5039
f 5053 5052 5056
f 5057 5058 5059
f 5037 5050 5018
f 4923 4959 5008
f 5060 5055 5061
f 4923 4927 4959
f 5029 4882 4876
f 5062 5050 5037
f 5063 5034 5039
f 5032 5034 5064
f 5032 5061 5055
f 5032 5060 5061
f 5064 5060 5032
f 5057 5049 5011
f 5043 5065 5028
f 5040 4917 4918
f 5057 5011 5041
f 5065 5037 5028
f 5043 5012 5049
f 5049 5066 5043
f 4955 4917 5040
f 5062 5037 5065
f 5059 5049 5057
f 5059 5066 5049
f 5053 5067 5047
f 5027 5024 5008
f 5068 5069 5070
f 5071 5070 5053
f 5008 4978 4938
f 5072 5070 5069
f 5073 5064 5034
f 5058 5066 5059
f 5058 5074 5066
f 5024 4978 5008
f 5075 5073 5034
f 5076 5073 5075
f 5077 5065 5043
f 5041 5011 5014
f 5075 5078 5076
f 5077 5043 5066
f 5027 5008 4959
f 5079 5062 5077
f 4991 4988 4935
f 5080 5081 5082
f 4935 4966 4991
f 5083 5084 5085
f 5086 5087 5085
f 5088 5081 5080
f 5089 5090 5091
f 5081 5088 5048
f 5004 5092 5093
f 5048 5046 5081
f 4882 5030 5004
f 5093 4882 5004
f 5094 5095 5096
f 5089 5093 5092
f 5095 5090 5096
f 5094 5097 5095
f 5045 5081 5046
f 5098 5099 5100
f 5090 4931 5091
f 5063 5075 5034
f 5040 4931 5090
f 5101 5099 5102
f 4908 4905 4904
f 5101 5100 5099
f 4908 4895 4905
f 5095 5040 5090
f 5101 5048 5100
f 5103 4983 5017
f 5017 5104 5103
f 5105 4881 4857
f 5048 5088 5100
f 5020 5016 4995
f 4884 5106 4857
f 5022 5104 5017
f 5086 5038 5051
f 5086 5051 5107
f 5036 5014 5013
f 4954 4905 4895
f 4916 4978 5024
f 5022 5108 5104
f 5091 5093 5089
f 4969 4866 4895
f 4969 4895 4908
f 5050 5107 5051
f 5110 5089 5092
f 5063 5111 5075
f 4955 5040 5112
f 5112 5040 5113
f 5114 5115 5116
f 5115 5117 5087
f 4911 4979 4978
f 5082 5097 5094
f 5118 5050 5119
f 5107 5115 5086
f 4911 4978 4916
f 5093 4883 4882
f 4932 4883 5093
f 5101 5054 5048
f 5087 5086 5115
f 5054 5101 5102
f 5120 5116 5118
f 5093 5091 4932
f 4932 5091 4931
f 5116 5115 5107
f 5122 5123 5111
f 5110 5096 5089
f 5118 5107 5050
f 4962 4993 5124
f 5004 4983 5103
f 5125 5056 5052
f 5004 5103 5104
f 5118 5116 5107
f 5126 5104 5108
f 4990 5127 5128
f 4990 5129 5124
f 5110 5094 5096
f 5130 5131 5132
f 5090 5089 5096
f 5068 5070 5071
f 5000 5108 5022
f 5056 5133 5053
f 5097 5134 5095
f 5129 5135 5124
f 5136 5134 5097
f 5133 5056 5137
f 5000 5038 5108
f 5138 5139 5068
f 5054 5047 5048
f 5140 5097 5082
f 5062 5065 5077
f 5078 5132 5073
f 5076 5078 5073
f 5133 5071 5053
f 5066 5079 5077
f 5136 5097 5140
f 5142 5143 5144
f 5111 5123 5075
f 5142 5145 5143
f 5110 5146 5083
f 5142 5147 5145
f 5123 5078 5075
f 5074 5079 5066
f 5116 5120 5148
f 5114 5116 5148
f 5087 5083 5085
f 5149 5079 5074
f 5078 5123 5150
f 5151 5152 5153
f 5153 5152 5155
f 5131 5130 5154
f 5119 5062 5079
f 5062 5119 5050
f 5138 5068 5071
f 5138 5071 5156
f 5156 5071 5133
f 5119 5157 5118
f 5117 5083 5087
f 5158 5045 5159
f 5004 5104 5126
f 5115 5160 5117
f 5157 5120 5118
f 5140 5158 5162
f 5115 5114 5160
f 5123 5163 5164
f 5079 5149 5119
f 5149 5121 5119
f 5132 5078 5166
f 5166 5130 5132
f 5137 5141 5161
f 5058 5149 5074
f 5084 5126 5108
f 5167 5154 5130
f 5162 5136 5140
f 5168 5133 5137
f 5168 5156 5133
f 5004 5126 5092
f 5148 5160 5114
f 5109 5157 5119
f 5121 5109 5119
f 5082 5158 5140
f 5082 5081 5158
f 5045 5158 5081
f 5122 5169 5163
f 5155 5152 5170
f 5152 5151 5171
f 5136 5162 5172
f 5173 5170 5152
f 4840 4867 4841
f 5167 5130 5166
f 5174 4841 4867
f 5175 5176 5112
f 5157 5177 5120
f 5178 5110 5083
f 5178 5083 5117
f 5092 5126 5146
f 5179 5167 5166
f 5110 5092 5146
f 5094 5110 5178
f 5180 5162 5158
f 5094 5178 5181
f 5181 5178 5117
f 5123 5122 5163
f 5180 5158 5159
f 5174 4867 5182
f 5113 5095 5134
f 5100 5088 5098
f 5038 5084 5108
f 5086 5084 5038
f 5126 5084 5146
f 5102 5098 5160
f 5102 5099 5098
f 5054 5102 5148
f 5160 5098 5181
f 5183 4867 4871
f 5117 5160 5181
f 5182 5184 5185
f 5164 5150 5123
f 5102 5160 5148
f 5084 5083 5146
f 5166 5078 5179
f 4849 5186 4871
f 5120 5177 5187
f 5187 5125 5148
f 5186 4849 4851
f 5187 5148 5120
f 5054 5148 5125
f 5054 5125 5052
f 5183 4871 5186
f 5125 5187 5141
f 4884 4881 5188
f 4884 5188 5106
f 4851 4894 5186
f 5180 5172 5162
f 5141 5137 5125
f 5078 5150 5179
f 5125 5137 5056
f 5179 5150 5164
f 5086 5085 5084
f 5189 5186 4894
f 5164 5153 5179
f 5153 5190 5167
f 5040 5095 5113
f 5153 5167 5179
f 5169 5151 5163
f 5192 5182 5183
f 5192 5183 5193
f 4960 4841 5174
f 5112 5113 5175
f 5172 5128 5194
f 5195 5196 5192
f 5080 5082 5094
f 5128 5172 5143
f 5020 5013 5012
f 5181 5088 5080
f 5098 5088 5181
f 5193 5195 5192
f 5094 5181 5080
f 5186 5193 5183
f 5132 5165 5060
f 5132 5060 5073
f 5198 5199 5184
f 5200 5198 5196
f 5198 5184 5196
f 5201 5202 5176
f 5176 4955 5112
f 5174 5185 4960
f 5176 5202 4955
f 5186 5203 5193
f 5060 5064 5073
f 5170 5072 5155
f 5155 5072 5069
f 5113 5201 5175
f 5204 5199 5198
f 5189 5203 5186
f 5131 5154 5165
f 5132 5131 5165
f 5190 5153 5139
f 5205 4894 4942
f 5171 5151 5169
f 5151 5153 5164
f 5164 5163 5151
f 5201 5176 5175
f 5203 5195 5193
f 5206 5198 5200
f 5200 5196 5195
f 4942 5208 5205
f 5183 5182 4867
f 5174 5182 5185
f 5209 4929 4928
f 5199 5207 5197
f 5210 5191 5184
f 5211 5208 4942
f 5212 5172 5180
f 5213 5214 5215
f 5216 5217 5218
f 4942 4929 5209
f 5155 5069 5139
f 5155 5139 5153
f 5213 5219 5220
f 5139 5069 5068
f 5199 5197 5210
f 5191 5210 5197
f 5221 5169 5122
f 5222 5195 5203
f 5223 5200 5224
f 5200 5223 5206
f 5189 5225 5203
f 5208 5225 5189
f 5225 5222 5203
f 5226 5218 5227
f 5228 5229 5230
f 5194 5134 5136
f 5222 5224 5200
f 5231 5230 5232
f 5233 5216 5219
f 5228 5230 5231
f 4971 4975 5234
f 5235 5236 5237
f 5236 5238 5237
f 5239 5230 5240
f 4975 5241 5234
f 5242 5226 5227
f 5243 5238 5236
f 5225 5244 5222
f 5219 5216 5218
f 5236 5235 5239
f 5245 5242 5227
f 5246 5247 5234
f 5219 5218 5226
f 5236 5239 5248
f 5191 5185 5184
f 5234 5241 5246
f 5239 5240 5248
f 5215 5244 5225
f 5220 5219 5226
f 5143 5172 5249
f 4963 5250 4952
f 5251 5252 5253
f 5226 5242 5254
f 4950 5255 4956
f 5243 5236 5248
f 4950 4952 5255
f 4951 4963 4952
f 5250 4963 5135
f 5256 5254 5242
f 5244 5224 5222
f 5143 5249 5144
f 5220 5226 5257
f 5199 5258 5207
f 5204 5198 5206
f 5257 5226 5254
f 5184 5199 5210
f 5255 4952 5250
f 5256 5259 5254
f 5222 5200 5195
f 5172 5212 5249
f 5239 5235 5232
f 4942 5209 5211
f 5239 5232 5230
f 5253 5260 5261
f 4858 5209 4928
f 4858 4865 4971
f 4858 4971 5262
f 4858 5262 5209
f 5248 5263 5243
f 5264 5243 5263
f 5199 5204 5258
f 5262 5265 5209
f 5266 5267 5268
f 5266 5268 5269
f 5241 5270 5246
f 5269 5268 5271
f 5272 5244 5215
f 5214 5272 5215
f 5273 5238 5243
f 5234 5262 4971
f 5206 5261 5204
f 4922 5241 4975
f 5250 5274 5275
f 5209 5265 5211
f 5275 5255 5250
f 5276 5277 5278
f 5279 5265 5262
f 5274 5268 5267
f 5274 5267 5275
f 5134 5194 5113
f 5234 5279 5262
f 5234 5247 5279
f 5261 5260 5204
f 5247 5246 5280
f 5215 5233 5219
f 5192 5184 5182
f 5113 5194 5127
f 5245 5281 5282
f 5127 5201 5113
f 5245 5227 5281
f 5283 5284 5285
f 5270 5280 5246
f 5282 5238 5245
f 5281 5247 5280
f 5286 5206 5223
f 5196 5184 5192
f 5283 5276 5284
f 5287 5243 5264
f 5235 5237 5282
f 5282 5280 5270
f 5288 5289 5290
f 5238 5282 5237
f 5281 5280 5282
f 5258 5204 5260
f 5291 5270 5241
f 5189 5205 5208
f 5292 5270 5291
f 4635 5289 5288
f 5211 5265 5279
f 5253 5261 5286
f 5242 5245 5256
f 5291 5232 5292
f 5291 5231 5232
f 5293 5294 5220
f 5213 5215 5219
f 4635 4631 5289
f 5256 5245 5238
f 5261 5206 5286
f 5128 5127 5194
f 5295 5296 5297
f 5298 5299 5300
f 5300 5301 5298
f 5302 5293 5220
f 4631 5277 5289
f 5282 5270 5292
f 5303 5256 5238
f 5259 5257 5254
f 5304 5305 5306
f 5259 5256 5303
f 5306 5307 5304
f 4894 5205 5189
f 4638 5288 5308
f 5282 5292 5232
f 5309 4638 5308
f 5307 5310 5304
f 5235 5282 5232
f 5128 5145 4990
f 5311 5241 4922
f 5311 5291 5241
f 5273 5303 5238
f 5312 5253 5286
f 5303 5313 5314
f 5284 5312 5286
f 5313 5303 5273
f 5291 5311 5231
f 4638 4636 5288
f 5315 5316 5317
f 5318 5224 5244
f 5318 5244 5272
f 5231 5311 5228
f 5304 5308 5285
f 4636 4635 5288
f 5319 4688 4691
f 5279 5217 5211
f 5316 4688 5319
f 4982 5311 4922
f 5229 5311 4982
f 5315 4688 5316
f 5320 5223 5224
f 5194 5136 5172
f 5321 5307 5306
f 5321 5322 5307
f 5323 4652 5324
f 5223 5320 5286
f 4686 4688 5315
f 4982 5325 5229
f 4652 5323 5326
f 5318 5320 5224
f 5129 4990 5145
f 5327 5328 5329
f 5284 5286 5320
f 5327 5330 5328
f 5331 4625 5309
f 5330 5327 5332
f 5260 5252 5258
f 5285 5290 5283
f 4675 4686 5315
f 4659 4638 5309
f 4990 5124 4993
f 5309 4625 4659
f 5229 5228 5311
f 4691 5316 5319
f 5290 5285 5308
f 5320 5318 5284
f 5333 5334 5335
f 5328 5330 5336
f 5336 5329 5328
f 5334 5333 5337
f 5322 5294 5293
f 5338 5335 5339
f 5339 5335 5334
f 5340 5338 5339
f 5341 5257 5342
f 5322 5293 5343
f 5341 5342 5344
f 5345 5346 5335
f 5304 5318 5305
f 5304 5284 5318
f 5259 5342 5257
f 5332 5327 5329
f 5302 5347 5293
f 5336 5348 5329
f 5349 5350 5337
f 4656 5324 4651
f 5272 5305 5318
f 5323 5324 5351
f 5352 5351 5324
f 5334 5350 5339
f 4634 5353 5354
f 5332 5329 5355
f 5356 5301 5357
f 5145 5128 5143
f 5358 5343 5293
f 5341 5359 5302
f 5343 5360 5322
f 5331 5361 4625
f 5306 5272 5214
f 5272 5306 5305
f 4634 5362 5361
f 5359 5341 5344
f 5363 5364 5295
f 5252 5260 5253
f 5365 5357 5366
f 5367 5363 5299
f 5243 5368 5273
f 5356 5365 5333
f 5313 5273 5368
f 5347 5302 5359
f 5352 4656 5351
f 5369 5313 5370
f 5365 5366 5333
f 5358 5293 5347
f 5364 5372 5295
f 5285 5284 5304
f 4634 5361 5353
f 4656 5352 5324
f 5337 5333 5366
f 5362 4625 5361
f 4651 5324 4652
f 4634 5364 5362
f 5344 5342 5373
f 4625 5362 5364
f 4643 4768 5374
f 5363 4625 5364
f 5363 4626 4625
f 4645 4626 5363
f 4643 5374 5356
f 5351 4675 5315
f 4634 4628 5364
f 5375 5299 5347
f 5376 5299 5375
f 4675 5351 4656
f 5283 5290 5289
f 5323 5351 5377
f 5317 5377 5351
f 5370 5337 5378
f 5379 5299 5298
f 5379 5367 5299
f 4656 4663 4675
f 5302 5257 5341
f 4653 4663 4656
f 5298 5301 5380
f 5313 5349 5370
f 5368 5349 5313
f 5294 5306 5214
f 5216 5208 5211
f 4645 5363 5367
f 5217 5216 5211
f 5302 5220 5257
f 4990 4955 5202
f 5381 5382 5349
f 5306 5294 5321
f 5383 5349 5382
f 4643 5356 5384
f 5383 5350 5349
f 5385 5386 5387
f 5276 5283 5289
f 5279 5218 5217
f 5388 5389 5384
f 5339 5350 5383
f 5339 5383 5340
f 5390 5391 5384
f 5287 5368 5243
f 5047 5044 5046
f 5392 5368 5287
f 5294 5322 5321
f 5393 5384 5391
f 5394 5395 5396
f 5279 5227 5218
f 5214 5213 5294
f 5259 5303 5314
f 5373 5366 5344
f 5221 5397 5398
f 5314 5399 5259
f 5127 5202 5201
f 5213 5220 5294
f 5045 5044 5400
f 5316 4691 5371
f 5359 5375 5347
f 5388 5384 5393
f 5342 5259 5401
f 5399 5401 5259
f 5067 5400 5044
f 5127 4990 5202
f 4768 5379 5298
f 4768 5298 5380
f 5371 5377 5317
f 5314 5369 5399
f 5376 5375 5359
f 4641 4643 5384
f 5399 5378 5401
f 5344 5366 5359
f 5379 4645 5367
f 5376 5359 5366
f 5047 5067 5044
f 4645 5379 4768
f 5067 5053 5402
f 5072 5053 5070
f 5349 5368 5381
f 5279 5247 5227
f 5313 5369 5314
f 4768 4646 4645
f 5403 5053 5072
f 5404 5405 5251
f 5310 5308 5304
f 4657 5371 4691
f 5404 5278 5405
f 4655 4646 4768
f 5400 5067 5402
f 4697 5384 5389
f 5403 5402 5053
f 5392 5381 5368
f 5317 5351 5315
f 4697 4641 5384
f 5406 5402 5403
f 5247 5281 5227
f 5392 5395 5381
f 5407 5395 5392
f 5308 5310 5307
f 5402 5408 5400
f 4721 5396 5409
f 4697 5389 4702
f 5396 5410 5411
f 4721 5412 5396
f 5402 5406 5413
f 5389 5414 5415
f 5402 5416 5408
f 4720 5354 5417
f 5416 5402 5413
f 5288 5290 5308
f 5317 5316 5371
f 5418 5419 5420
f 5381 5395 5382
f 4720 4634 5354
f 5350 5334 5337
f 5418 5421 5419
f 5422 5423 5424
f 5425 5423 5426
f 5427 5416 5428
f 5370 5378 5399
f 5423 5425 5424
f 5369 5370 5399
f 5422 5424 5413
f 5414 5338 5340
f 5385 5387 5394
f 5416 5429 5428
f 5416 5413 5429
f 5413 5430 5429
f 5397 5431 5398
f 5432 5398 5431
f 5373 5342 5401
f 5428 5433 5427
f 5434 5435 5436
f 5373 5401 5366
f 5411 5385 5394
f 5437 5435 5434
f 5391 5438 5439
f 5439 5438 5440
f 5429 5441 5428
f 5441 5442 5428
f 5441 5443 5442
f 5444 5445 5446
f 5424 5430 5413
f 5366 5401 5378
f 5424 5425 5447
f 5424 5447 5430
f 5349 5337 5370
f 5170 5448 5072
f 5431 5449 5450
f 5446 5445 5451
f 5409 5395 5407
f 5449 5431 5452
f 5394 5396 5411
f 5366 5300 5376
f 5446 5453 5454
f 5215 5225 5208
f 5215 5208 5233
f 5398 5432 5171
f 5355 5330 5332
f 5337 5366 5378
f 5386 5414 5387
f 5330 5355 5354
f 5454 5453 5455
f 5456 5455 5453
f 5412 5410 5396
f 5457 5432 5431
f 5221 5171 5169
f 5408 5416 5458
f 5171 5221 5398
f 5335 5346 5333
f 5459 5460 5461
f 5414 5340 5387
f 5455 5462 5460
f 5340 5383 5387
f 4672 5405 5463
f 4720 5417 5372
f 5353 5336 5330
f 5422 5413 5406
f 5464 5457 5431
f 5437 5434 5465
f 5296 5354 5355
f 5466 5467 5426
f 5353 5330 5354
f 5416 5427 5458
f 5458 5469 5408
f 5469 5458 5433
f 5431 5397 5452
f 5470 5440 5438
f 5471 5429 5430
f 5433 5451 5469
f 5457 5472 5466
f 5469 5473 5400
f 5433 5458 5427
f 5467 5474 5475
f 4718 4720 5372
f 5442 5433 5428
f 5466 5474 5467
f 5309 5308 5331
f 4628 4725 5364
f 5372 5364 4725
f 5474 5477 5475
f 4725 4718 5372
f 5308 5307 5331
f 5478 5441 5429
f 5345 5335 5338
f 5479 5449 5452
f 5433 5453 5451
f 5480 5429 5471
f 5355 5329 5296
f 5480 5481 5478
f 5366 5357 5300
f 5480 5471 5482
f 5300 5357 5301
f 5478 5429 5480
f 5483 5479 5452
f 5484 5473 5469
f 5485 5486 5481
f 5356 5357 5365
f 5296 5329 5297
f 5487 5443 5441
f 5488 5487 5441
f 5462 5455 5456
f 5417 5354 5296
f 5372 5296 5295
f 5491 5442 5443
f 5492 5443 5487
f 5493 5494 5495
f 5442 5491 5496
f 5372 5417 5296
f 5442 5496 5433
f 5453 5433 5496
f 5497 5388 5393
f 5496 5498 5453
f 5499 5493 5495
f 5405 4672 5326
f 5498 5456 5453
f 5395 5409 5396
f 5493 5500 5494
f 5501 5474 5466
f 5472 5501 5466
f 5387 5383 5382
f 5394 5382 5395
f 5439 5393 5391
f 5497 5393 5439
f 5382 5394 5387
f 5502 5464 5503
f 5470 5388 5497
f 5482 5477 5474
f 5504 5482 5474
f 5505 5506 5483
f 5271 5268 5421
f 5498 5507 5456
f 5509 5502 5503
f 5493 5499 5502
f 5510 5269 5271
f 5493 5502 5511
f 5481 5482 5504
f 5478 5488 5441
f 5418 5513 5421
f 5271 5421 5513
f 5473 5465 5434
f 5509 5515 5516
f 5271 5517 5510
f 5518 5437 5420
f 5479 5515 5449
f 5519 5420 5437
f 5486 5490 5478
f 5488 5478 5490
f 5519 5437 5465
f 5460 5520 5461
f 5462 5520 5460
f 5307 5322 5521
f 5360 5521 5322
f 5506 5505 5522
f 5477 5482 5471
f 5451 5484 5469
f 5476 5484 5451
f 5271 5523 5517
f 5500 5493 5511
f 5472 5457 5464
f 5414 5386 5415
f 5520 5524 5461
f 5525 5524 5520
f 5271 5513 5526
f 5464 5502 5472
f 5512 5500 5511
f 5473 5484 5527
f 5492 5487 5488
f 5492 5488 5528
f 5529 5473 5527
f 5505 5530 5522
f 5526 5513 5524
f 5461 5524 5513
f 5531 5072 5448
f 5465 5473 5529
f 5528 5488 5490
f 5463 4622 4672
f 5448 5170 5173
f 4652 5326 4672
f 4751 5532 4767
f 5519 5459 5420
f 4767 5532 5530
f 5331 5307 5521
f 5171 5432 5152
f 5529 5454 5533
f 5418 5420 5459
f 5152 5432 5173
f 5533 5459 5519
f 4623 5463 5277
f 5529 5446 5454
f 5323 5377 5326
f 5527 5444 5529
f 5251 5253 5404
f 5233 5208 5216
f 5278 5404 5253
f 5490 5489 5528
f 5491 5443 5492
f 5312 5278 5253
f 5459 5513 5418
f 5212 5180 5435
f 5491 5534 5535
f 5513 5459 5461
f 5536 5531 5448
f 5459 5533 5454
f 5173 5536 5448
f 5529 5519 5465
f 5436 5045 5400
f 5356 5380 5301
f 5173 5432 5536
f 5512 5511 5537
f 5511 5538 5537
f 5514 5512 5537
f 5511 5509 5516
f 5491 5539 5496
f 5511 5502 5509
f 5531 5403 5072
f 5249 5142 5144
f 5540 5516 5541
f 5491 5535 5539
f 5542 5543 5535
f 5535 5543 5539
f 5544 5526 5524
f 5545 5523 5526
f 5331 5521 5361
f 4623 4622 5463
f 5521 5353 5361
f 5356 5333 5346
f 5523 5271 5526
f 5356 5346 5390
f 5529 5533 5519
f 5531 5406 5403
f 4631 4623 5277
f 5436 5159 5045
f 5353 5521 5348
f 5353 5348 5336
f 5446 5529 5444
f 5545 5526 5544
f 5159 5435 5180
f 5358 5360 5343
f 5447 5471 5430
f 5476 5468 5484
f 5468 5527 5484
f 5449 5503 5450
f 5468 5444 5527
f 5531 5423 5406
f 5464 5450 5503
f 5426 5423 5531
f 5531 5536 5426
f 5422 5406 5423
f 5432 5426 5536
f 5546 5544 5547
f 5400 5473 5436
f 5540 5541 5483
f 5515 5503 5449
f 5435 5159 5436
f 5360 5358 5295
f 5329 5521 5360
f 5515 5509 5503
f 5498 5548 5507
f 5504 5549 5481
f 5539 5548 5498
f 5498 5496 5539
f 5434 5436 5473
f 5457 5426 5432
f 5358 5347 5299
f 5472 5495 5501
f 5481 5480 5482
f 5467 5475 5426
f 5426 5475 5425
f 5499 5495 5472
f 5499 5472 5502
f 5466 5426 5457
f 5540 5483 5506
f 5550 5551 5525
f 5552 5553 5550
f 5516 5515 5479
f 5431 5450 5464
f 5471 5475 5477
f 5425 5475 5471
f 5471 5447 5425
f 5516 5479 5541
f 5541 5479 5483
f 5554 5555 5556
f 5300 5299 5376
f 5459 5455 5460
f 5312 5284 5276
f 5521 5329 5348
f 5329 5360 5297
f 5408 5469 5400
f 5557 5539 5543
f 5454 5455 5459
f 5485 5549 5494
f 5507 5558 5559
f 5485 5481 5549
f 5560 5561 5562
f 5389 5563 4702
f 5415 5563 5389
f 4763 5564 5565
f 5453 5446 5451
f 5566 5567 5568
f 5569 5506 5522
f 5548 5539 5557
f 5435 5249 5212
f 5570 5571 5572
f 5437 5249 5435
f 5476 5451 5445
f 5276 5289 5277
f 5573 5543 5542
f 5456 5559 5462
f 5574 4744 4740
f 5563 4723 4702
f 5462 5559 5575
f 5571 5576 5577
f 5575 5525 5520
f 5462 5575 5520
f 5554 5553 5578
f 5558 5575 5559
f 5552 5575 5558
f 5497 5439 5579
f 5576 5578 5553
f 5579 5439 5440
f 5580 5569 5522
f 5346 5391 5390
f 5575 5552 5525
f 5576 5554 5578
f 5580 5581 5569
f 4957 4956 5582
f 5571 5577 5583
f 5507 5559 5456
f 5414 5345 5338
f 5405 5278 5463
f 5295 5297 5360
f 5277 5463 5278
f 5584 5571 5585
f 5346 5345 5438
f 5576 5571 5570
f 5345 5414 5586
f 5576 5570 5562
f 5438 5345 5470
f 5577 5507 5557
f 5557 5507 5548
f 5276 5278 5312
f 5587 5577 5557
f 5543 5587 5557
f 5497 5440 5470
f 4733 4734 4751
f 5486 5478 5481
f 5588 5589 5566
f 5589 5588 5564
f 5384 5356 5390
f 5363 5358 5299
f 5592 5593 5594
f 5579 5440 5497
f 4744 5567 5589
f 5470 5345 5586
f 5580 4763 5565
f 4771 5561 5560
f 5363 5295 5358
f 5518 5142 5249
f 5593 5573 5542
f 5508 5490 5486
f 5544 5524 5551
f 5551 5524 5525
f 5593 5595 5573
f 5500 5512 5508
f 5470 5586 5388
f 4771 4752 5561
f 5589 5567 5566
f 5249 5437 5518
f 5596 5595 5593
f 5597 4772 4771
f 5552 5550 5525
f 5583 5577 5587
f 5415 5386 5385
f 5596 5593 5592
f 4739 4749 4669
f 4763 5589 5564
f 5561 4752 4757
f 5598 5569 5581
f 5411 5410 5599
f 5491 5492 5534
f 5600 5534 5492
f 5492 5528 5600
f 5346 5438 5391
f 5534 5542 5535
f 5562 5570 5560
f 4744 5589 4763
f 4986 5601 4982
f 4763 4737 4744
f 5561 5602 5562
f 5554 5576 5602
f 5562 5602 5576
f 4963 4962 5135
f 4962 5124 5135
f 4731 5580 4734
f 5389 5388 5586
f 4731 4763 5580
f 5601 4986 5590
f 5603 5572 4740
f 5145 5147 5129
f 5414 5389 5586
f 5604 5568 5585
f 5577 5558 5507
f 5570 5572 5603
f 5568 5584 5585
f 5604 5566 5568
f 5574 5568 5567
f 5605 5135 5129
f 5605 5250 5135
f 5572 5584 5574
f 5576 5553 5577
f 5599 4765 5411
f 5574 5584 5568
f 5583 5587 5571
f 5514 5606 5489
f 5574 4740 5572
f 4744 5574 5567
f 5516 5540 5538
f 5570 5603 5560
f 5538 5540 5569
f 4760 5563 5415
f 5585 5571 5587
f 5385 4760 5415
f 5603 4740 5597
f 5607 5129 5147
f 5553 5552 5558
f 4740 4745 5597
f 5553 5558 5577
f 5605 5274 5250
f 4745 4669 5597
f 5605 5129 5607
f 4671 5597 4669
f 5600 5608 5534
f 5600 5528 5489
f 5597 5560 5603
f 5356 5374 5380
f 4768 5380 5374
f 5597 4671 4772
f 5600 5489 5606
f 5600 5606 5608
f 5598 5596 5592
f 5597 4771 5560
f 5598 5581 5596
f 5587 5543 5573
f 5587 5573 5585
f 5594 5514 5537
f 5606 5514 5594
f 5594 5608 5606
f 5609 4756 4681
f 4765 5385 5411
f 4756 5610 4757
f 4765 4760 5385
f 4762 4749 4753
f 5611 5612 5240
f 5015 5591 4986
f 4749 4754 4753
f 4670 4749 4762
f 5591 5015 5009
f 5530 5532 5522
f 4699 4670 4762
f 4957 5582 5009
f 5598 5537 5538
f 5613 5147 5142
f 5614 5534 5608
f 5590 4986 5591
f 5594 5614 5608
f 5594 5593 5614
f 5537 5598 5594
f 5598 5592 5594
f 5613 5142 5518
f 5511 5516 5538
f 5613 5518 5420
f 4734 5522 5532
f 5598 5538 5569
f 5580 5522 4734
f 5614 5542 5534
f 5614 5593 5542
f 5616 5612 5611
f 5569 5540 5506
f 5255 5275 4956
f 5604 5573 5595
f 5604 5585 5573
f 5596 5565 5595
f 5580 5565 5581
f 5565 5596 5581
f 5588 5595 5565
f 5604 5595 5588
f 5588 5566 5604
f 5147 5613 5607
f 5564 5588 5565
f 5613 5421 5607
f 4669 4749 4670
f 5618 5392 5287
f 5264 5619 5287
f 5287 5619 5618
f 5620 5264 5263
f 5620 5619 5264
f 5240 5612 5248
f 5618 5621 5392
f 5612 5263 5248
f 5615 5619 5620
f 5616 5263 5612
f 5622 5623 5624
f 5623 5622 5625
f 5618 5619 5615
f 5625 5622 4667
f 5626 5618 5615
f 5547 5627 5628
f 5620 5263 5616
f 5605 5607 5274
f 5274 5607 5268
f 5407 5625 5409
f 4685 4721 5625
f 4685 5625 4667
f 5625 5407 5623
f 5420 5419 5613
f 5268 5607 5421
f 4668 5622 5624
f 5547 5544 5551
f 5547 5551 5629
f 5410 5412 5599
f 4668 4667 5622
f 4982 5601 5325
f 5630 5517 5523
f 5545 5630 5523
f 5421 5613 5419
f 5556 5629 5550
f 5547 5629 5627
f 5544 5546 5545
f 5610 5555 5554
f 4713 5556 5555
f 4713 5555 5609
f 5555 5610 5609
f 4769 5599 5412
f 5621 5407 5392
f 4714 4769 5412
f 4713 5609 4681
f 4721 4714 5412
f 5617 5325 5601
f 5229 5325 5230
f 5230 5325 5611
f 5623 5407 5621
f 5611 5325 5617
f 5610 4756 5609
f 4734 5532 4751
f 5610 5554 5602
f 5610 5602 5561
f 5610 5561 4757
f 5618 5626 5621
f 5623 5621 5626
f 5625 4721 5409
f 5572 5571 5584
f 5551 5550 5629
f 5554 5550 5553
f 5554 5556 5550
f 5546 5547 5628
f 5611 5240 5230
f 4760 4723 5563
f 4696 4693 4694
f 4729 4728 4748
f 4617 4642 4694
f 4765 5599 4769
f 4722 5631 4701
f 4617 4619 4642
f 4641 4697 4694
f 4701 5631 4758
f 4641 4694 4642
f 4629 4719 4766
f 5631 5632 4758
f 4758 4759 4696
f 4633 4661 4624
f 4738 4741 5633
f 4678 4639 4709
f 4620 4624 5634
f 4703 4755 5635
f 4730 4732 5636
f 5637 5638 5639
f 5640 5641 5642
f 5643 5644 5645
f 5646 5647 5648
f 5649 5650 5651
f 5652 5639 5638
f 5651 5653 5654
f 5655 5656 5657
f 5659 5660 5661
f 5662 5663 5664
f 5665 5666 5667
f 5668 5666 5665
f 5666 5668 5669
f 5661 5660 5670
f 5666 5671 5667
f 5663 5662 5672
f 5670 5660 5673
f 5674 5649 5651
f 5674 5675 5649
f 5675 5656 5649
f 5676 5677 5678
f 5649 5656 5650
f 5679 4712 4729
f 5680 5681 5682
f 5683 5682 5681
f 5679 4729 5684
f 5685 5681 5680
f 5686 5664 5687
f 5689 5690 5691
f 5692 5693 5694
f 5694 5695 5692
f 5696 5673 5697
f 5698 5699 5700
f 5638 5701 5652
f 5677 5676 5702
f 5679 5684 5703
f 5684 4729 4748
f 5704 5705 5662
f 5706 5705 5704
f 5707 5708 5709
f 5705 5672 5662
f 5681 5659 5683
f 5710 5664 5663
f 5660 5659 5681
f 5645 5711 5643
f 5656 5655 5650
f 5660 5681 5685
f 4716 5712 4649
f 5713 5700 5714
f 5715 5716 5704
f 5705 5714 5717
f 5704 5716 5718
f 5687 5682 5683
f 5717 5714 5719
f 5698 5720 5721
f 5708 5707 5713
f 5723 5688 5724
f 5650 5653 5651
f 5724 5688 5725
f 5705 5713 5714
f 5718 5726 5706
f 5713 5707 5700
f 5723 5712 5688
f 5705 5726 5713
f 5727 5670 5728
f 5724 5666 5723
f 5714 5700 5729
f 5683 5730 5687
f 5723 4649 5712
f 5706 5704 5718
f 4649 5723 4647
f 5731 5732 5729
f 5698 5721 5699
f 5684 5671 5725
f 5733 5671 5684
f 5734 5709 5708
f 5717 5735 5736
f 5671 5666 5724
f 5717 5736 5663
f 5671 5724 5725
f 5718 5734 5726
f 5726 5705 5706
f 5737 5719 5729
f 5738 5737 5729
f 5703 5684 5725
f 5664 5682 5687
f 5729 5719 5714
f 5664 5680 5682
f 5664 5685 5680
f 5721 5731 5699
f 5704 5686 5715
f 5686 5716 5715
f 5705 5717 5672
f 5688 5712 4716
f 5716 5686 5730
f 5725 5722 5703
f 5734 5708 5726
f 5672 5717 5663
f 5646 5739 5740
f 5725 5688 5722
f 5735 5717 5719
f 5737 5738 5741
f 5737 5741 5735
f 5679 5703 5722
f 5743 5738 5732
f 5729 5700 5731
f 5732 5738 5729
f 5710 5685 5664
f 5744 5743 5732
f 5745 5742 5746
f 5745 5746 5747
f 5746 5742 5748
f 5719 5737 5735
f 5663 5749 5710
f 5700 5699 5731
f 5747 5750 5751
f 5732 5731 5752
f 5731 5753 5752
f 5731 5754 5753
f 5731 5721 5754
f 5746 5750 5747
f 5750 5755 5751
f 5749 5685 5710
f 5751 5755 5709
f 5751 5709 5756
f 5749 5697 5685
f 5757 5749 5663
f 5757 5663 5736
f 5756 5709 5758
f 5716 5734 5718
f 5730 5759 5716
f 5760 5736 5741
f 5757 5761 5749
f 5762 5763 5764
f 5757 5765 5761
f 5765 5766 5761
f 5707 5709 5767
f 5757 5736 5760
f 5744 5760 5741
f 5760 5768 5765
f 5760 5765 5757
f 5769 5766 5768
f 5770 5766 5769
f 5734 5716 5758
f 5716 5759 5758
f 5696 5771 5772
f 5756 5758 5759
f 5726 5708 5713
f 5728 5696 5772
f 5773 5762 5764
f 5721 5774 5754
f 5754 5774 5775
f 5758 5709 5734
f 5735 5741 5736
f 5776 5648 5777
f 5767 5700 5707
f 5743 5744 5738
f 5778 5779 5780
f 5744 5741 5738
f 5781 5782 5783
f 5641 5784 5785
f 5648 5647 5786
f 5776 5787 5769
f 5698 5700 5767
f 5641 5785 5787
f 5753 5754 5788
f 5775 5788 5754
f 5641 5787 5777
f 5641 5777 5789
f 5790 5791 5781
f 5771 5766 5792
f 5783 5790 5781
f 5770 5792 5766
f 5740 5793 5786
f 5794 5795 5796
f 5660 5697 5673
f 5797 5798 5694
f 5670 5673 5728
f 5770 5784 5792
f 5776 5777 5787
f 5696 5728 5673
f 5689 5786 5793
f 5788 5775 5799
f 5792 5772 5771
f 5792 5800 5772
f 5689 5801 5786
f 5802 5740 5739
f 5799 5775 5782
f 5648 5786 5801
f 5799 5782 5781
f 5645 5773 5711
f 5772 5803 5804
f 5772 5804 5728
f 5793 5740 5690
f 5805 5797 5806
f 5652 5701 5807
f 5660 5685 5697
f 5752 5753 5808
f 5799 5791 5809
f 5801 5810 5811
f 5799 5781 5791
f 5785 5784 5770
f 5696 5749 5771
f 5803 5772 5640
f 5799 5809 5812
f 5813 5808 5753
f 5640 5814 5803
f 5815 5789 5777
f 5721 5720 5774
f 5696 5697 5749
f 5803 5814 5804
f 5771 5749 5761
f 5816 5817 5661
f 5818 5652 5819
f 5759 5730 5683
f 5764 5763 5820
f 5728 5804 5727
f 5683 5659 5759
f 5797 5694 5806
f 5812 5821 5822
f 5800 5640 5772
f 5730 5686 5687
f 5775 5774 5782
f 5691 5823 5810
f 5824 5642 5644
f 5639 5652 5818
f 5720 5782 5774
f 5823 5825 5810
f 5826 5756 5817
f 5690 5822 5691
f 5827 5805 5779
f 5828 5693 5692
f 5664 5704 5662
f 5792 5784 5800
f 5821 5829 5822
f 5704 5664 5686
f 5783 5782 5720
f 5777 5648 5815
f 5652 5807 5819
f 5763 5678 5820
f 5643 5830 5831
f 5832 5780 5805
f 5810 5825 5676
f 5780 5779 5805
f 5816 5727 5805
f 5646 5776 5739
f 5648 5833 5815
f 5648 5776 5646
f 5816 5827 5817
f 5760 5744 5768
f 5833 5801 5811
f 5817 5827 5826
f 5779 5826 5827
f 5833 5811 5834
f 5768 5766 5765
f 5643 5711 5830
f 5800 5784 5641
f 5756 5759 5817
f 5827 5816 5805
f 5806 5832 5805
f 5835 5836 5796
f 5808 5813 5739
f 5813 5802 5739
f 5740 5647 5646
f 5759 5659 5817
f 5764 5837 5773
f 5642 5641 5644
f 5661 5670 5816
f 5811 5762 5834
f 5732 5838 5744
f 5692 5695 5839
f 5811 5676 5762
f 5744 5838 5768
f 5798 5727 5804
f 5824 5831 5839
f 5842 5634 4661
f 5843 5842 4661
f 5752 5838 5732
f 5846 5847 5844
f 5848 4660 5846
f 5849 5850 5851
f 5852 5843 4661
f 5850 5849 5853
f 5854 5841 5850
f 5850 5841 5855
f 5845 5856 5844
f 5854 5857 5841
f 4660 4654 4676
f 5850 5853 5858
f 5854 5850 5858
f 5854 5858 5859
f 5846 4676 5847
f 4660 4676 5846
f 4660 5848 5860
f 5861 5862 5863
f 4676 4621 5864
f 5865 4621 4620
f 5865 5864 4621
f 5859 5858 5866
f 5634 5865 4620
f 5868 5864 5865
f 5869 5857 5854
f 5868 5847 5864
f 5870 5871 5872
f 5842 5853 5634
f 4678 4661 4636
f 5871 4692 5872
f 4690 5873 4692
f 5872 4692 5873
f 5869 5854 5859
f 5847 4676 5864
f 5849 5847 5868
f 5874 5875 5876
f 5694 5693 5806
f 5877 5866 5858
f 5878 5863 5879
f 5880 5847 5849
f 4690 4618 4637
f 5847 5880 5844
f 5842 5858 5853
f 5881 5876 5875
f 4637 5873 4690
f 5851 5880 5849
f 5851 5855 5880
f 5882 5873 4637
f 4637 5883 5882
f 5884 5876 5870
f 5853 5868 5865
f 5885 5883 5886
f 5887 5884 5870
f 5865 5634 5853
f 5852 4661 4678
f 5888 5843 5852
f 5889 5879 5890
f 5874 5891 5889
f 5810 5676 5811
f 5877 5892 5866
f 5802 5813 5788
f 5893 5852 4678
f 5894 5893 5895
f 5893 5888 5852
f 5887 5896 5897
f 5893 4678 5895
f 4624 4661 5634
f 5866 5892 5862
f 5895 4678 4709
f 5872 5887 5870
f 5863 5862 5892
f 5849 5868 5853
f 5841 5840 5855
f 5874 5890 5895
f 5822 5823 5691
f 5888 5877 5842
f 5888 5842 5843
f 5895 4709 5898
f 5889 5890 5874
f 5884 5887 5899
f 5859 5866 5862
f 5899 5887 5897
f 5900 5879 5901
f 5901 5879 5889
f 5647 5740 5786
f 5877 5858 5842
f 5816 5670 5727
f 5820 5678 5902
f 5727 5797 5805
f 5676 5825 5702
f 5892 5893 5894
f 5903 5889 5891
f 5901 5889 5903
f 5641 5789 5644
f 5798 5797 5727
f 5875 4709 4717
f 5875 5898 4709
f 5904 5897 5896
f 5871 4717 4632
f 4684 4664 4682
f 5894 5895 5890
f 5692 5839 5905
f 5875 4717 5871
f 5901 5903 5906
f 5904 5907 5908
f 5909 5897 5904
f 5896 5887 5872
f 5910 5904 5911
f 5911 5904 5908
f 5875 5874 5898
f 5909 5899 5897
f 5893 5892 5888
f 5877 5888 5892
f 5912 4682 4664
f 5891 5874 5876
f 5874 5895 5898
f 5913 4665 4698
f 5855 5851 5850
f 4662 5912 4664
f 5881 5875 5871
f 5659 5661 5817
f 5914 5899 5909
f 4632 4640 5871
f 5830 5711 5915
f 5873 5882 5916
f 5846 5844 5856
f 5873 5896 5872
f 5871 4640 4692
f 5856 5848 5846
f 5904 5917 5909
f 4660 5860 4662
f 5910 5917 5904
f 5916 5882 5918
f 5919 5916 5918
f 5920 5883 5885
f 5870 5881 5871
f 5920 5918 5883
f 5921 5922 5923
f 5883 5918 5882
f 4662 5856 5912
f 5924 5856 4662
f 5912 5856 5925
f 5876 5881 5870
f 4665 5913 5923
f 5856 5924 5848
f 5904 5896 5873
f 4644 4692 4640
f 5924 5860 5848
f 5926 5927 5928
f 5904 5873 5916
f 5929 5644 5789
f 5907 5904 5916
f 5930 5931 5932
f 5933 5934 5932
f 5931 5933 5932
f 5925 5935 5912
f 5931 5936 5933
f 5860 5924 4662
f 5937 5934 5933
f 5938 5925 5845
f 5856 5845 5925
f 5891 5876 5884
f 5937 5933 5936
f 5789 5815 5929
f 5940 5631 5941
f 5886 5883 4637
f 4637 5942 5886
f 5939 4665 5923
f 5939 5923 5922
f 5903 5891 5884
f 5886 5943 5885
f 5944 5903 5884
f 5943 5920 5885
f 4759 4758 5632
f 5945 5867 5857
f 5919 5918 5920
f 5940 5632 5631
f 5946 5632 5940
f 5947 5919 5920
f 5678 5677 5902
f 5920 5943 5948
f 4698 4683 4682
f 5949 5950 5951
f 5943 5886 5952
f 5952 5886 5942
f 5952 5942 4693
f 5952 4693 4759
f 5952 4759 5932
f 5948 5943 5952
f 5948 5952 5953
f 5932 5953 5952
f 5954 5955 5956
f 5948 5953 5957
f 5869 5956 5945
f 4698 4682 5958
f 5957 5953 5934
f 5958 4682 5912
f 5935 5925 5938
f 5953 5932 5934
f 5802 5690 5740
f 5932 4759 5632
f 5954 5956 5959
f 5954 5959 5960
f 5930 5932 5632
f 5863 5892 5894
f 5961 5948 5957
f 5770 5769 5785
f 5960 5959 5949
f 5922 5935 5938
f 5929 5815 5964
f 5957 5965 5961
f 5798 5804 5694
f 5818 5966 5967
f 5968 5908 5920
f 5947 5920 5908
f 5969 5960 5970
f 5968 5911 5908
f 5971 5955 5954
f 5968 5920 5928
f 5771 5761 5766
f 5927 5972 5968
f 5928 5920 5948
f 5961 5928 5948
f 5973 5974 5971
f 5973 5971 5954
f 5970 5975 5976
f 5954 5960 5973
f 5922 5921 5935
f 5950 5859 5862
f 5928 5927 5968
f 5950 5959 5859
f 5815 5977 5964
f 5978 5976 5979
f 5928 5961 5926
f 5980 5981 5982
f 5983 5973 5960
f 5969 5983 5960
f 5984 5985 5906
f 5950 5862 5861
f 5986 5983 5978
f 5987 5974 5973
f 5879 5894 5890
f 5988 5989 5990
f 5975 5970 5988
f 5982 5991 5980
f 5986 5978 5979
f 4698 5958 5921
f 5962 5971 5963
f 5990 5975 5988
f 5992 5878 5879
f 5970 5951 5988
f 5980 5991 5993
f 5992 5900 5985
f 5994 5993 5991
f 5995 5914 5917
f 5944 5984 5903
f 5912 5921 5958
f 5912 5935 5921
f 5903 5984 5906
f 5899 5944 5884
f 5878 5950 5861
f 5997 5995 5917
f 5998 5990 5989
f 5971 5974 5963
f 5949 5959 5950
f 5863 5894 5879
f 5879 5900 5992
f 5955 5867 5945
f 5999 6000 6001
f 5976 5969 5970
f 6002 6003 5914
f 5923 4698 5921
f 6004 5990 5998
f 5913 4698 5923
f 5960 5949 5970
f 6005 6006 6007
f 5974 5987 5982
f 6008 5986 6009
f 6010 6011 6002
f 6012 6007 6013
f 5956 5955 5945
f 6010 6014 6011
f 5987 5973 5983
f 5970 5949 5951
f 6008 6009 6015
f 6016 5878 5992
f 5769 5768 5838
f 5986 5987 5983
f 5944 6017 5984
f 6018 6010 5995
f 6019 5979 5976
f 5985 6020 5992
f 5991 5987 5986
f 5986 5979 6009
f 6007 6012 6005
f 6021 6022 6023
f 6016 5951 5878
f 6024 6005 6012
f 5984 6017 6025
f 6019 6009 5979
f 6000 6026 6027
f 5989 6016 5992
f 5991 5986 6008
f 5944 5899 6003
f 6011 6028 6002
f 6020 5985 6029
f 5996 5974 5982
f 6029 5984 6025
f 5978 5983 5969
f 6017 5944 6003
f 5982 5981 5996
f 5951 5950 5878
f 6015 6009 6019
f 5999 6030 6000
f 5980 5996 5981
f 5989 5992 6020
f 6031 6032 6033
f 5985 5984 6029
f 6001 6020 6029
f 5999 6034 6035
f 6010 6002 5914
f 6033 6022 6021
f 6004 5998 6001
f 5863 5878 5861
f 5978 5969 5976
f 6020 6001 5998
f 6034 6036 6037
f 5985 5901 5906
f 5815 5833 5977
f 6018 6038 6010
f 6039 6040 6041
f 6042 6040 6039
f 6038 6014 6010
f 5995 6010 5914
f 6030 6026 6000
f 5985 5900 5901
f 6001 6027 6004
f 5994 5991 6008
f 6043 6034 6037
f 6036 6001 6029
f 6030 6012 6026
f 6036 6029 6025
f 6044 5975 5990
f 5987 5991 5982
f 4710 6045 4761
f 6035 6032 6046
f 6035 6030 5999
f 5947 5908 5907
f 5911 6047 6048
f 5971 5962 5955
f 6015 5994 6008
f 5838 6049 5769
f 6044 6019 5976
f 5975 6044 5976
f 6043 6028 6023
f 6046 6032 6050
f 6043 6037 6028
f 6032 6051 6050
f 6052 6048 6047
f 6004 6044 5990
f 6053 6048 6052
f 6054 6040 6042
f 6055 4735 6056
f 6031 6033 6021
f 6007 6015 6019
f 6003 5899 5914
f 6057 6055 6056
f 6045 6058 4761
f 4761 6056 4735
f 6007 6019 6013
f 6058 6056 4761
f 6033 6034 6043
f 6054 6042 6059
f 6052 6047 6060
f 6013 6027 6026
f 6061 6062 6063
f 6017 6003 6002
f 6057 6064 6055
f 6012 6013 6026
f 6041 6011 6014
f 6028 6017 6002
f 6048 6053 6065
f 6048 6065 5910
f 5910 5911 6048
f 6059 6066 6054
f 6039 6041 6014
f 6067 6068 6069
f 6039 6014 6038
f 6037 6025 6017
f 5917 5914 5909
f 6067 6070 6068
f 4710 4707 6045
f 6071 6030 6035
f 5974 5996 5963
f 6067 6069 6072
f 6073 6058 6045
f 6074 6031 6021
f 6058 6073 6062
f 6022 6033 6043
f 6023 6040 6021
f 6075 6065 6053
f 6075 6053 6076
f 6077 6073 6045
f 6071 6024 6012
f 6030 6071 6012
f 6022 6043 6023
f 6013 6019 6044
f 6078 6079 6076
f 6013 6044 6027
f 6056 6062 6057
f 6079 6075 6076
f 5907 5916 5947
f 5919 5947 5916
f 5857 5869 5945
f 6058 6062 6056
f 6074 6021 6040
f 6054 6074 6040
f 6023 6028 6041
f 6037 6036 6025
f 6045 6080 6081
f 5869 5859 5956
f 6064 6082 6055
f 6023 6041 6040
f 6068 6078 6083
f 6007 6006 6015
f 6028 6037 6017
f 6063 6073 6077
f 5956 5859 5959
f 6063 6062 6073
f 6079 6078 6070
f 6063 6072 6061
f 6070 6078 6068
f 5769 6049 5739
f 6084 6085 4767
f 6086 6063 6077
f 6078 6076 6087
f 6088 6053 6052
f 6088 6076 6053
f 6086 6089 6063
f 6076 6088 6087
f 6072 6063 6089
f 6027 6044 6004
f 6028 6011 6041
f 6064 6090 6082
f 6086 6081 6091
f 5677 5702 6066
f 6042 6039 6092
f 5839 5831 6093
f 6087 6094 6090
f 6046 6071 6035
f 6095 6090 6064
f 6083 6078 6087
f 6096 6097 6098
f 6033 6035 6034
f 5951 6016 5988
f 5989 5988 6016
f 6095 6064 6057
f 6090 6094 6082
f 5645 5929 5964
f 6099 6095 6057
f 6099 6057 6062
f 6081 6077 6045
f 6084 6100 6085
f 6067 6072 6089
f 6086 6077 6081
f 5785 5769 5787
f 5691 5810 5689
f 5644 5929 5645
f 6096 6101 5684
f 6101 5733 5684
f 6102 5818 5967
f 6103 5733 6101
f 6068 6083 6104
f 6105 6082 6094
f 6104 6069 6068
f 6055 6082 6105
f 6069 6104 6099
f 6105 6106 6055
f 6061 6069 6099
f 5723 6107 4647
f 6108 6105 6109
f 5632 5946 5930
f 5946 5941 6110
f 6111 6094 6052
f 6032 6035 6033
f 5723 5666 6107
f 6112 5946 6110
f 5694 5804 5814
f 6069 6061 6072
f 5694 5814 6113
f 5648 5801 5833
f 5762 5676 5763
f 4750 4767 6085
f 6060 6047 5911
f 5941 5946 5940
f 5773 5915 5711
f 5773 5977 5762
f 6114 6110 5941
f 4727 6115 6097
f 4724 5941 4722
f 6116 6060 5911
f 6117 6118 6100
f 5937 5930 5934
f 6087 6088 6094
f 6110 6119 6112
f 6116 6111 6060
f 4732 4750 6100
f 6120 6121 6122
f 6109 6105 6094
f 4647 6107 4770
f 6111 6109 6094
f 6104 6095 6099
f 6085 6100 4750
f 5668 6121 6120
f 6104 6083 6095
f 6111 6052 6060
f 6081 6080 6091
f 6062 6061 6099
f 5666 5669 6107
f 4748 4726 4727
f 6097 4748 4727
f 6123 6124 6125
f 6126 4724 4764
f 6101 6127 6103
f 4648 4647 4770
f 6128 6129 6075
f 5752 6049 5838
f 6095 6087 6090
f 6116 5911 5972
f 6130 6131 6132
f 6133 4706 4738
f 5773 6134 5915
f 6135 5667 5671
f 6083 6087 6095
f 6136 6137 6118
f 6136 6123 6137
f 5667 6135 6138
f 6130 6139 6131
f 4724 6114 5941
f 6131 6139 6140
f 6098 6141 6101
f 6142 6136 6118
f 5972 5911 5968
f 5937 5931 5930
f 6142 6118 6143
f 6106 6101 6141
f 6103 6135 5733
f 6106 6127 6101
f 6114 6144 6110
f 6132 4738 5633
f 6144 6119 6110
f 6096 6098 6101
f 6142 6124 6136
f 5814 5640 6113
f 6112 5930 5946
f 6114 4724 6126
f 5733 6135 5671
f 5640 5642 6113
f 5934 5930 6145
f 6107 6126 4770
f 6146 6086 6091
f 5824 5643 5831
f 6147 6148 6140
f 4755 6055 6141
f 6149 6119 6144
f 6128 6150 6151
f 6103 6127 6152
f 6145 5957 5934
f 5998 5989 6020
f 6106 6141 6055
f 6153 6146 6091
f 6103 6152 6154
f 6139 6147 6140
f 6112 6145 5930
f 5926 6116 5972
f 6155 6086 6146
f 6100 5636 4732
f 6094 6088 6052
f 6145 5965 5957
f 6146 6153 6156
f 6139 6157 6147
f 6158 6159 6160
f 6080 6045 4707
f 5665 6154 6121
f 6161 6147 6157
f 6100 6084 6117
f 6123 6130 6162
f 5665 6138 6154
f 5667 6138 5665
f 6150 6160 6159
f 5684 4748 6097
f 6163 6164 6161
f 6139 6130 6123
f 6139 6123 6165
f 6166 6167 6163
f 5684 6097 6096
f 6168 6150 6159
f 6169 5997 6129
f 6170 6154 6152
f 6124 6171 6125
f 5788 5799 5812
f 6112 6149 6145
f 6119 6149 6112
f 6154 6170 6122
f 5636 6137 6162
f 5788 5812 5690
f 6121 6154 6122
f 6106 6105 6127
f 6131 6140 4738
f 6138 6103 6154
f 6140 6133 4738
f 5676 5678 5763
f 6152 6127 6105
f 4755 6141 5635
f 6132 6131 4738
f 5937 5936 5931
f 5635 6098 4727
f 5635 6141 6098
f 4743 6132 5633
f 6108 6152 6105
f 6171 6157 6125
f 6169 5995 5997
f 5995 6169 6018
f 6172 6173 6174
f 4703 5635 4727
f 5668 5665 6121
f 5752 5808 6049
f 6137 6123 6162
f 6098 6115 4727
f 5654 5657 6161
f 6161 5657 6163
f 6115 6098 6097
f 5640 5800 5641
f 5656 6163 5657
f 6114 6126 5669
f 5669 6126 6107
f 6109 6111 6170
f 5669 6144 6114
f 6091 6080 6153
f 6109 6152 6108
f 4705 4707 4710
f 6152 6109 6170
f 6175 6080 6148
f 6116 6176 6111
f 6174 6018 6169
f 6162 4730 5636
f 6153 6080 6175
f 6132 4743 4730
f 5658 5657 5654
f 6133 4707 4706
f 6177 6178 6179
f 6036 5999 6001
f 5654 6161 6157
f 5651 5654 6157
f 6130 6132 4730
f 6162 6130 4730
f 5651 6157 6171
f 6180 6181 6177
f 6169 6129 6172
f 6034 5999 6036
f 6042 6182 6059
f 6149 6120 6176
f 6158 6067 6183
f 6182 6042 6092
f 6176 6120 6122
f 6172 6129 6151
f 6171 5674 5651
f 6067 6184 6183
f 6185 6186 6183
f 5977 5833 5834
f 6187 6173 6168
f 5839 5695 5824
f 6120 6149 6144
f 6164 6148 6147
f 6188 6186 6185
f 6187 6189 6173
f 6175 6148 6164
f 5818 5819 5966
f 6182 6190 6189
f 6080 4707 6148
f 5965 6145 6149
f 5910 6065 5997
f 6191 6192 6193
f 6194 6181 6195
f 6196 6191 6193
f 5820 6189 6197
f 6000 6027 6001
f 6198 6194 6195
f 5926 5961 5965
f 6134 5837 6192
f 5831 5830 6199
f 6193 6187 6168
f 6161 6164 6147
f 6120 6144 5669
f 6196 6193 6168
f 6189 5820 5902
f 6120 5669 5668
f 5905 6194 6198
f 6018 6174 6038
f 6157 6139 6165
f 5917 5910 5997
f 6138 6135 6103
f 6184 6185 6183
f 6176 5965 6149
f 6125 6165 6123
f 6195 6181 6180
f 6200 6199 6201
f 6174 6039 6038
f 6125 6157 6165
f 6136 6124 6123
f 6122 6170 6111
f 6196 6159 6186
f 6197 6189 6187
f 6168 6159 6196
f 6172 6174 6169
f 5966 5819 6202
f 6175 6164 6167
f 6203 6117 6084
f 6186 6159 6158
f 5764 5820 5837
f 6183 6186 6158
f 6100 6118 5636
f 5636 6118 6137
f 5902 6066 6059
f 6140 4707 6133
f 6148 4707 6140
f 6111 6176 6122
f 5739 6049 5808
f 5902 6059 6182
f 6129 6065 6075
f 6129 5997 6065
f 6163 6167 6164
f 6201 6191 6204
f 6201 6204 6178
f 6150 6168 6151
f 6182 6189 5902
f 6205 6206 6207
f 6188 6196 6186
f 6190 6039 6174
f 5828 5692 5905
f 6205 6208 6209
f 6207 6206 6210
f 6188 6185 6179
f 6205 6209 6211
f 6179 6212 6188
f 6193 6192 6187
f 6181 6178 6177
f 6213 6214 6215
f 6206 6216 6198
f 6214 6213 6203
f 6192 6197 6187
f 6128 6075 6079
f 5773 5837 6134
f 5769 5739 5776
f 6192 6217 6134
f 6184 6218 6177
f 6216 5905 6198
f 5926 6176 6116
f 6174 6173 6189
f 6185 6184 6179
f 6067 6089 6184
f 6216 5828 5905
f 6179 6184 6177
f 6155 6218 6086
f 6211 6216 6206
f 6189 6190 6174
f 6206 6205 6211
f 5926 5972 5927
f 6192 6191 6217
f 6177 6218 6180
f 6156 6155 6146
f 5778 6214 6203
f 6201 6178 6194
f 6181 6194 6178
f 6219 6180 6218
f 6128 6079 6160
f 6200 6201 6194
f 6190 6092 6039
f 6155 6220 6221
f 6222 6215 6214
f 6208 6205 6214
f 6156 6220 6155
f 6208 6214 5778
f 6190 6182 6092
f 5820 6197 5837
f 6093 6194 5905
f 6221 6218 6155
f 5837 6197 6192
f 6218 6089 6086
f 6176 5926 5965
f 6200 5831 6199
f 6093 5831 6200
f 6173 6172 6151
f 6093 6200 6194
f 6221 6219 6218
f 6124 6223 6166
f 5780 6208 5778
f 6191 6201 6217
f 5915 6217 6201
f 6168 6173 6151
f 6089 6218 6184
f 6224 6225 6226
f 5780 5832 6208
f 6070 6158 6079
f 6227 6167 6166
f 6227 6166 6223
f 6213 6117 6203
f 6223 6124 6142
f 6228 6229 6230
f 6231 6232 6224
f 6160 6079 6158
f 5905 5839 6093
f 6188 6212 6196
f 6196 6204 6191
f 6230 6227 6228
f 6233 6234 6235
f 6212 6179 6178
f 6227 6226 6228
f 6204 6196 6212
f 6223 6231 6227
f 6195 6236 6198
f 6206 6198 6236
f 6206 6236 6210
f 6199 5915 6201
f 6232 6223 6142
f 6212 6178 6204
f 6231 6224 6227
f 6224 6226 6227
f 6223 6232 6231
f 5693 5828 6216
f 6143 6237 6142
f 5832 6209 6208
f 6238 6239 6240
f 6238 6241 6239
f 6209 6216 6211
f 5806 6216 6209
f 5832 5806 6209
f 6242 6243 6244
f 6245 6228 6234
f 6239 6241 6246
f 6128 6160 6150
f 6239 5993 6247
f 6233 6235 6243
f 6237 6248 6142
f 6128 6151 6129
f 6242 6233 6243
f 6247 6240 6239
f 6242 6244 6249
f 6250 6245 6234
f 6225 6234 6228
f 5806 5693 6216
f 6239 6246 5993
f 6253 6254 6255
f 6256 6257 6258
f 6210 6257 6256
f 6259 6251 6260
f 6252 6251 6259
f 6258 6245 6256
f 6005 6024 6261
f 6215 6237 6213
f 6262 6263 6005
f 6153 6175 6230
f 6156 6153 6229
f 6229 6153 6230
f 5915 6134 6217
f 6249 6207 6250
f 6248 6215 6222
f 6257 6220 6156
f 6264 6262 6005
f 6235 6234 6225
f 6258 6229 6245
f 6258 6156 6229
f 6233 6250 6234
f 6257 6156 6258
f 6228 6245 6229
f 6005 6261 6264
f 6143 6118 6117
f 6117 6237 6143
f 6247 6254 6240
f 6024 6265 6261
f 6242 6250 6233
f 6226 6225 6228
f 6249 6250 6242
f 6071 6266 6024
f 6264 6267 6262
f 6163 5656 5675
f 6255 6267 6268
f 6175 6167 6230
f 6269 6252 6259
f 6266 6265 6024
f 6046 6266 6071
f 6167 6227 6230
f 6264 6261 6265
f 6270 5994 6015
f 5994 6247 5993
f 6271 6264 6265
f 6272 6247 5994
f 6273 6274 6268
f 6270 6272 5994
f 6067 6158 6070
f 6275 6276 6277
f 6006 6270 6015
f 6263 6270 6006
f 6276 6275 5702
f 6244 6222 6249
f 6267 6272 6262
f 6278 6225 6224
f 6051 6032 6031
f 6279 6050 6051
f 6280 6224 6232
f 6281 6282 6283
f 6280 6278 6224
f 6284 6268 6267
f 6267 6264 6271
f 6267 6271 6284
f 6240 6260 6238
f 6074 6285 6031
f 6255 6274 6253
f 6050 6279 6046
f 6225 6278 6235
f 6278 6280 6235
f 6279 6266 6046
f 6213 6237 6117
f 6280 6232 6243
f 5993 6246 5980
f 6240 6254 6253
f 6051 6031 6285
f 6272 6255 6247
f 6254 6247 6255
f 6286 6287 6288
f 6253 6260 6240
f 6280 6243 6235
f 5830 5915 6199
f 6266 6279 6289
f 6290 6287 6286
f 6267 6255 6272
f 6202 6290 6286
f 6237 6215 6248
f 5825 6276 5702
f 6265 6289 6271
f 6283 6291 6281
f 6260 6251 6238
f 6292 6273 6268
f 6262 6270 6263
f 6284 6292 6268
f 6291 6276 6281
f 6275 6054 6066
f 6266 6289 6265
f 6293 6274 6294
f 6232 6142 6248
f 6295 6279 6051
f 6268 6274 6255
f 6273 6294 6274
f 6276 5825 6296
f 6296 6281 6276
f 5821 6297 5829
f 6285 6295 6051
f 6288 6298 6284
f 6262 6272 6270
f 6282 6299 6283
f 5825 5823 6296
f 5702 6275 6066
f 6300 6271 6289
f 6221 6220 6219
f 6285 6301 6295
f 6288 6284 6300
f 6292 6284 6298
f 6297 6102 5967
f 6284 6271 6300
f 6220 6302 6219
f 6304 6286 6299
f 6207 6210 6256
f 6302 6220 6257
f 6299 6288 6300
f 6301 6285 6074
f 6306 6260 6274
f 6301 6074 6277
f 6253 6274 6260
f 6277 6074 6054
f 6302 6236 6219
f 6304 6299 6282
f 6244 6248 6222
f 6275 6277 6054
f 5812 5809 5821
f 5809 6297 5821
f 6294 6273 6307
f 6256 6245 6250
f 6207 6256 6250
f 6243 6232 6248
f 6289 6279 6295
f 6248 6244 6243
f 6286 6288 6299
f 6309 6305 6308
f 6291 6301 6277
f 6300 6289 6299
f 5967 6304 6282
f 6214 6205 6222
f 6222 6205 6207
f 6283 6289 6295
f 6236 6180 6219
f 5823 5822 6296
f 6295 6301 6291
f 6295 6291 6283
f 6202 6286 5966
f 6304 5966 6286
f 5829 6282 6281
f 6236 6195 6180
f 6311 6303 6312
f 6293 6294 6313
f 6292 6307 6273
f 6291 6277 6276
f 6314 6313 6294
f 5829 6281 6296
f 6207 6249 6222
f 6307 6315 6294
f 6283 6299 6289
f 6296 5822 5829
f 6210 6302 6257
f 6210 6236 6302
f 6315 6316 6317
f 6315 6317 6314
f 5967 5966 6304
f 6315 6314 6294
f 6312 6305 6309
f 6310 6305 6312
f 6309 6269 6259
f 6309 6306 6293
f 6317 6313 6314
f 5794 6290 6318
f 6319 6309 6293
f 5829 5967 6282
f 6166 5675 6124
f 6287 6290 6320
f 6297 5967 5829
f 6290 5794 6320
f 6317 6316 5836
f 5674 6171 6124
f 6313 6319 6293
f 6310 6312 6303
f 6202 5819 6290
f 6312 6321 6311
f 6319 6312 6309
f 5835 6322 5836
f 6306 6259 6260
f 5637 5639 5818
f 5795 5794 6323
f 5795 5835 5796
f 6269 6309 6308
f 6322 5835 5795
f 5836 6316 6315
f 6005 6263 6006
f 6324 5836 6315
f 6318 6323 5794
f 6102 5791 5637
f 6321 6312 6319
f 6321 6319 6313
f 5809 6102 6297
f 6313 6317 6321
f 6311 6321 6317
f 5675 6166 6163
f 6324 6315 6307
f 5819 5807 6318
f 5809 5791 6102
f 6318 5807 6323
f 6324 5796 5836
f 5807 5701 6323
f 6320 6298 6287
f 6320 6292 6298
f 6124 5675 5674
f 6320 6324 6292
f 6259 6306 6309
f 6325 5637 5791
f 6325 5638 5637
f 6298 6288 6287
f 5801 5689 5810
f 6293 6306 6274
f 6325 5791 5790
f 5819 6318 6290
f 6320 5794 5796
f 5818 6102 5637
f 6113 5642 5824
f 5644 5643 5824
f 5812 5822 5690
f 5695 6113 5824
f 5796 6324 6320
f 5788 5813 5753
f 5694 6113 5695
f 6322 6311 6317
f 5788 5690 5802
f 5977 5773 5964
f 5836 6322 6317
f 5834 5762 5977
f 5677 6066 5902
f 6324 6307 6292
f 5793 5690 5689
f 5645 5964 5773
f 4755 4735 6055
f 4741 4743 5633
f 6126 4764 4770
f 5942 4617 4693
f 4722 5941 5631
f 4637 4617 5942
f 5168 5468 4465
f 5468 5476 4467
f 5468 5168 4468
f 5489 5490 4470
f 5444 5468 4469
f 5445 5444 4472
f 5476 5445 4473
f 5601 5590 6326
f 5611 5617 6328
f 5623 5626 4441
f 5624 5623 4460
f 5688 4716 6330
f 4716 4673 6332
f 4673 4668 4457
f 4713 4680 6333
f 4680 4712 6335
f 5041 5014 6337
f 5014 5042 6339
f 5042 5033 6341
f 5033 5032 6343
f 5032 5055 6345
f 5057 5041 6347
f 5055 5060 6349
f 5058 5057 6351
f 4857 5106 6353
f 5105 4857 6355
f 4881 5105 6357
f 5161 5141 6359
f 5165 5154 6361
f 5149 5058 6363
f 5138 5156 4475
f 5156 5168 4477
f 5121 5149 6365
f 5109 5121 6367
f 5154 5167 6369
f 5157 5109 6371
f 5177 5157 6373
f 5187 5177 6375
f 5137 5161 4479
f 5141 5187 6377
f 5168 5137 4481
f 5188 4881 6379
f 5106 5188 6381
f 5060 5165 6383
f 5167 5190 4483
f 5190 5139 4485
f 5139 5138 4487
f 5490 5508 4489
f 5508 5512 4491
f 5512 5514 4493
f 5504 5474 4495
f 5474 5501 4497
f 5501 5495 4499
f 5549 5504 4501
f 5494 5549 4503
f 5495 5494 4505
f 5494 5500 4507
f 5485 5494 4509
f 5486 5485 4511
f 5508 5486 4513
f 5590 5591 6385
f 5500 5508 4515
f 5582 4956 6387
f 5514 5489 4517
f 5591 5009 6389
f 5009 5582 6391
f 5616 5611 6393
f 5267 5266 6395
f 5620 5616 6397
f 5269 5510 4519
f 5266 5269 4521
f 4668 5624 4459
f 5629 5556 4523
f 5627 5629 4525
f 5556 4713 4527
f 5545 5546 4529
f 5630 5545 4531
f 5546 5628 4533
f 5510 5517 4535
f 5517 5630 4537
f 5617 5601 6399
f 5615 5620 6401
f 5628 5627 4539
f 5626 5615 4458
f 5275 5267 6402
f 4956 5275 6404
f 5658 5654 6406
f 5650 5655 6408
f 5653 5650 6410
f 5655 5657 6412
f 5654 5653 6414
f 5657 5658 6416
f 5722 5688 6418
f 5679 5722 6420
f 4712 5679 6422
f 4465 4466 5168
f 4467 4465 5468
f 4468 4469 5468
f 4470 4471 5489
f 4469 4472 5444
f 4472 4473 5445
f 4473 4474 5476
f 6326 6327 5601
f 6328 6329 5611
f 4441 4460 5623
f 4460 4444 5624
f 6330 6331 5688
f 6332 6330 4716
f 4457 4446 4673
f 6333 6334 4713
f 6335 6336 4680
f 6337 6338 5041
f 6339 6340 5014
f 6341 6342 5042
f 6343 6344 5033
f 6345 6346 5032
f 6347 6348 5057
f 6349 6350 5055
f 6351 6352 5058
f 6353 6354 4857
f 6355 6356 5105
f 6357 6358 4881
f 6359 6360 5161
f 6361 6362 5165
f 6363 6364 5149
f 4475 4476 5138
f 4477 4478 5156
f 6365 6366 5121
f 6367 6368 5109
f 6369 6370 5154
f 6371 6372 5157
f 6373 6374 5177
f 6375 6376 5187
f 4479 4480 5137
f 6377 6378 5141
f 4481 4482 5168
f 6379 6380 5188
f 6381 6382 5106
f 6383 6384 5060
f 4483 4484 5167
f 4485 4486 5190
f 4487 4488 5139
f 4489 4490 5490
f 4491 4492 5508
f 4493 4494 5512
f 4495 4496 5504
f 4497 4498 5474
f 4499 4500 5501
f 4501 4502 5549
f 4503 4504 5494
f 4505 4506 5495
f 4507 4508 5494
f 4509 4510 5485
f 4511 4512 5486
f 4513 4514 5508
f 6385 6386 5590
f 4515 4516 5500
f 6387 6388 5582
f 4517 4518 5514
f 6389 6390 5591
f 6391 6392 5009
f 6393 6394 5616
f 6395 6396 5267
f 6397 6398 5620
f 4519 4520 5269
f 4521 4522 5266
f 4459 4448 4668
f 4523 4524 5629
f 4525 4526 5627
f 4527 4528 5556
f 4529 4530 5545
f 4531 4532 5630
f 4533 4534 5546
f 4535 4536 5510
f 4537 4538 5517
f 6399 6400 5617
f 6401 4451 5615
f 4539 4540 5628
f 4458 4452 5626
f 6402 6403 5275
f 6404 6405 4956
f 6406 6407 5658
f 6408 6409 5650
f 6410 6411 5653
f 6412 6413 5655
f 6414 6415 5654
f 6416 6417 5657
f 6418 6419 5722
f 6420 6421 5679
f 6422 6423 4712
f 5168 4466 4468
f 5476 4474 4467
f 5168 4466 4541
f 5168 4542 4466
f 5490 4543 4470
f 5601 6327 6424
f 5590 6425 6326
f 5489 4471 4544
f 5611 6329 6426
f 5626 4442 4441
f 5624 4444 4443
f 5617 6427 6328
f 4673 4453 6332
f 5688 6331 6428
f 4673 4446 4445
f 4713 6334 6429
f 4680 6336 6333
f 5041 6338 6430
f 5014 6340 6337
f 5042 6342 6431
f 5033 6344 6341
f 5032 6346 6343
f 5057 6348 6432
f 5055 6350 6433
f 5058 6352 6434
f 4857 6354 6355
f 5105 6356 6357
f 4881 6358 6379
f 5161 6360 4545
f 5165 6362 6383
f 5149 6364 6365
f 5138 4476 4546
f 5156 4478 4475
f 5121 6366 6435
f 5109 6368 6436
f 5154 6370 6437
f 5157 6372 6373
f 5177 6374 6375
f 5187 6376 6377
f 5137 4480 4481
f 5141 6378 6438
f 5168 4482 4547
f 5188 6380 6381
f 5106 6382 6353
f 5060 6384 6439
f 5167 4484 4548
f 5190 4486 4549
f 5139 4488 4485
f 5168 4541 4477
f 5490 4490 4543
f 5508 4492 4489
f 5512 4494 4550
f 5504 4496 4501
f 5474 4498 4495
f 5501 4500 4497
f 5549 4502 4503
f 5494 4504 4505
f 5495 4506 4499
f 5494 4508 4509
f 5485 4510 4511
f 5486 4512 4513
f 5508 4514 4515
f 5590 6386 6440
f 5500 4516 4507
f 5582 6388 6441
f 5601 6424 6399
f 5514 4518 4551
f 5489 4544 4517
f 5591 6390 6442
f 5009 6392 6389
f 5611 6426 6393
f 5616 6394 6443
f 5267 6396 6444
f 5620 6398 6401
f 5269 4520 4521
f 5266 4522 4552
f 4668 4448 4447
f 5629 4524 4525
f 5627 4526 4553
f 5556 4528 4554
f 5545 4530 4531
f 5630 4532 4555
f 5546 4534 4556
f 5624 4443 4449
f 5510 4536 4557
f 5517 4538 4535
f 5617 6400 6427
f 5615 4451 4450
f 5628 4540 4558
f 5626 4452 4442
f 5275 6403 6404
f 4956 6405 6445
f 5658 6407 6446
f 5650 6409 6447
f 5653 6411 6448
f 5655 6413 6449
f 5654 6415 6406
f 5657 6417 6450
f 5688 6428 6451
f 5722 6419 6452
f 5679 6421 6453
f 4712 6423 6454
f 4712 6455 6335
f 4713 6429 4559
f 4712 6454 6455
f 4673 4445 4453
f 5041 6430 6347
f 5042 6456 6339
f 5042 6431 6456
f 5055 6457 6345
f 5055 6433 6457
f 5057 6432 6351
f 5058 6434 6363
f 5109 6436 6371
f 5121 6435 6367
f 5141 6438 6458
f 5060 6459 6349
f 5060 6439 6459
f 5154 6437 6361
f 5141 6458 6359
f 5161 4545 4560
f 5161 4560 4561
f 5138 4546 4562
f 5161 4561 4563
f 5138 4564 4487
f 5138 4562 4564
f 5161 4563 4479
f 5167 4548 6369
f 5190 4549 4483
f 5168 4547 4542
f 5512 4550 4565
f 5512 4565 4491
f 5590 6440 6425
f 5591 6442 6385
f 5582 6441 6391
f 4956 6445 6387
f 5514 4551 4493
f 5266 4552 6395
f 5615 4455 4454
f 5510 4557 4519
f 5616 6443 6397
f 5267 6444 6402
f 5556 4554 4523
f 5627 4553 4566
f 4668 4447 4456
f 5630 4567 4537
f 5630 4555 4567
f 5546 4556 4529
f 4668 4456 4457
f 4713 4559 4568
f 4713 4568 4527
f 5615 4450 4455
f 5615 4454 4458
f 5628 4558 4533
f 5627 4566 4539
f 5624 4449 4459
f 5657 6450 6412
f 5658 6446 6416
f 5650 6447 6410
f 5655 6460 6408
f 5655 6449 6460
f 5653 6448 6461
f 5653 6461 6414
f 5679 6453 6422
f 5722 6452 6420
f 5688 6451 6418
f 4657 4658 6462
f 4658 4665 6463
f 4787 4783 6464
f 4788 4787 6466
f 4783 4792 6468
f 4836 4818 6470
f 4792 4837 6472
f 4890 4836 6473
f 4837 4890 6475
f 4889 4885 6477
f 4885 4887 6479
f 4887 4889 6481
f 4899 4960 6483
f 4818 4820 6485
f 4820 4830 6486
f 4830 4899 6487
f 5191 5197 2757
f 4960 5185 2773
f 5185 5191 2753
f 5197 5207 2759
f 5207 5258 2774
f 5258 5252 2763
f 5252 5251 2761
f 5371 4657 2771
f 5377 5371 2765
f 5251 5405 2767
f 5405 5326 2775
f 5326 5377 4616
f 5840 5841 6489
f 5845 5844 6491
f 5857 5867 6493
f 5841 5857 6495
f 5844 5880 6496
f 5880 5855 6497
f 5855 5840 6499
f 5939 5922 6500
f 5938 5845 6502
f 5962 5963 6504
f 4665 5939 6506
f 5922 5938 6508
f 5955 5962 6509
f 5867 5955 6510
f 5996 5980 6512
f 5963 5996 6514
f 6238 6251 6515
f 6251 6252 6517
f 5980 6246 6518
f 6246 6241 6519
f 6252 6269 6520
f 6241 6238 6522
f 6308 6305 6524
f 6305 6310 6526
f 6269 6308 6528
f 6310 6303 6529
f 6462 2772 4657
f 6463 6462 4658
f 6464 6465 4787
f 6466 6467 4788
f 6468 6469 4783
f 6470 6471 4836
f 6472 6468 4792
f 6473 6474 4890
f 6475 6476 4837
f 6477 6478 4889
f 6479 6480 4885
f 6481 6482 4887
f 6483 6484 4899
f 6485 6470 4818
f 6486 6485 4820
f 6487 6486 4830
f 2757 2756 5191
f 2773 6488 4960
f 2753 2773 5185
f 2759 2758 5197
f 2774 2760 5207
f 2763 2774 5258
f 2761 2769 5252
f 2771 2766 5371
f 2765 2770 5377
f 2767 2762 5251
f 2775 2768 5405
f 4616 2775 5326
f 6489 6490 5840
f 6491 6492 5845
f 6493 6494 5857
f 6495 6489 5841
f 6496 6491 5844
f 6497 6498 5880
f 6499 6497 5855
f 6500 6501 5939
f 6502 6503 5938
f 6504 6505 5962
f 6506 6507 4665
f 6508 6500 5922
f 6509 6510 5955
f 6510 6511 5867
f 6512 6513 5996
f 6514 6504 5963
f 6515 6516 6238
f 6517 6515 6251
f 6518 6512 5980
f 6519 6518 6246
f 6520 6521 6252
f 6522 6523 6241
f 6524 6525 6308
f 6526 6527 6305
f 6528 6520 6269
f 6529 6526 6310
f 4783 6530 6464
f 4787 6465 6466
f 4783 6469 6531
f 4837 6476 6472
f 4890 6532 6533
f 4890 6474 6532
f 4836 6534 6473
f 4890 6533 6475
f 4885 6480 6477
f 4899 6484 6535
f 4887 6482 6536
f 4887 6536 6537
f 4887 6537 6479
f 4889 6538 6481
f 4889 6478 6538
f 4783 6531 6530
f 4836 6539 6540
f 4899 6535 6487
f 4836 6471 6541
f 4836 6540 6534
f 4836 6541 6539
f 4960 6488 6483
f 5191 2754 2753
f 5191 2755 2754
f 5191 2756 2755
f 5197 2758 2757
f 5207 2760 2759
f 5251 2762 2761
f 5252 2764 2763
f 5371 2766 2765
f 5405 2768 2767
f 5252 2769 2764
f 5377 2770 4616
f 4657 2772 2771
f 5845 6492 6502
f 5857 6494 6495
f 5880 6498 6496
f 5840 6542 6499
f 5840 6490 6542
f 4665 6507 6463
f 5939 6501 6543
f 5939 6543 6506
f 5938 6544 6545
f 5938 6503 6544
f 5938 6545 6508
f 5962 6546 6547
f 5867 6511 6548
f 5962 6505 6546
f 5867 6548 6493
f 5996 6549 6550
f 5996 6550 6514
f 5962 6547 6509
f 5996 6513 6549
f 6252 6551 6517
f 6241 6523 6552
f 6252 6553 6551
f 6241 6552 6519
f 6252 6521 6553
f 6303 6554 6529
f 6305 6527 6555
f 6305 6555 6524
f 6238 6516 6522
f 6308 6525 6528
f 6556 4615 4436
f 6556 4436 4435
f 4461 6557 4437
f 6557 6556 4435
f 6557 4435 4437
f 6558 6584 6574
f 6558 6570 6584
f 6558 6574 6428
f 6559 6560 6429
f 6561 6559 6333
f 6562 6563 6446
f 6564 6565 6447
f 6566 6567 6448
f 6568 6569 6449
f 6571 6562 6406
f 6572 6573 6450
f 6574 6575 6451
f 6576 6577 6452
f 6578 6579 6453
f 6580 6581 6454
f 6582 6561 6335
f 6581 6582 6455
f 6573 6568 6412
f 6563 6572 6416
f 6565 6566 6410
f 6583 6564 6408
f 6569 6583 6460
f 6567 6585 6461
f 6585 6571 6414
f 6579 6580 6422
f 6577 6578 6420
f 6575 6576 6418
f 6428 6331 6558
f 6429 6334 6559
f 6333 6336 6561
f 6446 6407 6562
f 6447 6409 6564
f 6448 6411 6566
f 6449 6413 6568
f 6406 6415 6571
f 6450 6417 6572
f 6451 6428 6574
f 6452 6419 6576
f 6453 6421 6578
f 6454 6423 6580
f 6335 6455 6582
f 6455 6454 6581
f 6412 6450 6573
f 6416 6446 6563
f 6410 6447 6565
f 6408 6460 6583
f 6460 6449 6569
f 6461 6448 6567
f 6414 6461 6585
f 6422 6453 6579
f 6420 6452 6577
f 6418 6451 6575
f 6558 6331 6330
f 6558 6330 6332
f 6559 6334 6333
f 6561 6336 6335
f 6562 6407 6406
f 6564 6409 6408
f 6566 6411 6410
f 6568 6413 6412
f 6571 6415 6414
f 6572 6417 6416
f 6576 6419 6418
f 6578 6421 6420
f 6580 6423 6422
f 6570 6558 6557
f 6558 6332 6556
f 6429 6560 4570
f 6557 4461 6570
f 6556 6557 6558
f 4570 4571 6429
f 6560 4569 4570
f 6332 4615 6556
f 6587 6586 6578
f 6580 6579 6586
f 6578 6577 6587
f 6587 6577 6576
f 6586 6579 6578
f 4592 4569 6560
f 6586 6587 6588
f 6580 6586 6590
f 6587 6576 6592
f 6561 6582 6594
f 6582 6581 6596
f 6568 6573 6598
f 6572 6563 6600
f 6566 6565 6602
f 6564 6583 6604
f 6583 6569 6606
f 6574 6584 6608
f 6585 6567 6610
f 6571 6585 6612
f 6576 6575 6614
f 6560 6559 6615
f 6559 6561 6617
f 6563 6562 6618
f 6565 6564 6619
f 6567 6566 6620
f 6569 6568 6621
f 6562 6571 6622
f 6573 6572 6623
f 6575 6574 6624
f 6581 6580 6591
f 4592 6560 6616
f 6584 6570 6626
f 6570 4461 4601
f 6588 6589 6586
f 6590 6591 6580
f 6592 6593 6587
f 6594 6595 6561
f 6596 6597 6582
f 6598 6599 6568
f 6600 6601 6572
f 6602 6603 6566
f 6604 6605 6564
f 6606 6607 6583
f 6608 6609 6574
f 6610 6611 6585
f 6612 6613 6571
f 6614 6592 6576
f 6615 6616 6560
f 6617 6615 6559
f 6618 6600 6563
f 6619 6602 6565
f 6620 6610 6567
f 6621 6606 6569
f 6622 6618 6562
f 6623 6598 6573
f 6624 6614 6575
f 6591 6596 6581
f 6616 6625 4592
f 6626 6627 6584
f 4601 6626 6570
f 6586 6589 6628
f 6586 6628 6590
f 6587 6593 6588
f 6561 6595 6617
f 6582 6597 6594
f 6568 6599 6621
f 6572 6601 6623
f 6566 6603 6620
f 6564 6605 6619
f 6583 6607 6604
f 6574 6609 6624
f 6585 6611 6612
f 6571 6613 6622
f 6584 6629 6608
f 4592 6625 4612
f 6584 6627 6629
f 6631 6632 3826
f 6631 3826 3825
f 6633 6634 3828
f 6633 3828 3827
f 4258 6635 3830
f 4258 3830 6630
f 6632 6636 3831
f 6632 3831 3826
f 6636 6637 3832
f 6636 3832 3831
f 6638 6631 3825
f 6638 3825 3833
f 6637 6633 3827
f 6637 3827 3832
f 6635 6638 3833
f 6635 3833 3830
f 6645 6646 6641
f 6645 6641 6640
f 6646 6647 6642
f 6646 6642 6641
f 6648 6645 6640
f 6648 6640 6643
f 6647 6649 6644
f 6647 6644 6642
f 6658 6677 6676
f 6648 6643 6682
f 6639 4275 6643
f 6682 4276 6648
f 4277 4278 6675
f 6643 4275 6682
f 6640 6641 6636
f 6641 6642 6637
f 6643 6640 6631
f 6642 6644 6633
f 6644 6649 6683
f 6665 6662 3865
f 6661 6660 3867
f 6673 6669 3869
f 6652 6674 3871
f 6674 6670 3873
f 6656 6664 3875
f 6654 6673 3877
f 6675 6655 3879
f 6650 6651 3881
f 6653 6652 3883
f 6655 6654 3885
f 6657 6656 3886
f 6659 6658 3888
f 6660 6659 3889
f 6662 6661 3890
f 6664 6663 3891
f 6666 6665 3892
f 6667 6666 3893
f 6668 6667 3894
f 6669 6668 3895
f 6670 6657 3887
f 6672 6671 3896
f 6658 6676 3898
f 6651 6681 3899
f 6678 6653 3900
f 6679 6672 3901
f 6680 6650 3902
f 6639 6643 6638
f 4277 6675 3903
f 6663 4279 3130
f 6671 4280 3131
f 6636 6632 6640
f 6637 6636 6641
f 6631 6638 6643
f 6633 6637 6642
f 6683 6634 6644
f 3865 3866 6665
f 3867 3868 6661
f 3869 3870 6673
f 3871 3872 6652
f 3873 3874 6674
f 3875 3876 6656
f 3877 3878 6654
f 3879 3880 6675
f 3881 3882 6650
f 3883 3884 6653
f 3885 3879 6655
f 3886 3887 6657
f 3888 3889 6659
f 3889 3867 6660
f 3890 3865 6662
f 3891 3875 6664
f 3892 3893 6666
f 3893 3894 6667
f 3894 3895 6668
f 3895 3869 6669
f 3887 3873 6670
f 3896 3897 6672
f 3898 3888 6658
f 3899 3881 6651
f 3900 3861 6678
f 3901 3862 6679
f 3902 3863 6680
f 6638 6635 6639
f 3903 3904 4277
f 3130 3905 6663
f 3131 3906 6671
f 6640 6632 6631
f 6644 6634 6633
f 6649 3847 6683
f 6665 3866 3892
f 6661 3868 3890
f 6673 3870 3877
f 6652 3872 3883
f 6674 3874 3871
f 6656 3876 3886
f 6654 3878 3885
f 6675 3880 3903
f 6653 3884 3900
f 6672 3897 3901
f 6650 3882 3902
f 6676 3907 3898
f 6681 3864 3899
f 6663 3905 3891
f 6671 3906 3896
f 4277 3904 3179
f 6639 6635 4258
f 6706 6707 6684
f 6712 6713 6685
f 6684 6707 6719
f 6684 6719 6720
f 6684 6720 6704
f 6685 6713 6721
f 6685 6721 6722
f 6685 6722 6711
f 6684 6704 6424
f 6706 6684 6326
f 6685 6711 6426
f 6712 6685 6328
f 6686 6687 6430
f 6688 6686 6337
f 6650 6689 6431
f 6651 6650 6341
f 6690 6651 6343
f 6691 6692 6432
f 6652 6653 6433
f 6693 6694 6434
f 6695 6696 6355
f 6696 6697 6357
f 6697 6698 6379
f 6656 6657 6383
f 6658 6659 6365
f 6659 6660 6435
f 6661 6662 6436
f 6663 6664 6437
f 6665 6666 6373
f 6666 6667 6375
f 6667 6668 6377
f 6668 6669 6438
f 6698 6699 6381
f 6699 6695 6353
f 6657 6670 6439
f 6700 6701 6440
f 6702 6703 6441
f 6704 6705 6399
f 6708 6709 6442
f 6710 6708 6389
f 6711 6647 6393
f 6647 6646 6443
f 6671 6672 6444
f 6645 6648 6401
f 6705 6712 6427
f 6714 6715 6404
f 6715 6716 6445
f 6687 6691 6347
f 6717 6688 6339
f 6689 6717 6456
f 6718 6690 6345
f 6653 6718 6457
f 6692 6693 6351
f 6694 6658 6363
f 6662 6665 6371
f 6660 6661 6367
f 6669 6673 6458
f 6674 6652 6349
f 6670 6674 6459
f 6664 6656 6361
f 6673 6654 6359
f 6701 6706 6425
f 6709 6700 6385
f 6703 6710 6391
f 6716 6702 6387
f 6646 6645 6397
f 6672 6714 6402
f 6424 6327 6684
f 6326 6425 6706
f 6426 6329 6685
f 6328 6427 6712
f 6430 6338 6686
f 6337 6340 6688
f 6431 6342 6650
f 6341 6344 6651
f 6343 6346 6690
f 6432 6348 6691
f 6433 6350 6652
f 6434 6352 6693
f 6355 6354 6695
f 6357 6356 6696
f 6379 6358 6697
f 6383 6362 6656
f 6365 6364 6658
f 6435 6366 6659
f 6436 6368 6661
f 6437 6370 6663
f 6373 6372 6665
f 6375 6374 6666
f 6377 6376 6667
f 6438 6378 6668
f 6381 6380 6698
f 6353 6382 6699
f 6439 6384 6657
f 6440 6386 6700
f 6441 6388 6702
f 6399 6424 6704
f 6442 6390 6708
f 6389 6392 6710
f 6393 6426 6711
f 6443 6394 6647
f 6444 6396 6671
f 6401 6398 6645
f 6427 6400 6705
f 6404 6403 6714
f 6445 6405 6715
f 6347 6430 6687
f 6339 6456 6717
f 6456 6431 6689
f 6345 6457 6718
f 6457 6433 6653
f 6351 6432 6692
f 6363 6434 6694
f 6371 6436 6662
f 6367 6435 6660
f 6458 6438 6669
f 6349 6459 6674
f 6459 6439 6670
f 6361 6437 6664
f 6359 6458 6673
f 6425 6440 6701
f 6385 6442 6709
f 6391 6441 6703
f 6387 6445 6716
f 6397 6443 6646
f 6402 6444 6672
f 6684 6327 6326
f 6685 6329 6328
f 6686 6338 6337
f 6688 6340 6339
f 6650 6342 6341
f 6651 6344 6343
f 6690 6346 6345
f 6691 6348 6347
f 6652 6350 6349
f 6693 6352 6351
f 6695 6354 6353
f 6696 6356 6355
f 6697 6358 6357
f 6654 6360 6359
f 6656 6362 6361
f 6658 6364 6363
f 6659 6366 6365
f 6661 6368 6367
f 6663 6370 6369
f 6665 6372 6371
f 6666 6374 6373
f 6667 6376 6375
f 6668 6378 6377
f 6698 6380 6379
f 6699 6382 6381
f 6657 6384 6383
f 6700 6386 6385
f 6702 6388 6387
f 6708 6390 6389
f 6710 6392 6391
f 6647 6394 6393
f 6671 6396 6395
f 6645 6398 6397
f 6705 6400 6399
f 6714 6403 6402
f 6715 6405 6404
f 6654 6655 4572
f 6655 6675 4574
f 6663 6369 4576
f 6671 6395 4577
f 6360 6654 4573
f 6401 6648 4463
f 4572 4573 6654
f 4574 4575 6655
f 4576 4279 6663
f 4577 4280 6671
f 4573 4578 6360
f 4463 4464 6401
f 6648 4276 4462
f 6675 4278 4579
f 6648 4462 4463
f 6655 4575 4572
f 6675 4579 4574
f 6369 4580 4576
f 6395 4581 4577
f 4105 4090 4042
f 4105 4042 4057
f 6676 6677 6694
f 6691 6687 4137
f 6688 6717 4139
f 6690 6718 4141
f 6693 6692 4143
f 6706 6701 4145
f 6700 6709 4146
f 6710 6703 4148
f 6702 6716 4150
f 6719 6707 4105
f 6720 6719 4092
f 6704 6720 4094
f 6721 6713 4106
f 6722 6721 4098
f 6711 6722 4100
f 6687 6686 4152
f 6686 6688 4153
f 6692 6691 4154
f 6694 6693 4155
f 6696 6695 6723
f 6697 6696 6724
f 6698 6697 6725
f 6699 6698 6726
f 6695 6699 6727
f 6701 6700 6728
f 6703 6702 4157
f 6705 6704 4096
f 6707 6706 4090
f 6709 6708 4158
f 6708 6710 4159
f 6712 6705 4107
f 6713 6712 4108
f 6715 6714 4160
f 6716 6715 4161
f 6717 6689 4162
f 6676 6694 4156
f 6718 6678 3861
f 6714 6679 3862
f 6689 6680 3863
f 6681 6690 4167
f 6649 6711 4104
f 4137 4138 6691
f 4139 4140 6688
f 4141 4142 6690
f 4143 4144 6693
f 4145 4091 6706
f 4146 4147 6700
f 4148 4149 6710
f 4150 4151 6702
f 4105 4093 6719
f 4092 4095 6720
f 4094 4097 6704
f 4106 4099 6721
f 4098 4101 6722
f 4100 4103 6711
f 4152 4137 6687
f 4153 4152 6686
f 4154 4143 6692
f 4155 4156 6694
f 6723 6724 6696
f 6724 6725 6697
f 6725 6726 6698
f 6726 6727 6699
f 6727 6723 6695
f 6728 4145 6701
f 4157 4148 6703
f 4096 4107 6705
f 4090 4105 6707
f 4158 4146 6709
f 4159 4158 6708
f 4107 4108 6712
f 4108 4106 6713
f 4160 4161 6715
f 4161 4150 6716
f 4162 4163 6717
f 4156 4164 6676
f 3861 4165 6718
f 3862 4166 6714
f 3863 4162 6689
f 4167 3864 6681
f 4104 3847 6649
f 6691 4138 4154
f 6688 4140 4153
f 6693 4144 4155
f 6706 4091 4090
f 6700 4147 6728
f 6710 4149 4159
f 6702 4151 4157
f 6719 4093 4092
f 6720 4095 4094
f 6704 4097 4096
f 6721 4099 4098
f 6722 4101 4100
f 6717 4168 4139
f 6690 4142 4169
f 6718 4165 4141
f 6711 4103 4102
f 6714 4166 4160
f 6690 4169 4167
f 6711 4102 4104
f 6717 4163 4168
f 6676 4164 3907
f 6729 3558 3516
f 6729 3516 3536
f 3582 3580 3543
f 3582 3543 3544
f 3584 6729 3536
f 3584 3536 3518
f 3585 3592 3552
f 3585 3552 3528
f 6730 6731 6732
f 6733 6734 6735
f 6736 6737 6738
f 6739 6740 6741
f 6736 6738 6743
f 6734 6744 6745
f 6738 6746 6747
f 6749 6750 6751
f 6752 6747 6746
f 6753 6730 6754
f 6730 6732 6754
f 6747 6752 6755
f 6753 6747 6730
f 6730 6747 6755
f 6744 6734 6759
f 6741 6760 6739
f 6742 6755 6752
f 6737 6746 6738
f 6734 6733 6763
f 6764 6765 6766
f 6736 6767 6737
f 6754 6732 6760
f 6737 6767 6756
f 6769 6744 6770
f 6732 6768 6760
f 6760 6768 6739
f 6737 6757 6746
f 6737 6756 6757
f 6735 6764 6733
f 6773 6745 6744
f 6750 6749 6774
f 6735 6765 6764
f 6744 6759 6770
f 6775 6776 6777
f 6734 6763 6759
f 6732 6731 6768
f 6778 6779 6780
f 6764 6766 6781
f 6745 6782 6735
f 6734 6745 6735
f 6768 6783 6739
f 6735 6782 6784
f 6784 6785 6735
f 6786 6777 6776
f 6787 6753 6754
f 6785 6787 6765
f 6782 6736 6743
f 6764 6781 6788
f 6773 6771 6767
f 6771 6773 6789
f 6791 6780 6792
f 6793 6794 6795
f 6792 6780 6796
f 6797 6798 6799
f 6800 6801 6802
f 6803 6801 6800
f 6794 6793 6799
f 6794 6790 6795
f 6794 6804 6790
f 6804 6805 6806
f 6801 6803 6793
f 6808 6793 6795
f 6801 6793 6808
f 6803 6799 6793
f 6798 6794 6799
f 6808 6812 6801
f 6804 6794 6798
f 6815 6816 6810
f 6791 6804 6798
f 6807 6795 6790
f 6810 6802 6811
f 6762 6761 6774
f 6817 6750 6774
f 6817 6774 6818
f 6818 6774 6761
f 6819 6818 6761
f 6790 6804 6806
f 6799 6803 6797
f 6797 6791 6798
f 6750 6800 6751
f 6803 6800 6750
f 6803 6750 6821
f 6821 6797 6803
f 6821 6822 6797
f 6796 6823 6792
f 6817 6821 6750
f 6805 6791 6792
f 6791 6805 6804
f 6797 6780 6791
f 6817 6818 6819
f 6811 6801 6814
f 6780 6779 6796
f 6758 6796 6779
f 6778 6780 6797
f 6802 6801 6811
f 6814 6801 6812
f 6831 6832 6833
f 6751 6816 6762
f 6774 6751 6762
f 6834 6830 6828
f 6835 6758 6779
f 6837 6838 6839
f 6751 6802 6810
f 6821 6817 6819
f 6797 6822 6778
f 6838 6841 6839
f 6819 6842 6843
f 6844 6840 6845
f 6845 6840 6846
f 6819 6843 6821
f 6838 6776 6847
f 6824 6825 6820
f 6825 6824 6829
f 6850 6827 6849
f 6844 6845 6851
f 6852 6841 6838
f 6853 6854 6855
f 6856 6857 6855
f 6858 6822 6843
f 6859 6860 6855
f 6860 6856 6855
f 6822 6821 6843
f 6853 6855 6857
f 6832 6845 6846
f 6845 6832 6831
f 6786 6851 6845
f 6831 6786 6845
f 6832 6846 6848
f 6861 6841 6849
f 6758 6835 6826
f 6825 6819 6761
f 6842 6825 6829
f 6842 6819 6825
f 6842 6829 6862
f 6830 6834 6864
f 6862 6830 6864
f 6862 6829 6830
f 6844 6864 6836
f 6858 6843 6837
f 6810 6816 6751
f 6864 6844 6862
f 6860 6847 6865
f 6857 6856 6783
f 6864 6834 6836
f 6844 6836 6840
f 6849 6826 6835
f 6856 6739 6783
f 6838 6847 6852
f 6865 6847 6776
f 6776 6775 6865
f 6861 6779 6778
f 6866 6740 6775
f 6779 6849 6835
f 6850 6849 6852
f 6861 6849 6779
f 6837 6843 6867
f 6841 6852 6849
f 6868 6850 6852
f 6868 6852 6859
f 6837 6867 6851
f 6765 6735 6785
f 6782 6745 6773
f 6740 6739 6856
f 6751 6800 6802
f 6847 6859 6852
f 6867 6844 6851
f 6773 6767 6736
f 6775 6740 6865
f 6731 6730 6748
f 6748 6730 6742
f 6862 6867 6842
f 6837 6851 6776
f 6842 6867 6843
f 6740 6860 6865
f 6740 6856 6860
f 6844 6867 6862
f 6765 6741 6766
f 6765 6787 6741
f 6754 6760 6741
f 6847 6860 6859
f 6861 6778 6822
f 6869 6788 6848
f 6776 6838 6837
f 6871 6781 6766
f 6788 6832 6848
f 6754 6741 6787
f 6774 6749 6751
f 6831 6833 6786
f 6841 6861 6858
f 6872 6777 6833
f 6839 6858 6837
f 6858 6839 6841
f 6871 6872 6833
f 6832 6788 6833
f 6782 6773 6736
f 6833 6788 6781
f 6871 6833 6781
f 6822 6858 6861
f 6850 6854 6827
f 6785 6784 6782
f 6855 6850 6868
f 6871 6777 6872
f 6869 6870 6764
f 6782 6743 6785
f 6769 6770 6863
f 6763 6764 6870
f 6755 6742 6730
f 6855 6854 6850
f 6741 6740 6866
f 6871 6866 6777
f 6764 6788 6869
f 6775 6777 6866
f 6772 6771 6789
f 6766 6741 6866
f 6763 6733 6764
f 6786 6776 6851
f 6773 6744 6769
f 6833 6777 6786
f 6859 6855 6868
f 6787 6785 6743
f 6747 6787 6743
f 6747 6753 6787
f 6773 6769 6789
f 6747 6743 6738
f 6871 6766 6866
f 6771 6772 6873
f 6824 6820 3599
f 6757 6756 6875
f 6761 6762 3601
f 6752 6746 6877
f 6748 6742 6879
f 6742 6752 6881
f 6731 6748 6883
f 6768 6731 6885
f 6767 6771 6887
f 6756 6767 6889
f 6746 6757 6891
f 6759 6763 6893
f 6770 6759 6895
f 6807 6790 3575
f 6810 6811 3603
f 6812 6808 3605
f 6814 6812 3607
f 6808 6795 3609
f 6795 6807 6729
f 6790 6806 3574
f 6806 6805 3564
f 6805 6792 3566
f 6813 6815 3611
f 6762 6820 3613
f 6820 6762 3615
f 6792 6823 3576
f 6796 6758 3617
f 6811 6814 3619
f 6815 6813 3621
f 6762 6816 3623
f 6816 6815 3625
f 6820 6825 3627
f 6809 6810 3629
f 6815 6810 3631
f 6810 6809 3633
f 6758 6826 3635
f 6829 6824 3637
f 6828 6830 3639
f 6830 6829 3641
f 6836 6834 3643
f 6834 6828 3645
f 6846 6840 3647
f 6840 6836 3649
f 6825 6761 3651
f 6849 6827 3583
f 6827 6854 3586
f 6854 6853 3653
f 6848 6846 3655
f 6789 6769 6897
f 6769 6863 6899
f 6772 6789 6901
f 6826 6849 3657
f 6823 6796 3582
f 6869 6848 6903
f 6870 6869 6905
f 6853 6857 3659
f 6857 6783 6907
f 6863 6770 6909
f 6763 6870 6911
f 6783 6768 6913
f 6873 6874 6771
f 3599 3600 6824
f 6875 6876 6757
f 3601 3602 6761
f 6877 6878 6752
f 6879 6880 6748
f 6881 6882 6742
f 6883 6884 6731
f 6885 6886 6768
f 6887 6888 6767
f 6889 6890 6756
f 6891 6892 6746
f 6893 6894 6759
f 6895 6896 6770
f 3575 3559 6807
f 3603 3604 6810
f 3605 3606 6812
f 3607 3608 6814
f 3609 3610 6808
f 6729 3584 6795
f 3574 3561 6790
f 3564 3563 6806
f 3566 3565 6805
f 3611 3612 6813
f 3613 3614 6762
f 3615 3616 6820
f 3576 3567 6792
f 3617 3618 6796
f 3619 3620 6811
f 3621 3622 6815
f 3623 3624 6762
f 3625 3626 6816
f 3627 3628 6820
f 3629 3630 6809
f 3631 3632 6815
f 3633 3634 6810
f 3635 3636 6758
f 3637 3638 6829
f 3639 3640 6828
f 3641 3642 6830
f 3643 3644 6836
f 3645 3646 6834
f 3647 3648 6846
f 3649 3650 6840
f 3651 3652 6825
f 3583 3585 6849
f 3586 3569 6827
f 3653 3654 6854
f 3655 3656 6848
f 6897 6898 6789
f 6899 6900 6769
f 6901 6902 6772
f 3657 3658 6826
f 3582 3571 6823
f 6903 6904 6869
f 6905 6906 6870
f 3659 3660 6853
f 6907 6908 6857
f 6909 6910 6863
f 6911 6912 6763
f 6913 6914 6783
f 6771 6874 6915
f 6820 3661 3599
f 6824 3600 3662
f 6772 6916 6873
f 6757 6876 6917
f 6761 3602 3651
f 6752 6878 6881
f 6748 6880 6918
f 6742 6882 6919
f 6731 6884 6885
f 6768 6886 6920
f 6771 6915 6887
f 6767 6888 6889
f 6756 6890 6921
f 6746 6892 6877
f 6759 6894 6895
f 6770 6896 6922
f 6807 3559 3558
f 6810 3604 3629
f 6812 3606 3663
f 6814 3608 3664
f 6808 3610 3665
f 6795 3584 3609
f 6790 3561 3560
f 6806 3563 3562
f 6805 3565 3564
f 6813 3612 3666
f 6762 3614 3601
f 6820 3616 3661
f 6792 3567 3566
f 6796 3618 3581
f 6811 3620 3667
f 6815 3622 3625
f 6762 3624 3668
f 6824 3662 3637
f 6816 3626 3623
f 6820 3628 3613
f 6809 3630 3669
f 6815 3632 3611
f 6810 3634 3631
f 6758 3636 3670
f 6829 3638 3641
f 6828 3640 3671
f 6830 3642 3639
f 6836 3644 3672
f 6834 3646 3643
f 6846 3648 3673
f 6840 3650 3674
f 6825 3652 3627
f 6849 3585 3675
f 6827 3569 3568
f 6854 3654 3586
f 6848 3656 6923
f 6789 6898 6924
f 6769 6900 6897
f 6772 6902 6925
f 6826 3658 3676
f 6823 3571 3570
f 6869 6904 6905
f 6870 6906 6926
f 6853 3660 3677
f 6857 6908 6927
f 6863 6910 6928
f 6763 6912 6929
f 6783 6914 6907
f 6742 6930 6879
f 6748 6918 6931
f 6758 3670 3678
f 6742 6919 6930
f 6768 6920 6932
f 6756 6933 6875
f 6756 6934 6933
f 6756 6921 6935
f 6756 6935 6934
f 6757 6917 6891
f 6770 6922 6936
f 6790 3573 3572
f 6809 3679 3633
f 6813 3680 3681
f 6790 3560 3573
f 6807 3558 6729
f 6806 3562 3574
f 6790 3572 3575
f 6813 3666 3680
f 6813 3681 3682
f 6823 3577 3576
f 6758 3678 3617
f 6811 3667 3603
f 6814 3664 3619
f 6813 3682 3621
f 6808 3665 3605
f 6762 3668 3615
f 6809 3669 3679
f 6812 3663 3607
f 6826 3676 3635
f 6827 3579 3578
f 6828 3671 3683
f 6828 3683 3645
f 6840 3674 3647
f 6836 3684 3649
f 6836 3672 3684
f 6848 6923 6903
f 6823 3570 3577
f 6827 3568 3579
f 6796 3581 3580
f 6796 3580 3582
f 6853 3685 3653
f 6846 3673 3655
f 6789 6924 6901
f 6849 3675 3657
f 6772 6925 6916
f 6870 6926 6937
f 6748 6931 6883
f 6770 6936 6938
f 6770 6938 6909
f 6870 6937 6939
f 6870 6939 6911
f 6827 3578 3583
f 6853 3677 3685
f 6857 6927 3659
f 6863 6928 6940
f 6863 6940 6899
f 6763 6929 6893
f 6768 6932 6913
f 6941 6942 3049
f 6941 3049 3048
f 6943 6944 3051
f 6943 3051 3050
f 6945 6946 3053
f 6945 3053 3052
f 6947 6943 3050
f 6947 3050 3054
f 6948 6947 3054
f 6948 3054 3055
f 6949 6950 3057
f 6949 3057 3056
f 6951 6952 3059
f 6951 3059 3058
f 6953 6949 3056
f 6953 3056 3060
f 6946 6954 3062
f 6946 3062 3053
f 6955 6941 3048
f 6955 3048 3063
f 6956 6945 3052
f 6956 3052 3064
f 6944 6956 3064
f 6944 3064 3051
f 6950 6951 3058
f 6950 3058 3057
f 6942 6948 3055
f 6942 3055 3049
f 6952 6955 3063
f 6952 3063 3059
f 6957 6953 3060
f 6957 3060 3061
f 6954 4247 3065
f 6954 3065 3062
f 6958 3125 3094
f 6958 3094 3061
f 6959 6960 6961
f 6960 6959 6964
f 6968 6969 6967
f 6966 6968 6967
f 6970 6966 6971
f 6960 6964 6973
f 6960 6973 6961
f 6961 6973 6974
f 6972 6975 6974
f 6962 6975 6963
f 6974 6975 6965
f 6974 6973 6972
f 6962 6965 6975
f 6965 6962 6977
f 6968 6966 6979
f 6966 6970 6981
f 6959 6961 6982
f 6970 6971 6984
f 6971 6959 6986
f 6961 6974 6987
f 6974 6965 6989
f 6977 6978 6965
f 6979 6980 6968
f 6981 6979 6966
f 6982 6983 6959
f 6984 6985 6970
f 6986 6984 6971
f 6987 6988 6961
f 6989 6987 6974
f 6959 6983 6986
f 6962 6976 6977
f 6968 6980 6991
f 6970 6985 6981
f 6961 6988 6982
f 6965 6992 6989
f 6965 6978 6992
f 6968 6991 6990
f 6962 6963 6993
f 6975 6972 6995
f 6963 6975 6996
f 6976 6962 6999
f 6993 6994 6962
f 6995 6996 6975
f 6996 6997 6963
f 6999 7000 6976
f 6972 6998 7001
f 6972 7001 6995
f 6963 6997 7002
f 6963 7002 6993
f 6962 6994 6999
f 7003 7004 7005
f 7003 7005 6993
f 7006 7007 7008
f 7006 7008 6995
f 7009 7010 7011
f 7009 7011 6996
f 7013 7014 7015
f 7013 7015 7016
f 7017 7018 7019
f 7017 7019 6998
f 7020 7021 7022
f 7020 7022 7023
f 7024 7025 7026
f 7024 7026 6997
f 7027 7028 7029
f 7027 7029 7002
f 7030 7031 7032
f 7030 7032 6994
f 7004 7030 6994
f 7004 6994 7005
f 7007 7009 6996
f 7007 6996 7008
f 7010 7024 6997
f 7010 6997 7011
f 7014 7012 7000
f 7014 7000 7015
f 7018 7020 7023
f 7018 7023 7019
f 7021 7006 6995
f 7021 6995 7022
f 7025 7027 7002
f 7025 7002 7026
f 7028 7003 6993
f 7028 6993 7029
f 7031 7013 7016
f 7031 7016 7032
f 7115 7116 7118
f 7118 7116 7119
f 7109 7114 7118
f 7129 7109 7118
f 7108 7130 7126
f 7128 7112 7122
f 7128 7122 7120
f 7127 7110 7111
f 7118 7119 7129
f 7110 7127 7112
f 7112 7127 7122
f 7131 7132 7123
f 7131 7123 7124
f 7124 7123 7125
f 7117 7114 7109
f 7134 7133 7135
f 7136 7137 7138
f 7135 7133 7126
f 7135 7126 7130
f 7107 7136 7138
f 7121 7120 7093
f 7120 7122 7072
f 7119 7116 7095
f 7116 7117 7096
f 7122 7127 7097
f 7120 7121 7074
f 7117 7109 7083
f 7109 7129 7082
f 7128 7120 7067
f 7127 7111 7071
f 7108 7125 7099
f 7129 7119 7094
f 7125 7123 7086
f 7130 7108 7061
f 7135 7130 7092
f 7093 7075 7121
f 7072 7093 7120
f 7095 7094 7119
f 7096 7095 7116
f 7097 7079 7122
f 7074 7068 7120
f 7083 7096 7117
f 7082 7064 7109
f 7067 7098 7128
f 7071 7097 7127
f 7099 7077 7108
f 7094 7081 7129
f 7086 7099 7125
f 7061 7088 7130
f 7100 7066 7111
f 7102 7085 7123
f 7091 7060 7107
f 7092 7106 7135
f 7107 7060 7059
f 7108 7062 7061
f 7109 7064 7063
f 7111 7066 7065
f 7120 7068 7067
f 7111 7065 7071
f 7122 7073 7072
f 7121 7075 7074
f 7108 7077 7076
f 7108 7076 7078
f 7108 7078 7062
f 7122 7079 7073
f 7129 7081 7080
f 7129 7080 7082
f 7109 7063 7083
f 7123 7085 7084
f 7123 7084 7086
f 7130 7088 7087
f 7130 7087 7090
f 7130 7090 7092
f 7138 7137 7051
f 7137 7136 7058
f 7136 7107 7049
f 7107 7059 7056
f 7051 7057 7138
f 7058 7053 7137
f 7049 7058 7136
f 7056 7050 7107
f 7107 7050 7049
f 7137 7052 7051
f 7137 7053 7052
f 7059 7055 7056
f 7133 7134 7042
f 7134 7135 7048
f 7107 7138 7045
f 7091 7107 7040
f 7135 7106 7046
f 7042 7036 7133
f 7048 7038 7134
f 7045 7041 7107
f 7040 7047 7091
f 7046 7048 7135
f 7133 7036 7035
f 7134 7038 7037
f 7107 7041 7040
f 7134 7043 7042
f 7134 7037 7043
f 7138 7039 7044
f 7138 7044 7045
f 7106 7034 7046
f 7091 7047 7033
f 7049 7050 7030
f 7051 7052 7009
f 7052 7053 7024
f 7056 7055 7012
f 7054 7057 7020
f 7057 7051 7006
f 7053 7058 7027
f 7058 7049 7003
f 7050 7056 7013
f 7030 7004 7049
f 7009 7007 7051
f 7024 7010 7052
f 7012 7014 7056
f 7020 7018 7054
f 7006 7021 7057
f 7027 7025 7053
f 7003 7028 7058
f 7013 7031 7050
f 7049 7004 7003
f 7051 7007 7006
f 7052 7010 7009
f 7056 7014 7013
f 7054 7018 7017
f 7057 7021 7020
f 7053 7025 7024
f 7058 7028 7027
f 7050 7031 7030
f 6969 6968 4384
f 6967 6969 4346
f 6968 6990 4347
f 7111 7110 4364
f 7110 7112 4356
f 7112 7128 4354
f 7123 7132 4371
f 7100 7111 4350
f 7102 7123 4360
f 7128 7098 4387
f 7069 7101 4382
f 7098 7103 4380
f 7104 7070 4388
f 7105 7100 4385
f 7089 7102 4386
f 7103 7104 4374
f 7101 7105 4376
f 7070 7069 4372
f 4384 4343 6969
f 4346 4345 6967
f 4347 4384 6968
f 4364 4351 7111
f 4356 4353 7110
f 4354 4357 7112
f 4370 4359 7132
f 4371 4361 7123
f 4350 4385 7100
f 4360 4386 7102
f 4387 4355 7128
f 4382 4373 7069
f 4380 4387 7098
f 4388 4375 7104
f 4385 4377 7105
f 4386 4379 7089
f 4374 4381 7103
f 4376 4383 7101
f 4372 4388 7070
f 6969 4343 4342
f 6967 4345 4344
f 6969 4342 4346
f 6990 4348 4347
f 7111 4351 4350
f 7110 4353 4352
f 7128 4355 4354
f 7112 4357 4356
f 7132 4359 4358
f 7123 4361 4360
f 7110 4352 4362
f 7110 4362 4363
f 7110 4363 4364
f 7113 4366 4365
f 7113 4367 4366
f 7113 4368 4367
f 7113 4369 4368
f 7113 4365 4369
f 7132 4358 4371
f 7069 4373 4372
f 7104 4375 4374
f 7105 4377 4376
f 7089 4379 4378
f 7103 4381 4380
f 7101 4383 4382
f 7089 4378 4349
f 6964 6959 6941
f 6966 6967 6945
f 6971 6966 6956
f 6972 6973 6951
f 6959 6971 6948
f 6973 6964 6955
f 6998 6972 6953
f 7017 6998 7139
f 7116 7115 3185
f 7117 7116 3186
f 7115 7118 3188
f 7114 7117 3190
f 7118 7114 3192
f 7124 7125 3193
f 7125 7108 3195
f 7108 7126 3196
f 7132 7131 3197
f 7131 7124 3199
f 7126 7133 3201
f 7138 7057 3202
f 7057 7054 3204
f 7039 7138 3205
f 7133 7035 3184
f 7054 7017 7141
f 4370 7132 3198
f 6967 4344 4247
f 6941 6955 6964
f 6945 6956 6966
f 6956 6944 6971
f 6951 6950 6972
f 6948 6942 6959
f 6955 6952 6973
f 6953 6957 6998
f 7139 7140 7017
f 3185 3186 7116
f 3186 3187 7117
f 3188 3189 7115
f 3190 3191 7114
f 3192 3188 7118
f 3193 3194 7124
f 3195 3193 7125
f 3196 3195 7108
f 3197 3198 7132
f 3199 3200 7131
f 3201 3196 7126
f 3202 3203 7138
f 3204 3202 7057
f 3205 3206 7039
f 3184 3207 7133
f 7141 6958 7054
f 3198 3208 4370
f 4247 6954 6967
f 6959 6942 6941
f 6971 6944 6943
f 6967 6946 6945
f 6971 6943 6947
f 6971 6947 6948
f 6972 6950 6949
f 6973 6952 6951
f 6972 6949 6953
f 6998 6957 7139
f 7114 3209 3192
f 7114 3210 3209
f 7117 3187 3190
f 7115 3189 3211
f 7114 3191 3210
f 7115 3212 3213
f 7124 3214 3199
f 7124 3194 3214
f 7115 3213 3185
f 7131 3200 3197
f 7115 3211 3212
f 7133 3215 3201
f 7133 3216 3215
f 7054 6958 3204
f 7133 3207 3216
f 7138 3203 3217
f 7138 3217 3205
f 7017 7140 7141
f 6967 6954 6946
f 4370 3208 3218
f 7142 7143 6977
f 7142 6977 6976
f 7143 7144 6978
f 7143 6978 6977
f 7145 7146 6980
f 7145 6980 6979
f 7145 7147 6981
f 7145 6981 6979
f 7148 7149 6983
f 7148 6983 6982
f 7147 7150 6985
f 7147 6985 6981
f 7151 7150 6985
f 7151 6985 6984
f 7149 7152 6986
f 7149 6986 6983
f 7151 7152 6986
f 7151 6986 6984
f 7148 7153 6988
f 7148 6988 6982
f 7154 7153 6988
f 7154 6988 6987
f 7154 7155 6989
f 7154 6989 6987
f 4403 7156 6990
f 4403 6990 4348
f 7146 7157 6991
f 7146 6991 6980
f 7156 7157 6991
f 7156 6991 6990
f 7144 7158 6992
f 7144 6992 6978
f 7155 7158 6992
f 7155 6992 6989
f 7142 7159 7000
f 7142 7000 6976
f 7173 7174 7175
f 7177 7178 7176
f 7168 7176 7180
f 7183 7181 7182
f 7175 7183 7171
f 7169 7168 7180
f 7175 7171 7170
f 7175 7170 7173
f 7169 7180 7181
f 7183 7175 7181
f 7169 7181 7174
f 7174 7181 7175
f 7181 7180 7152
f 7179 7171 7143
f 7176 7178 7157
f 7180 7176 7162
f 7182 7181 7163
f 7183 7182 7155
f 7171 7183 7167
f 7152 7149 7181
f 7143 7166 7179
f 7157 7146 7176
f 7162 7150 7180
f 7163 7165 7182
f 7155 7167 7183
f 7167 7160 7171
f 7156 7157 7178
f 7171 7160 7143
f 7176 7146 7161
f 7176 7161 7162
f 7181 7149 7163
f 7180 7150 7164
f 7180 7164 7152
f 7182 7165 7154
f 7182 7154 7155
f 7186 7187 7170
f 7188 7189 7172
f 7170 7187 7193
f 7172 7189 7194
f 7172 7195 7196
f 7170 7193 7184
f 7172 7194 7195
f 7172 7196 7190
f 7168 7169 7197
f 7173 7170 7199
f 7174 7173 7201
f 7176 7168 7203
f 7177 7176 7204
f 7169 7174 7202
f 7170 7184 7208
f 7188 7172 7210
f 7172 7190 7212
f 7184 7185 7214
f 7185 7188 7211
f 7197 7198 7168
f 7199 7200 7173
f 7201 7202 7174
f 7203 7204 7176
f 7204 7205 7177
f 7202 7206 7169
f 7208 7209 7170
f 7210 7211 7188
f 7212 7213 7172
f 7214 7208 7184
f 7211 7214 7185
f 7168 7198 7203
f 7170 7209 7199
f 7173 7200 7201
f 7172 7213 7215
f 7172 7215 7210
f 7169 7206 7197
f 7177 7205 7216
f 7177 7216 7217
f 7177 7217 7218
f 7177 7218 7207
f 7190 7219 7212
f 7170 7171 7220
f 7171 7179 7222
f 7179 7166 7223
f 7186 7170 7221
f 7191 7192 7226
f 7192 7186 7225
f 7220 7221 7170
f 7222 7220 7171
f 7223 7224 7179
f 7221 7225 7186
f 7226 7227 7191
f 7225 7226 7192
f 7179 7228 7222
f 7179 7224 7228
f 7191 7227 7229
f 7191 7229 7230
f 7231 7232 7185
f 7231 7185 7184
f 7233 7234 7187
f 7233 7187 7186
f 7236 7237 7192
f 7236 7192 7191
f 7232 7235 7188
f 7232 7188 7185
f 7234 7238 7193
f 7234 7193 7187
f 7237 7233 7186
f 7237 7186 7192
f 7239 7240 7196
f 7239 7196 7195
f 7238 7231 7184
f 7238 7184 7193
f 7240 7241 7190
f 7240 7190 7196
f 7242 7243 7198
f 7242 7198 7197
f 7244 7245 7200
f 7244 7200 7199
f 7246 7247 7202
f 7246 7202 7201
f 7248 7249 7204
f 7248 7204 7203
f 7249 7250 7205
f 7249 7205 7204
f 7247 7251 7206
f 7247 7206 7202
f 7253 7254 7209
f 7253 7209 7208
f 7256 7257 7213
f 7256 7213 7212
f 7258 7253 7208
f 7258 7208 7214
f 7255 7258 7214
f 7255 7214 7211
f 7243 7248 7203
f 7243 7203 7198
f 7254 7244 7199
f 7254 7199 7209
f 7245 7246 7201
f 7245 7201 7200
f 7257 7259 7215
f 7257 7215 7213
f 7251 7242 7197
f 7251 7197 7206
f 7250 7260 7216
f 7250 7216 7205
f 7260 7261 7217
f 7260 7217 7216
f 7261 7262 7218
f 7261 7218 7217
f 7262 7252 7207
f 7262 7207 7218
f 7241 7263 7219
f 7241 7219 7190
f 7263 7256 7212
f 7263 7212 7219
f 7264 7012 7159
f 7264 7159 7223
f 7265 7266 7221
f 7265 7221 7220
f 7267 7265 7220
f 7267 7220 7222
f 7268 7269 7224
f 7268 7224 7223
f 7266 7270 7225
f 7266 7225 7221
f 7271 7272 7227
f 7271 7227 7226
f 7270 7271 7226
f 7270 7226 7225
f 7273 7267 7222
f 7273 7222 7228
f 7269 7273 7228
f 7269 7228 7224
f 7272 7274 7229
f 7272 7229 7227
f 7274 7275 7230
f 7274 7230 7229
f 7341 7340 7339
f 7341 7339 7343
f 7344 7342 7337
f 7344 7343 7339
f 7341 7343 7345
f 7344 7339 7338
f 7338 7346 7342
f 7347 7342 7346
f 7348 7347 7346
f 7353 7354 7350
f 7351 7353 7352
f 7355 7353 7351
f 7355 7356 7353
f 7362 7356 7363
f 7364 7359 7365
f 7350 7349 7352
f 7350 7352 7353
f 7365 7359 7360
f 7353 7362 7354
f 7356 7362 7353
f 7363 7358 7362
f 7368 7361 7369
f 7361 7338 7369
f 7368 7348 7361
f 7355 7351 7357
f 7357 7351 7358
f 7347 7348 7368
f 7363 7357 7358
f 7368 7342 7347
f 7342 7344 7338
f 7345 7343 7061
f 7346 7338 7063
f 7349 7350 7065
f 7351 7352 7067
f 7352 7349 7069
f 7350 7354 7071
f 7362 7358 7072
f 7358 7351 7074
f 7366 7364 7076
f 7364 7367 7078
f 7367 7345 7062
f 7354 7362 7073
f 7361 7348 7080
f 7348 7346 7082
f 7338 7361 7083
f 7359 7364 7084
f 7364 7366 7086
f 7059 7060 7336
f 7061 7062 7345
f 7063 7064 7346
f 7065 7066 7349
f 7067 7068 7351
f 7069 7070 7352
f 7071 7065 7350
f 7072 7073 7362
f 7074 7075 7358
f 7076 7077 7366
f 7078 7076 7364
f 7062 7078 7367
f 7073 7079 7354
f 7080 7081 7361
f 7082 7080 7348
f 7083 7063 7338
f 7084 7085 7359
f 7086 7084 7364
f 7087 7088 7343
f 7358 7075 7093
f 7358 7093 7072
f 7361 7094 7095
f 7361 7095 7096
f 7354 7079 7097
f 7351 7068 7074
f 7361 7096 7083
f 7346 7064 7082
f 7352 7098 7067
f 7354 7097 7071
f 7366 7077 7099
f 7361 7081 7094
f 7366 7099 7086
f 7343 7088 7061
f 7349 7066 7100
f 7349 7101 7069
f 7359 7085 7102
f 7352 7103 7098
f 7352 7070 7104
f 7349 7100 7105
f 7359 7102 7089
f 7352 7104 7103
f 7349 7105 7101
f 7336 7060 7091
f 7343 7344 7294
f 7344 7337 7276
f 7337 7342 7280
f 7342 7370 7282
f 7087 7343 7293
f 7336 7091 7291
f 7090 7087 7295
f 7092 7090 7287
f 7106 7092 7289
f 7294 7293 7343
f 7276 7294 7344
f 7280 7279 7337
f 7282 7281 7342
f 7293 7295 7087
f 7291 7285 7336
f 7295 7288 7090
f 7287 7290 7092
f 7289 7292 7106
f 7337 7277 7276
f 7337 7279 7278
f 7342 7281 7280
f 7370 7283 7282
f 7336 7285 7284
f 7337 7286 7277
f 7337 7278 7286
f 7090 7288 7287
f 7092 7290 7289
f 7091 7033 7291
f 7106 7292 7034
f 7338 7339 7328
f 7340 7341 7311
f 7339 7340 7322
f 7355 7357 7300
f 7364 7365 7296
f 7367 7364 7309
f 7345 7367 7329
f 7369 7338 7327
f 7356 7355 7302
f 7368 7369 7304
f 7357 7363 7331
f 7363 7356 7308
f 7341 7345 7298
f 7342 7368 7330
f 7370 7342 7332
f 7283 7370 7321
f 7328 7327 7338
f 7311 7317 7340
f 7322 7328 7339
f 7300 7303 7355
f 7296 7310 7364
f 7309 7329 7367
f 7329 7299 7345
f 7327 7305 7369
f 7302 7307 7356
f 7304 7330 7368
f 7331 7315 7357
f 7308 7331 7363
f 7298 7312 7341
f 7330 7332 7342
f 7332 7314 7370
f 7333 7297 7365
f 7321 7334 7283
f 7365 7297 7296
f 7345 7299 7298
f 7357 7301 7300
f 7355 7303 7302
f 7369 7305 7304
f 7356 7307 7306
f 7356 7306 7308
f 7364 7310 7309
f 7341 7312 7311
f 7370 7314 7313
f 7357 7315 7301
f 7340 7317 7316
f 7340 7316 7318
f 7340 7318 7320
f 7370 7313 7321
f 7340 7323 7322
f 7340 7320 7324
f 7340 7324 7325
f 7340 7325 7326
f 7340 7326 7323
f 7336 7335 7267
f 7059 7336 7273
f 7335 7336 7274
f 7336 7284 7275
f 7267 7273 7336
f 7273 7269 7059
f 7274 7272 7335
f 7275 7274 7336
f 7055 7012 7264
f 7335 7266 7265
f 7335 7265 7267
f 7059 7269 7268
f 7335 7270 7266
f 7335 7272 7271
f 7335 7271 7270
f 7178 7177 4613
f 7156 7178 4595
f 7177 7207 4598
f 7207 7252 4600
f 7360 7359 4606
f 7365 7360 4608
f 7359 7089 4609
f 7333 7365 4604
f 7319 7333 4614
f 4613 4594 7178
f 4595 4597 7156
f 4598 4613 7177
f 4600 4599 7207
f 4606 4603 7360
f 4608 4605 7365
f 4609 4607 7359
f 4604 4614 7333
f 4614 4611 7319
f 7178 4594 4593
f 7178 4593 4595
f 7156 4597 4596
f 7207 4599 4598
f 7252 4601 4600
f 7360 4603 4602
f 7365 4605 4604
f 7359 4607 4606
f 7360 4602 4608
f 7089 4349 4609
f 7319 4611 4610
f 7319 4610 4612
f 7372 7371 7035
f 7379 7374 7037
f 7377 7378 7040
f 7373 7372 7042
f 7374 7373 7043
f 7376 7375 7044
f 7375 7377 7045
f 7381 7379 7046
f 7378 7380 7033
f 7035 7036 7372
f 7037 7038 7379
f 7040 7041 7377
f 7042 7043 7373
f 7043 7037 7374
f 7044 7039 7376
f 7045 7044 7375
f 7046 7034 7381
f 7033 7047 7378
f 7372 7036 7042
f 7379 7038 7048
f 7377 7041 7045
f 7378 7047 7040
f 7379 7048 7046
f 7376 7039 3420
f 7035 7371 3422
f 3420 3421 7376
f 3422 3184 7035
f 7371 3423 3422
f 7039 3206 3420
f 7406 7407 7382
f 7382 7414 7393
f 7382 7407 7415
f 7382 7415 7414
f 7382 7393 6915
f 7406 7382 6873
f 7383 7384 6917
f 7385 7386 6881
f 7387 7388 6918
f 7386 7389 6919
f 7390 7391 6885
f 7391 7392 6920
f 7393 7394 6887
f 7394 7395 6889
f 7395 7396 6921
f 7397 7385 6877
f 7398 7399 6895
f 7399 7400 6922
f 7401 7402 6924
f 7403 7401 6897
f 7404 7405 6925
f 7372 7373 6905
f 7373 7374 6926
f 7375 7376 6927
f 7408 7409 6928
f 7410 7411 6929
f 7377 7375 6907
f 7412 7387 6879
f 7388 7413 6931
f 7389 7412 6930
f 7392 7378 6932
f 7416 7383 6875
f 7417 7416 6933
f 7396 7418 6935
f 7418 7417 6934
f 7384 7397 6891
f 7400 7419 6936
f 7371 7372 6903
f 7402 7404 6901
f 7405 7406 6916
f 7374 7379 6937
f 7413 7390 6883
f 7419 7420 6938
f 7420 7408 6909
f 7379 7421 6939
f 7421 7410 6911
f 7409 7422 6940
f 7422 7403 6899
f 7411 7398 6893
f 7378 7377 6913
f 6915 6874 7382
f 6873 6916 7406
f 6917 6876 7383
f 6881 6878 7385
f 6918 6880 7387
f 6919 6882 7386
f 6885 6884 7390
f 6920 6886 7391
f 6887 6915 7393
f 6889 6888 7394
f 6921 6890 7395
f 6877 6892 7397
f 6895 6894 7398
f 6922 6896 7399
f 6924 6898 7401
f 6897 6900 7403
f 6925 6902 7404
f 6905 6904 7372
f 6926 6906 7373
f 6927 6908 7375
f 6928 6910 7408
f 6929 6912 7410
f 6907 6914 7377
f 6879 6930 7412
f 6931 6918 7388
f 6930 6919 7389
f 6932 6920 7392
f 6875 6933 7416
f 6933 6934 7417
f 6935 6921 7396
f 6934 6935 7418
f 6891 6917 7384
f 6936 6922 7400
f 6903 6923 7371
f 6901 6924 7402
f 6916 6925 7405
f 6937 6926 7374
f 6883 6931 7413
f 6938 6936 7419
f 6909 6938 7420
f 6939 6937 7379
f 6911 6939 7421
f 6940 6928 7409
f 6899 6940 7422
f 6893 6929 7411
f 6913 6932 7378
f 7382 6874 6873
f 7383 6876 6875
f 7385 6878 6877
f 7387 6880 6879
f 7386 6882 6881
f 7390 6884 6883
f 7391 6886 6885
f 7394 6888 6887
f 7395 6890 6889
f 7397 6892 6891
f 7398 6894 6893
f 7399 6896 6895
f 7401 6898 6897
f 7403 6900 6899
f 7404 6902 6901
f 7372 6904 6903
f 7373 6906 6905
f 7375 6908 6907
f 7408 6910 6909
f 7410 6912 6911
f 7377 6914 6913
f 7371 6923 3686
f 6927 7376 3687
f 3686 3423 7371
f 3687 3688 6927
f 7376 3421 3687
f 6923 3689 3686
f 7235 7423 7189
f 7235 7189 7188
f 7423 7424 7194
f 7423 7194 7189
f 7424 7239 7195
f 7424 7195 7194
f 7236 7275 7230
f 7236 7230 7191
f 7398 7411 7425
f 7425 7411 7410
f 7398 7425 7276
f 7387 7412 7235
f 7413 7388 7238
f 7412 7389 7424
f 7393 7414 7426
f 7415 7407 7428
f 7414 7415 7430
f 7383 7416 7432
f 7416 7417 7434
f 7418 7396 7436
f 7417 7418 7438
f 7397 7384 7440
f 7419 7400 7278
f 7404 7402 7442
f 7406 7405 7444
f 7390 7413 7233
f 7420 7419 7280
f 7408 7420 7282
f 7422 7409 7446
f 7403 7422 7448
f 7384 7383 7450
f 7386 7385 7240
f 7388 7387 7231
f 7389 7386 7239
f 7391 7390 7236
f 7392 7391 7284
f 7394 7393 7451
f 7395 7394 7452
f 7396 7395 7453
f 7385 7397 7241
f 7399 7398 7277
f 7400 7399 7286
f 7402 7401 7454
f 7401 7403 7455
f 7405 7404 7456
f 7407 7406 7457
f 7409 7408 7458
f 7425 7410 7287
f 7410 7421 7289
f 7380 7392 7291
f 7421 7381 7034
f 7276 7277 7398
f 7235 7232 7387
f 7238 7234 7413
f 7424 7423 7412
f 7426 7427 7393
f 7428 7429 7415
f 7430 7431 7414
f 7432 7433 7383
f 7434 7435 7416
f 7436 7437 7418
f 7438 7439 7417
f 7440 7441 7397
f 7278 7279 7419
f 7442 7443 7404
f 7444 7445 7406
f 7233 7237 7390
f 7280 7281 7420
f 7282 7283 7408
f 7446 7447 7422
f 7448 7449 7403
f 7450 7440 7384
f 7240 7239 7386
f 7231 7238 7388
f 7239 7424 7389
f 7236 7284 7391
f 7284 7285 7392
f 7451 7452 7394
f 7452 7453 7395
f 7453 7436 7396
f 7241 7240 7385
f 7277 7286 7399
f 7286 7278 7400
f 7454 7442 7402
f 7455 7454 7401
f 7456 7444 7405
f 7457 7428 7407
f 7458 7446 7409
f 7287 7288 7425
f 7289 7290 7410
f 7291 7033 7380
f 7034 7292 7421
f 7425 7293 7294
f 7425 7294 7276
f 7387 7232 7231
f 7413 7234 7233
f 7412 7423 7235
f 7393 7427 7451
f 7415 7429 7430
f 7414 7431 7426
f 7383 7433 7450
f 7416 7435 7432
f 7418 7437 7438
f 7417 7439 7434
f 7397 7441 7241
f 7419 7279 7280
f 7404 7443 7456
f 7406 7445 7457
f 7390 7237 7236
f 7420 7281 7282
f 7408 7283 7458
f 7422 7447 7448
f 7403 7449 7455
f 7425 7295 7293
f 7392 7285 7291
f 7425 7288 7295
f 7410 7290 7287
f 7421 7292 7289
f 7459 7255 7211
f 7459 7211 7210
f 7259 7459 7210
f 7259 7210 7215
f 7462 7463 7464
f 7465 7466 7467
f 7468 7462 7464
f 7465 7462 7469
f 7470 7471 7472
f 7469 7466 7465
f 7462 7465 7463
f 7475 7476 7477
f 7478 7479 7480
f 7478 7480 7481
f 7470 7482 7481
f 7479 7478 7484
f 7480 7470 7481
f 7485 7486 7469
f 7486 7466 7469
f 7485 7487 7488
f 7480 7479 7489
f 7479 7490 7489
f 7491 7476 7492
f 7492 7476 7493
f 7488 7486 7485
f 7488 7494 7486
f 7487 7495 7476
f 7496 7488 7487
f 7484 7499 7479
f 7498 7494 7488
f 7483 7500 7501
f 7470 7472 7499
f 7502 7485 7469
f 7487 7502 7495
f 7503 7492 7493
f 7487 7485 7502
f 7502 7493 7495
f 7476 7495 7493
f 7502 7468 7503
f 7502 7503 7493
f 7504 7505 7476
f 7483 7473 7506
f 7502 7462 7468
f 7474 7475 7477
f 7504 7476 7475
f 7487 7476 7505
f 7462 7502 7469
f 7505 7497 7496
f 7496 7487 7505
f 7507 7508 7463
f 7506 7500 7483
f 7465 7507 7463
f 7501 7509 7460
f 7490 7479 7510
f 7465 7511 7507
f 7467 7511 7465
f 7507 7511 7512
f 7471 7489 7513
f 7471 7513 7514
f 7513 7489 7510
f 7490 7510 7489
f 7471 7480 7489
f 7480 7471 7470
f 7499 7472 7516
f 7517 7516 7472
f 7517 7472 7471
f 7516 7510 7499
f 7479 7499 7510
f 7518 7515 7520
f 7514 7517 7471
f 7500 7506 7474
f 7464 7521 7468
f 7503 7468 7521
f 7503 7521 7492
f 7522 7521 7523
f 7525 7482 7526
f 7527 7528 7529
f 7477 7500 7474
f 7530 7521 7464
f 7531 7525 7532
f 7477 7476 7491
f 7532 7529 7531
f 7464 7533 7530
f 7491 7509 7500
f 7463 7533 7464
f 7526 7482 7536
f 7535 7536 7534
f 7536 7484 7534
f 7526 7536 7535
f 7528 7534 7529
f 7522 7523 7509
f 7531 7529 7478
f 7460 7509 7523
f 7531 7482 7525
f 7521 7530 7523
f 7478 7529 7484
f 7534 7484 7529
f 7533 7539 7540
f 7526 7538 7525
f 7525 7538 7537
f 7540 7539 7541
f 7537 7527 7525
f 7539 7533 7463
f 7491 7522 7509
f 7492 7522 7491
f 7482 7531 7481
f 7478 7481 7531
f 7532 7527 7529
f 7524 7523 7530
f 7461 7460 7523
f 7500 7477 7491
f 7523 7524 7461
f 7521 7522 7492
f 7533 7524 7530
f 7533 7540 7524
f 7527 7532 7525
f 7509 7501 7500
f 7536 7499 7484
f 7536 7470 7499
f 7482 7470 7536
f 7496 7497 7451
f 7498 7488 7430
f 7488 7496 7426
f 7475 7474 7450
f 7504 7475 7432
f 7497 7505 7438
f 7505 7504 7434
f 7519 7498 7457
f 7520 7515 7448
f 7451 7427 7496
f 7430 7429 7498
f 7426 7431 7488
f 7450 7433 7475
f 7432 7435 7504
f 7438 7437 7497
f 7434 7439 7505
f 7457 7445 7519
f 7448 7447 7520
f 7455 7449 7515
f 7496 7427 7426
f 7498 7429 7428
f 7488 7431 7430
f 7475 7433 7432
f 7504 7435 7434
f 7497 7437 7436
f 7505 7439 7438
f 7474 7441 7440
f 7519 7445 7444
f 7520 7447 7446
f 7515 7449 7448
f 7474 7440 7450
f 7497 7452 7451
f 7497 7453 7452
f 7497 7436 7453
f 7519 7444 7456
f 7498 7428 7457
f 7520 7446 7458
f 7460 7461 7248
f 7473 7483 7244
f 7483 7501 7246
f 7474 7506 7259
f 7506 7473 7459
f 7501 7460 7242
f 7511 7467 7296
f 7466 7486 7298
f 7510 7516 7300
f 7516 7517 7302
f 7515 7518 7304
f 7517 7514 7306
f 7514 7513 7308
f 7467 7466 7309
f 7486 7494 7311
f 7518 7520 7313
f 7513 7510 7301
f 7494 7498 7316
f 7498 7519 7318
f 7461 7524 7260
f 7524 7540 7261
f 7512 7511 7319
f 7519 7456 7320
f 7520 7458 7321
f 7455 7515 7322
f 7441 7474 7256
f 7456 7443 7324
f 7443 7442 7325
f 7442 7454 7326
f 7454 7455 7323
f 7248 7243 7460
f 7244 7254 7473
f 7246 7245 7483
f 7259 7257 7474
f 7459 7259 7506
f 7242 7251 7501
f 7296 7297 7511
f 7298 7299 7466
f 7300 7301 7510
f 7302 7303 7516
f 7304 7305 7515
f 7306 7307 7517
f 7308 7306 7514
f 7309 7310 7467
f 7311 7312 7486
f 7313 7314 7518
f 7301 7315 7513
f 7316 7317 7494
f 7318 7316 7498
f 7260 7250 7461
f 7261 7260 7524
f 7262 7261 7540
f 7320 7318 7519
f 7321 7313 7520
f 7322 7323 7455
f 7256 7263 7441
f 7324 7320 7456
f 7325 7324 7443
f 7326 7325 7442
f 7323 7326 7454
f 7460 7243 7242
f 7483 7245 7244
f 7501 7247 7246
f 7461 7249 7248
f 7461 7250 7249
f 7501 7251 7247
f 7515 7327 7328
f 7494 7317 7311
f 7515 7328 7322
f 7516 7303 7300
f 7467 7310 7296
f 7466 7329 7309
f 7466 7299 7329
f 7515 7305 7327
f 7517 7307 7302
f 7518 7330 7304
f 7513 7315 7331
f 7513 7331 7308
f 7486 7312 7298
f 7518 7332 7330
f 7518 7314 7332
f 7511 7297 7333
f 7511 7333 7319
f 7473 7254 7253
f 7473 7255 7459
f 7474 7257 7256
f 7473 7253 7258
f 7458 7334 7321
f 7473 7258 7255
f 7539 7463 6628
f 7463 7508 6590
f 7541 7539 6588
f 7507 7512 6617
f 7508 7507 6594
f 7534 7528 6621
f 7535 7534 6623
f 7537 7538 6620
f 7527 7537 6619
f 7528 7527 6604
f 7540 7541 6624
f 7538 7526 6612
f 7526 7535 6622
f 7262 7540 6608
f 7512 7319 4612
f 7252 7262 6629
f 6628 6589 7539
f 6590 6628 7463
f 6588 6593 7541
f 6617 6595 7507
f 6594 6597 7508
f 6621 6599 7534
f 6623 6601 7535
f 6620 6603 7537
f 6619 6605 7527
f 6604 6607 7528
f 6624 6609 7540
f 6612 6611 7538
f 6622 6613 7526
f 6608 6629 7262
f 4612 6625 7512
f 6629 6627 7252
f 7539 6589 6588
f 7508 6591 6590
f 7541 6593 6592
f 7507 6595 6594
f 7508 6597 6596
f 7534 6599 6598
f 7535 6601 6600
f 7537 6603 6602
f 7527 6605 6604
f 7528 6607 6606
f 7540 6609 6608
f 7538 6611 6610
f 7526 6613 6612
f 7541 6592 6614
f 7512 6616 6615
f 7512 6615 6617
f 7535 6600 6618
f 7537 6602 6619
f 7538 6610 6620
f 7528 6606 6621
f 7535 6618 6622
f 7534 6598 6623
f 7541 6614 6624
f 7508 6596 6591
f 7512 6625 6616
f 7252 6627 6626
f 7252 6626 4601
f 4112 4109 4061
f 4112 4061 4065
f 7542 4117 4069
f 7542 4069 4070
f 7542 4132 4085
f 7542 4085 4070
f 7543 6724 6723
f 7543 6725 6724
f 7543 6726 6725
f 7543 6727 6726
f 7543 6723 6727
f 7546 7544 4170
f 7544 7546 7542
f 7544 6728 4173
f 6728 7544 4175
f 4170 4171 7546
f 7542 4172 7544
f 4173 4174 7544
f 4175 4176 6728
f 7545 4110 4109
f 7546 4171 4115
f 7544 4174 4177
f 7544 4177 4170
f 7545 4111 4110
f 7545 4109 4112
f 7545 4113 4111
f 7545 4112 4113
f 7546 4115 4114
f 7544 4172 4178
f 6728 4179 4173
f 7546 4114 4116
f 7544 4178 4175
f 7546 4116 4117
f 7546 4117 7542
f 7547 7548 1761
f 7547 1761 1760
f 7549 7550 1763
f 7549 1763 1762
f 7551 7552 1765
f 7551 1765 1764
f 7550 7553 1766
f 7550 1766 1763
f 7554 7551 1764
f 7554 1764 1767
f 7555 7554 1767
f 7555 1767 1768
f 7556 7557 1770
f 7556 1770 1769
f 7558 7556 1769
f 7558 1769 1771
f 7557 7559 1772
f 7557 1772 1770
f 7559 7549 1762
f 7559 1762 1772
f 7552 7560 1773
f 7552 1773 1765
f 7560 7547 1760
f 7560 1760 1773
f 7553 7555 1768
f 7553 1768 1766
f 7561 7558 1771
f 7561 1771 1259
f 7562 7563 2573
f 7562 2573 2572
f 7564 7565 2575
f 7564 2575 2574
f 7567 7564 2574
f 7567 2574 2577
f 7568 7569 2579
f 7568 2579 2578
f 7570 7568 2578
f 7570 2578 2580
f 7571 7567 2577
f 7571 2577 2582
f 7565 7566 2576
f 7565 2576 2575
f 7569 7562 2572
f 7569 2572 2579
f 7563 7571 2582
f 7563 2582 2573
f 7572 7570 2580
f 7572 2580 2581
f 7573 7577 7574
f 7578 7575 7579
f 7580 7578 7579
f 7582 7581 7584
f 7585 7582 7584
f 7573 7575 7578
f 7581 7573 7584
f 7586 7585 7583
f 7584 7573 7578
f 7587 7583 7585
f 7586 7582 7585
f 7578 7587 7584
f 7587 7585 7584
f 7588 7587 7578
f 7588 7578 7589
f 7578 7580 7589
f 7589 7580 7590
f 7575 7576 7591
f 7588 7589 7595
f 7579 7575 7592
f 7590 7580 7600
f 7580 7579 7602
f 7589 7590 7603
f 7591 7592 7575
f 7595 7596 7588
f 7592 7597 7579
f 7600 7601 7590
f 7602 7600 7580
f 7603 7595 7589
f 7576 7604 7591
f 7576 7605 7604
f 7576 7593 7605
f 7590 7601 7607
f 7590 7607 7608
f 7579 7597 7609
f 7579 7609 7602
f 7590 7608 7603
f 7583 7587 7610
f 7587 7588 7612
f 7586 7583 7614
f 7588 7596 7615
f 7596 7594 7616
f 7598 7599 7617
f 7606 7598 7619
f 7610 7611 7583
f 7612 7610 7587
f 7614 7613 7586
f 7615 7612 7588
f 7616 7615 7596
f 7617 7618 7598
f 7619 7620 7606
f 7583 7621 7614
f 7583 7611 7621
f 7594 7622 7616
f 7598 7618 7619
f 7594 7623 7622
f 7599 7623 7617
f 7606 7620 7623
f 7624 7625 7592
f 7624 7592 7591
f 7627 7628 7596
f 7627 7596 7595
f 7625 7629 7597
f 7625 7597 7592
f 7628 7630 7594
f 7628 7594 7596
f 7631 7632 7599
f 7631 7599 7598
f 7633 7634 7601
f 7633 7601 7600
f 7635 7633 7600
f 7635 7600 7602
f 7636 7627 7595
f 7636 7595 7603
f 7637 7624 7591
f 7637 7591 7604
f 7638 7637 7604
f 7638 7604 7605
f 7626 7638 7605
f 7626 7605 7593
f 7634 7640 7607
f 7634 7607 7601
f 7640 7641 7608
f 7640 7608 7607
f 7629 7642 7609
f 7629 7609 7597
f 7642 7635 7602
f 7642 7602 7609
f 7641 7636 7603
f 7641 7603 7608
f 7643 7644 7611
f 7643 7611 7610
f 7645 7643 7610
f 7645 7610 7612
f 7647 7646 7613
f 7647 7613 7614
f 7648 7645 7612
f 7648 7612 7615
f 7649 7648 7615
f 7649 7615 7616
f 7650 7651 7618
f 7650 7618 7617
f 7653 7647 7614
f 7653 7614 7621
f 7644 7653 7621
f 7644 7621 7611
f 7654 7649 7616
f 7654 7616 7622
f 7651 7652 7619
f 7651 7619 7618
f 7630 7655 7623
f 7630 7623 7594
f 7655 7654 7622
f 7655 7622 7623
f 7632 7656 7623
f 7632 7623 7599
f 7656 7650 7617
f 7656 7617 7623
f 7639 7657 7623
f 7639 7623 7606
f 7573 7574 7567
f 7574 7577 7566
f 7576 7575 7562
f 7575 7573 7571
f 7593 7576 7570
f 7626 7593 7658
f 7567 7571 7573
f 7566 7565 7574
f 7562 7569 7576
f 7571 7563 7575
f 7570 7572 7593
f 7658 2583 7626
f 7575 7563 7562
f 7574 7565 7564
f 7574 7564 7567
f 7576 7569 7568
f 7576 7568 7570
f 7593 7572 7658
f 2576 7566 7659
f 7577 7573 7559
f 7573 7581 7549
f 7582 7586 7560
f 7586 7613 7547
f 7613 7646 7660
f 7581 7582 7555
f 7566 7577 7558
f 7659 1240 2576
f 7559 7557 7577
f 7549 7559 7573
f 7560 7552 7582
f 7547 7560 7586
f 7660 7548 7613
f 7555 7553 7581
f 7558 7561 7566
f 7566 7561 7659
f 7613 7548 7547
f 7646 1774 7660
f 7581 7550 7549
f 7582 7552 7551
f 7581 7553 7550
f 7582 7551 7554
f 7582 7554 7555
f 7577 7557 7556
f 7577 7556 7558
f 2780 7661 2736
f 7661 2934 2737
f 7661 2737 2736
f 7639 7631 7598
f 7639 7598 7606
f 7671 7672 7673
f 7674 7671 7675
f 7676 7674 7675
f 7679 7680 7670
f 7679 7678 7681
f 7670 7678 7679
f 7674 7682 7671
f 7672 7671 7682
f 7680 7677 7672
f 7672 7682 7680
f 7682 7674 7684
f 7675 7671 7685
f 7671 7673 7685
f 7686 7682 7684
f 7687 7683 7681
f 7679 7677 7680
f 7681 7683 7677
f 7679 7681 7677
f 7680 7682 7686
f 7670 7680 7686
f 7665 7688 7662
f 7689 7665 7664
f 7692 7693 7694
f 7695 7690 7696
f 7696 7690 7691
f 7697 7698 7699
f 7676 7675 7700
f 7700 7701 7676
f 7665 7689 7692
f 7702 7699 7703
f 7704 7694 7693
f 7703 7692 7694
f 7705 7706 7707
f 7702 7697 7699
f 7710 7701 7700
f 7710 7700 7695
f 7688 7699 7709
f 7688 7709 7708
f 7692 7688 7665
f 7708 7713 7688
f 7714 7715 7702
f 7712 7715 7711
f 7696 7691 7715
f 7705 7716 7706
f 7713 7663 7662
f 7681 7678 7717
f 7717 7687 7681
f 7688 7713 7662
f 7702 7712 7697
f 7711 7715 7691
f 7702 7715 7712
f 7720 7721 7722
f 7705 7707 7723
f 7698 7667 7699
f 7724 7720 7722
f 7699 7688 7692
f 7692 7703 7699
f 7696 7715 7714
f 7721 7720 7725
f 7717 7707 7687
f 7703 7714 7702
f 7726 7687 7707
f 7727 7725 7720
f 7710 7704 7701
f 7698 7712 7667
f 7697 7712 7698
f 7723 7707 7717
f 7703 7694 7710
f 7710 7694 7704
f 7714 7703 7710
f 7710 7695 7696
f 7710 7696 7714
f 7666 7690 7685
f 7685 7695 7700
f 7675 7685 7700
f 7720 7724 7727
f 7685 7690 7695
f 7727 7724 7728
f 7729 7718 7719
f 7722 7729 7719
f 7716 7705 7729
f 7718 7729 7705
f 7716 7726 7706
f 7726 7707 7706
f 7722 7721 7729
f 7730 7731 7732
f 7730 7733 7731
f 7727 7728 7734
f 7728 7733 7734
f 7737 7738 7735
f 7736 7737 7735
f 7731 7738 7739
f 7733 7730 7734
f 7743 7746 7745
f 7742 7741 7737
f 7731 7739 7732
f 7742 7737 7736
f 7743 7742 7736
f 7743 7745 7742
f 7738 7740 7739
f 7737 7740 7738
f 7747 7746 7748
f 7737 7741 7740
f 7749 7750 7747
f 7735 7738 7731
f 7744 7746 7743
f 7753 7749 7747
f 7751 7753 7747
f 7746 7744 7748
f 7751 7747 7752
f 7750 7746 7747
f 7662 7663 7624
f 7672 7677 7754
f 7677 7683 7755
f 7673 7672 7631
f 7685 7673 7639
f 7666 7685 7756
f 7691 7690 7758
f 7708 7709 7640
f 7709 7699 7641
f 7683 7687 7760
f 7712 7711 7762
f 7711 7691 7764
f 7667 7712 7766
f 7663 7713 7642
f 7713 7708 7635
f 7699 7667 7636
f 7721 7725 7768
f 7687 7726 7770
f 7690 7666 7772
f 7716 7729 7773
f 7726 7716 7775
f 7669 7668 7776
f 7668 7669 7778
f 7729 7721 7780
f 7725 7727 7781
f 7739 7740 7783
f 7741 7742 7785
f 7727 7734 7787
f 7734 7730 7788
f 7730 7732 7789
f 7732 7739 7790
f 7740 7741 7792
f 7742 7745 7793
f 7745 7746 7795
f 7749 7753 7797
f 7746 7750 7799
f 7750 7749 7800
f 7624 7637 7662
f 7754 7632 7672
f 7755 7754 7677
f 7631 7639 7673
f 7639 7756 7685
f 7756 7757 7666
f 7758 7759 7691
f 7640 7634 7708
f 7641 7640 7709
f 7760 7761 7683
f 7762 7763 7712
f 7764 7765 7711
f 7766 7767 7667
f 7642 7629 7663
f 7635 7642 7713
f 7636 7641 7699
f 7768 7769 7721
f 7770 7771 7687
f 7772 7758 7690
f 7773 7774 7716
f 7775 7770 7726
f 7776 7777 7669
f 7778 7779 7668
f 7780 7773 7729
f 7781 7782 7725
f 7783 7784 7739
f 7785 7786 7741
f 7787 7781 7727
f 7788 7787 7734
f 7789 7788 7730
f 7790 7791 7732
f 7792 7783 7740
f 7793 7794 7742
f 7795 7796 7745
f 7797 7798 7749
f 7799 7795 7746
f 7800 7801 7750
f 7663 7625 7624
f 7666 7757 7802
f 7666 7802 7803
f 7666 7803 7772
f 7667 7767 7630
f 7667 7628 7627
f 7663 7629 7625
f 7667 7630 7628
f 7668 7804 7805
f 7668 7779 7804
f 7669 7806 7778
f 7672 7632 7631
f 7683 7761 7755
f 7691 7759 7764
f 7708 7634 7633
f 7708 7633 7635
f 7687 7807 7760
f 7712 7763 7766
f 7667 7627 7636
f 7711 7765 7762
f 7687 7771 7807
f 7721 7769 7808
f 7716 7809 7810
f 7716 7774 7809
f 7668 7805 7811
f 7668 7811 7812
f 7668 7812 7776
f 7716 7810 7775
f 7669 7777 7806
f 7721 7808 7780
f 7732 7791 7813
f 7725 7782 7768
f 7739 7784 7814
f 7741 7786 7792
f 7732 7813 7789
f 7742 7794 7785
f 7745 7796 7793
f 7739 7814 7790
f 7750 7815 7799
f 7753 7816 7797
f 7753 7817 7816
f 7750 7801 7815
f 7749 7798 7800
f 7674 7676 6502
f 7678 7670 6495
f 7684 7674 6496
f 7686 7684 6499
f 7670 7686 6542
f 7689 7664 6463
f 7693 7692 6543
f 7692 7689 6506
f 7701 7704 6545
f 7676 7701 6544
f 7704 7693 6508
f 7718 7705 6547
f 7723 7717 6548
f 7719 7718 6546
f 7717 7678 6493
f 7724 7722 6550
f 7722 7719 6514
f 7705 7723 6509
f 7728 7724 6549
f 7736 7735 6517
f 7731 7733 6552
f 7743 7736 6551
f 7733 7728 6519
f 7744 7743 6553
f 7751 7752 6529
f 7752 7747 6555
f 7747 7748 6524
f 7735 7731 6522
f 7748 7744 6528
f 6502 6492 7674
f 6495 6494 7678
f 6496 6498 7684
f 6499 6542 7686
f 6542 6490 7670
f 6463 6507 7689
f 6543 6501 7693
f 6506 6543 7692
f 6545 6544 7701
f 6544 6503 7676
f 6508 6545 7704
f 6547 6546 7718
f 6548 6511 7723
f 6546 6505 7719
f 6493 6548 7717
f 6550 6549 7724
f 6514 6550 7722
f 6509 6547 7705
f 6549 6513 7728
f 6517 6551 7736
f 6552 6523 7731
f 6551 6553 7743
f 6519 6552 7733
f 6553 6521 7744
f 6529 6554 7751
f 6555 6527 7752
f 6524 6555 7747
f 6522 6516 7735
f 6528 6525 7748
f 7664 6462 6463
f 7670 6490 6489
f 7674 6492 6491
f 7678 6494 6493
f 7670 6489 6495
f 7674 6491 6496
f 7684 6498 6497
f 7684 6497 6499
f 7693 6501 6500
f 7676 6503 6502
f 7719 6505 6504
f 7689 6507 6506
f 7693 6500 6508
f 7723 6510 6509
f 7723 6511 6510
f 7728 6513 6512
f 7719 6504 6514
f 7735 6516 6515
f 7735 6515 6517
f 7728 6512 6518
f 7728 6518 6519
f 7744 6521 6520
f 7731 6523 6522
f 7748 6525 6524
f 7752 6527 6526
f 7744 6520 6528
f 7752 6526 6529
f 7664 7665 2783
f 7665 7662 2776
f 7662 7637 2784
f 7637 7638 2780
f 7638 7626 2934
f 6462 7664 2782
f 2783 2779 7664
f 2776 2783 7665
f 2784 2777 7662
f 2780 2784 7637
f 2934 7661 7638
f 2782 2785 6462
f 7662 2777 2776
f 7664 2779 2778
f 7638 7661 2780
f 7626 2583 2934
f 7664 2778 2781
f 7664 2781 2782
f 7818 7819 1786
f 7818 1786 1785
f 1814 7820 1791
f 1814 1791 1790
f 7821 1822 1800
f 7821 1800 1799
f 7822 7821 1799
f 7822 1799 1804
f 7819 7822 1804
f 7819 1804 1786
f 7820 7818 1785
f 7820 1785 1791
f 7652 7823 7620
f 7652 7620 7619
f 7823 7657 7623
f 7823 7623 7620
f 7824 7825 7826
f 7830 7831 7832
f 7832 7834 7835
f 7834 7827 7836
f 7837 7838 7834
f 7837 7834 7836
f 7824 7832 7833
f 7824 7826 7832
f 7834 7832 7825
f 7825 7832 7826
f 7843 7840 7839
f 7825 7827 7834
f 7845 7843 7846
f 7843 7842 7846
f 7844 7847 7848
f 7849 7850 7846
f 7835 7830 7832
f 7830 7835 7848
f 7838 7848 7835
f 7851 7848 7838
f 7844 7852 7853
f 7852 7844 7848
f 7849 7846 7842
f 7854 7855 7856
f 7841 7849 7842
f 7838 7835 7834
f 7859 7858 7862
f 7824 7828 7825
f 7863 7864 7865
f 7866 7828 7833
f 7867 7864 7863
f 7868 7869 7864
f 7870 7858 7857
f 7871 7858 7870
f 7848 7851 7852
f 7865 7856 7855
f 7872 7873 7874
f 7874 7856 7865
f 7871 7870 7875
f 7874 7865 7872
f 7864 7869 7876
f 7852 7851 7877
f 7848 7847 7830
f 7872 7864 7876
f 7878 7877 7851
f 7867 7863 7862
f 7868 7864 7867
f 7877 7853 7852
f 7879 7861 7856
f 7865 7855 7863
f 7878 7869 7880
f 7880 7877 7878
f 7877 7857 7853
f 7880 7881 7877
f 7881 7870 7877
f 7870 7857 7877
f 7882 7845 7850
f 7883 7884 7874
f 7873 7883 7874
f 7874 7884 7856
f 7846 7850 7845
f 7885 7829 7828
f 7864 7872 7865
f 7871 7862 7858
f 7871 7867 7862
f 7867 7871 7875
f 7828 7866 7886
f 7886 7885 7828
f 7887 7866 7833
f 7828 7824 7833
f 7887 7888 7866
f 7840 7888 7887
f 7845 7888 7840
f 7882 7888 7845
f 7845 7840 7843
f 7866 7888 7882
f 7866 7882 7886
f 7850 7885 7886
f 7850 7886 7882
f 7849 7885 7850
f 7890 7891 7892
f 7860 7861 7879
f 7893 7860 7879
f 7894 7890 7895
f 7891 7890 7894
f 7891 7894 7896
f 7896 7894 7897
f 7896 7898 7891
f 7897 7894 7899
f 7900 7896 7901
f 7879 7856 7884
f 7883 7879 7884
f 7895 7893 7879
f 7883 7895 7879
f 7901 7896 7897
f 7903 7883 7873
f 7905 7904 7906
f 7894 7883 7899
f 7907 7902 7892
f 7908 7906 7909
f 7910 7909 7911
f 7909 7902 7907
f 7894 7895 7883
f 7898 7907 7891
f 7908 7909 7910
f 7900 7898 7896
f 7899 7883 7903
f 7912 7908 7910
f 7898 7900 7913
f 7895 7889 7893
f 7911 7907 7898
f 7890 7889 7895
f 7910 7914 7912
f 7913 7911 7898
f 7907 7911 7909
f 7915 7913 7900
f 7911 7913 7910
f 7913 7915 7910
f 7905 7906 7908
f 7891 7907 7892
f 7912 7905 7908
f 7912 7916 7905
f 7918 7912 7914
f 7918 7919 7912
f 7920 7921 7922
f 7921 7920 7923
f 7919 7922 7924
f 7919 7917 7916
f 7919 7916 7912
f 7917 7919 7924
f 7922 7919 7918
f 7918 7920 7922
f 7925 7917 7924
f 7921 7924 7922
f 7926 7924 7921
f 7925 7924 7926
f 7915 7914 7910
f 7918 7914 7927
f 7827 7825 7802
f 7825 7828 7803
f 7828 7829 7772
f 7870 7881 7805
f 7875 7870 7804
f 7867 7875 7778
f 7837 7836 7755
f 7829 7885 7764
f 7838 7837 7760
f 7849 7841 7766
f 7885 7849 7762
f 7851 7838 7807
f 7873 7872 7808
f 7869 7878 7810
f 7876 7869 7809
f 7881 7880 7811
f 7880 7869 7812
f 7869 7868 7776
f 7878 7851 7775
f 7868 7867 7806
f 7872 7876 7780
f 7897 7899 7813
f 7903 7873 7768
f 7900 7901 7814
f 7915 7900 7792
f 7899 7903 7789
f 7914 7915 7785
f 7927 7914 7793
f 7901 7897 7790
f 7918 7927 7799
f 7921 7923 7797
f 7926 7921 7816
f 7920 7918 7815
f 7923 7920 7800
f 7802 7757 7827
f 7803 7802 7825
f 7772 7803 7828
f 7805 7804 7870
f 7804 7779 7875
f 7778 7806 7867
f 7755 7761 7837
f 7764 7759 7829
f 7760 7807 7838
f 7766 7763 7849
f 7762 7765 7885
f 7807 7771 7851
f 7808 7769 7873
f 7810 7809 7869
f 7809 7774 7876
f 7811 7805 7881
f 7812 7811 7880
f 7776 7812 7869
f 7775 7810 7878
f 7806 7777 7868
f 7780 7808 7872
f 7813 7791 7897
f 7768 7782 7903
f 7814 7784 7900
f 7792 7786 7915
f 7789 7813 7899
f 7785 7794 7914
f 7793 7796 7927
f 7790 7814 7901
f 7799 7815 7918
f 7797 7816 7921
f 7816 7817 7926
f 7815 7801 7920
f 7800 7798 7923
f 7836 7754 7755
f 7827 7757 7756
f 7829 7759 7758
f 7837 7761 7760
f 7849 7763 7762
f 7885 7765 7764
f 7841 7767 7766
f 7873 7769 7768
f 7851 7771 7770
f 7829 7758 7772
f 7876 7774 7773
f 7851 7770 7775
f 7868 7777 7776
f 7875 7779 7778
f 7876 7773 7780
f 7903 7782 7781
f 7900 7784 7783
f 7915 7786 7785
f 7903 7781 7787
f 7903 7787 7788
f 7903 7788 7789
f 7897 7791 7790
f 7900 7783 7792
f 7914 7794 7793
f 7927 7796 7795
f 7923 7798 7797
f 7927 7795 7799
f 7920 7801 7800
f 7843 7839 7647
f 7842 7843 7653
f 7841 7842 7649
f 7836 7827 7652
f 7767 7841 7654
f 7754 7836 7650
f 7827 7756 7657
f 7647 7653 7843
f 7653 7644 7842
f 7649 7654 7841
f 7652 7651 7836
f 7654 7655 7767
f 7650 7656 7754
f 7657 7823 7827
f 7842 7644 7643
f 7842 7643 7645
f 7839 7646 7647
f 7842 7645 7648
f 7842 7648 7649
f 7836 7651 7650
f 7827 7823 7652
f 7832 7831 7821
f 7833 7832 7822
f 7839 7840 1815
f 7844 7853 1826
f 7854 7856 7928
f 7856 7861 7930
f 7861 7860 7931
f 7862 7863 7932
f 7859 7862 7934
f 7831 7830 1827
f 7853 7857 7936
f 7830 7847 1812
f 7863 7855 7938
f 7847 7844 1810
f 7887 7833 7818
f 7840 7887 1814
f 7889 7890 7939
f 7890 7892 7941
f 7860 7893 7942
f 7904 7905 7944
f 7902 7909 7946
f 7893 7889 7948
f 7909 7906 7949
f 7916 7917 7950
f 7892 7902 7952
f 7906 7904 7954
f 7917 7925 7955
f 7905 7916 7957
f 7646 7839 1818
f 7857 7858 7958
f 7858 7859 7960
f 7855 7854 7962
f 7821 7822 7832
f 7822 7819 7833
f 1815 1821 7839
f 1826 1811 7844
f 7928 7929 7854
f 7930 7928 7856
f 7931 7930 7861
f 7932 7933 7862
f 7934 7935 7859
f 1827 1824 7831
f 7936 7937 7853
f 1812 1827 7830
f 7938 7932 7863
f 1810 1813 7847
f 7818 7820 7887
f 1814 1817 7840
f 7939 7940 7889
f 7941 7939 7890
f 7942 7943 7860
f 7944 7945 7904
f 7946 7947 7902
f 7948 7942 7893
f 7949 7946 7909
f 7950 7951 7916
f 7952 7953 7892
f 7954 7949 7906
f 7955 7956 7917
f 7957 7944 7905
f 1818 1774 7646
f 7958 7959 7857
f 7960 7961 7858
f 7962 7963 7855
f 7844 1811 1810
f 7833 7819 7818
f 7862 7933 7934
f 7847 1813 1812
f 7853 7937 1826
f 7887 7820 1814
f 7840 1816 1815
f 7840 1817 1816
f 7916 7951 7957
f 7892 7953 7941
f 7917 7964 7950
f 7917 7956 7964
f 7839 1819 1818
f 7839 1821 1820
f 7831 1822 7821
f 7854 7929 7965
f 7860 7966 7931
f 7831 1824 1823
f 7857 7967 7936
f 7855 7968 7938
f 7859 7935 7969
f 7902 7970 7952
f 7902 7947 7971
f 7889 7972 7948
f 7860 7943 7973
f 7889 7940 7974
f 7904 7945 7975
f 7904 7976 7954
f 7925 7977 7955
f 7839 1825 1819
f 7839 1820 1825
f 7857 7959 7978
f 7854 7965 7979
f 7831 1823 1822
f 7858 7961 7958
f 7855 7963 7968
f 7859 7969 7980
f 7902 7971 7970
f 7860 7973 7966
f 7889 7974 7981
f 7904 7975 7976
f 7857 7978 7967
f 7859 7980 7960
f 7854 7982 7962
f 7854 7979 7982
f 7889 7981 7972
f 7988 7989 7990
f 7999 7984 8000
f 7983 7984 7999
f 7993 7983 7999
f 8001 7993 7999
f 7993 8001 8002
f 8006 8004 8005
f 8006 8007 8004
f 7987 8008 7986
f 8008 8010 8011
f 7986 8013 7985
f 8008 8011 8013
f 8011 8014 8013
f 8015 7994 8016
f 8017 8018 8019
f 8010 8020 8011
f 7986 8008 8013
f 8022 8019 8018
f 8007 8021 7998
f 8007 8023 8021
f 8021 8024 7988
f 8026 7990 7989
f 8027 7989 8028
f 8022 8010 8019
f 8029 8019 8010
f 8030 8008 7987
f 8029 8008 8030
f 8008 8029 8010
f 8002 8001 8009
f 8028 8021 8023
f 8027 8028 8025
f 8030 7987 7992
f 8021 8028 8024
f 8026 7989 8027
f 7989 8024 8028
f 8029 8030 8019
f 8005 7993 8002
f 8026 7991 7990
f 8023 8025 8028
f 8005 8002 8006
f 7989 7988 8024
f 8007 8025 8023
f 8026 8027 8031
f 8026 8032 7991
f 8017 8030 7992
f 8030 8017 8019
f 8032 8026 8031
f 8031 8018 8032
f 8022 8018 8031
f 8016 7996 8033
f 8033 8012 8016
f 8017 7992 8018
f 7998 8004 8007
f 8016 7994 7996
f 8001 7999 8009
f 8034 7995 8013
f 7996 7995 8034
f 8033 7996 8034
f 7995 7985 8013
f 8034 8013 8014
f 7997 8015 8035
f 7984 7983 8036
f 7986 7985 8038
f 7987 7986 8039
f 7992 7987 8041
f 7983 7993 8043
f 7985 7995 8044
f 7995 7996 8046
f 7996 7994 8048
f 7988 7990 8050
f 7990 7991 8052
f 8003 8000 8053
f 8000 7984 8055
f 8005 8004 8057
f 7994 8015 8059
f 7998 8021 8061
f 8021 7988 8063
f 7993 8005 8058
f 7991 8032 8065
f 8032 8018 8067
f 8018 7992 8069
f 8004 7998 8070
f 8015 7997 8072
f 8036 8037 7984
f 8038 8039 7986
f 8039 8040 7987
f 8041 8042 7992
f 8043 8036 7983
f 8044 8045 7985
f 8046 8047 7995
f 8048 8049 7996
f 8050 8051 7988
f 8052 8050 7990
f 8053 8054 8003
f 8055 8056 8000
f 8057 8058 8005
f 8059 8060 7994
f 8061 8062 7998
f 8063 8061 8021
f 8058 8064 7993
f 8065 8066 7991
f 8067 8068 8032
f 8069 8067 8018
f 8070 8071 8004
f 8072 8059 8015
f 7985 8074 8038
f 7991 8066 8075
f 7984 8037 8055
f 7994 8060 8048
f 7993 8076 8043
f 7995 8077 8044
f 7987 8040 8041
f 7985 8045 8074
f 7996 8049 8046
f 7988 8078 8063
f 7993 8064 8076
f 7988 8051 8078
f 7997 8079 8072
f 7995 8047 8077
f 7992 8042 8080
f 7992 8080 8069
f 7998 8062 8081
f 7997 8082 8079
f 7997 8073 8082
f 7991 8075 8052
f 8000 8056 8053
f 8004 8071 8057
f 8032 8068 8065
f 7998 8081 8070
f 7999 8000 6464
f 8000 8003 6466
f 8002 8009 6531
f 8006 8002 6472
f 8025 8007 6533
f 8020 8025 6532
f 8011 8020 6473
f 8007 8006 6475
f 8010 8022 6477
f 8015 8016 6535
f 8027 8025 6536
f 8025 8020 6537
f 8020 8010 6479
f 8031 8027 6481
f 8022 8031 6538
f 8009 7999 6530
f 8034 8014 6540
f 8016 8012 6487
f 8012 8033 6541
f 8014 8011 6534
f 8033 8034 6539
f 6464 6530 7999
f 6466 6465 8000
f 6531 6469 8002
f 6472 6476 8006
f 6533 6532 8025
f 6532 6474 8020
f 6473 6534 8011
f 6475 6533 8007
f 6477 6480 8010
f 6535 6484 8015
f 6536 6482 8027
f 6537 6536 8025
f 6479 6537 8020
f 6481 6538 8031
f 6538 6478 8022
f 6530 6531 8009
f 6540 6539 8034
f 6487 6535 8016
f 6541 6471 8012
f 6534 6540 8014
f 6539 6541 8033
f 8000 6465 6464
f 8003 6467 6466
f 8002 6469 6468
f 8012 6471 6470
f 8002 6468 6472
f 8020 6474 6473
f 8006 6476 6475
f 8022 6478 6477
f 8010 6480 6479
f 8027 6482 6481
f 8015 6484 6483
f 8012 6470 6485
f 8012 6485 6486
f 8012 6486 6487
f 8035 8015 2793
f 7997 8035 2789
f 8073 7997 2794
f 8015 6483 2795
f 6483 6488 2792
f 2793 2787 8035
f 2789 2794 7997
f 2794 2790 8073
f 2795 2793 8015
f 2792 2795 6483
f 8035 2787 2786
f 8035 2786 2788
f 8035 2788 2789
f 6488 2791 2792
f 2874 8083 2856
f 2874 2856 2855
f 8084 8085 2859
f 8084 2859 2858
f 8083 8086 2864
f 8083 2864 2856
f 8087 8084 2858
f 8087 2858 2871
f 8086 8087 2871
f 8086 2871 2864
f 8089 8090 8091
f 8092 8093 8094
f 8095 8093 8092
f 8097 8095 8092
f 8095 8097 8098
f 8093 8095 8090
f 8096 8089 8091
f 8090 8100 8099
f 8090 8089 8100
f 8101 8102 8103
f 8090 8095 8091
f 8099 8100 8106
f 8107 8108 8109
f 8106 8110 8111
f 8112 8113 8108
f 8114 8108 8113
f 8098 8091 8095
f 8098 8096 8091
f 8117 8109 8102
f 8109 8117 8107
f 8118 8102 8109
f 8105 8101 8103
f 8100 8110 8106
f 8120 8105 8103
f 8105 8104 8101
f 8121 8119 8111
f 8118 8122 8102
f 8103 8102 8122
f 8115 8116 8123
f 8120 8103 8122
f 8120 8122 8114
f 8121 8111 8124
f 8096 8125 8089
f 8123 8116 8126
f 8125 8127 8089
f 8128 8126 8129
f 8116 8121 8126
f 8124 8110 8130
f 8110 8124 8111
f 8131 8121 8124
f 8132 8130 8133
f 8121 8131 8126
f 8089 8127 8100
f 8134 8115 8123
f 8104 8130 8132
f 8127 8125 8136
f 8118 8114 8122
f 8114 8118 8109
f 8127 8110 8100
f 8128 8123 8126
f 8109 8108 8137
f 8128 8134 8123
f 8136 8110 8127
f 8136 8130 8110
f 8133 8130 8136
f 8129 8126 8131
f 8137 8114 8109
f 8108 8114 8137
f 8117 8102 8132
f 8132 8135 8117
f 8102 8101 8132
f 8104 8132 8101
f 8134 8142 8115
f 8134 8141 8142
f 8104 8105 8038
f 8112 8108 8075
f 8096 8098 8055
f 8128 8129 8048
f 8125 8096 8043
f 8124 8130 8044
f 8105 8120 8041
f 8130 8104 8074
f 8129 8131 8046
f 8117 8135 8063
f 8136 8125 8076
f 8107 8117 8078
f 8134 8128 8072
f 8131 8124 8077
f 8120 8114 8080
f 8114 8113 8069
f 8135 8132 8081
f 8108 8107 8052
f 8098 8097 8053
f 8133 8136 8057
f 8113 8112 8065
f 8132 8133 8070
f 8038 8074 8104
f 8075 8066 8112
f 8055 8037 8096
f 8048 8060 8128
f 8043 8076 8125
f 8044 8077 8124
f 8041 8040 8105
f 8074 8045 8130
f 8046 8049 8129
f 8063 8078 8117
f 8076 8064 8136
f 8078 8051 8107
f 8072 8079 8134
f 8077 8047 8131
f 8080 8042 8120
f 8069 8080 8114
f 8081 8062 8135
f 8052 8075 8108
f 8053 8056 8098
f 8057 8071 8133
f 8065 8068 8113
f 8070 8081 8132
f 8096 8037 8036
f 8105 8039 8038
f 8105 8040 8039
f 8120 8042 8041
f 8096 8036 8043
f 8130 8045 8044
f 8131 8047 8046
f 8129 8049 8048
f 8107 8051 8050
f 8107 8050 8052
f 8097 8054 8053
f 8098 8056 8055
f 8136 8058 8057
f 8128 8060 8059
f 8135 8062 8061
f 8135 8061 8063
f 8136 8064 8058
f 8112 8066 8065
f 8113 8068 8067
f 8113 8067 8069
f 8133 8071 8070
f 8128 8059 8072
f 8138 8139 2878
f 8139 8138 8084
f 8140 8139 8087
f 8139 8140 2874
f 8141 8134 2886
f 8134 8079 2887
f 8079 8082 2882
f 8082 8073 2884
f 2878 2885 8138
f 8084 8087 8139
f 8087 8086 8140
f 2874 2880 8139
f 2886 2877 8141
f 2887 2886 8134
f 2882 2887 8079
f 2884 2883 8082
f 8140 8083 2874
f 8138 8085 8084
f 8141 2877 2876
f 8139 2879 2878
f 8140 8086 8083
f 8139 2880 2879
f 8141 2876 2881
f 8082 2883 2882
f 8073 2790 2884
f 2859 8085 8143
f 8094 8093 8144
f 8094 8088 8146
f 8092 8094 8147
f 8093 8090 8149
f 8090 8099 8151
f 8088 8094 8145
f 8099 8106 8153
f 8116 8115 8154
f 8106 8111 8156
f 8111 8119 8158
f 8119 8121 8159
f 8121 8116 8155
f 8115 8142 8161
f 8142 8141 8163
f 8141 2881 8165
f 2881 2875 8166
f 8085 8138 8167
f 8138 2885 2919
f 8143 2913 2859
f 8144 8145 8094
f 8146 8147 8094
f 8147 8148 8092
f 8149 8150 8093
f 8151 8149 8090
f 8145 8152 8088
f 8153 8151 8099
f 8154 8155 8116
f 8156 8157 8106
f 8158 8156 8111
f 8159 8160 8119
f 8155 8159 8121
f 8161 8162 8115
f 8163 8164 8142
f 8165 8163 8141
f 8166 8165 2881
f 8167 8168 8085
f 2919 8169 8138
f 8085 8168 8143
f 8093 8150 8144
f 8106 8170 8153
f 8106 8157 8170
f 8115 8162 8154
f 8119 8171 8158
f 8119 8160 8171
f 8088 8152 8172
f 8088 8173 8146
f 8142 8174 8161
f 8142 8164 8175
f 8088 8172 8176
f 8142 8175 8174
f 8088 8176 8173
f 8138 8177 8167
f 8138 8169 8177
f 2875 2917 8166
f 8178 8179 8180
f 8181 8183 8184
f 8182 8181 8184
f 8182 8187 8186
f 8187 8182 8184
f 8189 8190 8191
f 8189 8192 8190
f 8178 8180 8190
f 8190 8185 8178
f 8185 8190 8192
f 8183 8185 8192
f 8193 8184 8183
f 8183 8192 8193
f 8184 8193 8187
f 8195 8196 8197
f 8195 8197 8198
f 8196 8186 8187
f 8196 8187 8199
f 8200 8196 8201
f 8197 8196 8200
f 8202 8188 8186
f 8203 8204 8201
f 8201 8204 8200
f 8188 8202 8195
f 8199 8201 8196
f 8195 8202 8196
f 8196 8202 8186
f 8197 8200 8204
f 8205 8206 8207
f 8206 8205 8208
f 8207 8206 8198
f 8210 8204 8203
f 8207 8198 8197
f 8208 8205 8211
f 8212 8207 8197
f 8212 8204 8209
f 8212 8197 8204
f 8214 8207 8212
f 8210 8209 8204
f 8212 8209 8215
f 8207 8214 8205
f 8216 8217 8218
f 8219 8217 8220
f 8222 8211 8205
f 8222 8214 8215
f 8205 8214 8222
f 8221 8218 8217
f 8214 8212 8215
f 8219 8224 8225
f 8215 8213 8222
f 8226 8220 8217
f 8222 8227 8211
f 8213 8228 8222
f 8223 8228 8213
f 8230 8219 8220
f 8226 8231 8232
f 8226 8230 8220
f 8224 8219 8230
f 8224 8230 8229
f 8232 8230 8226
f 8229 8230 8232
f 8228 8227 8222
f 8216 8218 8227
f 8227 8228 8216
f 8226 8217 8216
f 8226 8216 8231
f 8223 8216 8228
f 8231 8216 8223
f 8199 8187 8193
f 8218 8211 8227
f 8192 8189 8233
f 8189 8191 8235
f 8193 8192 8234
f 8199 8193 8238
f 8203 8201 8240
f 8201 8199 8239
f 8209 8210 8243
f 8210 8203 8241
f 8215 8209 8246
f 8223 8213 8248
f 8213 8215 8247
f 8229 8232 8251
f 8232 8231 8253
f 8231 8223 8254
f 8233 8234 8192
f 8235 8236 8189
f 8234 8237 8193
f 8238 8239 8199
f 8240 8241 8203
f 8239 8242 8201
f 8243 8244 8209
f 8241 8245 8210
f 8246 8247 8215
f 8248 8249 8223
f 8247 8250 8213
f 8251 8252 8229
f 8253 8251 8232
f 8254 8255 8231
f 8193 8256 8257
f 8193 8257 8238
f 8194 8258 8259
f 8194 8260 8258
f 8191 8261 8235
f 8189 8236 8233
f 8191 8262 8261
f 8193 8237 8256
f 8194 8259 8263
f 8194 8263 8260
f 8201 8242 8240
f 8209 8244 8264
f 8213 8250 8265
f 8209 8264 8246
f 8213 8265 8248
f 8210 8245 8243
f 8229 8266 8267
f 8229 8252 8266
f 8223 8249 8254
f 8231 8255 8253
f 8181 8182 2371
f 8178 8185 2404
f 8182 8186 2405
f 8179 8178 2369
f 8185 8183 2406
f 8186 8188 2375
f 8183 8181 2403
f 8188 8195 2376
f 8206 8208 2380
f 8195 8198 2407
f 8198 8206 2378
f 8217 8219 2408
f 8221 8217 2388
f 8208 8211 2409
f 8219 8225 2384
f 8218 8221 2386
f 8211 8218 2410
f 2371 2403 8181
f 2404 2370 8178
f 2405 2372 8182
f 2369 2368 8179
f 2406 2404 8185
f 2375 2405 8186
f 2403 2406 8183
f 2376 2374 8188
f 2380 2382 8206
f 2407 2377 8195
f 2378 2407 8198
f 2408 2389 8217
f 2388 2390 8221
f 2409 2383 8208
f 2384 2408 8219
f 2386 2410 8218
f 2410 2409 8211
f 8179 2368 2367
f 8178 2370 2369
f 8182 2372 2371
f 8188 2374 2373
f 8188 2373 2375
f 8195 2377 2376
f 8206 2379 2378
f 8208 2381 2380
f 8206 2382 2379
f 8208 2383 2381
f 8225 2385 2384
f 8221 2387 2386
f 8217 2389 2388
f 8221 2390 2387
f 8190 8180 1646
f 8191 8190 1655
f 8180 8179 1648
f 8262 8191 1652
f 8179 2367 1656
f 1646 1655 8190
f 1655 1651 8191
f 1648 1647 8180
f 1652 1653 8262
f 1656 1654 8179
f 8180 1647 1646
f 8179 1649 1648
f 8191 1651 1650
f 8191 1650 1652
f 8179 1654 1649
f 8268 8269 8270
f 8275 8278 8279
f 8280 8276 8275
f 8280 8275 8279
f 8282 8271 8277
f 8283 8284 8282
f 8281 8270 8285
f 8271 8282 8284
f 8282 8277 8281
f 8284 8272 8271
f 8282 8281 8287
f 8283 8282 8287
f 8284 8288 8272
f 8286 8288 8284
f 8289 8285 8269
f 8270 8273 8268
f 8270 8269 8285
f 8286 8284 8283
f 8281 8285 8276
f 8276 8285 8289
f 8278 8269 8268
f 8278 8268 8279
f 8275 8269 8278
f 8290 8291 8292
f 8293 8291 8294
f 8274 8272 8297
f 8288 8297 8272
f 8295 8299 8300
f 8296 8288 8286
f 8297 8288 8296
f 8274 8297 8299
f 8302 8291 8293
f 8302 8292 8291
f 8299 8295 8274
f 8301 8298 8292
f 8302 8301 8292
f 8300 8290 8295
f 8290 8300 8294
f 8304 8298 8303
f 8297 8296 8299
f 8296 8300 8299
f 8300 8296 8294
f 8306 8298 8301
f 8298 8306 8303
f 8292 8295 8290
f 8294 8291 8290
f 8307 8306 8301
f 8308 8305 8303
f 8308 8303 8306
f 8307 8308 8306
f 8307 8311 8308
f 8314 8305 8308
f 8315 8311 8307
f 8308 8311 8314
f 8311 8316 8314
f 8316 8311 8315
f 8316 8312 8314
f 8316 8313 8312
f 8315 8313 8316
f 8309 8312 8313
f 8313 8310 8309
f 8271 8272 8257
f 8272 8274 8238
f 8275 8276 8259
f 8269 8275 8258
f 8270 8281 8235
f 8281 8277 8233
f 8277 8271 8256
f 8276 8289 8263
f 8289 8269 8260
f 8274 8295 8240
f 8292 8298 8264
f 8304 8303 8265
f 8298 8304 8246
f 8303 8305 8248
f 8295 8292 8243
f 8309 8310 8267
f 8312 8309 8266
f 8305 8314 8254
f 8314 8312 8253
f 8257 8256 8271
f 8238 8257 8272
f 8259 8258 8275
f 8258 8260 8269
f 8235 8261 8270
f 8233 8236 8281
f 8256 8237 8277
f 8263 8259 8276
f 8260 8263 8289
f 8240 8242 8274
f 8264 8244 8292
f 8265 8250 8304
f 8246 8264 8298
f 8248 8265 8303
f 8243 8245 8295
f 8267 8266 8309
f 8266 8252 8312
f 8254 8249 8305
f 8253 8255 8314
f 8277 8234 8233
f 8281 8236 8235
f 8277 8237 8234
f 8274 8239 8238
f 8295 8241 8240
f 8274 8242 8239
f 8292 8244 8243
f 8295 8245 8241
f 8304 8247 8246
f 8305 8249 8248
f 8304 8250 8247
f 8312 8252 8251
f 8312 8251 8253
f 8314 8255 8254
f 8279 8268 8317
f 8280 8279 8319
f 8268 8273 8321
f 8287 8281 8323
f 8283 8287 8325
f 8281 8276 8327
f 8286 8283 8326
f 8276 8280 8329
f 8293 8294 8331
f 8296 8286 8333
f 8294 8296 8334
f 8301 8302 8336
f 8307 8301 8337
f 8302 8293 8339
f 8310 8313 8341
f 8315 8307 8343
f 8313 8315 8345
f 8317 8318 8279
f 8319 8320 8280
f 8321 8322 8268
f 8323 8324 8287
f 8325 8326 8283
f 8327 8323 8281
f 8326 8328 8286
f 8329 8330 8276
f 8331 8332 8293
f 8333 8334 8296
f 8334 8335 8294
f 8336 8337 8301
f 8337 8338 8307
f 8339 8340 8302
f 8341 8342 8310
f 8343 8344 8315
f 8345 8346 8313
f 8279 8318 8347
f 8286 8328 8348
f 8286 8348 8349
f 8279 8347 8319
f 8276 8330 8327
f 8268 8322 8317
f 8287 8324 8350
f 8287 8350 8325
f 8280 8320 8329
f 8302 8340 8351
f 8302 8351 8336
f 8294 8335 8331
f 8286 8349 8333
f 8293 8332 8352
f 8293 8352 8339
f 8307 8353 8343
f 8307 8338 8353
f 8310 8342 8354
f 8315 8344 8345
f 8313 8355 8341
f 8313 8346 8355
f 8273 8270 1745
f 8270 8261 1753
f 8261 8262 1747
f 8321 8273 1751
f 1745 1750 8273
f 1753 1746 8270
f 1747 1753 8261
f 1751 1752 8321
f 8270 1746 1745
f 8262 1748 1747
f 8262 1653 1748
f 8273 1750 1749
f 8273 1749 1751
f 8359 8358 8327
f 8361 8363 8339
f 8364 8365 8345
f 8366 8367 8341
f 8365 8366 8355
f 8349 8348 8357
f 8327 8330 8359
f 8317 8322 8356
f 8350 8324 8358
f 8351 8340 8363
f 8331 8335 8360
f 8339 8352 8361
f 8353 8338 8362
f 8354 8342 8367
f 8345 8344 8364
f 8341 8355 8366
f 8355 8346 8365
f 8356 8322 8321
f 8358 8324 8323
f 8358 8323 8327
f 8359 8330 8329
f 8360 8334 8333
f 8360 8335 8334
f 8362 8337 8336
f 8362 8338 8337
f 8363 8340 8339
f 8367 8342 8341
f 8364 8344 8343
f 8365 8346 8345
f 8358 8359 7934
f 8365 8364 7957
f 8363 8361 7941
f 8366 8365 7950
f 8367 8366 7964
f 8357 8348 7965
f 8349 8357 7931
f 8317 8356 7936
f 8350 8358 7938
f 8359 8329 7969
f 8351 8363 7952
f 8362 8336 7971
f 8331 8360 7948
f 8360 8333 7973
f 8361 8352 7974
f 8364 8343 7975
f 8353 8362 7954
f 8354 8367 7955
f 8347 8318 7978
f 8348 8328 7979
f 8319 8347 7958
f 8325 8350 7968
f 8329 8320 7980
f 8336 8351 7970
f 8333 8349 7966
f 8352 8332 7981
f 8343 8353 7976
f 8318 8317 7967
f 8320 8319 7960
f 8326 8325 7962
f 8328 8326 7982
f 8332 8331 7972
f 7934 7933 8358
f 7957 7951 8365
f 7941 7953 8363
f 7950 7964 8366
f 7964 7956 8367
f 7965 7929 8357
f 7931 7966 8349
f 7936 7967 8317
f 7938 7968 8350
f 7969 7935 8359
f 7952 7970 8351
f 7971 7947 8362
f 7948 7972 8331
f 7973 7943 8360
f 7974 7940 8361
f 7975 7945 8364
f 7954 7976 8353
f 7955 7977 8354
f 7978 7959 8347
f 7979 7965 8348
f 7958 7961 8319
f 7968 7963 8325
f 7980 7969 8329
f 7970 7971 8336
f 7966 7973 8333
f 7981 7974 8352
f 7976 7975 8343
f 7967 7978 8318
f 7960 7980 8320
f 7962 7982 8326
f 7982 7979 8328
f 7972 7981 8332
f 8357 7929 7928
f 8357 7928 7930
f 8357 7930 7931
f 8358 7933 7932
f 8359 7935 7934
f 8356 7937 7936
f 8358 7932 7938
f 8361 7940 7939
f 8361 7939 7941
f 8360 7943 7942
f 8364 7945 7944
f 8362 7947 7946
f 8360 7942 7948
f 8362 7946 7949
f 8365 7951 7950
f 8363 7953 7952
f 8362 7949 7954
f 8367 7956 7955
f 8364 7944 7957
f 8347 7959 7958
f 8319 7961 7960
f 8325 7963 7962
f 8356 8321 1828
f 7937 8356 1829
f 1828 1830 8356
f 1829 1831 7937
f 8321 1752 1828
f 8356 1830 1829
f 8370 8372 8373
f 8370 8371 8374
f 8371 8369 8376
f 8372 8370 8379
f 8374 8375 8370
f 8376 8377 8371
f 8379 8380 8372
f 8369 8381 8376
f 8370 8375 8382
f 8369 8378 8381
f 8371 8377 8374
f 8370 8382 8383
f 8370 8383 8379
f 8371 8370 2586
f 8369 8371 2584
f 8370 8373 2591
f 2586 2585 8371
f 2584 2589 8369
f 2591 2590 8370
f 8371 2585 2584
f 8370 2587 2586
f 8369 2589 2588
f 8370 2590 2587
f 8378 8369 8368
f 8369 2588 1245
f 8368 1244 8378
f 1245 1243 8369
f 8369 1243 8368
f 2588 1246 1245
f 8395 8394 8393
f 8395 8393 8392
f 8396 8394 8395
f 8390 8389 8411
f 8386 8393 8413
f 8393 8394 8415
f 8394 8396 8417
f 8396 8397 8419
f 8397 8373 8421
f 8373 8372 8422
f 8399 8400 8385
f 8402 8403 8387
f 8405 8406 8389
f 8409 8410 8388
f 8411 8412 8390
f 8413 8414 8386
f 8415 8413 8393
f 8417 8418 8394
f 8419 8420 8396
f 8421 8419 8397
f 8422 8421 8373
f 8385 8400 8423
f 8386 8424 8401
f 8388 8410 8425
f 8388 8425 8404
f 8390 8426 8408
f 8389 8427 8411
f 8389 8406 8427
f 8390 8412 8426
f 8394 8418 8415
f 8387 8428 8416
f 8386 8414 8424
f 8387 8403 8428
f 8396 8420 8417
f 8372 8429 8422
f 8372 8380 8429
f 8385 8423 8433
f 8432 8433 8398
f 8433 8434 8385
f 8385 8434 8430
f 8407 8433 8431
f 8437 8438 8405
f 8437 8405 8404
f 8438 8439 8406
f 8438 8406 8405
f 8440 8441 8407
f 8440 8407 8408
f 8442 8443 8410
f 8442 8410 8409
f 8444 8445 8412
f 8444 8412 8411
f 8446 8447 8414
f 8446 8414 8413
f 8448 8446 8413
f 8448 8413 8415
f 8449 8442 8409
f 8449 8409 8416
f 8450 8451 8418
f 8450 8418 8417
f 8452 8453 8420
f 8452 8420 8419
f 8454 8452 8419
f 8454 8419 8421
f 8455 8454 8421
f 8455 8421 8422
f 8435 8457 8423
f 8435 8423 8400
f 8443 8458 8425
f 8443 8425 8410
f 8458 8437 8404
f 8458 8404 8425
f 8459 8440 8408
f 8459 8408 8426
f 8439 8460 8427
f 8439 8427 8406
f 8445 8459 8426
f 8445 8426 8412
f 8451 8448 8415
f 8451 8415 8418
f 8461 8449 8416
f 8461 8416 8428
f 8436 8461 8428
f 8436 8428 8403
f 8462 8455 8422
f 8462 8422 8429
f 8384 8462 8429
f 8384 8429 8380
f 8456 8465 8433
f 8456 8433 8398
f 8457 8466 8433
f 8457 8433 8423
f 8466 8467 8434
f 8466 8434 8433
f 8467 8463 8430
f 8467 8430 8434
f 8441 8468 8433
f 8441 8433 8407
f 8468 8464 8431
f 8468 8431 8433
f 8391 8392 2899
f 8392 8391 2894
f 8389 8390 2890
f 8395 8392 2920
f 8392 8393 2922
f 8396 8395 2904
f 8393 8386 2902
f 8397 8396 2908
f 8373 8397 2911
f 8399 8385 2924
f 8386 8401 2925
f 8402 8387 2896
f 8388 8404 2927
f 8405 8389 2921
f 8390 8408 2929
f 8409 8388 2892
f 8387 8416 2931
f 8401 8402 2926
f 8404 8405 2928
f 8408 8407 2932
f 8416 8409 2930
f 8398 8399 2923
f 8385 8430 2912
f 8407 8431 2914
f 8432 8398 2933
f 8430 8463 2916
f 8431 8464 2918
f 2899 2895 8391
f 2894 2920 8392
f 2890 2921 8389
f 2920 2905 8395
f 2922 2903 8392
f 2904 2907 8396
f 2902 2922 8393
f 2908 2910 8397
f 2911 2591 8373
f 2924 2923 8399
f 2925 2889 8386
f 2896 2926 8402
f 2927 2893 8388
f 2921 2928 8405
f 2929 2898 8390
f 2892 2930 8409
f 2931 2897 8387
f 2926 2925 8401
f 2928 2927 8404
f 2932 2929 8408
f 2930 2931 8416
f 2923 2933 8398
f 2912 2924 8385
f 2914 2932 8407
f 2933 2915 8432
f 2916 2913 8430
f 2918 2913 8431
f 8386 2889 2888
f 8390 2891 2890
f 8388 2893 2892
f 8391 2895 2894
f 8387 2897 2896
f 8390 2898 2891
f 8392 2900 2899
f 8386 2888 2901
f 8386 2901 2902
f 8392 2903 2900
f 8395 2905 2904
f 8396 2907 2906
f 8396 2906 2908
f 8397 2910 2909
f 8397 2909 2911
f 8430 2913 2912
f 8431 2913 2914
f 8432 2915 2913
f 8463 2917 2916
f 8464 2919 2918
f 8469 8470 1319
f 8469 1319 1318
f 8471 8472 1321
f 8471 1321 1320
f 8473 8469 1318
f 8473 1318 1322
f 8474 8475 1260
f 8474 1260 1323
f 8470 8476 1324
f 8470 1324 1319
f 8476 8471 1320
f 8476 1320 1324
f 8477 8473 1322
f 8477 1322 1325
f 8472 8478 1326
f 8472 1326 1321
f 8478 8474 1323
f 8478 1323 1326
f 8479 8480 8375
f 8479 8375 8374
f 8481 8482 8377
f 8481 8377 8376
f 8484 8485 8380
f 8484 8380 8379
f 8486 8481 8376
f 8486 8376 8381
f 8480 8487 8382
f 8480 8382 8375
f 8483 8486 8381
f 8483 8381 8378
f 8482 8479 8374
f 8482 8374 8377
f 8487 8488 8383
f 8487 8383 8382
f 8488 8484 8379
f 8488 8379 8383
f 8495 8494 8491
f 8492 8498 8491
f 8497 8496 8499
f 8493 8495 8501
f 8494 8495 8493
f 8491 8498 8495
f 8492 8502 8498
f 8498 8501 8495
f 8499 8501 8498
f 8498 8502 8499
f 8496 8501 8499
f 8497 8499 8502
f 8494 8493 8504
f 8501 8500 8507
f 8493 8501 8508
f 8504 8505 8494
f 8507 8508 8501
f 8508 8509 8493
f 8500 8512 8507
f 8489 8513 8510
f 8489 8503 8513
f 8500 8514 8512
f 8493 8509 8504
f 8500 8506 8514
f 8490 8489 8515
f 8489 8490 8517
f 8492 8491 8519
f 8491 8494 8521
f 8489 8510 8524
f 8503 8489 8525
f 8510 8511 8527
f 8494 8505 8526
f 8515 8516 8490
f 8517 8518 8489
f 8519 8520 8492
f 8521 8522 8491
f 8524 8515 8489
f 8525 8526 8503
f 8527 8524 8510
f 8526 8528 8494
f 8490 8529 8530
f 8490 8530 8517
f 8490 8516 8531
f 8489 8532 8533
f 8489 8518 8532
f 8491 8522 8519
f 8490 8531 8529
f 8489 8533 8525
f 8494 8528 8521
f 8511 8526 8527
f 8534 8535 8505
f 8534 8505 8504
f 8537 8538 8508
f 8537 8508 8507
f 8538 8539 8509
f 8538 8509 8508
f 8540 8541 8511
f 8540 8511 8510
f 8542 8537 8507
f 8542 8507 8512
f 8543 8540 8510
f 8543 8510 8513
f 8545 8542 8512
f 8545 8512 8514
f 8539 8534 8504
f 8539 8504 8509
f 8536 8545 8514
f 8536 8514 8506
f 8546 8547 8516
f 8546 8516 8515
f 8549 8550 8520
f 8549 8520 8519
f 8551 8552 8522
f 8551 8522 8521
f 8550 8553 8523
f 8550 8523 8520
f 8540 8554 8524
f 8554 8546 8515
f 8554 8515 8524
f 8544 8555 8526
f 8544 8526 8503
f 8540 8554 8524
f 8556 8554 8524
f 8556 8524 8527
f 8535 8557 8526
f 8535 8526 8505
f 8557 8558 8528
f 8557 8528 8526
f 8559 8560 8530
f 8559 8530 8529
f 8560 8548 8517
f 8560 8517 8530
f 8547 8561 8531
f 8547 8531 8516
f 8552 8549 8519
f 8552 8519 8522
f 8561 8559 8529
f 8561 8529 8531
f 8558 8551 8521
f 8558 8521 8528
f 8541 8562 8526
f 8541 8526 8511
f 8562 8556 8527
f 8562 8527 8526
f 8496 8497 8481
f 8502 8492 8487
f 8497 8502 8479
f 8492 8520 8488
f 8520 8523 8484
f 8523 8553 8563
f 8481 8486 8496
f 8487 8480 8502
f 8479 8482 8497
f 8488 8487 8492
f 8484 8488 8520
f 8563 8485 8523
f 8502 8480 8479
f 8497 8482 8481
f 8523 8485 8484
f 8553 8384 8563
f 8483 8378 8564
f 8500 8501 8476
f 8501 8496 8471
f 8506 8500 8473
f 8536 8506 8565
f 8496 8486 8478
f 8486 8483 8474
f 8564 8475 8483
f 8476 8470 8500
f 8471 8476 8501
f 8473 8477 8506
f 8565 1327 8536
f 8478 8472 8496
f 8474 8478 8486
f 8378 1244 8564
f 8500 8470 8469
f 8496 8472 8471
f 8500 8469 8473
f 8506 8477 8565
f 8483 8475 8474
f 8566 1660 1555
f 8566 1555 1554
f 8567 8568 1557
f 8567 1557 1556
f 8569 1672 1571
f 8569 1571 1570
f 8570 8571 1575
f 8570 1575 1574
f 1677 8567 1556
f 1677 1556 1578
f 8568 8572 1580
f 8568 1580 1557
f 8572 8570 1574
f 8572 1574 1580
f 8571 8566 1554
f 8571 1554 1575
f 1674 8573 1583
f 1674 1583 1573
f 8573 8569 1570
f 8573 1570 1583
f 8544 8543 8513
f 8544 8513 8503
f 8578 8577 8576
f 8585 8584 8583
f 8587 8588 8589
f 8588 8582 8590
f 8590 8589 8588
f 8585 8593 8584
f 8590 8594 8589
f 8588 8587 8591
f 8591 8587 8592
f 8592 8587 8597
f 8599 8586 8598
f 8593 8601 8602
f 8603 8602 8601
f 8604 8605 8606
f 8603 8607 8602
f 8602 8607 8600
f 8609 8604 8606
f 8610 8605 8608
f 8608 8600 8607
f 8595 8594 8590
f 8594 8595 8611
f 8612 8613 8614
f 8614 8604 8609
f 8612 8615 8613
f 8587 8589 8597
f 8618 8617 8616
f 8598 8617 8619
f 8614 8609 8620
f 8621 8576 8580
f 8576 8621 8622
f 8585 8583 8596
f 8585 8596 8623
f 8575 8624 8579
f 8625 8622 8621
f 8574 8626 8575
f 8626 8624 8575
f 8580 8579 8624
f 8628 8629 8630
f 8631 8585 8623
f 8576 8581 8580
f 8593 8585 8631
f 8624 8626 8633
f 8627 8623 8628
f 8632 8576 8622
f 8621 8633 8634
f 8632 8630 8578
f 8629 8578 8630
f 8631 8623 8627
f 8580 8624 8621
f 8633 8621 8624
f 8629 8596 8578
f 8629 8628 8596
f 8635 8636 8637
f 8638 8639 8640
f 8623 8596 8628
f 8641 8638 8640
f 8640 8642 8643
f 8641 8640 8644
f 8644 8640 8643
f 8646 8647 8648
f 8608 8607 8645
f 8601 8649 8603
f 8607 8603 8649
f 8631 8601 8593
f 8607 8649 8645
f 8650 8648 8651
f 8652 8642 8646
f 8648 8653 8651
f 8651 8653 8654
f 8651 8654 8655
f 8656 8650 8651
f 8657 8643 8642
f 8656 8651 8655
f 8640 8639 8646
f 8653 8658 8654
f 8659 8654 8658
f 8640 8646 8642
f 8610 8606 8605
f 8636 8606 8610
f 8636 8635 8606
f 8648 8652 8646
f 8645 8610 8608
f 8648 8650 8652
f 8650 8642 8652
f 8661 8606 8635
f 8661 8609 8606
f 8662 8658 8663
f 8650 8657 8642
f 8664 8657 8650
f 8665 8666 8667
f 8668 8669 8670
f 8610 8645 8637
f 8637 8636 8610
f 8625 8621 8634
f 8660 8649 8601
f 8632 8578 8576
f 8671 8619 8670
f 8620 8609 8661
f 8619 8671 8672
f 8675 8641 8676
f 8641 8644 8676
f 8659 8655 8654
f 8599 8598 8619
f 8672 8599 8619
f 8677 8675 8676
f 8666 8675 8673
f 8673 8675 8677
f 8678 8656 8655
f 8659 8658 8679
f 8661 8635 8680
f 8620 8661 8680
f 8620 8680 8674
f 8618 8619 8617
f 8678 8655 8659
f 8681 8682 8679
f 8620 8674 8612
f 8656 8669 8664
f 8671 8669 8656
f 8614 8620 8612
f 8671 8656 8678
f 8682 8678 8659
f 8679 8658 8662
f 8662 8681 8679
f 8638 8641 8665
f 8672 8671 8683
f 8674 8680 8667
f 8679 8682 8659
f 8663 8648 8647
f 8653 8648 8663
f 8667 8680 8665
f 8668 8677 8676
f 8665 8675 8666
f 8665 8641 8675
f 8678 8682 8683
f 8663 8658 8653
f 8671 8670 8669
f 8683 8671 8678
f 8683 8682 8684
f 8644 8643 8657
f 8666 8673 8674
f 8657 8676 8644
f 8667 8666 8674
f 8669 8676 8657
f 8676 8669 8668
f 8656 8664 8650
f 8657 8664 8669
f 8619 8618 8668
f 8670 8619 8668
f 8622 8625 8685
f 8628 8630 8687
f 8632 8622 8686
f 8627 8628 8688
f 8633 8626 8691
f 8631 8627 8693
f 8630 8632 8695
f 8634 8633 8696
f 8635 8637 8698
f 8639 8638 8700
f 8637 8645 8702
f 8646 8639 8704
f 8601 8631 8694
f 8660 8601 8706
f 8645 8649 8708
f 8649 8660 8709
f 8647 8646 8710
f 8625 8634 8697
f 8680 8635 8713
f 8682 8681 8537
f 8665 8680 8540
f 8638 8665 8543
f 8684 8682 8542
f 8681 8662 8534
f 8663 8647 8714
f 8662 8663 8716
f 8685 8686 8622
f 8687 8688 8628
f 8686 8689 8632
f 8688 8690 8627
f 8691 8692 8633
f 8693 8694 8631
f 8695 8687 8630
f 8696 8697 8634
f 8698 8699 8635
f 8700 8701 8639
f 8702 8703 8637
f 8704 8705 8646
f 8694 8706 8601
f 8706 8707 8660
f 8708 8702 8645
f 8709 8708 8649
f 8710 8711 8647
f 8697 8712 8625
f 8713 8541 8680
f 8537 8542 8682
f 8540 8543 8665
f 8543 8544 8638
f 8542 8545 8684
f 8534 8539 8681
f 8714 8715 8663
f 8716 8535 8662
f 8625 8717 8685
f 8627 8690 8718
f 8633 8692 8719
f 8627 8718 8693
f 8632 8689 8720
f 8632 8720 8695
f 8633 8719 8696
f 8635 8699 8713
f 8639 8701 8721
f 8639 8721 8704
f 8638 8544 8700
f 8637 8703 8722
f 8637 8722 8698
f 8660 8707 8723
f 8660 8723 8724
f 8660 8724 8709
f 8646 8705 8710
f 8663 8725 8726
f 8662 8535 8534
f 8647 8711 8714
f 8625 8712 8717
f 8681 8538 8537
f 8681 8539 8538
f 8680 8541 8540
f 8663 8715 8725
f 8663 8726 8727
f 8663 8727 8716
f 8574 8575 2391
f 8576 8577 2342
f 8575 8579 2393
f 8579 8580 2318
f 8580 8581 2320
f 8581 8576 2392
f 8583 8584 2341
f 8582 8588 2334
f 8588 8591 2336
f 8591 8592 2330
f 8595 8590 2394
f 8590 8582 2322
f 8577 8578 2395
f 8578 8596 2396
f 8592 8597 2363
f 8596 8583 2324
f 8605 8604 2345
f 8602 8600 2349
f 8600 8608 2397
f 8608 8605 2347
f 8611 8595 2350
f 8594 8611 2398
f 8584 8593 2399
f 8593 8602 2355
f 8615 8616 2401
f 8589 8594 2351
f 8597 8589 2356
f 8616 8617 2365
f 8614 8613 2362
f 8604 8614 2402
f 2391 2317 8574
f 2342 2392 8576
f 2393 2391 8575
f 2318 2393 8579
f 2320 2319 8580
f 2392 2321 8581
f 2341 2325 8583
f 2334 2329 8582
f 2336 2335 8588
f 2330 2337 8591
f 2394 2333 8595
f 2322 2394 8590
f 2395 2340 8577
f 2396 2395 8578
f 2363 2331 8592
f 2324 2396 8596
f 2345 2348 8605
f 2349 2354 8602
f 2397 2344 8600
f 2347 2397 8608
f 2350 2398 8611
f 2398 2352 8594
f 2399 2328 8584
f 2355 2399 8593
f 2401 2400 8615
f 2351 2361 8589
f 2356 2364 8597
f 2365 2401 8616
f 2362 2402 8614
f 2402 2366 8604
f 8574 2316 2315
f 8574 2317 2316
f 8580 2319 2318
f 8581 2321 2320
f 8582 2323 2322
f 8583 2325 2324
f 8582 2326 2323
f 8584 2328 2327
f 8582 2329 2326
f 8592 2331 2330
f 8595 2333 2332
f 8588 2335 2334
f 8591 2337 2336
f 8577 2339 2338
f 8577 2340 2339
f 8584 2327 2341
f 8577 2338 2342
f 8600 2344 2343
f 8604 2346 2345
f 8605 2348 2347
f 8600 2343 2349
f 8595 2332 2350
f 8594 2352 2351
f 8602 2354 2353
f 8602 2353 2355
f 8589 2357 2356
f 8613 2360 2359
f 8589 2361 2357
f 8613 2359 2362
f 8597 2364 2363
f 8604 2366 2346
f 8598 8586 1659
f 8613 8615 1674
f 8617 8598 1673
f 8618 8616 8571
f 8615 8612 1675
f 8674 8673 1677
f 8599 8672 1661
f 8673 8677 8567
f 8677 8668 8572
f 8612 8674 1676
f 8586 8599 1678
f 8668 8618 8570
f 8672 8683 1679
f 8683 8684 1663
f 8616 8615 8566
f 8684 8545 1680
f 8545 8536 1666
f 8615 2400 8573
f 2400 2358 8569
f 2360 8613 1667
f 2365 8617 1671
f 1659 1673 8598
f 1674 1668 8613
f 1673 1670 8617
f 8571 8570 8618
f 1675 1660 8615
f 1677 1676 8674
f 1661 1678 8599
f 8567 1677 8673
f 8572 8568 8677
f 1676 1675 8612
f 1678 1658 8586
f 8570 8572 8668
f 1679 1662 8672
f 1663 1679 8683
f 8566 8571 8616
f 1680 1665 8684
f 1666 1680 8545
f 8573 1674 8615
f 8569 8573 2400
f 1667 1681 2360
f 1671 1682 2365
f 8586 1658 1657
f 8586 1657 1659
f 8615 1660 8566
f 8677 8568 8567
f 8672 1662 1661
f 8684 1664 1663
f 8684 1665 1664
f 8536 1327 1666
f 8613 1668 1667
f 8617 1670 1669
f 8617 1669 1671
f 2358 1672 8569
f 8728 8435 8400
f 8728 8400 8399
f 8729 8730 8402
f 8729 8402 8401
f 8730 8436 8403
f 8730 8403 8402
f 8456 8728 8399
f 8456 8399 8398
f 8731 8729 8401
f 8731 8401 8424
f 8460 8444 8411
f 8460 8411 8427
f 8447 8731 8424
f 8447 8424 8414
f 8453 8450 8417
f 8453 8417 8420
f 8548 8732 8518
f 8548 8518 8517
f 8733 8555 8526
f 8733 8526 8525
f 8734 8735 8533
f 8734 8533 8532
f 8732 8734 8532
f 8732 8532 8518
f 8735 8733 8525
f 8735 8525 8533
f 8736 8737 8738
f 8739 8740 8738
f 8750 8744 8745
f 8748 8750 8745
f 8751 8750 8748
f 8741 8743 8739
f 8741 8752 8743
f 8749 8743 8752
f 8744 8750 8754
f 8749 8748 8745
f 8750 8751 8747
f 8750 8747 8754
f 8742 8736 8753
f 8762 8764 8765
f 8764 8762 8768
f 8770 8768 8762
f 8762 8757 8770
f 8737 8736 8742
f 8768 8770 8771
f 8756 8773 8757
f 8772 8767 8766
f 8773 8756 8774
f 8755 8768 8775
f 8757 8773 8774
f 8757 8774 8776
f 8757 8776 8770
f 8781 8779 8782
f 8782 8779 8780
f 8765 8747 8746
f 8765 8746 8763
f 8783 8784 8782
f 8780 8785 8782
f 8763 8762 8765
f 8775 8759 8755
f 8767 8772 8784
f 8781 8772 8779
f 8786 8783 8785
f 8785 8783 8782
f 8779 8772 8761
f 8772 8781 8784
f 8784 8781 8782
f 8777 8786 8785
f 8736 8738 8740
f 8785 8778 8777
f 8739 8743 8685
f 8745 8744 8718
f 8753 8736 8719
f 8744 8754 8693
f 8743 8749 8720
f 8749 8745 8695
f 8736 8740 8696
f 8755 8758 8713
f 8766 8767 8721
f 8767 8769 8704
f 8764 8768 8722
f 8768 8755 8698
f 8754 8747 8723
f 8747 8765 8724
f 8765 8764 8709
f 8769 8767 8710
f 8783 8786 8726
f 8767 8784 8714
f 8740 8739 8717
f 8784 8783 8725
f 8786 8777 8727
f 8685 8717 8739
f 8718 8690 8745
f 8719 8692 8753
f 8693 8718 8744
f 8720 8689 8743
f 8695 8720 8749
f 8696 8719 8736
f 8713 8699 8755
f 8721 8701 8766
f 8704 8721 8767
f 8722 8703 8764
f 8698 8722 8768
f 8723 8707 8754
f 8724 8723 8747
f 8709 8724 8765
f 8710 8705 8769
f 8726 8725 8783
f 8714 8711 8767
f 8717 8712 8740
f 8725 8715 8784
f 8727 8726 8786
f 8716 8727 8777
f 8743 8686 8685
f 8745 8688 8687
f 8743 8689 8686
f 8745 8690 8688
f 8753 8692 8691
f 8754 8694 8693
f 8745 8687 8695
f 8740 8697 8696
f 8755 8699 8698
f 8766 8701 8700
f 8764 8703 8702
f 8769 8705 8704
f 8754 8706 8694
f 8754 8707 8706
f 8764 8702 8708
f 8764 8708 8709
f 8767 8711 8710
f 8740 8712 8697
f 8784 8715 8714
f 8759 8760 8560
f 8760 8761 8548
f 8758 8755 8561
f 8772 8766 8735
f 8761 8772 8734
f 8777 8778 8549
f 8755 8759 8559
f 8766 8700 8733
f 8716 8777 8551
f 8713 8758 8556
f 8560 8559 8759
f 8548 8560 8760
f 8561 8547 8758
f 8735 8734 8772
f 8734 8732 8761
f 8549 8552 8777
f 8559 8561 8755
f 8733 8735 8766
f 8551 8558 8716
f 8556 8562 8713
f 8758 8547 8546
f 8761 8732 8548
f 8778 8550 8549
f 8777 8552 8551
f 8778 8553 8550
f 8758 8546 8554
f 8700 8555 8733
f 8758 8554 8556
f 8716 8558 8557
f 8739 8738 8787
f 8741 8739 8788
f 8738 8737 8790
f 8746 8747 8791
f 8748 8749 8793
f 8751 8748 8794
f 8752 8741 8789
f 8749 8752 8797
f 8747 8751 8799
f 8756 8757 8728
f 8762 8763 8800
f 8757 8762 8457
f 8737 8742 8801
f 8761 8760 8729
f 8775 8768 8458
f 8768 8771 8437
f 8774 8756 8440
f 8770 8776 8444
f 8771 8770 8460
f 8776 8774 8459
f 8780 8779 8448
f 8763 8746 8803
f 8759 8775 8449
f 8779 8761 8731
f 8760 8759 8461
f 8785 8780 8450
f 8778 8785 8455
f 8553 8778 8462
f 8787 8788 8739
f 8788 8789 8741
f 8790 8787 8738
f 8791 8792 8746
f 8793 8794 8748
f 8794 8795 8751
f 8789 8796 8752
f 8797 8798 8749
f 8799 8791 8747
f 8728 8456 8756
f 8800 8457 8762
f 8457 8435 8757
f 8801 8802 8737
f 8729 8731 8761
f 8458 8443 8775
f 8437 8458 8768
f 8440 8459 8774
f 8444 8460 8770
f 8460 8439 8771
f 8459 8445 8776
f 8448 8451 8780
f 8803 8804 8763
f 8449 8461 8759
f 8731 8447 8779
f 8461 8436 8760
f 8450 8453 8785
f 8455 8462 8778
f 8462 8384 8553
f 8737 8802 8805
f 8737 8805 8790
f 8742 8806 8801
f 8746 8792 8803
f 8749 8807 8793
f 8749 8798 8807
f 8751 8795 8799
f 8752 8796 8808
f 8752 8808 8797
f 8756 8456 8809
f 8757 8435 8728
f 8760 8730 8729
f 8760 8436 8730
f 8771 8438 8437
f 8771 8439 8438
f 8756 8809 8441
f 8756 8441 8440
f 8775 8443 8442
f 8763 8810 8800
f 8776 8445 8444
f 8763 8804 8811
f 8763 8811 8810
f 8779 8447 8446
f 8779 8446 8448
f 8775 8442 8449
f 8780 8451 8450
f 8785 8453 8452
f 8785 8452 8454
f 8785 8454 8455
f 8812 8465 8433
f 8812 8433 8432
f 8815 8814 8813
f 8813 8814 8790
f 8817 8818 8803
f 8820 8819 8793
f 8821 8820 8807
f 8819 8817 8799
f 8814 8815 8808
f 8815 8821 8797
f 8790 8805 8813
f 8801 8806 8816
f 8803 8792 8817
f 8793 8807 8820
f 8807 8798 8821
f 8799 8795 8819
f 8808 8796 8814
f 8797 8808 8815
f 8800 8810 8822
f 8811 8804 8818
f 8814 8788 8787
f 8814 8789 8788
f 8814 8787 8790
f 8817 8792 8791
f 8819 8794 8793
f 8819 8795 8794
f 8814 8796 8789
f 8821 8798 8797
f 8817 8791 8799
f 8818 8804 8803
f 8800 8822 8463
f 8463 8467 8800
f 8464 8468 8809
f 8809 8465 8812
f 8800 8467 8466
f 8812 8432 8143
f 8815 8813 8144
f 8821 8815 8153
f 8820 8821 8170
f 8818 8817 8154
f 8819 8820 8158
f 8817 8819 8171
f 8813 8805 8172
f 8801 8816 8146
f 8811 8818 8161
f 8822 8810 8175
f 8805 8802 8176
f 8810 8811 8174
f 8802 8801 8173
f 8809 8812 8167
f 8464 8809 8177
f 8463 8822 8166
f 8143 8168 8812
f 8144 8150 8815
f 8153 8170 8821
f 8170 8157 8820
f 8154 8162 8818
f 8158 8171 8819
f 8171 8160 8817
f 8172 8152 8813
f 8146 8173 8801
f 8161 8174 8811
f 8175 8164 8822
f 8176 8172 8805
f 8174 8175 8810
f 8173 8176 8802
f 8167 8177 8809
f 8177 8169 8464
f 8166 2917 8463
f 8432 2913 8143
f 8813 8145 8144
f 8816 8147 8146
f 8816 8148 8147
f 8815 8150 8149
f 8815 8149 8151
f 8813 8152 8145
f 8815 8151 8153
f 8817 8155 8154
f 8820 8157 8156
f 8820 8156 8158
f 8817 8160 8159
f 8817 8159 8155
f 8818 8162 8161
f 8822 8164 8163
f 8822 8163 8165
f 8822 8165 8166
f 8812 8168 8167
f 8464 8169 2919
f 8823 8824 179
f 8823 179 178
f 8824 8825 183
f 8824 183 179
f 8825 8826 187
f 8825 187 183
f 8826 8827 188
f 8826 188 187
f 295 8823 178
f 295 178 189
f 8827 302 194
f 8827 194 188
f 8828 8829 8830
f 8828 8831 8829
f 8832 8830 8833
f 8834 8828 8830
f 8835 8836 8831
f 8837 8828 8838
f 8830 8832 8839
f 8839 8840 8830
f 8839 8832 8841
f 8842 8830 8840
f 8842 8834 8830
f 8844 8843 8845
f 8846 8837 8847
f 8844 8845 8848
f 8848 8845 8849
f 8850 8848 8849
f 8838 8828 8834
f 8838 8842 8851
f 8837 8838 8851
f 8837 8851 8853
f 8832 8833 8849
f 8845 8832 8849
f 8855 8846 8847
f 8856 8857 8858
f 8859 8860 8861
f 8860 8862 8861
f 8834 8842 8838
f 8858 8863 8856
f 8864 8841 8862
f 8856 8865 8857
f 8866 8868 8867
f 8869 8856 8863
f 8843 8854 8845
f 8870 8871 8872
f 8868 8859 8867
f 8861 8845 8854
f 8871 8870 8869
f 8832 8845 8861
f 8873 8872 8874
f 8878 8876 8875
f 8860 8859 8864
f 8839 8841 8880
f 8853 8876 8878
f 8881 8882 8883
f 8847 8853 8878
f 8884 8870 8872
f 8875 8847 8878
f 8884 8872 8873
f 8855 8847 8875
f 8847 8837 8853
f 8885 8883 8882
f 8851 8877 8853
f 8877 8876 8853
f 8844 8848 8852
f 8887 8840 8839
f 8888 8848 8850
f 8888 8852 8848
f 8889 8888 8850
f 8890 8891 8883
f 8892 8890 8883
f 8885 8892 8883
f 8880 8841 8894
f 8839 8880 8887
f 8895 8865 8856
f 8887 8880 8896
f 8887 8896 8897
f 8898 8863 8899
f 8863 8900 8901
f 8901 8899 8863
f 8898 8902 8874
f 8903 8874 8902
f 8893 8888 8904
f 8895 8856 8906
f 8906 8905 8895
f 8907 8842 8840
f 8889 8904 8888
f 8831 8828 8835
f 8856 8869 8906
f 8907 8840 8887
f 8908 8850 8849
f 8909 8904 8889
f 8836 8908 8831
f 8907 8851 8842
f 8867 8861 8854
f 8910 8851 8907
f 8911 8907 8897
f 8864 8862 8860
f 8907 8887 8897
f 8828 8837 8846
f 8835 8828 8846
f 8859 8861 8867
f 8858 8879 8886
f 8832 8861 8862
f 8912 8835 8881
f 8835 8846 8881
f 8913 8914 8915
f 8833 8830 8829
f 8841 8832 8862
f 8910 8907 8911
f 8849 8833 8908
f 8829 8908 8833
f 8829 8831 8908
f 8919 8920 8921
f 8858 8886 8900
f 8858 8900 8863
f 8922 8923 8924
f 8893 8904 8900
f 8925 8914 8926
f 8927 8928 8929
f 8925 8923 8914
f 8836 8850 8908
f 8909 8901 8904
f 8904 8901 8900
f 8928 8920 8896
f 8920 8930 8896
f 8895 8879 8865
f 8857 8879 8858
f 8917 8915 8922
f 8865 8879 8857
f 8889 8836 8891
f 8874 8932 8873
f 8922 8924 8917
f 8925 8927 8933
f 8899 8909 8891
f 8891 8909 8889
f 8922 8915 8914
f 8922 8914 8923
f 8934 8924 8923
f 8936 8934 8923
f 8909 8899 8901
f 8866 8934 8936
f 8899 8891 8890
f 8836 8835 8912
f 8899 8902 8898
f 8836 8889 8850
f 8836 8912 8891
f 8883 8891 8912
f 8903 8902 8937
f 8911 8897 8930
f 8846 8855 8881
f 8868 8866 8936
f 8881 8883 8912
f 8882 8881 8938
f 8932 8874 8903
f 8933 8923 8925
f 8923 8933 8939
f 8939 8868 8936
f 8869 8863 8871
f 8871 8863 8898
f 8864 8859 8868
f 8919 8940 8911
f 8939 8933 8864
f 8939 8936 8923
f 8864 8868 8939
f 8933 8894 8864
f 8910 8911 8940
f 8919 8911 8930
f 8916 8915 8917
f 8930 8920 8919
f 8941 8913 8916
f 8916 8913 8915
f 8919 8931 8942
f 8925 8926 8927
f 8918 8935 8916
f 8916 8935 8941
f 8890 8937 8899
f 8902 8899 8937
f 8871 8898 8872
f 8942 8940 8919
f 8872 8898 8874
f 8935 8926 8941
f 8926 8913 8941
f 8894 8929 8880
f 8943 8932 8903
f 8894 8927 8929
f 8841 8864 8894
f 8896 8880 8929
f 8929 8928 8896
f 8927 8926 8928
f 8930 8897 8896
f 8913 8926 8914
f 8937 8892 8943
f 8892 8937 8890
f 8933 8927 8894
f 8885 8943 8892
f 8943 8903 8937
f 8855 8938 8881
f 8945 8944 8938
f 8932 8945 8873
f 8944 8882 8938
f 8944 8945 8932
f 8948 8906 8869
f 8948 8905 8906
f 8949 8905 8950
f 8951 8952 8953
f 8948 8950 8905
f 8954 8955 8956
f 8954 8952 8955
f 8870 8884 8958
f 8959 8960 8948
f 8950 8948 8960
f 8961 8958 8884
f 8958 8962 8953
f 8962 8951 8953
f 8958 8961 8962
f 8949 8950 8957
f 8965 8961 8966
f 8964 8967 8968
f 8962 8969 8951
f 8952 8951 8969
f 8961 8970 8962
f 8971 8968 8967
f 8965 8970 8961
f 8971 8967 8963
f 8972 8971 8963
f 8973 8974 8975
f 8952 8969 8976
f 8977 8974 8973
f 8978 8969 8970
f 8977 8979 8980
f 8981 8979 8977
f 8957 8950 8960
f 8963 8982 8972
f 8983 8984 8985
f 8960 8987 8957
f 8987 8986 8957
f 8976 8955 8952
f 8983 8988 8980
f 8980 8979 8983
f 8989 8990 8984
f 8969 8978 8976
f 8972 8982 8990
f 8989 8972 8990
f 8976 8978 8992
f 8959 8954 8960
f 8983 8989 8984
f 8993 8954 8959
f 8978 8970 8994
f 8971 8972 8989
f 8974 8978 8995
f 8952 8954 8993
f 8995 8978 8994
f 8952 8993 8953
f 8996 8979 8989
f 8960 8954 8956
f 8991 8964 8968
f 8956 8987 8960
f 8983 8979 8996
f 8997 8981 8998
f 8970 8969 8962
f 8989 8983 8996
f 8999 8998 9000
f 8948 8869 8959
f 8869 8953 8959
f 9002 9000 8998
f 9001 8982 8963
f 8989 9003 8971
f 8989 8979 9003
f 8988 8976 8992
f 8999 8968 8971
f 8999 9003 8979
f 9005 9006 9007
f 8982 9001 9008
f 8869 8870 8953
f 8980 8988 8992
f 8990 8982 9008
f 9005 9007 9009
f 8958 8953 8870
f 8978 8974 8992
f 9000 8991 8968
f 9005 9010 9011
f 9012 9005 9011
f 8999 8979 8997
f 9004 8991 9000
f 8971 9003 8999
f 9002 9004 9000
f 9013 8981 8977
f 8974 8995 8975
f 9014 8956 8955
f 9004 9015 8947
f 8985 8955 8976
f 8979 8981 8997
f 9013 8977 8973
f 8974 8977 8992
f 8993 8959 8953
f 8977 8980 8992
f 9016 9013 8973
f 9000 8968 8999
f 8983 8976 8988
f 8990 9014 8985
f 8999 8997 8998
f 8946 8947 9015
f 8990 8985 8984
f 8990 9008 9014
f 9014 8955 8985
f 9011 8998 8981
f 8981 9012 9011
f 9017 8986 8987
f 8983 8985 8976
f 8966 8961 8884
f 9012 9013 9016
f 9013 9012 8981
f 8995 8994 8975
f 9018 9015 9002
f 9005 9012 9019
f 9019 9012 9016
f 9002 9015 9004
f 9015 9018 9020
f 8946 9015 9020
f 8956 9017 8987
f 9010 9018 9011
f 9021 9017 9008
f 9020 9018 9010
f 9009 9020 9010
f 9017 8956 9014
f 9011 9018 9002
f 9014 9008 9017
f 8994 8970 8965
f 9002 8998 9011
f 9001 9021 9008
f 9005 9019 9006
f 9009 9010 9005
f 8843 8844 1204
f 8844 8852 1140
f 8854 8843 1137
f 8866 8867 1205
f 8886 8879 1138
f 8852 8888 1206
f 8888 8893 1145
f 8879 8895 1150
f 8895 8905 1180
f 8867 8854 1147
f 8916 8917 1208
f 8918 8916 1207
f 8900 8886 1152
f 8893 8900 1209
f 8917 8924 1210
f 8935 8918 1154
f 8924 8934 1160
f 8934 8866 1159
f 8947 8946 1162
f 8949 8957 1164
f 8967 8964 1168
f 8963 8967 1212
f 8957 8986 1178
f 8964 8991 1213
f 9001 8963 1171
f 8991 9004 1174
f 9004 8947 1176
f 8986 9017 1182
f 9017 9021 1214
f 9021 9001 1172
f 8905 8949 1211
f 1204 1136 8843
f 1140 1204 8844
f 1137 1149 8854
f 1205 1157 8866
f 1138 1144 8886
f 1206 1142 8852
f 1145 1206 8888
f 1150 1139 8879
f 1180 1153 8895
f 1147 1205 8867
f 1208 1207 8916
f 1207 1155 8918
f 1152 1209 8900
f 1209 1146 8893
f 1210 1208 8917
f 1160 1210 8924
f 1159 1161 8934
f 1162 1177 8947
f 1164 1211 8949
f 1168 1212 8967
f 1212 1167 8963
f 1178 1170 8957
f 1213 1169 8964
f 1171 1173 9001
f 1174 1213 8991
f 1176 1175 9004
f 1182 1179 8986
f 1214 1183 9017
f 1172 1214 9021
f 1211 1181 8905
f 8843 1136 1135
f 8843 1135 1137
f 8879 1139 1138
f 8852 1141 1140
f 8852 1142 1141
f 8886 1144 1143
f 8893 1146 1145
f 8854 1148 1147
f 8854 1149 1148
f 8895 1151 1150
f 8886 1143 1152
f 8895 1153 1151
f 8918 1155 1154
f 8866 1157 1156
f 8866 1156 1158
f 8866 1158 1159
f 8934 1161 1160
f 8946 1163 1162
f 8957 1165 1164
f 8963 1167 1166
f 8964 1169 1168
f 8957 1170 1165
f 8963 1166 1171
f 9001 1173 1172
f 9004 1175 1174
f 8947 1177 1176
f 8986 1179 1178
f 8905 1181 1180
f 9017 1183 1182
f 8877 8851 2517
f 8885 8882 2474
f 8943 8885 2518
f 8855 8875 2465
f 8938 8855 2471
f 8851 8910 2468
f 8882 8944 2472
f 8944 8932 2520
f 8932 8943 2478
f 8945 8938 2519
f 8884 8873 2521
f 8873 8945 2476
f 8910 8940 2522
f 8940 8942 2480
f 8966 8884 2482
f 8975 8994 2523
f 8973 8975 2490
f 8965 8966 2496
f 8994 8965 2488
f 9016 8973 2494
f 9019 9016 2499
f 9006 9019 2491
f 9007 9006 2524
f 2517 2464 8877
f 2474 2518 8885
f 2518 2479 8943
f 2465 2467 8855
f 2471 2519 8938
f 2468 2517 8851
f 2472 2475 8882
f 2520 2473 8944
f 2478 2520 8932
f 2519 2477 8945
f 2521 2483 8884
f 2476 2521 8873
f 2522 2481 8910
f 2480 2522 8940
f 2482 2485 8966
f 2523 2487 8975
f 2490 2495 8973
f 2496 2489 8965
f 2488 2523 8994
f 2494 2500 9016
f 2499 2492 9019
f 2491 2524 9006
f 2524 2498 9007
f 8875 2463 2462
f 8875 2462 2465
f 8855 2467 2466
f 8910 2469 2468
f 8855 2466 2470
f 8855 2470 2471
f 8944 2473 2472
f 8882 2475 2474
f 8945 2477 2476
f 8943 2479 2478
f 8942 2461 2480
f 8910 2481 2469
f 8884 2483 2482
f 8966 2485 2484
f 8975 2487 2486
f 8965 2489 2488
f 8975 2486 2490
f 9019 2492 2491
f 8966 2484 2493
f 8973 2495 2494
f 8966 2493 2496
f 9007 2498 2497
f 9016 2500 2499
f 9007 2497 2501
f 8875 8876 295
f 8876 8877 8823
f 8919 8921 277
f 8920 8928 297
f 8931 8919 279
f 8926 8935 281
f 8928 8926 285
f 8921 8920 296
f 8942 8931 298
f 8935 1154 299
f 2463 8875 293
f 2461 8942 294
f 8877 2464 302
f 295 288 8875
f 8823 295 8876
f 277 280 8919
f 297 296 8920
f 279 298 8931
f 281 286 8926
f 285 297 8928
f 296 284 8921
f 298 290 8942
f 299 291 8935
f 293 300 2463
f 294 301 2461
f 302 8827 8877
f 8921 278 277
f 8919 280 279
f 8935 282 281
f 8921 284 283
f 8926 286 285
f 8921 283 278
f 8875 288 287
f 8877 8824 8823
f 8942 290 289
f 8935 291 282
f 8877 8825 8824
f 8942 289 292
f 8875 287 293
f 8942 292 294
f 8877 8826 8825
f 8877 8827 8826
f 9022 9023 196
f 9022 196 195
f 9024 9025 198
f 9024 198 197
f 9026 9027 204
f 9026 204 203
f 9028 9029 206
f 9028 206 205
f 9029 9030 207
f 9029 207 206
f 9030 9031 208
f 9030 208 207
f 9032 9033 212
f 9032 212 211
f 310 9034 215
f 310 215 214
f 9035 9032 211
f 9035 211 216
f 9036 9035 216
f 9036 216 218
f 9034 9037 220
f 9034 220 215
f 313 314 222
f 313 222 221
f 9038 313 221
f 9038 221 223
f 9039 325 225
f 9039 225 226
f 9023 9040 227
f 9023 227 196
f 317 9022 195
f 317 195 228
f 9040 9024 197
f 9040 197 227
f 9027 9041 230
f 9027 230 204
f 9041 9042 231
f 9041 231 230
f 9043 9044 233
f 9043 233 232
f 9042 9028 205
f 9042 205 231
f 9031 9043 232
f 9031 232 208
f 9033 9026 203
f 9033 203 212
f 9025 9045 236
f 9025 236 198
f 9046 9036 218
f 9046 218 238
f 9045 321 237
f 9045 237 236
f 353 9046 238
f 353 238 239
f 9037 323 239
f 9037 239 220
f 9044 9047 240
f 9044 240 233
f 9047 9039 226
f 9047 226 240
f 1839 9038 223
f 1839 223 225
f 9048 9049 9050
f 9053 9050 9054
f 9058 9049 9048
f 9059 9049 9058
f 9058 9048 9060
f 9053 9060 9050
f 9048 9050 9060
f 9061 9062 9055
f 9061 9053 9054
f 9059 9058 9063
f 9060 9053 9056
f 9054 9050 9049
f 9055 9056 9053
f 9064 9065 9062
f 9066 9064 9067
f 9064 9066 9068
f 9068 9065 9064
f 9070 9071 9072
f 9071 9073 9066
f 9066 9067 9071
f 9073 9071 9070
f 9049 9059 9054
f 9053 9061 9055
f 9074 9051 9052
f 9075 9074 9052
f 9070 9072 9076
f 9072 9077 9076
f 9078 9079 9080
f 9077 9081 9076
f 9082 9080 9079
f 9075 9084 9085
f 9076 9086 9087
f 9086 9076 9081
f 9069 9088 9089
f 9090 9068 9066
f 9091 9081 9077
f 9091 9077 9092
f 9066 9093 9090
f 9078 9094 9095
f 9094 9078 9096
f 9078 9080 9096
f 9077 9097 9089
f 9093 9073 9098
f 9073 9093 9066
f 9098 9073 9070
f 9089 9088 9077
f 9070 9076 9098
f 9067 9099 9071
f 9100 9098 9076
f 9057 9055 9101
f 9067 9054 9102
f 9103 9104 9105
f 9106 9076 9107
f 9102 9099 9067
f 9071 9099 9072
f 9062 9101 9055
f 9062 9065 9101
f 9085 9108 9109
f 9075 9052 9084
f 9052 9083 9101
f 9084 9052 9101
f 9084 9101 9065
f 9059 9102 9054
f 9065 9068 9084
f 9090 9084 9068
f 9099 9102 9097
f 9076 9087 9107
f 9110 9082 9107
f 9062 9061 9064
f 9100 9076 9106
f 9089 9097 9102
f 9107 9112 9106
f 9112 9107 9082
f 9082 9113 9112
f 9061 9067 9064
f 9061 9054 9067
f 9115 9116 9111
f 9115 9117 9118
f 9086 9081 9087
f 9116 9119 9111
f 9114 9087 9081
f 9091 9114 9081
f 9075 9085 9121
f 9122 9123 9124
f 9110 9125 9122
f 9072 9099 9097
f 9117 9128 9129
f 9097 9077 9072
f 9118 9117 9129
f 9098 9117 9093
f 9098 9128 9117
f 9108 9084 9090
f 9128 9100 9129
f 9117 9090 9093
f 9085 9084 9108
f 9100 9128 9098
f 9108 9090 9115
f 9115 9090 9117
f 9115 9109 9108
f 9111 9109 9115
f 9102 9059 9063
f 9102 9063 9069
f 9116 9130 9127
f 9089 9102 9069
f 9118 9079 9130
f 9113 9082 9079
f 9116 9118 9130
f 9113 9079 9118
f 9087 9114 9105
f 9116 9115 9118
f 9103 9105 9114
f 9113 9118 9129
f 9129 9112 9113
f 9109 9121 9085
f 9127 9130 9095
f 9078 9095 9130
f 9130 9079 9078
f 9110 9124 9082
f 9119 9127 9131
f 9105 9110 9107
f 9087 9105 9107
f 9110 9105 9125
f 9100 9112 9129
f 9106 9112 9100
f 9119 9116 9127
f 9080 9082 9124
f 9110 9122 9124
f 9124 9123 9136
f 9137 9138 9120
f 9139 9138 9137
f 9120 9142 9137
f 9143 9137 9142
f 9144 9143 9142
f 9145 9146 9147
f 9105 9148 9125
f 9148 9122 9125
f 9149 9145 9150
f 9122 9148 9123
f 9146 9145 9151
f 9149 9151 9145
f 9152 9153 9141
f 9143 9144 9154
f 9151 9149 9143
f 9155 9104 9120
f 9123 9148 9136
f 9157 9150 9158
f 9136 9159 9152
f 9148 9155 9160
f 9161 9162 9163
f 9163 9139 9161
f 9136 9148 9160
f 9157 9164 9150
f 9150 9165 9166
f 9165 9167 9166
f 9150 9166 9168
f 9158 9150 9168
f 9135 9142 9120
f 9104 9148 9105
f 9169 9170 9137
f 9137 9143 9169
f 9155 9148 9104
f 9157 9171 9164
f 9103 9120 9104
f 9154 9151 9143
f 9151 9154 9146
f 9131 9127 9126
f 9175 9170 9169
f 9176 9175 9169
f 9176 9169 9177
f 9164 9149 9150
f 9162 9161 9178
f 9147 9179 9180
f 9164 9169 9143
f 9164 9143 9149
f 9164 9177 9169
f 9159 9136 9181
f 9096 9140 9094
f 9182 9179 9147
f 9096 9080 9152
f 9160 9181 9136
f 9178 9161 9158
f 9152 9141 9096
f 9141 9140 9096
f 9171 9184 9164
f 9181 9160 9138
f 9181 9138 9139
f 9185 9146 9154
f 9185 9134 9146
f 9145 9186 9165
f 9157 9161 9139
f 9145 9165 9150
f 9155 9138 9160
f 9136 9152 9124
f 9175 9176 9184
f 9120 9138 9155
f 9146 9134 9147
f 9179 9187 9180
f 9147 9188 9182
f 9188 9147 9134
f 9189 9190 9191
f 9161 9157 9158
f 9179 9192 9187
f 9193 9194 9191
f 9177 9184 9176
f 9185 9133 9134
f 9195 9196 9189
f 9197 9198 9199
f 9174 9173 9200
f 9156 9172 9201
f 9177 9164 9184
f 9202 9203 9204
f 9202 9204 9205
f 9204 9206 9205
f 9207 9201 9172
f 9208 9209 9210
f 9195 9189 9208
f 9208 9210 9195
f 9183 9211 9172
f 9212 9213 9214
f 9211 9207 9172
f 9134 9214 9188
f 9215 9216 9192
f 9217 9207 9211
f 9217 9167 9207
f 9215 9200 9216
f 9218 9219 9203
f 9205 9220 9221
f 9202 9205 9222
f 9202 9218 9203
f 9223 9205 9206
f 9220 9205 9223
f 9224 9225 9226
f 9227 9193 9195
f 9219 9227 9195
f 9215 9192 9229
f 9227 9230 9231
f 9167 9165 9207
f 9216 9207 9180
f 9180 9207 9165
f 9153 9152 9159
f 9232 9192 9179
f 9147 9186 9145
f 9194 9209 9191
f 9233 9223 9206
f 9180 9165 9186
f 9192 9216 9187
f 9186 9147 9180
f 9232 9179 9213
f 9232 9229 9192
f 9234 9235 9236
f 9194 9237 9209
f 9162 9238 9239
f 9153 9159 9181
f 9153 9181 9217
f 9194 9193 9227
f 9163 9162 9239
f 9240 9233 9206
f 9241 9242 9243
f 9244 9236 9235
f 9223 9233 9245
f 9181 9163 9239
f 9216 9180 9187
f 9170 9139 9137
f 9248 9238 9162
f 9239 9238 9248
f 9166 9181 9239
f 9166 9239 9248
f 9182 9188 9214
f 9139 9170 9157
f 9179 9182 9213
f 9183 9153 9211
f 9252 9246 9247
f 9253 9240 9230
f 9217 9211 9153
f 9224 9228 9254
f 9190 9251 9196
f 9252 9255 9236
f 9244 9252 9236
f 9189 9191 9208
f 9209 9204 9210
f 9251 9189 9196
f 9256 9240 9253
f 9219 9210 9203
f 9196 9191 9190
f 9195 9210 9219
f 9237 9204 9209
f 9198 9257 9258
f 9259 9257 9198
f 9198 9260 9259
f 9204 9203 9210
f 9231 9237 9194
f 9204 9237 9206
f 9261 9225 9224
f 9167 9217 9181
f 9262 9263 9264
f 9244 9265 9252
f 9229 9232 9221
f 9229 9221 9199
f 9198 9266 9260
f 9260 9243 9242
f 9243 9260 9266
f 9208 9191 9209
f 9245 9266 9198
f 9194 9227 9231
f 9267 9226 9225
f 9237 9231 9206
f 9182 9214 9213
f 9191 9196 9195
f 9181 9166 9167
f 9266 9245 9233
f 9152 9080 9124
f 9195 9193 9191
f 9268 9253 9230
f 9260 9234 9259
f 9205 9221 9222
f 9207 9216 9201
f 9242 9234 9260
f 9199 9198 9258
f 9184 9157 9170
f 9234 9242 9235
f 9241 9235 9242
f 9269 9262 9270
f 9253 9268 9256
f 9271 9266 9268
f 9235 9272 9244
f 9256 9268 9266
f 9218 9227 9219
f 9235 9241 9272
f 9230 9227 9218
f 9231 9240 9206
f 9272 9265 9244
f 9157 9184 9171
f 9274 9269 9270
f 9230 9240 9231
f 9178 9248 9162
f 9278 9228 9279
f 9282 9250 9267
f 9283 9279 9228
f 9272 9241 9262
f 9168 9248 9178
f 9166 9248 9168
f 9272 9262 9264
f 9174 9200 9215
f 9184 9170 9175
f 9271 9243 9266
f 9261 9254 9280
f 9229 9285 9215
f 9280 9286 9261
f 9277 9286 9280
f 9213 9287 9232
f 9251 9175 9132
f 9175 9251 9176
f 9190 9189 9251
f 9287 9213 9212
f 9163 9181 9139
f 9287 9212 9288
f 9287 9221 9232
f 9270 9289 9273
f 9201 9200 9173
f 9243 9290 9241
f 9288 9291 9287
f 9271 9290 9243
f 9241 9290 9262
f 9258 9257 9225
f 9292 9288 9212
f 9293 9288 9292
f 9286 9277 9261
f 9178 9158 9168
f 9267 9225 9282
f 9280 9228 9278
f 9280 9254 9228
f 9200 9201 9216
f 9290 9294 9289
f 9290 9271 9294
f 9199 9281 9229
f 9281 9285 9229
f 9295 9259 9234
f 9258 9281 9199
f 9262 9269 9263
f 9225 9257 9295
f 9282 9225 9295
f 9245 9198 9197
f 9259 9295 9257
f 9287 9222 9221
f 9291 9222 9287
f 9256 9233 9240
f 9256 9266 9233
f 9258 9225 9261
f 9197 9199 9221
f 9220 9197 9221
f 9252 9297 9246
f 9296 9297 9252
f 9281 9258 9277
f 9220 9223 9197
f 9273 9289 9294
f 9296 9252 9265
f 9282 9255 9250
f 9250 9255 9249
f 9261 9224 9254
f 9277 9258 9261
f 9269 9298 9263
f 9264 9265 9272
f 9245 9197 9223
f 9298 9264 9263
f 9255 9252 9247
f 9275 9174 9276
f 9247 9249 9255
f 9282 9295 9255
f 9236 9255 9295
f 9262 9289 9270
f 9236 9295 9234
f 9262 9290 9289
f 9246 9297 9284
f 9292 9212 9293
f 9052 9051 1086
f 9056 9055 1185
f 9055 9057 1082
f 9083 9052 1184
f 9074 9075 1187
f 9051 9074 1084
f 9057 9101 1090
f 9101 9083 1186
f 9111 9119 1188
f 9075 9121 1189
f 9121 9109 1092
f 9126 9127 1096
f 9109 9111 1094
f 9127 9095 1190
f 9095 9094 1102
f 9119 9131 1098
f 9140 9141 1191
f 9141 9153 1106
f 9172 9156 1100
f 9094 9140 1108
f 9173 9174 1193
f 9153 9183 1194
f 9183 9172 1110
f 9131 9126 1114
f 9228 9224 1195
f 9224 9226 1117
f 9156 9201 1196
f 9247 9246 1198
f 9250 9249 1124
f 9226 9267 1199
f 9249 9247 1197
f 9267 9250 1122
f 9283 9228 1115
f 9246 9284 1132
f 9201 9173 1192
f 9278 9279 1201
f 9279 9283 1202
f 9174 9275 1129
f 1086 1184 9052
f 1185 1081 9056
f 1082 1185 9055
f 1184 1186 9083
f 1187 1085 9074
f 1084 1088 9051
f 1090 1089 9057
f 1186 1091 9101
f 1188 1095 9111
f 1189 1187 9075
f 1092 1189 9121
f 1096 1105 9126
f 1094 1093 9109
f 1190 1097 9127
f 1102 1190 9095
f 1098 1188 9119
f 1191 1109 9140
f 1106 1191 9141
f 1100 1111 9172
f 1108 1103 9094
f 1193 1192 9173
f 1194 1107 9153
f 1110 1194 9183
f 1114 1113 9131
f 1195 1116 9228
f 1117 1195 9224
f 1196 1128 9156
f 1198 1197 9247
f 1124 1123 9250
f 1199 1119 9226
f 1197 1125 9249
f 1122 1199 9267
f 1115 1127 9283
f 1132 1198 9246
f 1192 1196 9201
f 1201 1200 9278
f 1202 1201 9279
f 1203 1202 9283
f 1129 1193 9174
f 9056 1081 1080
f 9057 1083 1082
f 9074 1085 1084
f 9051 1087 1086
f 9051 1088 1087
f 9057 1089 1083
f 9101 1091 1090
f 9109 1093 1092
f 9111 1095 1094
f 9127 1097 1096
f 9131 1099 1098
f 9156 1101 1100
f 9094 1103 1102
f 9126 1105 1104
f 9153 1107 1106
f 9140 1109 1108
f 9172 1111 1110
f 9126 1104 1112
f 9131 1113 1099
f 9126 1112 1114
f 9228 1116 1115
f 9226 1118 1117
f 9226 1119 1118
f 9275 1121 1120
f 9250 1123 1122
f 9249 1125 1124
f 9283 1127 1126
f 9156 1128 1101
f 9275 1130 1129
f 9275 1131 1130
f 9284 1133 1132
f 9284 1134 1133
f 9275 1120 1131
f 9058 9060 2502
f 9063 9058 2413
f 9069 9063 2503
f 9088 9069 2414
f 9077 9088 2421
f 9092 9077 2504
f 9120 9103 2427
f 9114 9091 2505
f 9103 9114 2416
f 9091 9092 2418
f 9134 9133 2425
f 9135 9120 2429
f 9144 9142 2443
f 9142 9135 2441
f 9212 9214 2507
f 9218 9202 2508
f 9251 9132 2423
f 9176 9251 2509
f 9214 9134 2506
f 9268 9230 2510
f 9202 9222 2511
f 9270 9273 2449
f 9274 9270 2512
f 9132 9175 2513
f 9175 9176 2439
f 9271 9268 2431
f 9294 9271 2514
f 9222 9291 2515
f 9291 9288 2452
f 9273 9294 2447
f 9185 9154 2516
f 9154 9144 2435
f 9133 9185 2445
f 9293 9212 2453
f 9230 9218 2459
f 2502 2412 9058
f 2413 2503 9063
f 2503 2415 9069
f 2414 2422 9088
f 2421 2504 9077
f 2504 2420 9092
f 2427 2430 9120
f 2505 2417 9114
f 2416 2428 9103
f 2418 2505 9091
f 2425 2506 9134
f 2429 2442 9135
f 2443 2436 9144
f 2441 2444 9142
f 2507 2454 9212
f 2508 2460 9218
f 2423 2509 9251
f 2509 2440 9176
f 2506 2507 9214
f 2510 2432 9268
f 2511 2508 9202
f 2449 2512 9270
f 2512 2434 9274
f 2513 2438 9132
f 2439 2513 9175
f 2431 2514 9271
f 2514 2448 9294
f 2515 2511 9222
f 2452 2515 9291
f 2447 2450 9273
f 2516 2451 9185
f 2435 2516 9154
f 2445 2426 9133
f 2453 2456 9293
f 2459 2510 9230
f 9058 2412 2411
f 9058 2411 2413
f 9069 2415 2414
f 9114 2417 2416
f 9092 2419 2418
f 9092 2420 2419
f 9088 2422 2421
f 9132 2424 2423
f 9133 2426 2425
f 9103 2428 2427
f 9120 2430 2429
f 9268 2432 2431
f 9274 2434 2433
f 9144 2436 2435
f 9132 2438 2437
f 9176 2440 2439
f 9135 2442 2441
f 9142 2444 2443
f 9185 2446 2445
f 9294 2448 2447
f 9273 2450 2449
f 9185 2451 2446
f 9212 2454 2453
f 9293 2456 2455
f 9132 2437 2458
f 9218 2460 2459
f 9132 2458 2424
f 9277 9280 9040
f 9281 9277 9022
f 9174 9215 318
f 9215 9285 305
f 9280 9278 9024
f 9285 9281 317
f 9296 9265 9041
f 9265 9264 9042
f 9269 9274 9044
f 9264 9298 9028
f 9298 9269 9043
f 9276 9174 307
f 9297 9296 9026
f 9288 9293 319
f 9275 9276 312
f 9278 1200 9045
f 1203 9283 310
f 9284 9297 9036
f 1121 9275 320
f 1200 1203 321
f 1134 9284 9046
f 9283 1126 323
f 9274 2433 9047
f 9293 2455 316
f 2433 2457 9039
f 2452 9288 9038
f 9040 9023 9277
f 9022 317 9281
f 318 308 9174
f 305 318 9215
f 9024 9040 9280
f 317 306 9285
f 9041 9027 9296
f 9042 9041 9265
f 9044 9043 9269
f 9028 9042 9264
f 9043 9031 9298
f 307 304 9276
f 9026 9033 9297
f 319 314 9288
f 312 320 9275
f 9045 9025 9278
f 310 321 1203
f 9036 9046 9284
f 320 322 1121
f 321 9045 1200
f 9046 353 1134
f 323 9037 9283
f 9047 9044 9274
f 316 319 9293
f 9039 9047 2433
f 9038 1839 2452
f 9277 9023 9022
f 9278 9025 9024
f 9276 304 303
f 9285 306 305
f 9296 9027 9026
f 9298 9029 9028
f 9298 9030 9029
f 9298 9031 9030
f 9174 308 307
f 9297 9033 9032
f 9276 303 309
f 9283 9034 310
f 9297 9032 9035
f 9276 309 311
f 9297 9035 9036
f 9276 311 312
f 9283 9037 9034
f 9288 314 313
f 9288 313 9038
f 2455 315 316
f 2457 325 9039

