# https://github.com/mikedh/trimesh
v 0.06453298 0.18312887 0.03520000
v 0.06539431 0.19637395 0.03520000
v 0.06709890 0.19351919 0.03520000
v 0.07739313 0.19769423 0.03520000
v 0.08474738 0.19511591 0.03520000
v 0.08008981 0.19141077 0.03520000
v 0.08465019 0.18822555 0.03520000
v 0.06762405 0.18478791 0.03520000
v 0.06542949 0.17354116 0.03520000
v 0.06555457 0.16065364 0.03520000
v 0.07936015 0.18285465 0.03520000
v 0.07439775 0.18718318 0.03520000
v 0.06843865 0.17913518 0.03520000
v 0.07357808 0.17872153 0.03520000
v 0.09337287 0.18180385 0.03520000
v 0.09264637 0.18583763 0.03520000
v 0.06794662 0.19396519 0.03520000
v 0.07376198 0.17155226 0.03520000
v 0.08042466 0.17341045 0.03520000
v 0.07983340 0.17785639 0.03520000
v 0.06751519 0.17298342 0.03520000
v 0.07451225 0.19675024 0.03520000
v 0.06841186 0.17544098 0.03520000
v 0.08533096 0.18098782 0.03520000
v 0.06565401 0.18461483 0.03520000
v 0.06709324 0.17064950 0.03520000
v 0.07060025 0.19556274 0.03520000
v 0.06755874 0.16800898 0.03520000
v 0.08956249 0.17554671 0.03520000
v 0.08518602 0.17216633 0.03520000
v 0.09254040 0.19533668 0.03520000
v 0.09038500 0.19368452 0.03520000
v 0.09182498 0.19050208 0.03520000
v 0.09471378 0.17234058 0.03520000
v 0.08931049 0.17963795 0.03520000
v 0.09127255 0.16955247 0.03520000
v 0.06704920 0.17936238 0.03520000
v 0.06479509 0.18286465 0.03520000
v 0.07204771 0.19635904 0.03520000
v 0.06714432 0.18734414 0.03520000
v 0.06653737 0.19088701 0.03520000
v 0.06795282 0.19485131 0.03520000
v 0.06762654 0.16601185 0.03520000
v 0.06644320 0.13657885 0.03520000
v 0.08160130 0.15600642 0.03520000
v 0.09005944 0.15697770 0.03520000
v 0.08808923 0.16167192 0.03520000
v 0.09052924 0.15344469 0.03520000
v 0.06503204 0.13094276 0.03520000
v 0.07152468 0.16469194 0.03520000
v 0.07585697 0.16471237 0.03520000
v 0.06530712 0.14857948 0.03520000
v 0.06659717 0.14297660 0.03520000
v 0.06655248 0.14218635 0.03520000
v 0.06695288 0.13771898 0.03520000
v 0.06545942 0.15544521 0.03520000
v 0.08183831 0.16367734 0.03520000
v 0.08682167 0.12993160 0.03520000
v 0.08890718 0.12615568 0.03520000
v 0.09289347 0.13058310 0.03520000
v 0.07004276 0.15424926 0.03520000
v 0.07678693 0.16048216 0.03520000
v 0.06488709 0.15473610 0.03520000
v 0.06775066 0.15821773 0.03520000
v 0.06792878 0.15038813 0.03520000
v 0.07569623 0.15509162 0.03520000
v 0.06575629 0.16082512 0.03520000
v 0.06481686 0.15531624 0.03520000
v 0.06466067 0.16196718 0.03520000
v 0.08331657 0.15311712 0.03520000
v 0.06898367 0.16397315 0.03520000
v 0.08990309 0.16542561 0.03520000
v 0.06510678 0.14735454 0.03520000
v 0.06503468 0.14350441 0.03520000
v 0.08044433 0.13164376 0.03520000
v 0.08649392 0.13534243 0.03520000
v 0.07567406 0.13737320 0.03520000
v 0.08739627 0.13867796 0.03520000
v 0.08081791 0.14335910 0.03520000
v 0.07323504 0.12953446 0.03520000
v 0.08293246 0.12674116 0.03520000
v 0.06572746 0.13191492 0.03520000
v 0.06922377 0.12796692 0.03520000
v 0.06967824 0.14289049 0.03520000
v 0.07380779 0.14734313 0.03520000
v 0.06853852 0.13421018 0.03520000
v 0.06506062 0.14212339 0.03520000
v 0.07904935 0.14837673 0.03520000
v 0.07598667 0.14444902 0.03520000
v 0.08353866 0.14778693 0.03520000
v 0.07106187 0.14192378 0.03520000
v 0.08643286 0.14462035 0.03520000
v 0.06838338 0.14017199 0.03520000
v 0.08877584 0.14895276 0.03520000
v 0.09326452 0.14834375 0.03520000
v 0.09117912 0.14278609 0.03520000
v 0.09408162 0.13536130 0.03520000
v 0.06450000 0.19401706 0.03520000
v 0.06450000 0.18314176 0.03520000
v 0.06450000 0.17328784 0.03520000
v 0.06450000 0.16342357 0.03520000
v 0.06450000 0.17550046 0.03520000
v 0.06450000 0.18302550 0.03520000
v 0.06450000 0.19720203 0.03520000
v 0.06450000 0.19540506 0.03520000
v 0.06450000 0.18540812 0.03520000
v 0.06450000 0.18703099 0.03520000
v 0.06450000 0.18368712 0.03520000
v 0.06450000 0.17361786 0.03520000
v 0.06450000 0.17505279 0.03520000
v 0.06450000 0.18073102 0.03520000
v 0.06450000 0.17291166 0.03520000
v 0.06450000 0.17022416 0.03520000
v 0.06450000 0.18852757 0.03520000
v 0.06450000 0.18644060 0.03520000
v 0.06450000 0.19555496 0.03520000
v 0.06450000 0.18314433 0.03520000
v 0.06450000 0.19313935 0.03520000
v 0.06450000 0.14575674 0.03520000
v 0.06450000 0.14829954 0.03520000
v 0.06450000 0.13017874 0.03520000
v 0.06450000 0.13189977 0.03520000
v 0.06450000 0.14980604 0.03520000
v 0.06450000 0.15505502 0.03520000
v 0.06450000 0.13659560 0.03520000
v 0.06450000 0.13116922 0.03520000
v 0.06450000 0.16776746 0.03520000
v 0.06450000 0.16669373 0.03520000
v 0.06450000 0.16860962 0.03520000
v 0.06450000 0.16332107 0.03520000
v 0.06450000 0.15642044 0.03520000
v 0.06450000 0.15980163 0.03520000
v 0.06450000 0.15666029 0.03520000
v 0.06450000 0.15322177 0.03520000
v 0.06450000 0.15826484 0.03520000
v 0.06450000 0.15446081 0.03520000
v 0.06450000 0.14247393 0.03520000
v 0.06450000 0.14080620 0.03520000
v 0.06450000 0.14532686 0.03520000
v 0.06450000 0.15380361 0.03520000
v 0.06450000 0.14493438 0.03520000
v 0.06450000 0.13733967 0.03520000
v 0.06450000 0.13485187 0.03520000
v 0.06450000 0.13143571 0.03520000
v 0.06450000 0.12562289 0.03520000
v 0.06450000 0.16256027 0.03520000
v 0.06450000 0.13728228 0.03520000
v 0.06450000 0.14107417 0.03520000
v 0.06450000 0.14364519 0.03520000
v 0.06450000 0.13647933 0.03520000
v 0.06450000 0.15147719 0.03520000
v 0.06450000 0.19630653 0.03520000
v 0.06450000 0.19670615 0.03520000
v 0.06450000 0.19255370 0.03520000
v 0.06450000 0.18262035 0.03520000
v 0.06450000 0.18291958 0.03520000
v 0.06450000 0.13066245 0.03520000
v 0.06450000 0.12859535 0.03520000
v 0.06450000 0.16145281 0.03520000
v 0.06450000 0.16074084 0.03520000
v 0.06450000 0.16192766 0.03520000
v 0.06450000 0.14327061 0.03520000
v 0.06450000 0.14729094 0.03520000
v 0.06450000 0.13239049 0.03520000
v 0.06450000 0.14199385 0.03520000
v 0.06450000 0.14220810 0.03520000
v 0.06450000 0.14261124 0.03520000
v 0.06733890 0.19770000 0.03520000
v 0.06607474 0.19770000 0.03520000
v 0.08163601 0.19770000 0.03520000
v 0.07744169 0.19770000 0.03520000
v 0.06956768 0.19770000 0.03520000
v 0.07335586 0.19770000 0.03520000
v 0.07739159 0.19770000 0.03520000
v 0.07230068 0.19770000 0.03520000
v 0.06925030 0.19770000 0.03520000
v 0.08841099 0.19770000 0.03520000
v 0.08636108 0.19770000 0.03520000
v 0.07532759 0.19770000 0.03520000
v 0.07394681 0.19770000 0.03520000
v 0.07087218 0.19770000 0.03520000
v 0.06943772 0.19770000 0.03520000
v 0.06753246 0.19770000 0.03520000
v 0.06558156 0.19770000 0.03520000
v 0.06591025 0.19770000 0.03520000
v 0.06450000 0.19770000 0.03520000
v 0.06473580 0.19770000 0.03520000
v 0.07498676 0.19770000 0.03520000
v 0.09133849 0.19770000 0.03520000
v 0.06777106 0.19770000 0.03520000
v 0.07278951 0.19770000 0.03520000
v 0.06519846 0.19770000 0.03520000
v 0.06461463 0.19770000 0.03520000
v 0.09500000 0.17290771 0.03520000
v 0.09500000 0.17604026 0.03520000
v 0.09500000 0.17902262 0.03520000
v 0.09500000 0.15243729 0.03520000
v 0.09500000 0.15381194 0.03520000
v 0.09500000 0.18259266 0.03520000
v 0.09500000 0.18443204 0.03520000
v 0.09500000 0.19132330 0.03520000
v 0.09500000 0.19322354 0.03520000
v 0.09500000 0.18789717 0.03520000
v 0.09500000 0.18977438 0.03520000
v 0.09500000 0.15743712 0.03520000
v 0.09500000 0.15844898 0.03520000
v 0.09500000 0.12692273 0.03520000
v 0.09500000 0.12867589 0.03520000
v 0.09500000 0.12560279 0.03520000
v 0.09500000 0.16202519 0.03520000
v 0.09500000 0.16417808 0.03520000
v 0.09500000 0.16491797 0.03520000
v 0.09500000 0.17124656 0.03520000
v 0.09500000 0.14414315 0.03520000
v 0.09500000 0.14652677 0.03520000
v 0.09500000 0.13736592 0.03520000
v 0.09500000 0.14160301 0.03520000
v 0.09500000 0.13410892 0.03520000
v 0.09500000 0.13592004 0.03520000
v 0.09500000 0.19637870 0.03520000
v 0.09500000 0.19728950 0.03520000
v 0.09500000 0.17910825 0.03520000
v 0.09500000 0.17211274 0.03520000
v 0.09500000 0.15652361 0.03520000
v 0.09500000 0.14742447 0.03520000
v 0.09500000 0.18566902 0.03520000
v 0.09500000 0.19454655 0.03520000
v 0.09500000 0.15864887 0.03520000
v 0.09500000 0.12929139 0.03520000
v 0.09500000 0.17157370 0.03520000
v 0.09500000 0.13626970 0.03520000
v 0.09500000 0.19770000 0.03520000
v 0.09500000 0.13159306 0.03520000
v 0.09500000 0.19610671 0.03520000
v 0.07595540 0.12540000 0.03520000
v 0.07923363 0.12540000 0.03520000
v 0.08370350 0.12540000 0.03520000
v 0.08802510 0.12540000 0.03520000
v 0.06547921 0.12540000 0.03520000
v 0.06581959 0.12540000 0.03520000
v 0.07207797 0.12540000 0.03520000
v 0.07235448 0.12540000 0.03520000
v 0.07259407 0.12540000 0.03520000
v 0.08178368 0.12540000 0.03520000
v 0.06542849 0.12540000 0.03520000
v 0.06494342 0.12540000 0.03520000
v 0.06450000 0.12540000 0.03520000
v 0.09053508 0.12540000 0.03520000
v 0.09500000 0.12540000 0.03520000
v 0.08865080 0.12540000 0.03520000
v 0.08971335 0.12540000 0.03520000
v 0.06856398 0.12540000 0.03520000
v 0.06901168 0.12540000 0.03520000
v 0.09500000 0.19770000 0.03316545
v 0.06450000 0.12540000 0.03484958
v 0.06450000 0.19401706 0.04110000
v 0.06450000 0.18314176 0.04110000
v 0.06450000 0.17328784 0.04110000
v 0.06450000 0.16342357 0.04110000
v 0.06450000 0.17550046 0.04110000
v 0.06450000 0.18302550 0.04110000
v 0.06450000 0.19720203 0.04110000
v 0.06450000 0.19540506 0.04110000
v 0.06450000 0.18540812 0.04110000
v 0.06450000 0.18703099 0.04110000
v 0.06450000 0.18368712 0.04110000
v 0.06450000 0.17505279 0.04110000
v 0.06450000 0.17361786 0.04110000
v 0.06450000 0.18073102 0.04110000
v 0.06450000 0.17291166 0.04110000
v 0.06450000 0.17022416 0.04110000
v 0.06450000 0.18852757 0.04110000
v 0.06450000 0.18644060 0.04110000
v 0.06450000 0.18314433 0.04110000
v 0.06450000 0.19313935 0.04110000
v 0.06450000 0.19555496 0.04110000
v 0.06450000 0.14575674 0.04110000
v 0.06450000 0.14829954 0.04110000
v 0.06450000 0.13017874 0.04110000
v 0.06450000 0.13189977 0.04110000
v 0.06450000 0.14980604 0.04110000
v 0.06450000 0.15505502 0.04110000
v 0.06450000 0.13659560 0.04110000
v 0.06450000 0.13116922 0.04110000
v 0.06450000 0.16776746 0.04110000
v 0.06450000 0.16860962 0.04110000
v 0.06450000 0.16669373 0.04110000
v 0.06450000 0.16332107 0.04110000
v 0.06450000 0.15642044 0.04110000
v 0.06450000 0.15980163 0.04110000
v 0.06450000 0.15666029 0.04110000
v 0.06450000 0.15322177 0.04110000
v 0.06450000 0.15826484 0.04110000
v 0.06450000 0.15446081 0.04110000
v 0.06450000 0.14080620 0.04110000
v 0.06450000 0.14247393 0.04110000
v 0.06450000 0.14532686 0.04110000
v 0.06450000 0.15380361 0.04110000
v 0.06450000 0.14493438 0.04110000
v 0.06450000 0.13733967 0.04110000
v 0.06450000 0.13485187 0.04110000
v 0.06450000 0.13143571 0.04110000
v 0.06450000 0.12562289 0.04110000
v 0.06450000 0.16256027 0.04110000
v 0.06450000 0.13728228 0.04110000
v 0.06450000 0.14107417 0.04110000
v 0.06450000 0.14364519 0.04110000
v 0.06450000 0.13647933 0.04110000
v 0.06450000 0.15147719 0.04110000
v 0.06450000 0.19630653 0.04110000
v 0.06450000 0.19670615 0.04110000
v 0.06450000 0.19255370 0.04110000
v 0.06450000 0.18262035 0.04110000
v 0.06450000 0.18291958 0.04110000
v 0.06450000 0.13066245 0.04110000
v 0.06450000 0.12859535 0.04110000
v 0.06450000 0.16145281 0.04110000
v 0.06450000 0.16074084 0.04110000
v 0.06450000 0.16192766 0.04110000
v 0.06450000 0.14327061 0.04110000
v 0.06450000 0.14729094 0.04110000
v 0.06450000 0.13239049 0.04110000
v 0.06450000 0.14199385 0.04110000
v 0.06450000 0.14220810 0.04110000
v 0.06450000 0.14261124 0.04110000
v 0.06733890 0.19770000 0.04110000
v 0.06607474 0.19770000 0.04110000
v 0.08163601 0.19770000 0.04110000
v 0.07744169 0.19770000 0.04110000
v 0.06956768 0.19770000 0.04110000
v 0.07335586 0.19770000 0.04110000
v 0.07739159 0.19770000 0.04110000
v 0.07230068 0.19770000 0.04110000
v 0.06925030 0.19770000 0.04110000
v 0.08636108 0.19770000 0.04110000
v 0.08841099 0.19770000 0.04110000
v 0.07532759 0.19770000 0.04110000
v 0.07394681 0.19770000 0.04110000
v 0.07087218 0.19770000 0.04110000
v 0.06943772 0.19770000 0.04110000
v 0.06753246 0.19770000 0.04110000
v 0.06558156 0.19770000 0.04110000
v 0.06450000 0.19770000 0.04110000
v 0.06591025 0.19770000 0.04110000
v 0.06473580 0.19770000 0.04110000
v 0.07498676 0.19770000 0.04110000
v 0.09133849 0.19770000 0.04110000
v 0.06777106 0.19770000 0.04110000
v 0.07278951 0.19770000 0.04110000
v 0.06519846 0.19770000 0.04110000
v 0.06461463 0.19770000 0.04110000
v 0.09500000 0.19770000 0.04110000
v 0.06450000 0.12540000 0.04110000
v 0.06109752 0.17236053 0.04110000
v 0.06090624 0.18454595 0.04110000
v 0.06098114 0.19604123 0.04110000
v 0.05848292 0.18823884 0.04110000
v 0.05918127 0.19868182 0.04110000
v 0.05634657 0.19344693 0.04110000
v 0.05695966 0.17665139 0.04110000
v 0.05623790 0.18238043 0.04110000
v 0.05708122 0.17191541 0.04110000
v 0.06137570 0.20446631 0.04110000
v 0.05661560 0.20152262 0.04110000
v 0.05655679 0.17982724 0.04110000
v 0.05524970 0.17054408 0.04110000
v 0.05590537 0.19767783 0.04110000
v 0.06199920 0.20802286 0.04110000
v 0.06245377 0.19625990 0.04110000
v 0.05750781 0.20617240 0.04110000
v 0.05598952 0.20561207 0.04110000
v 0.05479481 0.20121285 0.04110000
v 0.05706209 0.19799934 0.04110000
v 0.05846464 0.19674628 0.04110000
v 0.06054148 0.19093257 0.04110000
v 0.06136926 0.17720147 0.04110000
v 0.06389878 0.18582141 0.04110000
v 0.05595369 0.18626635 0.04110000
v 0.05705151 0.19131960 0.04110000
v 0.06283629 0.16870166 0.04110000
v 0.05167510 0.17200284 0.04110000
v 0.06194367 0.18556713 0.04110000
v 0.06182113 0.19610088 0.04110000
v 0.05205763 0.18523571 0.04110000
v 0.05283982 0.19592916 0.04110000
v 0.04666918 0.18302945 0.04110000
v 0.04356564 0.17586890 0.04110000
v 0.04779971 0.19386915 0.04110000
v 0.04177143 0.19129316 0.04110000
v 0.05890000 0.20269185 0.04110000
v 0.05407664 0.20577746 0.04110000
v 0.03737739 0.18808014 0.04110000
v 0.03609408 0.19993863 0.04110000
v 0.06239419 0.20976742 0.04110000
v 0.04283968 0.20033484 0.04110000
v 0.04782011 0.20294632 0.04110000
v 0.04604063 0.20862277 0.04110000
v 0.04222798 0.16522538 0.04110000
v 0.03786937 0.16673632 0.04110000
v 0.03668455 0.17441753 0.04110000
v 0.03726337 0.20912369 0.04110000
v 0.04172734 0.21493370 0.04110000
v 0.03897980 0.17997750 0.04110000
v 0.04886629 0.16739298 0.04110000
v 0.06259310 0.16710962 0.04110000
v 0.05681313 0.16481463 0.04110000
v 0.06109110 0.16102271 0.04110000
v 0.06368062 0.14258873 0.04110000
v 0.05148787 0.13670780 0.04110000
v 0.05731031 0.15451598 0.04110000
v 0.06205213 0.15271995 0.04110000
v 0.05506056 0.16113839 0.04110000
v 0.05856799 0.12753711 0.04110000
v 0.05153810 0.12826528 0.04110000
v 0.06297963 0.14777223 0.04110000
v 0.06177520 0.15394685 0.04110000
v 0.06266206 0.12753944 0.04110000
v 0.05781664 0.12569754 0.04110000
v 0.04813575 0.13174787 0.04110000
v 0.04524895 0.16224807 0.04110000
v 0.06275213 0.16232611 0.04110000
v 0.05542136 0.16503732 0.04110000
v 0.06265355 0.15829733 0.04110000
v 0.04757477 0.13737226 0.04110000
v 0.06436985 0.15236147 0.04110000
v 0.05671825 0.14847187 0.04110000
v 0.05645921 0.14960838 0.04110000
v 0.05026859 0.15340468 0.04110000
v 0.05045543 0.15847342 0.04110000
v 0.04865803 0.14373426 0.04110000
v 0.05918159 0.14470356 0.04110000
v 0.05620774 0.14346106 0.04110000
v 0.05655426 0.14015781 0.04110000
v 0.06275526 0.14960058 0.04110000
v 0.06004241 0.14132140 0.04110000
v 0.05109190 0.14588567 0.04110000
v 0.05623774 0.13526215 0.04110000
v 0.05535221 0.12960337 0.04110000
v 0.05799120 0.12889462 0.04110000
v 0.05966506 0.13426374 0.04110000
v 0.06432131 0.13527942 0.04110000
v 0.04193462 0.12705428 0.04110000
v 0.05554662 0.13349319 0.04110000
v 0.06113666 0.13477954 0.04110000
v 0.04143912 0.14428155 0.04110000
v 0.03914240 0.15641336 0.04110000
v 0.04798750 0.15064789 0.04110000
v 0.04495401 0.15690144 0.04110000
v 0.04260010 0.15158001 0.04110000
v 0.03758939 0.16082099 0.04110000
v 0.03725271 0.14877902 0.04110000
v 0.04123721 0.16063659 0.04110000
v 0.03680318 0.14250915 0.04110000
v 0.03816883 0.12983692 0.04110000
v 0.04002750 0.13889487 0.04110000
v 0.03638530 0.13469745 0.04110000
v 0.04111289 0.13210834 0.04110000
v 0.06450000 0.19817484 0.04110000
v 0.06450000 0.20719470 0.04110000
v 0.06450000 0.20126217 0.04110000
v 0.06450000 0.20416437 0.04110000
v 0.06450000 0.20453858 0.04110000
v 0.06450000 0.20605234 0.04110000
v 0.06450000 0.19966682 0.04110000
v 0.06450000 0.20324158 0.04110000
v 0.06450000 0.20714155 0.04110000
v 0.06450000 0.21144339 0.04110000
v 0.06450000 0.20242904 0.04110000
v 0.06450000 0.20793144 0.04110000
v 0.06450000 0.20788336 0.04110000
v 0.06450000 0.20975580 0.04110000
v 0.06450000 0.21026453 0.04110000
v 0.03500000 0.19826719 0.04110000
v 0.03500000 0.19018757 0.04110000
v 0.03500000 0.20820800 0.04110000
v 0.03500000 0.20038234 0.04110000
v 0.03500000 0.21222678 0.04110000
v 0.03500000 0.18713388 0.04110000
v 0.03500000 0.17842808 0.04110000
v 0.03500000 0.16018216 0.04110000
v 0.03500000 0.15765842 0.04110000
v 0.03500000 0.15099665 0.04110000
v 0.03500000 0.14867153 0.04110000
v 0.03500000 0.16524071 0.04110000
v 0.03500000 0.16195720 0.04110000
v 0.03500000 0.12761404 0.04110000
v 0.03500000 0.12601595 0.04110000
v 0.03500000 0.14483233 0.04110000
v 0.03500000 0.14212544 0.04110000
v 0.03500000 0.13404213 0.04110000
v 0.03500000 0.13127805 0.04110000
v 0.03500000 0.13780549 0.04110000
v 0.03500000 0.17279916 0.04110000
v 0.03500000 0.16797164 0.04110000
v 0.03500000 0.19984742 0.04110000
v 0.03500000 0.17451270 0.04110000
v 0.03500000 0.20999831 0.04110000
v 0.03500000 0.14760307 0.04110000
v 0.05526835 0.21540000 0.04110000
v 0.05386678 0.21540000 0.04110000
v 0.04743997 0.21540000 0.04110000
v 0.06295875 0.21540000 0.04110000
v 0.06179744 0.21540000 0.04110000
v 0.03967439 0.21540000 0.04110000
v 0.03532748 0.21540000 0.04110000
v 0.03500000 0.21540000 0.04110000
v 0.04217463 0.21540000 0.04110000
v 0.06450000 0.21540000 0.04110000
v 0.04066117 0.21540000 0.04110000
v 0.06262689 0.12540000 0.04110000
v 0.05803760 0.12540000 0.04110000
v 0.05505591 0.12540000 0.04110000
v 0.05629023 0.12540000 0.04110000
v 0.05736143 0.12540000 0.04110000
v 0.05421708 0.12540000 0.04110000
v 0.04191629 0.12540000 0.04110000
v 0.04765641 0.12540000 0.04110000
v 0.03811934 0.12540000 0.04110000
v 0.04055061 0.12540000 0.04110000
v 0.05157481 0.12540000 0.04110000
v 0.05665688 0.12540000 0.04110000
v 0.06368885 0.12540000 0.04110000
v 0.06310986 0.12540000 0.04110000
v 0.06140316 0.12540000 0.04110000
v 0.06377577 0.12540000 0.04110000
v 0.06205869 0.12540000 0.04110000
v 0.03632451 0.12540000 0.04110000
v 0.03553384 0.12540000 0.04110000
v 0.05763312 0.12540000 0.04110000
v 0.05797204 0.12540000 0.04110000
v 0.05926021 0.12540000 0.04110000
v 0.03500000 0.12540000 0.04110000
v 0.03500000 0.19826719 0.00403252
v 0.03500000 0.19018757 0.00399646
v 0.03500000 0.20820800 0.00387474
v 0.03500000 0.20038234 0.00402615
v 0.03500000 0.18713388 0.00398175
v 0.03500000 0.17842808 0.00385631
v 0.03500000 0.16018216 0.00386759
v 0.03500000 0.15765842 0.00410997
v 0.03500000 0.15099665 0.00370721
v 0.03500000 0.14867153 0.00382935
v 0.03500000 0.16524071 0.00390844
v 0.03500000 0.16195720 0.00379086
v 0.03500000 0.12761404 0.00367077
v 0.03500000 0.12601595 0.00333346
v 0.03500000 0.14483233 0.00396466
v 0.03500000 0.14212544 0.00352294
v 0.03500000 0.13404213 0.00366477
v 0.03500000 0.13127805 0.00413438
v 0.03500000 0.13780549 0.00376635
v 0.03500000 0.17279916 0.00392467
v 0.03500000 0.16797164 0.00397024
v 0.03500000 0.19984742 0.00402031
v 0.03500000 0.17451270 0.00387950
v 0.03500000 0.20999831 0.00385764
v 0.03500000 0.21222678 0.00389736
v 0.03500000 0.14760307 0.00411492
v 0.05526835 0.21540000 0.00367306
v 0.05386678 0.21540000 0.00369047
v 0.04743997 0.21540000 0.00385088
v 0.06295875 0.21540000 0.00367535
v 0.06179744 0.21540000 0.00369513
v 0.03967439 0.21540000 0.00398892
v 0.03532748 0.21540000 0.00398043
v 0.03500000 0.21540000 0.00397979
v 0.04217463 0.21540000 0.00394148
v 0.06450000 0.21540000 0.00364910
v 0.04066117 0.21540000 0.00397020
v 0.05505591 0.12540000 0.03107639
v 0.05629023 0.12540000 0.03298896
v 0.05421708 0.12540000 0.02745823
v 0.04191629 0.12540000 0.00395091
v 0.04765641 0.12540000 0.00349264
v 0.03811934 0.12540000 0.00365256
v 0.04055061 0.12540000 0.00363005
v 0.05157481 0.12540000 0.00321956
v 0.05665688 0.12540000 0.00335065
v 0.06140316 0.12540000 0.00386121
v 0.06377577 0.12540000 0.00411239
v 0.06205869 0.12540000 0.03442159
v 0.03632451 0.12540000 0.00339415
v 0.03553384 0.12540000 0.00328031
v 0.05797204 0.12540000 0.03530592
v 0.05926021 0.12540000 0.03393099
v 0.03500000 0.12540000 0.00334614
v 0.06749815 0.20047403 0.04110000
v 0.08111105 0.19813600 0.04110000
v 0.08690081 0.19856430 0.04110000
v 0.08149777 0.20626493 0.04110000
v 0.07611280 0.20249145 0.04110000
v 0.08844324 0.20339292 0.04110000
v 0.06723097 0.20390045 0.04110000
v 0.06663724 0.20648693 0.04110000
v 0.08056619 0.20734410 0.04110000
v 0.07820673 0.20414490 0.04110000
v 0.08830484 0.20535744 0.04110000
v 0.07056321 0.19999365 0.04110000
v 0.08804174 0.20363999 0.04110000
v 0.07936640 0.20044118 0.04110000
v 0.07745280 0.20017558 0.04110000
v 0.07517525 0.20728788 0.04110000
v 0.08961096 0.20712026 0.04110000
v 0.08832773 0.20124468 0.04110000
v 0.09492632 0.19963965 0.04110000
v 0.09413097 0.20030823 0.04110000
v 0.08797541 0.20101536 0.04110000
v 0.09073681 0.20860868 0.04110000
v 0.08044041 0.20505978 0.04110000
v 0.07662615 0.20968890 0.04110000
v 0.08308967 0.21195838 0.04110000
v 0.09019697 0.21426034 0.04110000
v 0.06739932 0.20352620 0.04110000
v 0.06997261 0.19872616 0.04110000
v 0.07484934 0.20142356 0.04110000
v 0.07305117 0.21228319 0.04110000
v 0.09500000 0.20563239 0.04110000
v 0.09500000 0.20520241 0.04110000
v 0.09500000 0.20501697 0.04110000
v 0.09500000 0.20467713 0.04110000
v 0.09500000 0.20452895 0.04110000
v 0.09500000 0.20403516 0.04110000
v 0.09500000 0.20382242 0.04110000
v 0.09500000 0.19984069 0.04110000
v 0.09500000 0.20558083 0.04110000
v 0.09500000 0.20638123 0.04110000
v 0.09500000 0.19961397 0.04110000
v 0.09500000 0.19987298 0.04110000
v 0.09500000 0.20205432 0.04110000
v 0.09500000 0.20410261 0.04110000
v 0.09500000 0.20065547 0.04110000
v 0.09500000 0.20127251 0.04110000
v 0.09500000 0.21019254 0.04110000
v 0.09500000 0.21172241 0.04110000
v 0.09500000 0.19803873 0.04110000
v 0.09500000 0.19926600 0.04110000
v 0.09500000 0.21535748 0.04110000
v 0.09500000 0.19977720 0.04110000
v 0.09500000 0.20722672 0.04110000
v 0.09500000 0.19993080 0.04110000
v 0.09500000 0.20612052 0.04110000
v 0.09500000 0.21298359 0.04110000
v 0.09500000 0.20062144 0.04110000
v 0.09500000 0.20316528 0.04110000
v 0.09500000 0.19963663 0.04110000
v 0.09500000 0.20866817 0.04110000
v 0.08926718 0.21540000 0.04110000
v 0.08280432 0.21540000 0.04110000
v 0.07576796 0.21540000 0.04110000
v 0.07227358 0.21540000 0.04110000
v 0.06947135 0.21540000 0.04110000
v 0.09500000 0.21540000 0.04110000
v 0.09070099 0.21540000 0.04110000
v 0.09500000 0.20558083 0.02712761
v 0.09500000 0.20638123 0.02576402
v 0.09500000 0.19961397 0.00698410
v 0.09500000 0.19987298 0.00474022
v 0.09500000 0.20205432 0.00409716
v 0.09500000 0.20410261 0.00378180
v 0.09500000 0.20065547 0.00443152
v 0.09500000 0.20127251 0.00428403
v 0.09500000 0.21019254 0.00330129
v 0.09500000 0.21172241 0.00348639
v 0.09500000 0.19803873 0.03303388
v 0.09500000 0.19926600 0.03255718
v 0.09500000 0.20722672 0.02432361
v 0.09500000 0.19993080 0.00423922
v 0.09500000 0.20612052 0.00347111
v 0.09500000 0.21298359 0.00363899
v 0.09500000 0.20062144 0.03203071
v 0.09500000 0.20316528 0.03105208
v 0.09500000 0.20866817 0.00284945
v 0.09500000 0.21535748 0.00353052
v 0.08926718 0.21540000 0.00356693
v 0.08280432 0.21540000 0.00377967
v 0.07576796 0.21540000 0.00366519
v 0.07227358 0.21540000 0.00375225
v 0.06947135 0.21540000 0.00356443
v 0.09500000 0.21540000 0.00353105
v 0.09070099 0.21540000 0.00356322
v 0.01264467 0.19304362 0.03650301
v 0.00673081 0.18718696 0.04012817
v 0.00874040 0.19293361 0.03522997
v 0.01361930 0.18521990 0.04221359
v 0.00604057 0.19831922 0.03586207
v 0.01213528 0.19772025 0.03667671
v 0.01020475 0.19910138 0.03156917
v 0.01427825 0.19628821 0.03236443
v 0.01491702 0.19352907 0.04121633
v 0.00551339 0.18977618 0.03893211
v 0.00539413 0.19405585 0.03806526
v 0.00553778 0.21878396 0.01851942
v 0.00632156 0.21638981 0.01987695
v 0.01028675 0.21920383 0.01983119
v 0.01196420 0.22098589 0.01758416
v 0.01376300 0.21667733 0.01972812
v 0.01613075 0.22543334 0.01716328
v 0.01021045 0.22399542 0.01523611
v 0.01849610 0.21797712 0.01739884
v 0.00881657 0.21955022 0.01620938
v 0.00918599 0.22587505 0.01726523
v 0.01021032 0.21300432 0.01859164
v 0.01385774 0.21393593 0.01679454
v 0.02015660 0.21297346 0.01522397
v 0.00560269 0.21074081 0.01732646
v 0.00527038 0.20546405 0.01609705
v 0.00936572 0.20934895 0.01785687
v 0.01178034 0.20864299 0.01590959
v 0.01965546 0.20816566 0.01493748
v 0.01350003 0.20262337 0.01715156
v 0.01671197 0.19968800 0.01785648
v 0.00168548 0.18996883 0.01741946
v 0.00571767 0.18821361 0.01555991
v 0.00468460 0.19375473 0.01688887
v 0.01611169 0.22804257 0.01397781
v 0.01632391 0.22519744 0.00811383
v 0.00759375 0.22812954 0.01412772
v 0.01540431 0.28475768 0.00341423
v 0.01950777 0.27692251 0.00328238
v 0.02385245 0.28600810 0.00335417
v 0.00788061 0.19227202 0.01571787
v 0.02283821 0.28019345 0.00360254
v 0.00570703 0.22745495 0.01709814
v 0.00488225 0.18376659 0.01609115
v 0.00602020 0.22211308 0.01696818
v 0.00090710 0.18241532 0.01745147
v 0.02066881 0.22009067 0.00541088
v 0.01604863 0.22522343 0.00397980
v 0.01957710 0.22194956 0.00615754
v 0.02331865 0.22778885 0.00383606
v 0.02512027 0.22219905 0.00374881
v 0.00526146 0.17572562 0.01641734
v 0.00408885 0.21485959 0.01547825
v 0.00833981 0.21589321 0.01438662
v 0.00045767 0.17749408 0.01729157
v -0.00037644 0.18963390 0.01599845
v 0.00549640 0.29720319 0.00379300
v 0.01265943 0.29675763 0.00386109
v 0.00056223 0.19652685 0.00022332
v 0.00075482 0.19828907 0.01688190
v 0.00044416 0.20338023 -0.00010189
v 0.00117447 0.20077498 0.01823787
v 0.00021493 0.18577506 0.00606945
v 0.00043850 0.17042591 0.01636411
v 0.00599349 0.19377200 0.03153458
v 0.00825403 0.29871234 0.00375800
v 0.00675248 0.29985907 0.00008347
v 0.00500068 0.19985549 0.02746743
v 0.01227629 0.29999788 0.00011107
v 0.00643859 0.19471830 0.02290637
v 0.00588959 0.20021004 0.01877374
v 0.00806089 0.20309705 0.01688190
v 0.00837939 0.20053130 0.02531901
v 0.00649725 0.18008771 0.04742950
v 0.00643557 0.19119011 0.04635074
v 0.00731968 0.16770718 0.04565726
v 0.00984404 0.17096809 0.04844799
v 0.00736141 0.17521363 0.04611681
v -0.00145071 0.23796531 0.00305706
v 0.00098788 0.23256850 0.00320664
v 0.00330895 0.23543078 0.00389875
v 0.00061436 0.22016863 0.01717073
v 0.01109731 0.19993870 0.01911293
v 0.01446361 0.19402748 0.01839428
v 0.01475506 0.19509770 0.02655264
v 0.01102389 0.19478502 0.03103768
v 0.00826761 0.17813889 0.04418245
v 0.01953111 0.22441443 0.01574171
v 0.01064047 0.19507269 0.01685641
v 0.01108497 0.19181924 0.01411258
v 0.03236012 0.28094554 0.01024875
v 0.03040245 0.28067851 0.00407954
v 0.02058254 0.30001251 0.00425178
v 0.02036388 0.29998826 0.00035036
v 0.01491788 0.19674372 0.01981884
v 0.02012472 0.21870593 0.01285152
v 0.01060093 0.19640484 0.02235256
v 0.02693197 0.26144709 0.01011939
v 0.01954641 0.26208719 0.00966185
v 0.02790575 0.26283742 0.00425246
v 0.01696401 0.19512930 0.01656352
v 0.01983913 0.19670688 0.01644908
v 0.00028332 0.22438363 0.01456397
v 0.02039865 0.21549563 0.00492623
v 0.02412731 0.21419977 0.00403286
v 0.02020069 0.18840846 0.01558407
v 0.00070601 0.21784729 0.01532433
v 0.00939950 0.18497270 0.04945674
v 0.01373309 0.17597994 0.05002341
v 0.01447758 0.18595464 0.04860541
v 0.02076332 0.20140680 0.01546150
v 0.00981948 0.17690680 0.04970092
v 0.00960195 0.18242416 0.01859098
v 0.01142574 0.18809235 0.01595764
v 0.02218025 0.26371688 0.00605533
v 0.02240823 0.26357818 0.00334769
v 0.01868112 0.18169381 0.01721264
v 0.01749388 0.18925650 0.01743319
v 0.01403301 0.16851222 0.04979585
v 0.01498818 0.16712344 0.04559080
v 0.01164552 0.19316558 0.04739278
v 0.00051379 0.20848984 0.01573982
v 0.00800999 0.21272922 0.01275907
v 0.03288134 0.26296432 0.00403004
v 0.00004544 0.23109112 0.00012594
v 0.00024122 0.22352640 0.00396207
v 0.01507962 0.17632694 0.04550041
v 0.00886312 0.27539210 0.00339952
v -0.00009237 0.26896059 0.00349639
v 0.01355429 0.26323837 0.00334538
v 0.02016410 0.17414003 0.01529143
v 0.01852726 0.17043445 0.00866775
v 0.01944950 0.17681653 0.01071592
v 0.01930395 0.21497248 0.00916098
v 0.01966365 0.20641784 0.01153470
v 0.00098904 0.29573529 0.00386646
v 0.02411315 0.28080526 0.00964023
v -0.00031395 0.28535942 0.00359547
v 0.00440568 0.22394734 0.00855796
v 0.00074544 0.22151302 0.00976693
v 0.01884518 0.27397903 0.00377204
v 0.00472445 0.19243592 0.02197542
v 0.01531955 0.18608981 0.04530014
v 0.01392137 0.23289261 0.00315032
v 0.01864862 0.29455509 0.00337546
v 0.01390630 0.20544461 0.01507080
v 0.01264836 0.17353471 0.04449712
v 0.01957334 0.27110306 0.00468124
v 0.01089136 0.16337242 0.04970237
v 0.03345367 0.26254091 0.01032960
v 0.00035237 0.16460940 0.01702685
v 0.00518987 0.16752941 0.01595753
v 0.01104174 0.17813878 0.01806511
v 0.01467098 0.18086950 0.01656618
v 0.01816507 0.19966064 0.00790931
v 0.01813007 0.18892401 0.01020655
v 0.01813347 0.19300880 0.00879041
v 0.01849463 0.18076212 0.01025815
v 0.01147718 0.17058227 0.01779396
v 0.01562189 0.17061041 0.01707962
v 0.00008790 0.24624295 0.00346162
v 0.00013313 0.24683869 -0.00001521
v -0.00139466 0.23846721 -0.00020968
v 0.01131727 0.16413026 0.01745191
v 0.02008903 0.16869883 0.01324593
v 0.02274977 0.29677126 0.00409297
v 0.02964734 0.29953520 0.00407818
v -0.00141313 0.25123665 0.00300245
v -0.00100388 0.25550428 -0.00002949
v -0.00418926 0.30061330 -0.00032716
v -0.00584234 0.30499034 -0.00024588
v -0.00581115 0.28753123 -0.00024204
v -0.00838995 0.28165352 0.00007366
v 0.02491580 0.29263497 0.00335289
v 0.00088425 0.29798130 0.00009908
v -0.00751106 0.26965342 -0.00001764
v -0.00434278 0.25608216 -0.00023948
v -0.00061899 0.26494604 0.00038909
v -0.00178613 0.29587632 -0.00017971
v -0.00077288 0.27626889 0.00029474
v -0.00166578 0.28370168 0.00000348
v -0.00091610 0.27152835 0.00044295
v -0.00112717 0.29080881 0.00029735
v 0.03337598 0.29607644 0.00385171
v 0.03438668 0.29106754 0.00346935
v -0.00137777 0.27929292 0.00352513
v 0.00050263 0.27486964 0.00358692
v 0.01323952 0.30700943 0.00019541
v 0.00099889 0.26461971 0.00337133
v -0.00571678 0.24824067 -0.00017529
v 0.00843280 0.25689891 0.00347588
v -0.00032167 0.25941901 0.00285277
v -0.00720649 0.16404578 -0.00024781
v 0.00026085 0.17552459 -0.00000101
v -0.00462851 0.19675431 -0.00016634
v 0.00037812 0.18808777 0.00001640
v 0.00004946 0.18225221 0.00028275
v -0.00027076 0.20837328 0.00010481
v 0.00006375 0.21600010 0.00501750
v -0.00020213 0.21394339 0.00000944
v -0.00094367 0.29194034 0.00312282
v 0.01902474 0.21115656 0.00551882
v -0.00602807 0.22156025 -0.00003693
v 0.01711699 0.20736605 0.00402216
v 0.02052495 0.20680544 0.00428029
v -0.00368040 0.23157740 0.00016717
v 0.02877010 0.24073505 0.00360954
v 0.01954444 0.27816083 0.00989658
v 0.01920146 0.26902485 0.01006490
v 0.02601221 0.27072329 0.01107071
v 0.00461554 0.24948207 0.00368441
v 0.03486850 0.30084298 0.00404797
v 0.02534017 0.20429991 0.00410336
v 0.02271802 0.19578414 0.00433263
v 0.03067308 0.28257179 0.00371303
v 0.02758668 0.27588491 0.01087360
v 0.01623621 0.25514353 0.00352440
v 0.03374924 0.27323713 0.01074874
v 0.02707271 0.25933904 0.00396093
v 0.02781881 0.25507281 0.00342284
v 0.03008079 0.30003438 0.00020350
v 0.00532591 0.22668288 0.00337030
v 0.01010718 0.22339677 0.00059380
v 0.00995019 0.22153166 0.00208463
v 0.01169231 0.22257691 0.00511528
v 0.03186707 0.18588690 0.00403943
v 0.02436438 0.18063842 0.00417033
v 0.02400429 0.17513389 0.00467357
v 0.02549748 0.18722879 0.00425622
v 0.03165324 0.19315429 0.00407879
v 0.02820444 0.19928087 0.00403840
v 0.02146298 0.16802012 0.00429590
v 0.01823517 0.17423975 0.00631688
v 0.00052844 0.16748082 -0.00012691
v 0.02010721 0.18527379 0.00535672
v 0.01876921 0.18308094 0.00648634
v 0.02030838 0.17696846 0.00394712
v 0.01951142 0.19361694 0.00413975
v 0.03153004 0.16946552 0.00426830
v 0.01896223 0.20538317 0.00665688
v 0.01770015 0.19610936 0.00567975
v 0.01913613 0.19916222 0.00377975
v 0.02093343 0.17234152 0.00263722
v 0.03129769 0.21730265 0.00402199
v 0.02542606 0.17076835 0.00430149
v 0.00440219 0.22217533 0.00422112
v 0.01798553 0.24365685 0.00352001
v 0.00700403 0.24174395 0.00359044
v 0.00113495 0.22150232 0.00016119
v -0.00023571 0.22480619 0.00008209
v 0.00119535 0.16832005 0.00934375
v 0.00758300 0.16173147 0.04479115
v 0.02407905 0.16117336 0.00427924
v 0.00135869 0.15013904 0.01650288
v 0.00078921 0.14103194 0.01600189
v 0.00513656 0.14712363 0.01715973
v 0.01056977 0.14863191 0.01852646
v 0.00598875 0.15883996 0.01600985
v 0.00100174 0.13556983 0.01673488
v 0.01160682 0.13242809 0.01823032
v 0.00675267 0.13993516 0.01616549
v 0.00646316 0.12982337 0.01661074
v 0.00078845 0.12692345 0.01643389
v 0.00162866 0.11986762 0.01589045
v 0.00768308 0.12194990 0.01572059
v 0.00838827 0.10285081 0.02517232
v 0.01030099 0.10383463 0.01741127
v 0.00974400 0.10544546 0.01348856
v 0.00109089 0.11264776 0.01645454
v 0.00370493 0.10719272 0.01601775
v 0.00768684 0.11509643 0.01539435
v 0.00468642 0.08046034 0.00224975
v 0.00260725 0.07667831 0.00575566
v 0.00120575 0.08165909 0.00979626
v 0.00237601 0.08494111 0.00402101
v 0.00091242 0.09291695 0.00619036
v 0.00134784 0.08918467 0.00052921
v 0.00669810 0.10285414 0.01820597
v 0.00680899 0.10690931 0.01510039
v 0.00133109 0.10271523 0.01485543
v 0.01915321 0.11083832 0.00706075
v 0.02064136 0.11524834 0.01139178
v 0.02005286 0.10964035 0.01371428
v 0.00169155 0.09477575 0.01529956
v 0.00957735 0.09112407 0.01551753
v 0.00585987 0.09397983 0.01609736
v 0.02169062 0.10504641 0.01514698
v 0.01829571 0.10631280 0.00571622
v 0.01958638 0.10180796 0.00948986
v 0.00299677 0.07903174 0.00220420
v 0.01036644 0.09857010 0.01693676
v 0.01417210 0.09526005 0.01755800
v 0.01194961 0.09739904 0.02439279
v 0.00020498 0.13501729 0.00948190
v 0.01065176 0.15255599 0.04285776
v 0.01495434 0.15844898 0.04520546
v 0.01557936 0.14756465 0.04518475
v 0.00269627 0.08715725 0.01542540
v 0.00886791 0.08563618 0.01554034
v 0.01223313 0.10121678 0.02011314
v 0.01516475 0.09777619 0.01927015
v 0.01469837 0.10153509 0.01654206
v 0.00677477 0.07971126 0.01646038
v 0.00835612 0.08221592 0.01625674
v 0.00147821 0.10606180 0.00425736
v 0.00121379 0.10176618 0.00059418
v 0.00081548 0.09737496 0.00867763
v 0.00044070 0.07565850 0.01486515
v 0.01098035 0.07768282 0.01787295
v 0.01014327 0.07297572 0.01669673
v 0.00537685 0.07585328 0.01495754
v 0.00667665 0.07134248 0.01705964
v 0.02410759 -0.00048283 0.00127554
v 0.02881619 -0.00008184 0.00990502
v 0.01748445 -0.00084796 0.00750651
v 0.01156978 0.15510425 0.04934306
v 0.01481779 0.16106925 0.04936511
v 0.01179498 0.14461708 0.04930145
v 0.01468649 0.15007342 0.04909826
v 0.01081778 0.08243109 0.02148871
v 0.01210356 0.08089593 0.02555250
v 0.01338859 0.08082134 0.01867865
v 0.00186160 0.05497586 0.00050057
v 0.00195952 0.06307607 0.00050922
v -0.00265523 0.05768771 0.00013854
v 0.00645937 0.07276292 0.00849914
v 0.00131259 0.07170081 0.01252838
v 0.03401707 -0.00071849 0.00823107
v 0.01520385 0.16392065 0.01652671
v 0.01880701 0.16262007 0.01691999
v 0.00628825 0.05592912 0.01507754
v 0.00104685 0.05690429 0.01500808
v 0.00086656 0.04892173 0.01581726
v -0.00014782 0.15677654 0.01772517
v 0.02073423 0.14955676 0.01546595
v 0.02063181 0.16106548 0.01575999
v 0.02005058 0.15697418 0.01709051
v 0.01165593 0.08575131 0.01891985
v 0.00468173 0.05074681 0.01529902
v 0.01183339 0.00045833 0.00082621
v 0.01821932 -0.00080789 0.00065517
v 0.01956305 0.15464926 0.01040388
v 0.00045231 0.09160279 0.01428191
v 0.01862242 0.16105520 0.00964083
v 0.01659786 0.08288499 0.01769047
v 0.00871884 0.15619569 0.04665836
v 0.00529134 0.04550830 0.01538879
v 0.01183442 0.05363073 0.01499865
v 0.01141692 0.15698975 0.01744202
v 0.00729734 0.15090803 0.04601893
v 0.01417941 0.15447049 0.01684163
v 0.01245127 0.09120401 0.01676316
v -0.00064294 0.16170705 0.00873483
v -0.00024179 0.15578195 0.00998167
v 0.01716384 0.09591688 0.01606123
v 0.00009760 0.14459788 0.00948618
v 0.00081400 0.08133186 0.01434699
v 0.00103612 0.12216086 0.00788844
v 0.01753025 0.08862747 0.01583326
v 0.00649930 0.07328482 0.00449230
v 0.00091072 0.15598792 0.00010115
v 0.01451174 0.10441129 0.04516106
v 0.01671983 0.10406649 0.04271490
v 0.01368298 0.10989883 0.04709751
v 0.01501870 0.11131556 0.04372762
v 0.00124946 0.06791841 0.00054402
v 0.01871156 0.16639843 0.00619133
v 0.00983391 0.13887545 0.04892256
v 0.01051460 0.13246685 0.04927807
v 0.01495518 0.14016209 0.04881418
v 0.01441665 0.13163138 0.04857510
v 0.00868087 0.14285248 0.04319343
v 0.01598134 0.13593587 0.04532624
v 0.01241158 0.14650418 0.04264381
v 0.01379027 0.13784339 0.04376240
v 0.01055759 0.12787947 0.04928277
v 0.01281413 0.12759533 0.04229126
v 0.01557514 0.12637463 0.04497637
v 0.01454622 0.12405626 0.04900780
v 0.01036981 0.13794475 0.04339221
v 0.03237349 -0.00019804 0.00138391
v 0.00966126 0.12364028 0.04316954
v 0.00734448 0.13088686 0.04667388
v 0.01968089 0.16129315 0.00712856
v 0.00956085 0.14811807 0.04702567
v 0.01015380 0.14185942 0.04711731
v 0.01223704 0.11496720 0.04150753
v 0.02050614 0.14532896 0.00888674
v 0.01975663 0.15071986 0.00543031
v 0.02002638 0.15741778 0.00442939
v 0.02086214 0.16156339 0.00307752
v -0.00005242 0.07149006 0.01437116
v 0.01261547 0.10327456 0.04090975
v 0.01125653 0.10731882 0.04708610
v 0.00034426 0.11343606 0.00973546
v 0.00749565 0.14241863 0.04645658
v 0.01024742 0.06995064 0.01356079
v 0.02129095 0.09410492 0.01485280
v 0.02151638 0.09958212 0.01481876
v 0.00794061 0.10679565 0.04616350
v 0.02197214 0.08438391 0.01461498
v 0.00973060 0.10968973 0.03931417
v 0.01317402 0.10820257 0.03826123
v 0.00861896 0.10044512 0.03619857
v 0.01338188 0.10501754 0.03348648
v 0.00809046 0.11006286 0.04257650
v 0.00757242 0.10665205 0.03947184
v 0.00734695 0.12220686 0.04647423
v 0.00779193 0.11718418 0.04561300
v 0.01108589 0.11759852 0.04986525
v 0.01511717 0.09918885 0.03302128
v 0.01011813 0.10740267 0.02980762
v 0.01291737 0.10422959 0.02248837
v 0.01294862 0.09956611 0.02692129
v 0.01018808 0.10433424 0.02851162
v 0.01051142 0.10549317 0.02095041
v 0.00723604 0.05939513 0.01482905
v 0.00084215 0.05415007 0.00751352
v 0.01160522 0.10003845 0.03251012
v 0.01387138 0.10711988 0.01699007
v 0.01403298 0.11846411 0.04815583
v -0.00255568 0.07498055 0.00012237
v 0.01733646 0.07824450 0.01770645
v 0.01695076 0.10723849 0.01540220
v 0.00862399 0.05631964 0.00879622
v 0.01457449 0.14647625 0.01690539
v 0.01194141 0.13923276 0.01772581
v 0.01755581 0.07304763 0.01542144
v 0.01893181 0.05752509 0.01382503
v 0.01618834 0.05431453 0.00875416
v 0.00898649 0.09835359 0.03127076
v 0.02211453 0.05375790 0.00831953
v 0.03038855 0.15904446 0.00445956
v 0.03315454 0.14858348 0.00366768
v 0.02861776 0.15415092 0.00498034
v 0.01879052 0.14226936 0.01692001
v 0.02068679 0.14282723 0.01472526
v 0.03005694 0.04761901 0.01459912
v 0.03421924 0.05115535 0.01464491
v 0.03156587 0.05868102 0.01441742
v 0.02011428 0.14197994 0.01068212
v 0.03157979 0.16345798 0.00412857
v 0.02582504 0.05837413 0.01420268
v 0.03140794 0.05411530 0.00712402
v 0.01490229 0.13186133 0.01696542
v 0.00067431 0.00946361 0.01508741
v 0.00373620 0.01548978 0.01536038
v 0.00015906 0.01625165 0.01509989
v -0.00666161 0.14391342 -0.00019867
v 0.00507714 0.01085536 0.01578190
v 0.01283214 0.01537650 0.01566004
v 0.00840628 0.01902465 0.01575579
v 0.00132976 0.07421166 0.00036135
v 0.01921327 0.13246267 0.01666877
v 0.02087025 0.13024926 0.01382221
v 0.02005412 0.12487613 0.01573178
v 0.02331581 0.15520905 0.00481840
v 0.01331807 0.07413220 0.01520264
v 0.01137114 0.03641246 0.01514390
v 0.01062872 0.03020161 0.01527698
v 0.01689918 0.03325513 0.01490312
v 0.00548407 0.00366199 0.01540496
v 0.00743976 0.00673491 0.01612680
v 0.01428532 0.12307134 0.01680723
v 0.01304838 0.02442043 0.01524410
v 0.01768310 0.02612015 0.01502681
v 0.00260743 0.05505042 0.00635606
v 0.01732513 0.12256288 0.01500600
v 0.00029732 0.00460950 0.01503206
v 0.00067477 0.04224770 0.00753613
v 0.01478856 0.00764801 0.01575926
v 0.01989700 0.03817322 0.01487539
v 0.01910711 0.04280361 0.01469033
v 0.02211691 0.03078461 0.01494948
v 0.02027337 0.13075485 0.00953873
v 0.00569899 0.00022570 0.01443936
v 0.00127521 -0.00003608 0.01547724
v 0.01973503 0.13812323 0.00656376
v 0.01282520 0.00290442 0.01554056
v 0.01932035 0.12492952 0.00551983
v 0.02341211 0.04845147 0.01451547
v 0.01841841 0.04929063 0.01449892
v 0.01108758 -0.00008493 0.01531997
v 0.02872675 -0.00011647 0.01474482
v 0.02887592 0.00559844 0.01529545
v 0.02538424 0.00414795 0.01492212
v 0.02650639 0.03666603 0.01473940
v 0.02701066 0.04315236 0.01454328
v -0.00077426 0.04071323 0.01533047
v 0.02179912 0.07504769 0.01525668
v 0.02044426 0.09065098 0.00990613
v 0.02049629 0.01883021 0.01518092
v 0.00144087 0.04274056 0.01527345
v 0.00826727 0.03994739 0.01528270
v 0.03369415 0.03808223 0.01476065
v 0.02586462 0.02486241 0.01507919
v 0.02023264 0.11976110 0.01423556
v 0.03016994 0.02305179 0.01485974
v 0.02206154 0.08219900 0.01304338
v 0.02999623 0.03113185 0.01492042
v 0.02856468 0.01763761 0.01520123
v 0.01606111 0.11480336 0.01428102
v 0.01987129 0.11440282 0.01420490
v 0.03078245 0.01191904 0.01518494
v 0.01171868 0.11078284 0.01717919
v 0.01901740 0.01288816 0.01514752
v 0.00023844 0.03380309 0.01475518
v 0.00264748 0.02493669 0.00691193
v -0.00020917 0.02933186 0.01548071
v 0.00371269 0.03475848 0.00320697
v 0.00308143 0.03124146 0.00498177
v 0.01419441 0.11284022 0.01773641
v 0.01557075 0.11059625 0.01396811
v 0.00024933 0.02114501 0.01547682
v 0.01416603 0.04641874 0.01502630
v 0.01775215 0.07536154 0.01102462
v 0.01443996 0.07573444 0.00620315
v 0.01660890 0.08441798 0.00700931
v 0.02107092 0.07304077 0.01254648
v 0.01125110 0.11559251 0.01866142
v 0.00014705 0.00632902 0.00826925
v 0.00140542 0.00010050 0.00720610
v 0.01555406 0.07154321 0.01344552
v 0.01051357 -0.00106309 0.01002780
v 0.00523309 0.02984993 0.01551755
v 0.00311638 0.01907022 0.00438805
v 0.02193566 0.15224653 0.00414100
v 0.02682934 0.01238503 0.01523116
v 0.02056470 0.05532863 0.01455054
v 0.01953084 0.11871814 0.01013384
v 0.01501727 0.00051096 0.01465252
v 0.01468412 0.00066412 0.01060155
v 0.03372913 0.00388981 0.01496247
v 0.02296459 0.00055281 0.01020418
v 0.01316785 0.07095552 0.00971666
v 0.02161670 0.00881958 0.01545708
v 0.01950028 0.00418030 0.01556401
v 0.00064262 0.12304517 0.00517775
v 0.00086829 0.13211666 0.00545793
v 0.00267862 0.04671114 0.00097733
v 0.00137973 0.12725656 0.00098132
v 0.00106406 0.11425530 0.00030802
v 0.00093035 0.11119494 0.00632456
v 0.00655054 -0.00235952 0.00038462
v 0.02745914 -0.00361853 0.00041085
v 0.00167899 0.00783537 0.00083432
v 0.00338750 0.00104619 0.00231052
v 0.00275368 0.02586901 0.00096668
v 0.00190015 0.04256644 0.00031828
v 0.00429267 0.00062957 0.00082653
v 0.01237921 0.07233318 0.00343835
v 0.01804293 0.07416182 0.00404237
v -0.00146880 0.00518553 0.00036670
v 0.01771454 0.05552198 0.00315193
v 0.01495442 0.05643618 0.00685178
v 0.00885390 0.05567832 0.00427562
v 0.02863791 0.05749155 0.00474793
v 0.00216641 0.01542861 0.00036742
v 0.02619198 0.05434844 0.00490781
v 0.02972520 0.06208891 0.00425311
v 0.02937850 0.10373017 0.00312267
v 0.03331468 0.11006864 0.00332814
v 0.01678893 0.09496706 0.00695558
v 0.02134144 0.12633944 0.00307540
v 0.02008130 0.13108209 0.00299629
v 0.02944234 0.06551593 0.00325020
v -0.00262883 0.02936550 0.00034374
v 0.02303337 0.13051898 0.00410859
v 0.02060192 0.13467344 0.00434473
v 0.02491863 0.13320073 0.00300103
v 0.02496026 0.13939822 0.00357635
v 0.03202095 0.13263287 0.00370022
v 0.03324134 0.14175120 0.00391622
v 0.02988367 0.13329842 0.00452542
v 0.02163284 0.14137261 0.00474550
v 0.02349378 0.14619584 0.00485706
v 0.02065400 0.14522962 0.00317721
v 0.02916076 0.11378064 0.00385196
v 0.03254216 0.11514764 0.00322846
v 0.02061007 0.06952394 0.00298079
v 0.02894144 0.14444040 0.00435217
v 0.02751534 0.07654709 0.00326580
v 0.01699127 0.05921474 0.00393508
v 0.02277362 0.05838866 0.00378926
v 0.02986242 0.12236628 0.00404216
v 0.00245962 0.03415856 0.00101833
v 0.02715961 0.14837606 0.00453241
v 0.00188647 0.06688708 0.00340698
v 0.02624221 0.10819881 0.00438138
v 0.02519213 0.12912332 0.00337767
v 0.02079109 0.10130965 0.00422581
v 0.02619489 0.10106541 0.00399997
v 0.02259340 0.10419703 0.00427292
v 0.02968800 0.08028798 0.00338875
v 0.03134616 0.08830034 0.00314270
v 0.02020764 0.11613655 0.00373716
v 0.02089691 0.11012735 0.00506479
v 0.02342197 0.11334683 0.00371432
v 0.01830446 0.06414149 0.00360938
v 0.02246871 0.08641487 0.00437976
v 0.02551648 0.11840693 0.00429016
v 0.02223996 0.12314358 0.00332668
v 0.02714992 0.12615605 0.00440430
v 0.03413864 0.12700981 0.00341922
v 0.01917247 0.14627223 0.00629514
v 0.02174598 0.07376421 0.00413737
v 0.02198762 0.08013088 0.00470913
v 0.01054279 0.06133772 0.00339834
v 0.01782891 0.08202795 0.00269490
v 0.02677350 0.09074923 0.00326798
v 0.03014385 0.09757587 0.00292155
v 0.01583512 0.08149205 0.00377172
v 0.01554398 0.08687173 0.00338781
v 0.01898908 0.09085645 0.00178222
v 0.02271012 0.10848591 0.00353687
v 0.02442474 0.09125269 0.00420990
v 0.01664975 0.10241756 0.00235275
v 0.02363213 0.09800248 0.00435080
v 0.01788356 0.09807224 0.00153994
v 0.01520085 0.09329527 0.00257114
v 0.00069146 0.14834476 0.00612636
v 0.00503756 0.06459278 0.00337097
v 0.00506246 0.06095963 0.00328848
v 0.01604330 0.09995033 0.00462960
v 0.00057335 0.07981670 0.00040180
v 0.00103893 0.13632288 0.00007557
v 0.00050333 0.12487239 0.00035447
v 0.00012825 0.09546035 -0.00002805
v -0.00290988 0.09831672 -0.00001116
v -0.00300830 0.11714755 -0.00004063
v 0.00159467 0.06077828 0.00368619
v 0.00059536 0.14581124 0.00007300
v 0.03500000 0.28107814 0.01027988
v 0.03500000 0.28101524 0.00798821
v 0.03500000 0.26280357 0.00406768
v 0.03500000 0.26223536 0.00585577
v 0.03500000 0.23488213 0.00364700
v 0.03500000 0.23754452 0.00360879
v 0.03500000 0.29688948 0.00386247
v 0.03500000 0.30080842 0.00404419
v 0.03500000 0.29152794 0.00350452
v 0.03500000 0.29610075 0.00385361
v 0.03500000 0.28524827 0.00356748
v 0.03500000 0.29093278 0.00345857
v 0.03500000 0.28061301 0.00383438
v 0.03500000 0.28180676 0.00361284
v 0.03500000 0.27574174 0.01061167
v 0.03500000 0.30549638 0.00025217
v 0.03500000 0.30611655 0.00025600
v 0.03500000 0.30075375 0.00103249
v 0.03500000 0.30072598 0.00025476
v 0.03500000 0.26362319 0.01036230
v 0.03500000 0.27279918 0.01072349
v 0.03500000 0.25607482 0.00350782
v 0.03500000 0.25773951 0.00371615
v 0.03500000 0.24528370 0.00360127
v 0.03500000 0.25188279 0.00351876
v 0.03500000 0.26161525 0.00407764
v 0.03500000 0.26158497 0.00962066
v 0.03500000 0.26238750 0.01012173
v 0.03500000 0.22126467 0.00388834
v 0.03500000 0.22560683 0.00370111
v 0.03500000 0.22771162 0.00372773
v 0.03500000 -0.00015905 0.00213810
v 0.03500000 -0.00061728 0.00749986
v 0.03500000 0.05233659 0.01465819
v 0.03500000 0.05859136 0.01455935
v 0.03500000 0.05616557 0.01069130
v 0.03500000 0.01972340 0.01467205
v 0.03500000 0.02027550 0.01464842
v 0.03500000 0.01890512 0.01469316
v 0.03500000 0.04418791 0.01464756
v 0.03500000 0.04803995 0.01465056
v 0.03500000 0.04087623 0.01470701
v 0.03500000 0.04334808 0.01464424
v 0.03500000 0.00671706 0.01499046
v 0.03500000 0.01083091 0.01507151
v 0.03500000 -0.00034967 0.01506065
v 0.03500000 0.00263334 0.01503631
v 0.03500000 0.02818272 0.01508940
v 0.03500000 0.03012337 0.01502889
v 0.03500000 0.02764010 0.01508487
v 0.03500000 0.00002015 0.01034107
v 0.03500000 0.00000972 0.01186486
v 0.03500000 -0.00051832 0.00882001
v 0.03500000 -0.00237815 0.00051813
v 0.03500000 -0.00055406 0.00114881
v 0.03500000 0.05371528 0.00468350
v 0.03500000 0.05388126 0.00467862
v 0.03500000 0.06221207 0.00402822
v 0.03500000 0.06257514 0.00399260
v 0.03500000 0.09794263 0.00295511
v 0.03500000 0.10063636 0.00303879
v 0.03500000 0.07272518 0.00321063
v 0.03500000 0.07410410 0.00318100
v 0.03500000 0.06289059 0.00389971
v 0.03500000 0.07486840 0.00321093
v 0.03500000 0.11838691 0.00313878
v 0.03500000 0.12242151 0.00340746
v 0.03500000 0.05372738 0.00488384
v 0.03500000 0.08205461 0.00330814
v 0.03500000 0.08735386 0.00315125
v 0.03500000 0.07575463 0.00324004
v 0.03500000 0.11444318 0.00322149
v 0.03500000 0.09607968 0.00296605
v 0.03500000 0.09689480 0.00295964
v 0.03500000 0.09736145 0.00293580
v 0.03500000 0.26259664 0.01032420
v 0.03500000 0.27377311 0.01068864
v 0.03500000 0.21646172 0.00400738
v 0.03500000 0.21787597 0.00391380
v 0.03500000 -0.00068352 0.00825207
v 0.03500000 0.05062163 0.01468006
v 0.03500000 0.01329350 0.01487367
v 0.03500000 0.00451089 0.01491342
v 0.03500000 0.03712440 0.01486895
v 0.03500000 -0.00386773 0.00037819
v 0.03500000 0.05748343 0.00479352
v 0.03500000 0.10924703 0.00336066
v 0.03500000 0.06471306 0.00343455
v 0.03500000 0.06958364 0.00318828
v 0.03500000 0.11039075 0.00331358
v 0.03500000 0.11224749 0.00344151
v 0.10052884 0.18527296 0.03520000
v 0.10632522 0.19179595 0.03520000
v 0.11455799 0.19311911 0.03520000
v 0.10320438 0.17747881 0.03520000
v 0.10868070 0.18412025 0.03520000
v 0.10055834 0.19276098 0.03520000
v 0.10203209 0.17221006 0.03520000
v 0.09707535 0.17046072 0.03520000
v 0.11926168 0.19068059 0.03520000
v 0.11327358 0.18781750 0.03520000
v 0.11118012 0.17681954 0.03520000
v 0.12119597 0.18223920 0.03520000
v 0.11960451 0.19444428 0.03520000
v 0.11458812 0.16854625 0.03520000
v 0.11703825 0.17503808 0.03520000
v 0.10950083 0.17036551 0.03520000
v 0.12162336 0.18515344 0.03520000
v 0.12035982 0.18080248 0.03520000
v 0.12294493 0.18762668 0.03520000
v 0.12063005 0.17129055 0.03520000
v 0.12163689 0.17698598 0.03520000
v 0.12435145 0.17351313 0.03520000
v 0.12406300 0.17304992 0.03520000
v 0.12195878 0.17663396 0.03520000
v 0.12203761 0.18272492 0.03520000
v 0.12115592 0.19323074 0.03520000
v 0.11896473 0.17470343 0.03520000
v 0.12055349 0.16639524 0.03520000
v 0.11916011 0.16683754 0.03520000
v 0.12441567 0.16405622 0.03520000
v 0.09718430 0.15938772 0.03520000
v 0.09758000 0.16466102 0.03520000
v 0.10569751 0.16476924 0.03520000
v 0.10490469 0.15867349 0.03520000
v 0.10077773 0.15382679 0.03520000
v 0.09705762 0.11901538 0.03520000
v 0.09788198 0.11401624 0.03520000
v 0.09820486 0.12732620 0.03520000
v 0.10332623 0.11820878 0.03520000
v 0.10598806 0.12536680 0.03520000
v 0.10518494 0.13042985 0.03520000
v 0.10819623 0.11840172 0.03520000
v 0.11395573 0.16234835 0.03520000
v 0.10730239 0.10863534 0.03520000
v 0.10839374 0.11435710 0.03520000
v 0.10735014 0.15064241 0.03520000
v 0.11964881 0.15395255 0.03520000
v 0.12320687 0.13616944 0.03520000
v 0.12376850 0.12491875 0.03520000
v 0.12118597 0.16182885 0.03520000
v 0.11605669 0.10889694 0.03520000
v 0.12286126 0.11201017 0.03520000
v 0.12089808 0.12224183 0.03520000
v 0.11876344 0.16622876 0.03520000
v 0.12180556 0.15619261 0.03520000
v 0.11371882 0.14584875 0.03520000
v 0.10938143 0.14533271 0.03520000
v 0.12375575 0.15246995 0.03520000
v 0.10460379 0.14252783 0.03520000
v 0.11037498 0.13813897 0.03520000
v 0.12387287 0.14815098 0.03520000
v 0.11959458 0.14499021 0.03520000
v 0.11524304 0.14030029 0.03520000
v 0.12377508 0.15839675 0.03520000
v 0.11397993 0.13348354 0.03520000
v 0.09937268 0.13368951 0.03520000
v 0.11888234 0.13554312 0.03520000
v 0.11851838 0.12893179 0.03520000
v 0.11811916 0.11039208 0.03520000
v 0.11337527 0.11786955 0.03520000
v 0.11555333 0.12643092 0.03520000
v 0.09870826 0.14546021 0.03520000
v 0.09815615 0.13939155 0.03520000
v 0.10069522 0.13907296 0.03520000
v 0.12275650 0.15103528 0.03520000
v 0.12426711 0.13840108 0.03520000
v 0.12388802 0.12968020 0.03520000
v 0.12441010 0.12995171 0.03520000
v 0.12437252 0.12692639 0.03520000
v 0.12320239 0.11714712 0.03520000
v 0.12300960 0.11915651 0.03520000
v 0.12407528 0.14379492 0.03520000
v 0.12426945 0.11891732 0.03520000
v 0.12199860 0.11416768 0.03520000
v 0.11833555 0.10888233 0.03520000
v 0.11776829 0.11460683 0.03520000
v 0.12307314 0.16328357 0.03520000
v 0.12095976 0.16067708 0.03520000
v 0.12450000 0.18537692 0.03520000
v 0.12450000 0.18720525 0.03520000
v 0.12450000 0.19194073 0.03520000
v 0.12450000 0.19279009 0.03520000
v 0.12450000 0.18630184 0.03520000
v 0.12450000 0.18491781 0.03520000
v 0.12450000 0.19002804 0.03520000
v 0.12450000 0.17501259 0.03520000
v 0.12450000 0.18746809 0.03520000
v 0.12450000 0.17549025 0.03520000
v 0.12450000 0.17850728 0.03520000
v 0.12450000 0.18701945 0.03520000
v 0.12450000 0.18785370 0.03520000
v 0.12450000 0.19242298 0.03520000
v 0.12450000 0.19319551 0.03520000
v 0.12450000 0.18864568 0.03520000
v 0.12450000 0.17972456 0.03520000
v 0.12450000 0.18068710 0.03520000
v 0.12450000 0.16441815 0.03520000
v 0.12450000 0.16958916 0.03520000
v 0.12450000 0.17323196 0.03520000
v 0.12450000 0.12473754 0.03520000
v 0.12450000 0.12894190 0.03520000
v 0.12450000 0.16561953 0.03520000
v 0.12450000 0.12047616 0.03520000
v 0.12450000 0.12412994 0.03520000
v 0.12450000 0.15578023 0.03520000
v 0.12450000 0.15799285 0.03520000
v 0.12450000 0.16370973 0.03520000
v 0.12450000 0.16065389 0.03520000
v 0.12450000 0.15854899 0.03520000
v 0.12450000 0.15539063 0.03520000
v 0.12450000 0.15062782 0.03520000
v 0.12450000 0.10775430 0.03520000
v 0.12450000 0.15067313 0.03520000
v 0.12450000 0.14975295 0.03520000
v 0.12450000 0.13160927 0.03520000
v 0.12450000 0.13373033 0.03520000
v 0.12450000 0.11615246 0.03520000
v 0.12450000 0.11043909 0.03520000
v 0.12450000 0.12197439 0.03520000
v 0.12450000 0.12671468 0.03520000
v 0.12450000 0.14345759 0.03520000
v 0.12450000 0.13861776 0.03520000
v 0.12450000 0.12915146 0.03520000
v 0.12450000 0.12692357 0.03520000
v 0.12450000 0.13863963 0.03520000
v 0.12450000 0.14218833 0.03520000
v 0.12450000 0.12673142 0.03520000
v 0.12450000 0.11743379 0.03520000
v 0.12450000 0.11102469 0.03520000
v 0.12450000 0.11393472 0.03520000
v 0.12450000 0.11739855 0.03520000
v 0.12450000 0.11973928 0.03520000
v 0.12450000 0.12724947 0.03520000
v 0.12450000 0.12997796 0.03520000
v 0.12450000 0.15205439 0.03520000
v 0.12450000 0.15303256 0.03520000
v 0.12450000 0.14008012 0.03520000
v 0.12450000 0.14710094 0.03520000
v 0.12450000 0.15850351 0.03520000
v 0.12450000 0.16194967 0.03520000
v 0.12450000 0.10974685 0.03520000
v 0.12450000 0.16635896 0.03520000
v 0.12450000 0.16806549 0.03520000
v 0.12450000 0.17164649 0.03520000
v 0.12450000 0.15499315 0.03520000
v 0.12450000 0.17369380 0.03520000
v 0.12450000 0.17310409 0.03520000
v 0.12450000 0.16426152 0.03520000
v 0.12450000 0.16409302 0.03520000
v 0.12450000 0.16398683 0.03520000
v 0.12450000 0.16363109 0.03520000
v 0.12450000 0.15411681 0.03520000
v 0.12450000 0.15772928 0.03520000
v 0.12450000 0.11271461 0.03520000
v 0.12450000 0.11492710 0.03520000
v 0.12450000 0.13643380 0.03520000
v 0.12450000 0.15001346 0.03520000
v 0.12450000 0.14513379 0.03520000
v 0.12450000 0.13174778 0.03520000
v 0.12450000 0.12979834 0.03520000
v 0.12450000 0.14622003 0.03520000
v 0.12450000 0.14492772 0.03520000
v 0.12450000 0.13544029 0.03520000
v 0.12450000 0.11882150 0.03520000
v 0.12450000 0.14237205 0.03520000
v 0.12450000 0.14847398 0.03520000
v 0.12450000 0.16373767 0.03520000
v 0.10718113 0.10770000 0.03520000
v 0.11450608 0.10770000 0.03520000
v 0.12031663 0.10770000 0.03520000
v 0.12317511 0.10770000 0.03520000
v 0.11895252 0.10770000 0.03520000
v 0.11876103 0.10770000 0.03520000
v 0.09861329 0.10770000 0.03520000
v 0.10396058 0.10770000 0.03520000
v 0.12447574 0.10770000 0.03520000
v 0.11951482 0.10770000 0.03520000
v 0.12388007 0.10770000 0.03520000
v 0.12040755 0.10770000 0.03520000
v 0.12416060 0.10770000 0.03520000
v 0.12450000 0.10770000 0.03520000
v 0.11589969 0.10770000 0.03520000
v 0.11711811 0.10770000 0.03520000
v 0.11814854 0.10770000 0.03520000
v 0.09670000 0.17629192 0.03520000
v 0.09670000 0.17619914 0.03520000
v 0.09670000 0.17615866 0.03520000
v 0.09670000 0.17559948 0.03520000
v 0.09670000 0.18938475 0.03520000
v 0.09670000 0.18554724 0.03520000
v 0.09670000 0.15769436 0.03520000
v 0.09670000 0.15442867 0.03520000
v 0.09670000 0.15385418 0.03520000
v 0.09670000 0.11870934 0.03520000
v 0.09670000 0.11385703 0.03520000
v 0.09670000 0.12544852 0.03520000
v 0.09670000 0.11929769 0.03520000
v 0.09670000 0.17075951 0.03520000
v 0.09670000 0.16701883 0.03520000
v 0.09670000 0.16376198 0.03520000
v 0.09670000 0.15922390 0.03520000
v 0.09670000 0.14107663 0.03520000
v 0.09670000 0.13795122 0.03520000
v 0.09670000 0.15089502 0.03520000
v 0.09670000 0.13695431 0.03520000
v 0.09670000 0.13240811 0.03520000
v 0.09670000 0.12824897 0.03520000
v 0.09670000 0.11201546 0.03520000
v 0.09670000 0.10924877 0.03520000
v 0.09670000 0.19400044 0.03520000
v 0.09670000 0.10859824 0.03520000
v 0.09670000 0.18341679 0.03520000
v 0.09670000 0.19176301 0.03520000
v 0.09670000 0.15895524 0.03520000
v 0.09670000 0.11909078 0.03520000
v 0.09670000 0.12713675 0.03520000
v 0.09670000 0.16474866 0.03520000
v 0.09670000 0.14652398 0.03520000
v 0.09670000 0.14474694 0.03520000
v 0.09670000 0.10770000 0.03520000
v 0.11811326 0.19470000 0.03520000
v 0.11569400 0.19470000 0.03520000
v 0.12056263 0.19470000 0.03520000
v 0.11985869 0.19470000 0.03520000
v 0.12374083 0.19470000 0.03520000
v 0.12223060 0.19470000 0.03520000
v 0.12110920 0.19470000 0.03520000
v 0.12393008 0.19470000 0.03520000
v 0.12232385 0.19470000 0.03520000
v 0.12450000 0.19470000 0.03520000
v 0.12139771 0.19470000 0.03520000
v 0.11254351 0.19470000 0.03520000
v 0.10750350 0.19470000 0.03520000
v 0.10729448 0.19470000 0.03520000
v 0.10359599 0.19470000 0.03520000
v 0.09862912 0.19470000 0.03520000
v 0.09670000 0.19470000 0.03520000
v 0.11867607 0.19470000 0.03520000
v 0.11866152 0.19470000 0.03520000
v 0.11339126 0.19470000 0.03520000
v 0.11899684 0.19470000 0.03520000
v 0.11972279 0.19470000 0.03520000
v 0.10347458 0.19470000 0.03520000
v 0.10037418 0.19470000 0.03520000
v 0.12450000 0.19470000 0.03432742
v 0.12450000 0.19470000 0.00426304
v 0.12450000 0.18537692 0.04110000
v 0.12450000 0.18720525 0.04110000
v 0.12450000 0.19194073 0.04110000
v 0.12450000 0.18630184 0.04110000
v 0.12450000 0.18491781 0.04110000
v 0.12450000 0.19279009 0.04110000
v 0.12450000 0.19002804 0.04110000
v 0.12450000 0.17501259 0.04110000
v 0.12450000 0.18746809 0.04110000
v 0.12450000 0.17549025 0.04110000
v 0.12450000 0.17850728 0.04110000
v 0.12450000 0.18701945 0.04110000
v 0.12450000 0.18785370 0.04110000
v 0.12450000 0.19242298 0.04110000
v 0.12450000 0.19319551 0.04110000
v 0.12450000 0.18864568 0.04110000
v 0.12450000 0.17972456 0.04110000
v 0.12450000 0.18068710 0.04110000
v 0.12450000 0.16441815 0.04110000
v 0.12450000 0.16958916 0.04110000
v 0.12450000 0.17323196 0.04110000
v 0.12450000 0.12473754 0.04110000
v 0.12450000 0.12894190 0.04110000
v 0.12450000 0.16561953 0.04110000
v 0.12450000 0.12412994 0.04110000
v 0.12450000 0.12047616 0.04110000
v 0.12450000 0.15799285 0.04110000
v 0.12450000 0.15578023 0.04110000
v 0.12450000 0.16370973 0.04110000
v 0.12450000 0.16065389 0.04110000
v 0.12450000 0.15854899 0.04110000
v 0.12450000 0.15539063 0.04110000
v 0.12450000 0.15062782 0.04110000
v 0.12450000 0.15067313 0.04110000
v 0.12450000 0.14975295 0.04110000
v 0.12450000 0.13160927 0.04110000
v 0.12450000 0.13373033 0.04110000
v 0.12450000 0.10775430 0.04110000
v 0.12450000 0.11043909 0.04110000
v 0.12450000 0.11615246 0.04110000
v 0.12450000 0.12197439 0.04110000
v 0.12450000 0.12671468 0.04110000
v 0.12450000 0.14345759 0.04110000
v 0.12450000 0.13861776 0.04110000
v 0.12450000 0.12915146 0.04110000
v 0.12450000 0.12692357 0.04110000
v 0.12450000 0.13863963 0.04110000
v 0.12450000 0.14218833 0.04110000
v 0.12450000 0.12673142 0.04110000
v 0.12450000 0.11743379 0.04110000
v 0.12450000 0.11102469 0.04110000
v 0.12450000 0.11393472 0.04110000
v 0.12450000 0.11739855 0.04110000
v 0.12450000 0.11973928 0.04110000
v 0.12450000 0.12724947 0.04110000
v 0.12450000 0.12997796 0.04110000
v 0.12450000 0.15205439 0.04110000
v 0.12450000 0.15303256 0.04110000
v 0.12450000 0.14710094 0.04110000
v 0.12450000 0.14008012 0.04110000
v 0.12450000 0.15850351 0.04110000
v 0.12450000 0.16194967 0.04110000
v 0.12450000 0.16635896 0.04110000
v 0.12450000 0.16806549 0.04110000
v 0.12450000 0.17164649 0.04110000
v 0.12450000 0.15499315 0.04110000
v 0.12450000 0.17369380 0.04110000
v 0.12450000 0.17310409 0.04110000
v 0.12450000 0.16426152 0.04110000
v 0.12450000 0.16409302 0.04110000
v 0.12450000 0.16398683 0.04110000
v 0.12450000 0.16363109 0.04110000
v 0.12450000 0.15411681 0.04110000
v 0.12450000 0.15772928 0.04110000
v 0.12450000 0.10974685 0.04110000
v 0.12450000 0.11271461 0.04110000
v 0.12450000 0.11492710 0.04110000
v 0.12450000 0.13643380 0.04110000
v 0.12450000 0.15001346 0.04110000
v 0.12450000 0.14513379 0.04110000
v 0.12450000 0.13174778 0.04110000
v 0.12450000 0.12979834 0.04110000
v 0.12450000 0.14622003 0.04110000
v 0.12450000 0.14492772 0.04110000
v 0.12450000 0.13544029 0.04110000
v 0.12450000 0.11882150 0.04110000
v 0.12450000 0.14237205 0.04110000
v 0.12450000 0.14847398 0.04110000
v 0.12450000 0.16373767 0.04110000
v 0.10718113 0.10770000 0.04110000
v 0.11450608 0.10770000 0.04110000
v 0.12031663 0.10770000 0.04110000
v 0.12317511 0.10770000 0.04110000
v 0.11876103 0.10770000 0.04110000
v 0.11895252 0.10770000 0.04110000
v 0.10396058 0.10770000 0.04110000
v 0.09861329 0.10770000 0.04110000
v 0.11951482 0.10770000 0.04110000
v 0.12447574 0.10770000 0.04110000
v 0.12388007 0.10770000 0.04110000
v 0.12040755 0.10770000 0.04110000
v 0.12416060 0.10770000 0.04110000
v 0.12450000 0.10770000 0.04110000
v 0.11589969 0.10770000 0.04110000
v 0.11711811 0.10770000 0.04110000
v 0.11814854 0.10770000 0.04110000
v 0.09670000 0.10770000 0.04110000
v 0.12450000 0.19470000 0.04110000
v 0.14644478 0.18064427 0.04110000
v 0.13751795 0.17937958 0.04110000
v 0.14130352 0.17532441 0.04110000
v 0.13712398 0.17183317 0.04110000
v 0.12563342 0.18645329 0.04110000
v 0.12993599 0.19337701 0.04110000
v 0.13296430 0.18262784 0.04110000
v 0.13293539 0.17530360 0.04110000
v 0.12826627 0.18058214 0.04110000
v 0.13350858 0.18032817 0.04110000
v 0.13381279 0.16815653 0.04110000
v 0.12860552 0.17425643 0.04110000
v 0.13917868 0.18209231 0.04110000
v 0.13426793 0.17431492 0.04110000
v 0.12596753 0.19229421 0.04110000
v 0.13415624 0.18993675 0.04110000
v 0.13458776 0.17828420 0.04110000
v 0.13174119 0.17297001 0.04110000
v 0.12682693 0.18723078 0.04110000
v 0.13373685 0.17081012 0.04110000
v 0.13140847 0.19011414 0.04110000
v 0.13343267 0.18531947 0.04110000
v 0.13128163 0.18458420 0.04110000
v 0.12744929 0.17728086 0.04110000
v 0.12700692 0.16848701 0.04110000
v 0.13306955 0.19357093 0.04110000
v 0.13264563 0.17619261 0.04110000
v 0.13415774 0.17066643 0.04110000
v 0.12548522 0.16848246 0.04110000
v 0.12512244 0.17896613 0.04110000
v 0.13141450 0.18530046 0.04110000
v 0.15556213 0.19175232 0.04110000
v 0.15426013 0.18694577 0.04110000
v 0.15032688 0.18772759 0.04110000
v 0.14410891 0.18775347 0.04110000
v 0.14549815 0.19254928 0.04110000
v 0.13881135 0.18921525 0.04110000
v 0.13759684 0.18450681 0.04110000
v 0.13632329 0.19392305 0.04110000
v 0.15483601 0.16980970 0.04110000
v 0.12767371 0.19165638 0.04110000
v 0.12502204 0.18792991 0.04110000
v 0.14695277 0.16974823 0.04110000
v 0.12925060 0.16545733 0.04110000
v 0.12528712 0.12454255 0.04110000
v 0.12594215 0.15632356 0.04110000
v 0.13034372 0.15942545 0.04110000
v 0.12961436 0.14929649 0.04110000
v 0.13297038 0.16601376 0.04110000
v 0.13443857 0.15748307 0.04110000
v 0.13279110 0.15532275 0.04110000
v 0.12553560 0.15945466 0.04110000
v 0.13103870 0.15860666 0.04110000
v 0.13626797 0.11321679 0.04110000
v 0.13661430 0.11977405 0.04110000
v 0.13625422 0.11996753 0.04110000
v 0.12581159 0.15701906 0.04110000
v 0.13432880 0.15772796 0.04110000
v 0.13280824 0.15489121 0.04110000
v 0.12575425 0.13004048 0.04110000
v 0.13188221 0.12319442 0.04110000
v 0.12987257 0.12084696 0.04110000
v 0.13598709 0.13143036 0.04110000
v 0.13049248 0.11563789 0.04110000
v 0.13181098 0.11337188 0.04110000
v 0.13040963 0.10732362 0.04110000
v 0.13140360 0.11955469 0.04110000
v 0.13188259 0.11049349 0.04110000
v 0.13461955 0.16498294 0.04110000
v 0.13446699 0.15016318 0.04110000
v 0.13322647 0.15087032 0.04110000
v 0.12768461 0.15897253 0.04110000
v 0.12886415 0.15371101 0.04110000
v 0.13453138 0.15831221 0.04110000
v 0.12718248 0.16459137 0.04110000
v 0.13619368 0.16705502 0.04110000
v 0.12690017 0.10676209 0.04110000
v 0.13688973 0.16008314 0.04110000
v 0.14203430 0.16222250 0.04110000
v 0.13563353 0.10526811 0.04110000
v 0.13672552 0.12999957 0.04110000
v 0.13672496 0.13425167 0.04110000
v 0.13247906 0.13459044 0.04110000
v 0.12897865 0.12770777 0.04110000
v 0.12777827 0.12076238 0.04110000
v 0.13077311 0.12359352 0.04110000
v 0.12730625 0.14122874 0.04110000
v 0.13162560 0.13787889 0.04110000
v 0.12525619 0.14751756 0.04110000
v 0.12893457 0.11462090 0.04110000
v 0.13598017 0.12645490 0.04110000
v 0.13338236 0.12101378 0.04110000
v 0.12736855 0.10578500 0.04110000
v 0.13410211 0.11525975 0.04110000
v 0.13058996 0.10925996 0.04110000
v 0.13211940 0.11330803 0.04110000
v 0.13799631 0.15278877 0.04110000
v 0.12504813 0.14934980 0.04110000
v 0.13531646 0.10950599 0.04110000
v 0.12467945 0.13491794 0.04110000
v 0.12583476 0.12449800 0.04110000
v 0.14532934 0.15618545 0.04110000
v 0.12714647 0.12686497 0.04110000
v 0.12599425 0.14459903 0.04110000
v 0.12981194 0.11860730 0.04110000
v 0.12905093 0.14026470 0.04110000
v 0.13311725 0.14277166 0.04110000
v 0.13135783 0.14995731 0.04110000
v 0.13356780 0.14880898 0.04110000
v 0.12809436 0.13341354 0.04110000
v 0.12535737 0.14721446 0.04110000
v 0.13284217 0.14710741 0.04110000
v 0.12523824 0.13939580 0.04110000
v 0.13435001 0.14053220 0.04110000
v 0.13512266 0.14401747 0.04110000
v 0.12571677 0.13033321 0.04110000
v 0.15422396 0.10716484 0.04110000
v 0.14567122 0.10696011 0.04110000
v 0.13470805 0.12731291 0.04110000
v 0.14306085 0.11952951 0.04110000
v 0.14075591 0.12784144 0.04110000
v 0.13652108 0.11876677 0.04110000
v 0.13026840 0.11642399 0.04110000
v 0.12503335 0.11388505 0.04110000
v 0.12645647 0.12868784 0.04110000
v 0.13016222 0.13166762 0.04110000
v 0.15241460 0.11883542 0.04110000
v 0.14457686 0.12823244 0.04110000
v 0.13754504 0.13540239 0.04110000
v 0.14569715 0.13427894 0.04110000
v 0.14781769 0.11325765 0.04110000
v 0.14273927 0.14057849 0.04110000
v 0.13882425 0.14508962 0.04110000
v 0.13595973 0.13938204 0.04110000
v 0.12934414 0.13800629 0.04110000
v 0.12548469 0.13907321 0.04110000
v 0.13473377 0.14679336 0.04110000
v 0.12844286 0.14426935 0.04110000
v 0.15249925 0.13027288 0.04110000
v 0.14174891 0.14980732 0.04110000
v 0.14965987 0.14594427 0.04110000
v 0.15228416 0.13973005 0.04110000
v 0.13704686 0.10755699 0.04110000
v 0.12505662 0.15237975 0.04110000
v 0.12949474 0.10551494 0.04110000
v 0.13808368 0.11160894 0.04110000
v 0.15418149 0.14940893 0.04110000
v 0.13981500 0.11566520 0.04110000
v 0.15656582 0.15697548 0.04110000
v 0.15224860 0.15506590 0.04110000
v 0.14909560 0.15019564 0.04110000
v 0.13297069 0.13848278 0.04110000
v 0.15373031 0.16339080 0.04110000
v 0.12450000 0.10529018 0.04110000
v 0.12450000 0.10574189 0.04110000
v 0.12450000 0.10657415 0.04110000
v 0.15670000 0.18733075 0.04110000
v 0.15670000 0.19145279 0.04110000
v 0.15670000 0.19443879 0.04110000
v 0.15670000 0.17877413 0.04110000
v 0.15670000 0.18263070 0.04110000
v 0.15670000 0.17350750 0.04110000
v 0.15670000 0.10671965 0.04110000
v 0.15670000 0.10946467 0.04110000
v 0.15670000 0.11592045 0.04110000
v 0.15670000 0.12050492 0.04110000
v 0.15670000 0.12625017 0.04110000
v 0.15670000 0.14275596 0.04110000
v 0.15670000 0.14359226 0.04110000
v 0.15670000 0.14118660 0.04110000
v 0.15670000 0.14481479 0.04110000
v 0.15670000 0.15023123 0.04110000
v 0.15670000 0.15302249 0.04110000
v 0.15670000 0.15677228 0.04110000
v 0.15670000 0.15706916 0.04110000
v 0.15670000 0.16281487 0.04110000
v 0.15670000 0.16578554 0.04110000
v 0.15670000 0.16981119 0.04110000
v 0.15670000 0.19217099 0.04110000
v 0.15670000 0.18642072 0.04110000
v 0.15670000 0.13017917 0.04110000
v 0.15670000 0.13148044 0.04110000
v 0.15670000 0.14972491 0.04110000
v 0.13233448 0.19470000 0.04110000
v 0.13045230 0.19470000 0.04110000
v 0.12749480 0.19470000 0.04110000
v 0.12931627 0.19470000 0.04110000
v 0.13137435 0.19470000 0.04110000
v 0.13345726 0.19470000 0.04110000
v 0.13433147 0.19470000 0.04110000
v 0.13192370 0.19470000 0.04110000
v 0.13259016 0.19470000 0.04110000
v 0.15329095 0.19470000 0.04110000
v 0.15042671 0.19470000 0.04110000
v 0.13474182 0.19470000 0.04110000
v 0.13366066 0.19470000 0.04110000
v 0.13260928 0.19470000 0.04110000
v 0.13149618 0.19470000 0.04110000
v 0.14279109 0.19470000 0.04110000
v 0.13629370 0.19470000 0.04110000
v 0.12723268 0.19470000 0.04110000
v 0.12465816 0.19470000 0.04110000
v 0.12506911 0.19470000 0.04110000
v 0.12461504 0.19470000 0.04110000
v 0.15579851 0.19470000 0.04110000
v 0.12977717 0.19470000 0.04110000
v 0.13309400 0.19470000 0.04110000
v 0.14530439 0.19470000 0.04110000
v 0.13605862 0.19470000 0.04110000
v 0.12791030 0.19470000 0.04110000
v 0.15670000 0.19470000 0.04110000
v 0.13114961 0.10470000 0.04110000
v 0.13230268 0.10470000 0.04110000
v 0.13509221 0.10470000 0.04110000
v 0.13073199 0.10470000 0.04110000
v 0.13262215 0.10470000 0.04110000
v 0.13363674 0.10470000 0.04110000
v 0.12891893 0.10470000 0.04110000
v 0.13474693 0.10470000 0.04110000
v 0.13545882 0.10470000 0.04110000
v 0.13054605 0.10470000 0.04110000
v 0.12981481 0.10470000 0.04110000
v 0.14583689 0.10470000 0.04110000
v 0.15237771 0.10470000 0.04110000
v 0.13937543 0.10470000 0.04110000
v 0.14384680 0.10470000 0.04110000
v 0.13827809 0.10470000 0.04110000
v 0.12980078 0.10470000 0.04110000
v 0.13376236 0.10470000 0.04110000
v 0.12629679 0.10470000 0.04110000
v 0.12566202 0.10470000 0.04110000
v 0.12458356 0.10470000 0.04110000
v 0.12450000 0.10470000 0.04110000
v 0.12555823 0.10470000 0.04110000
v 0.15525388 0.10470000 0.04110000
v 0.15670000 0.10470000 0.04110000
v 0.12747010 0.10470000 0.04110000
v 0.13548500 0.10470000 0.04110000
v 0.15430116 0.10470000 0.04110000
v 0.13634354 0.10470000 0.04110000
v 0.12557184 0.10470000 0.04110000
v 0.12457111 0.10470000 0.04110000
v 0.15670000 0.18733075 0.00337603
v 0.15670000 0.19145279 0.00342424
v 0.15670000 0.17877413 0.00358476
v 0.15670000 0.18263070 0.00348439
v 0.15670000 0.17350750 0.00366352
v 0.15670000 0.10946467 0.00354763
v 0.15670000 0.11592045 0.00350755
v 0.15670000 0.12050492 0.00354811
v 0.15670000 0.12625017 0.00358520
v 0.15670000 0.14275596 0.00342790
v 0.15670000 0.14359226 0.00343013
v 0.15670000 0.14118660 0.00345820
v 0.15670000 0.14481479 0.00346566
v 0.15670000 0.15023123 0.00355520
v 0.15670000 0.15302249 0.00338438
v 0.15670000 0.15677228 0.00349363
v 0.15670000 0.15706916 0.00348887
v 0.15670000 0.16281487 0.00356569
v 0.15670000 0.16578554 0.00362384
v 0.15670000 0.16981119 0.00366214
v 0.15670000 0.19217099 0.00342287
v 0.15670000 0.18642072 0.00340726
v 0.15670000 0.19443879 0.00351118
v 0.15670000 0.13017917 0.00361580
v 0.15670000 0.13148044 0.00354153
v 0.15670000 0.10671965 0.00358730
v 0.15670000 0.14972491 0.00353226
v 0.13233448 0.19470000 0.03273134
v 0.13045230 0.19470000 0.03388545
v 0.13433147 0.19470000 0.03246338
v 0.15329095 0.19470000 0.00339403
v 0.15042671 0.19470000 0.00343375
v 0.13474182 0.19470000 0.00332312
v 0.13366066 0.19470000 0.00379802
v 0.13260928 0.19470000 0.00394183
v 0.13149618 0.19470000 0.00405350
v 0.14279109 0.19470000 0.00341073
v 0.13629370 0.19470000 0.00289955
v 0.12723268 0.19470000 0.03433638
v 0.12465816 0.19470000 0.03432794
v 0.12506911 0.19470000 0.00424600
v 0.15579851 0.19470000 0.00348428
v 0.12977717 0.19470000 0.03450129
v 0.14530439 0.19470000 0.00359233
v 0.13605862 0.19470000 0.00291708
v 0.12791030 0.19470000 0.03438029
v 0.15670000 0.19470000 0.00351673
v 0.13114961 0.10470000 0.02063244
v 0.13230268 0.10470000 0.01754086
v 0.13073199 0.10470000 0.02155569
v 0.13262215 0.10470000 0.03397598
v 0.13363674 0.10470000 0.03397910
v 0.12891893 0.10470000 0.03550332
v 0.13474693 0.10470000 0.03270123
v 0.13545882 0.10470000 0.02897117
v 0.14583689 0.10470000 0.00376671
v 0.15237771 0.10470000 0.00355471
v 0.13937543 0.10470000 0.00357743
v 0.14384680 0.10470000 0.00372785
v 0.13827809 0.10470000 0.00343328
v 0.12980078 0.10470000 0.00469417
v 0.13376236 0.10470000 0.00376179
v 0.12629679 0.10470000 0.00388462
v 0.12566202 0.10470000 0.00373797
v 0.12450000 0.10470000 0.03585321
v 0.12555823 0.10470000 0.03593406
v 0.12450000 0.10470000 0.00365217
v 0.15670000 0.10470000 0.00360971
v 0.15525388 0.10470000 0.00359549
v 0.12747010 0.10470000 0.03586674
v 0.13548500 0.10470000 0.02838868
v 0.15430116 0.10470000 0.00358613
v 0.13634354 0.10470000 0.00353240
v 0.12457111 0.10470000 0.00365742
v 0.10061052 0.10676235 0.04110000
v 0.12352323 0.10578627 0.04110000
v 0.12376763 0.10470000 0.04110000
v 0.12017019 0.10470000 0.04110000
v 0.12157620 0.10470000 0.04110000
v 0.10283134 0.10470000 0.04110000
v 0.10679221 0.10470000 0.04110000
v 0.12378579 0.10470000 0.04110000
v 0.11061964 0.10470000 0.04110000
v 0.11134783 0.10470000 0.04110000
v 0.11550620 0.10470000 0.04110000
v 0.11633223 0.10470000 0.04110000
v 0.11984064 0.10470000 0.04110000
v 0.12107012 0.10470000 0.04110000
v 0.12083602 0.10470000 0.04110000
v 0.11977844 0.10470000 0.04110000
v 0.12022139 0.10470000 0.04110000
v 0.12449941 0.10470000 0.04110000
v 0.12339156 0.10470000 0.04110000
v 0.11988120 0.10470000 0.04110000
v 0.12313551 0.10470000 0.04110000
v 0.09738413 0.10470000 0.04110000
v 0.09844957 0.10470000 0.04110000
v 0.09670000 0.10470000 0.04110000
v 0.12310917 0.10470000 0.04110000
v 0.12364545 0.10470000 0.04110000
v 0.09864365 0.10470000 0.04110000
v 0.12376763 0.10470000 0.00359809
v 0.12017019 0.10470000 0.00549776
v 0.12157620 0.10470000 0.00493358
v 0.10283134 0.10470000 0.03605684
v 0.10679221 0.10470000 0.03593316
v 0.12378579 0.10470000 0.03579864
v 0.11061964 0.10470000 0.03579073
v 0.11134783 0.10470000 0.03567522
v 0.11550620 0.10470000 0.03501563
v 0.11633223 0.10470000 0.03510783
v 0.11984064 0.10470000 0.00563000
v 0.11977844 0.10470000 0.03549248
v 0.12022139 0.10470000 0.03552632
v 0.12339156 0.10470000 0.03576852
v 0.09738413 0.10470000 0.03617752
v 0.09844957 0.10470000 0.03621605
v 0.09670000 0.10770000 0.03580253
v 0.09670000 0.10470000 0.03615278
v 0.12310917 0.10470000 0.00361177
v 0.12364545 0.10470000 0.00360063
v 0.09864365 0.10470000 0.03622307
v 0.09665682 0.17619064 0.03520000
v 0.09560382 0.15386154 0.03520000
v 0.09511957 0.10934021 0.03520000
v 0.09542988 0.10770000 0.03520000
v 0.09670000 0.19709891 0.03520000
v 0.09670000 0.19770000 0.03520000
v 0.09670000 0.19770000 0.03361424
v 0.09670000 0.19770000 0.03318134
v 0.09670000 0.19663893 0.03520000
v 0.09500000 0.10926383 0.03520000
v 0.09500000 0.10770000 0.03520000
v 0.09500000 0.11225169 0.03520000
v 0.09500000 0.10942405 0.03520000
v 0.09500000 0.12063967 0.03520000
v 0.09500000 0.12054926 0.03520000
v 0.09500000 0.11944922 0.03520000
v 0.09500000 0.11913597 0.03520000
v 0.09500000 0.11362804 0.03520000
v 0.09500000 0.19770000 0.03346109
v 0.09500000 0.11725455 0.03520000
v 0.09500000 0.12332736 0.03520000
v 0.09500000 0.19770000 0.03411704
v 0.09500000 0.10939079 0.03520000
v 0.09500000 0.10932183 0.03520000
v 0.09500000 0.10931992 0.03520000
v 0.09500000 0.20563239 0.01717798
v 0.09500000 0.20520241 0.01559843
v 0.09500000 0.20501697 0.01491724
v 0.09500000 0.20467713 0.01371184
v 0.09500000 0.20452895 0.01318625
v 0.09500000 0.20403516 0.01232811
v 0.09500000 0.20382242 0.01195840
v 0.09500000 0.19984069 0.00730002
v 0.09500000 0.19977720 0.00722574
v 0.09500000 0.19963663 0.00705927
v 0.09507869 0.22529866 0.00365282
v 0.09547073 0.28112225 0.00412698
v 0.09614580 0.30176370 0.00017322
v 0.09549071 0.30575428 0.00021277
v 0.09670000 0.20516304 0.01485681
v 0.09670000 0.20493052 0.01400266
v 0.09670000 0.20474613 0.01334866
v 0.09670000 0.20447919 0.01288475
v 0.09670000 0.20295083 0.01109666
v 0.09670000 0.20614810 0.02615136
v 0.09670000 0.20726030 0.02425657
v 0.09670000 0.19902153 0.00527966
v 0.09670000 0.19919248 0.00379861
v 0.09670000 0.20230576 0.00413497
v 0.09670000 0.20512833 0.00370040
v 0.09670000 0.20133474 0.00436707
v 0.09670000 0.24699951 0.00343867
v 0.09670000 0.25520157 0.00351618
v 0.09670000 0.21082413 0.00346285
v 0.09670000 0.21253169 0.00366946
v 0.09670000 0.22825989 0.00357399
v 0.09670000 0.23305914 0.00344489
v 0.09670000 0.21574580 0.00352260
v 0.09670000 0.22384288 0.00362269
v 0.09670000 0.23745373 0.00343639
v 0.09670000 0.26044133 0.00345702
v 0.09670000 0.26338423 0.00343608
v 0.09670000 0.28018300 0.00386439
v 0.09670000 0.28293574 0.00327471
v 0.09670000 0.28948846 0.00331594
v 0.09670000 0.29296362 0.00334297
v 0.09670000 0.27262807 0.00337511
v 0.09670000 0.27737503 0.00352104
v 0.09670000 0.30197214 0.00019018
v 0.09670000 0.30552669 0.00024017
v 0.09670000 0.30044645 0.00371383
v 0.09670000 0.30160664 0.00050958
v 0.09670000 0.29551981 0.00348263
v 0.09670000 0.19819600 0.03298868
v 0.09670000 0.19990287 0.03232570
v 0.09670000 0.20310626 0.03109334
v 0.09670000 0.19956691 0.00708932
v 0.09670000 0.20869189 0.00283084
v 0.09670000 0.22563309 0.00365446
v 0.09670000 0.26781376 0.00348599
v 0.09670000 0.30164902 0.00017846
v 0.09670000 0.28652857 0.00330541
v 0.09670000 0.30578666 0.00021492
v 0.09500000 0.30531720 0.00023573
v 0.09500000 0.30174085 0.00022876
v 0.09500000 0.22901260 0.00355287
v 0.09500000 0.22537244 0.00365079
v 0.09500000 0.22512073 0.00365121
v 0.09500000 0.28566048 0.00333242
v 0.09500000 0.28485828 0.00350427
v 0.09500000 0.27994725 0.00403988
v 0.09500000 0.27696405 0.00367511
v 0.09500000 0.30143890 0.00127167
v 0.09500000 0.30054954 0.00372795
v 0.09500000 0.25781992 0.00352996
v 0.09500000 0.25409187 0.00349473
v 0.09500000 0.23291098 0.00344800
v 0.09500000 0.24001306 0.00343426
v 0.09500000 0.23638584 0.00344128
v 0.09500000 0.26513405 0.00346797
v 0.09500000 0.26379935 0.00347747
v 0.09500000 0.28591093 0.00327877
v 0.09500000 0.29288577 0.00333214
v 0.09500000 0.29003930 0.00331000
v 0.09500000 0.27488630 0.00361124
v 0.09500000 0.29757766 0.00358849
v 0.09500000 0.29603569 0.00350424
v 0.09500000 0.26020152 0.00350307
v 0.09500000 0.24789200 0.00343615
v 0.09500000 0.26714300 0.00349061
v 0.09500000 0.26932645 0.00344032
v 0.09500000 0.28623781 0.00328157
v 0.09500000 0.28650711 0.00328252
v 0.09500000 0.22529212 0.00365296
v 0.09500000 0.28109786 0.00412028
v 0.09500000 0.30553411 0.00020333
v 0.09500000 0.30576685 0.00021112
v 0.09542988 0.10770000 0.03575660
v 0.09643547 0.10238463 0.03641354
v 0.09598786 0.03630834 0.02335490
v 0.09575944 0.03367543 0.01927007
v 0.09565211 -0.00736192 0.00046687
v 0.09541175 0.00045976 0.00052157
v 0.09617969 0.00044221 0.00368065
v 0.09663561 0.02448708 0.00398762
v 0.09646811 0.03287156 0.00371209
v 0.09614632 0.03859371 0.00295990
v 0.09517774 0.08539573 0.00299297
v 0.09624918 0.09629984 0.00348787
v 0.09670000 0.10770000 0.03553453
v 0.09670000 0.09538938 0.02937545
v 0.09670000 0.09579370 0.03026286
v 0.09670000 0.09630248 0.01858866
v 0.09670000 0.09561543 0.02003062
v 0.09670000 0.09845794 0.03479280
v 0.09670000 0.10022209 0.03551718
v 0.09670000 0.09836130 0.03468857
v 0.09670000 0.09602634 0.03041663
v 0.09670000 -0.00659155 0.00050061
v 0.09670000 0.00004994 0.00055246
v 0.09670000 0.00025940 0.00345372
v 0.09670000 0.04593627 0.00320640
v 0.09670000 0.04630377 0.00315163
v 0.09670000 0.05029489 0.00315018
v 0.09670000 0.05089738 0.00317644
v 0.09670000 0.05129523 0.00318889
v 0.09670000 0.00289587 0.00404861
v 0.09670000 0.00840449 0.00359305
v 0.09670000 0.01075794 0.00358427
v 0.09670000 0.02446833 0.00398512
v 0.09670000 0.03222143 0.00372281
v 0.09670000 0.01822553 0.00350229
v 0.09670000 0.01851136 0.00361487
v 0.09670000 0.00122273 0.00369976
v 0.09670000 0.03307425 0.00370687
v 0.09670000 0.03853409 0.00301621
v 0.09670000 0.10001326 0.00449804
v 0.09670000 0.09962535 0.00894918
v 0.09670000 0.04069225 0.00352203
v 0.09670000 0.02384065 0.00393903
v 0.09670000 0.05924635 0.00297010
v 0.09670000 0.05931264 0.00296909
v 0.09670000 0.06717970 0.00312681
v 0.09670000 0.06719167 0.00312674
v 0.09670000 0.08819600 0.00341257
v 0.09670000 0.09205796 0.00385710
v 0.09670000 0.07919142 0.00319241
v 0.09670000 0.08444147 0.00305005
v 0.09670000 0.09632816 0.00352237
v 0.09670000 0.09858130 0.00421039
v 0.09670000 0.09326856 0.00411833
v 0.09670000 0.09589525 0.00358457
v 0.09670000 0.03108708 0.02219092
v 0.09670000 0.03221087 0.02335398
v 0.09670000 0.03887500 0.02243116
v 0.09670000 0.03773022 0.01965969
v 0.09670000 0.10303026 0.03634773
v 0.09670000 0.03672993 0.02422184
v 0.09670000 0.03565710 0.02498511
v 0.09670000 0.03464872 0.02367126
v 0.09670000 0.03708795 0.01924379
v 0.09670000 0.03374546 0.01878600
v 0.09670000 0.03120133 0.02037370
v 0.09670000 0.09394719 0.02575977
v 0.09670000 0.10235886 0.03640418
v 0.09670000 0.10266200 0.03639072
v 0.09670000 0.10213064 0.03628067
v 0.09670000 -0.00742285 0.00047048
v 0.09670000 0.00037258 0.00373282
v 0.09670000 0.00070716 0.00376330
v 0.09670000 0.03277397 0.00370758
v 0.09670000 0.03287032 0.00371878
v 0.09670000 0.07702958 0.00310789
v 0.09670000 0.08583167 0.00300569
v 0.09670000 0.08618749 0.00309885
v 0.09500000 0.10770000 0.03530450
v 0.09500000 0.10770000 0.03577796
v 0.09500000 0.00043940 0.00051563
v 0.09500000 -0.00651189 0.00046401
v 0.09500000 0.00001691 0.00391763
v 0.09500000 0.00023765 0.00143327
v 0.09500000 0.03257397 0.00403794
v 0.09500000 0.02704711 0.00424324
v 0.09500000 0.04110827 0.00340375
v 0.09500000 0.04037499 0.00353192
v 0.09500000 0.10759746 0.03579160
v 0.09500000 0.10346663 0.03634098
v 0.09500000 0.10228262 0.03641723
v 0.09500000 0.09908940 0.03510606
v 0.09500000 0.00026628 0.00396963
v 0.09500000 0.04125703 0.00343862
v 0.09500000 0.02299766 0.00413255
v 0.09500000 0.01884624 0.00388004
v 0.09500000 0.08825345 0.00331055
v 0.09500000 0.08548356 0.00299172
v 0.09500000 0.08506688 0.00299824
v 0.09500000 0.07873614 0.00316991
v 0.09500000 0.09878000 0.00417359
v 0.09500000 0.09858032 0.00411261
v 0.09500000 0.09562023 0.00358584
v 0.09500000 0.09320684 0.00407626
v 0.09500000 0.09565221 0.03043805
v 0.09500000 0.09535935 0.02979527
v 0.09500000 0.09428238 0.02218435
v 0.09500000 0.09464871 0.02141551
v 0.09500000 0.09901119 0.03502171
v 0.09500000 0.09650978 0.03100487
v 0.09500000 0.09633480 0.03088922
v 0.09500000 0.04494303 0.00305587
v 0.09500000 0.04468840 0.00309382
v 0.09500000 0.05050034 0.00317654
v 0.09500000 0.04999222 0.00315440
v 0.09500000 0.05234394 0.00323426
v 0.09500000 0.05203787 0.00322468
v 0.09500000 0.00853393 0.00349081
v 0.09500000 0.00480357 0.00379931
v 0.09500000 0.01176548 0.00347875
v 0.09500000 0.00990684 0.00348569
v 0.09500000 0.01864960 0.00380259
v 0.09500000 0.00096996 0.00411634
v 0.09500000 0.09913708 0.01022305
v 0.09500000 0.09939502 0.00726327
v 0.09500000 0.04153502 0.00350377
v 0.09500000 0.06109313 0.00302613
v 0.09500000 0.06104335 0.00302689
v 0.09500000 0.07031472 0.00312382
v 0.09500000 0.07030632 0.00312387
v 0.09500000 0.09126464 0.00365716
v 0.09500000 0.09930847 0.00433496
v 0.09500000 0.09231516 0.00388384
v 0.09500000 0.09416186 0.02716694
v 0.09500000 0.09339289 0.02523909
v 0.09500000 0.09692754 0.01663280
v 0.09500000 0.09826602 0.03421802
v 0.09500000 0.04770843 0.00305486
v 0.09500000 0.01766302 0.00341401
v 0.09500000 0.04221050 0.00346311
v 0.09500000 0.05846083 0.00306594
v 0.09500000 0.06700067 0.00314457
v 0.09500000 0.07721896 0.00311059
v 0.09500000 0.09964434 0.00440243
v 0.09500000 0.02496616 0.00432365
v 0.09500000 0.03337680 0.00376838
v 0.09500000 -0.00700251 0.00046285
v 0.09500000 -0.00728466 0.00046291
v 0.25693381 0.13891357 0.03430000
v 0.25560774 0.14631709 0.03430000
v 0.25808217 0.15922376 0.03430000
v 0.25440000 0.14509842 0.03430000
v 0.25440000 0.13903730 0.03430000
v 0.25440000 0.16062029 0.03430000
v 0.25440000 0.15390660 0.03430000
v 0.25440000 0.16120866 0.03430000
v 0.25440000 0.16213030 0.03430000
v 0.25440000 0.16243982 0.03430000
v 0.25440000 0.17394944 0.03430000
v 0.25440000 0.17287691 0.03430000
v 0.25440000 0.14731721 0.03430000
v 0.25787848 0.17800000 0.03430000
v 0.25440000 0.17800000 0.03430000
v 0.25949095 0.17800000 0.03430000
v 0.25917997 0.17800000 0.03430000
v 0.25950000 0.13916797 0.03430000
v 0.25950000 0.14354110 0.03430000
v 0.25950000 0.15050487 0.03430000
v 0.25950000 0.15813961 0.03430000
v 0.25950000 0.16059644 0.03430000
v 0.25950000 0.16191357 0.03430000
v 0.25950000 0.16213231 0.03430000
v 0.25950000 0.16696923 0.03430000
v 0.25950000 0.16698324 0.03430000
v 0.25950000 0.17252297 0.03430000
v 0.25950000 0.17291920 0.03430000
v 0.25950000 0.16866714 0.03430000
v 0.25950000 0.17756155 0.03430000
v 0.25950000 0.17767999 0.03430000
v 0.25950000 0.17775451 0.03430000
v 0.25950000 0.17797762 0.03430000
v 0.25950000 0.17800000 0.03430000
v 0.25950000 0.14632352 0.03430000
v 0.25440000 0.13570000 0.03430000
v 0.25464814 0.13570000 0.03430000
v 0.25846591 0.13570000 0.03430000
v 0.25950000 0.13570000 0.03430000
v 0.25824654 0.13570000 0.03430000
v 0.23258153 0.18675004 0.03430000
v 0.22842189 0.19099454 0.03430000
v 0.22577113 0.18795742 0.03430000
v 0.22947745 0.18040217 0.03430000
v 0.22580675 0.18468768 0.03430000
v 0.23611116 0.19226880 0.03430000
v 0.24785110 0.18669033 0.03430000
v 0.23320263 0.18250595 0.03430000
v 0.22994946 0.17110350 0.03430000
v 0.23375296 0.17065336 0.03430000
v 0.23976559 0.17858962 0.03430000
v 0.23413509 0.17605815 0.03430000
v 0.24058052 0.19680403 0.03430000
v 0.24852980 0.17984497 0.03430000
v 0.25302082 0.17297263 0.03430000
v 0.24829095 0.19154901 0.03430000
v 0.24405647 0.17209429 0.03430000
v 0.24466631 0.16636992 0.03430000
v 0.23111187 0.16456761 0.03430000
v 0.22606026 0.16515291 0.03430000
v 0.23066952 0.15954557 0.03430000
v 0.23871872 0.15821186 0.03430000
v 0.22950193 0.15623184 0.03430000
v 0.24867049 0.13931708 0.03430000
v 0.24973115 0.15118346 0.03430000
v 0.24133373 0.13892510 0.03430000
v 0.24189311 0.14853396 0.03430000
v 0.25326301 0.16105151 0.03430000
v 0.24486798 0.15633195 0.03430000
v 0.23384946 0.15314762 0.03430000
v 0.23418005 0.14656191 0.03430000
v 0.22912078 0.14897931 0.03430000
v 0.22858057 0.14153094 0.03430000
v 0.23365999 0.13767190 0.03430000
v 0.22500000 0.19379099 0.03430000
v 0.22500000 0.19015610 0.03430000
v 0.22500000 0.18777522 0.03430000
v 0.22500000 0.18538563 0.03430000
v 0.22500000 0.18269533 0.03430000
v 0.22500000 0.17869770 0.03430000
v 0.22500000 0.17605476 0.03430000
v 0.22500000 0.19698474 0.03430000
v 0.22500000 0.16389437 0.03430000
v 0.22500000 0.15932884 0.03430000
v 0.22500000 0.17127445 0.03430000
v 0.22500000 0.16703272 0.03430000
v 0.22500000 0.15653765 0.03430000
v 0.22500000 0.13834016 0.03430000
v 0.22500000 0.14750461 0.03430000
v 0.22500000 0.14473468 0.03430000
v 0.23178413 0.19740000 0.03430000
v 0.23115291 0.19740000 0.03430000
v 0.23555624 0.19740000 0.03430000
v 0.24987758 0.19740000 0.03430000
v 0.24860692 0.19740000 0.03430000
v 0.24432123 0.19740000 0.03430000
v 0.22880408 0.19740000 0.03430000
v 0.22542813 0.19740000 0.03430000
v 0.24086456 0.19740000 0.03430000
v 0.24007511 0.19740000 0.03430000
v 0.22500000 0.19740000 0.03430000
v 0.25440000 0.17868648 0.03430000
v 0.25440000 0.18166670 0.03430000
v 0.25440000 0.19058955 0.03430000
v 0.25440000 0.19232761 0.03430000
v 0.25440000 0.19487486 0.03430000
v 0.25440000 0.19740000 0.03430000
v 0.24302812 0.13570000 0.03430000
v 0.24660468 0.13570000 0.03430000
v 0.22891959 0.13570000 0.03430000
v 0.23268872 0.13570000 0.03430000
v 0.23414196 0.13570000 0.03430000
v 0.23931145 0.13570000 0.03430000
v 0.22500176 0.13570000 0.03430000
v 0.22672422 0.13570000 0.03430000
v 0.22500000 0.13570000 0.03430000
v 0.25389598 0.13570000 0.03430000
v 0.24940434 0.13570000 0.03430000
v 0.22500000 0.13570000 0.03083384
v 0.22500000 0.19379099 0.03720000
v 0.22500000 0.19015610 0.03720000
v 0.22500000 0.18777522 0.03720000
v 0.22500000 0.18538563 0.03720000
v 0.22500000 0.18269533 0.03720000
v 0.22500000 0.17869770 0.03720000
v 0.22500000 0.17605476 0.03720000
v 0.22500000 0.19698474 0.03720000
v 0.22500000 0.16389437 0.03720000
v 0.22500000 0.15932884 0.03720000
v 0.22500000 0.17127445 0.03720000
v 0.22500000 0.16703272 0.03720000
v 0.22500000 0.15653765 0.03720000
v 0.22500000 0.14750461 0.03720000
v 0.22500000 0.13834016 0.03720000
v 0.22500000 0.14473468 0.03720000
v 0.23178413 0.19740000 0.03720000
v 0.23115291 0.19740000 0.03720000
v 0.23555624 0.19740000 0.03720000
v 0.24987758 0.19740000 0.03720000
v 0.24860692 0.19740000 0.03720000
v 0.24432123 0.19740000 0.03720000
v 0.22880408 0.19740000 0.03720000
v 0.22542813 0.19740000 0.03720000
v 0.24086456 0.19740000 0.03720000
v 0.24007511 0.19740000 0.03720000
v 0.22500000 0.19740000 0.03720000
v 0.25440000 0.19740000 0.03720000
v 0.22500000 0.13570000 0.03720000
v 0.21803574 0.17575494 0.03720000
v 0.21908149 0.18012293 0.03720000
v 0.21752025 0.18515731 0.03720000
v 0.21659119 0.17847540 0.03720000
v 0.21715790 0.17286173 0.03720000
v 0.21194257 0.17575579 0.03720000
v 0.22297902 0.20352208 0.03720000
v 0.22489070 0.20792503 0.03720000
v 0.22321296 0.19525140 0.03720000
v 0.22308627 0.17796918 0.03720000
v 0.22283043 0.18726259 0.03720000
v 0.22256003 0.17135873 0.03720000
v 0.21694062 0.20408521 0.03720000
v 0.21482368 0.20637888 0.03720000
v 0.21568394 0.20118739 0.03720000
v 0.21639987 0.19775671 0.03720000
v 0.20971081 0.20359716 0.03720000
v 0.21335956 0.19566185 0.03720000
v 0.21294549 0.19890829 0.03720000
v 0.21250867 0.19389990 0.03720000
v 0.20788401 0.19047232 0.03720000
v 0.21283315 0.18895118 0.03720000
v 0.21583732 0.19203003 0.03720000
v 0.21549933 0.18271279 0.03720000
v 0.21043240 0.20814904 0.03720000
v 0.20630445 0.21068604 0.03720000
v 0.20305893 0.20377102 0.03720000
v 0.21549697 0.21387072 0.03720000
v 0.21050826 0.21325043 0.03720000
v 0.21700396 0.21280512 0.03720000
v 0.20317271 0.21355113 0.03720000
v 0.22465228 0.21422178 0.03720000
v 0.22017799 0.21328885 0.03720000
v 0.20631205 0.19835936 0.03720000
v 0.20102393 0.19283664 0.03720000
v 0.21354344 0.17247860 0.03720000
v 0.20941544 0.18252863 0.03720000
v 0.20149410 0.18383271 0.03720000
v 0.19991326 0.19035743 0.03720000
v 0.20732458 0.17513812 0.03720000
v 0.20272226 0.17459571 0.03720000
v 0.21187056 0.17317701 0.03720000
v 0.20793959 0.17375487 0.03720000
v 0.21731469 0.20603412 0.03720000
v 0.21679305 0.20034392 0.03720000
v 0.21851470 0.19680669 0.03720000
v 0.22174657 0.21264900 0.03720000
v 0.21881330 0.18742334 0.03720000
v 0.21875725 0.21317254 0.03720000
v 0.22250746 0.21214752 0.03720000
v 0.20029242 0.20984615 0.03720000
v 0.20722812 0.19365081 0.03720000
v 0.21077799 0.21385066 0.03720000
v 0.20491919 0.21038980 0.03720000
v 0.21325665 0.21112460 0.03720000
v 0.20078217 0.17959894 0.03720000
v 0.20197666 0.20588957 0.03720000
v 0.20074085 0.19510912 0.03720000
v 0.20106112 0.19118265 0.03720000
v 0.20604500 0.18578603 0.03720000
v 0.20000278 0.20106652 0.03720000
v 0.20450834 0.17347004 0.03720000
v 0.20587061 0.20797460 0.03720000
v 0.21036767 0.20959561 0.03720000
v 0.21149353 0.21189146 0.03720000
v 0.20491329 0.17270846 0.03720000
v 0.20187372 0.17642864 0.03720000
v 0.20089878 0.18048728 0.03720000
v 0.20410743 0.19203596 0.03720000
v 0.20636433 0.21151635 0.03720000
v 0.21981646 0.22041146 0.03720000
v 0.20489633 0.22433767 0.03720000
v 0.20020024 0.21174580 0.03720000
v 0.21650610 0.21460202 0.03720000
v 0.21269349 0.21604457 0.03720000
v 0.20525677 0.21663145 0.03720000
v 0.21075169 0.22362590 0.03720000
v 0.22256498 0.16100396 0.03720000
v 0.22278870 0.14671326 0.03720000
v 0.21750681 0.15179767 0.03720000
v 0.21965221 0.14001588 0.03720000
v 0.20441489 0.16700123 0.03720000
v 0.20379290 0.16445308 0.03720000
v 0.20082815 0.16123960 0.03720000
v 0.21756361 0.14008922 0.03720000
v 0.21814441 0.16728714 0.03720000
v 0.21636928 0.16569232 0.03720000
v 0.20790109 0.16592999 0.03720000
v 0.21046116 0.16019715 0.03720000
v 0.21762115 0.15979927 0.03720000
v 0.21120968 0.16948069 0.03720000
v 0.21585188 0.15400463 0.03720000
v 0.21546208 0.16114725 0.03720000
v 0.21666581 0.15494591 0.03720000
v 0.20800586 0.17068726 0.03720000
v 0.22224945 0.13588904 0.03720000
v 0.20794903 0.16736219 0.03720000
v 0.20586962 0.15560097 0.03720000
v 0.20870054 0.15233226 0.03720000
v 0.20329209 0.16043377 0.03720000
v 0.21737738 0.14038791 0.03720000
v 0.19993642 0.15694896 0.03720000
v 0.20101038 0.16440757 0.03720000
v 0.21777252 0.14830240 0.03720000
v 0.20623063 0.13769144 0.03720000
v 0.21330744 0.14168518 0.03720000
v 0.21557236 0.14170898 0.03720000
v 0.21388876 0.14760405 0.03720000
v 0.20302060 0.14711162 0.03720000
v 0.20705902 0.14731828 0.03720000
v 0.20555631 0.14284026 0.03720000
v 0.21256975 0.14429012 0.03720000
v 0.20319212 0.14024602 0.03720000
v 0.20233488 0.14528210 0.03720000
v 0.20016818 0.14845804 0.03720000
v 0.22500000 0.20397780 0.03720000
v 0.22500000 0.20784871 0.03720000
v 0.22500000 0.20263548 0.03720000
v 0.22500000 0.21395139 0.03720000
v 0.22500000 0.21290710 0.03720000
v 0.22500000 0.20795173 0.03720000
v 0.22500000 0.21173796 0.03720000
v 0.22500000 0.21349744 0.03720000
v 0.22500000 0.21390503 0.03720000
v 0.22500000 0.21423493 0.03720000
v 0.22500000 0.21410560 0.03720000
v 0.22500000 0.21348001 0.03720000
v 0.22500000 0.21346733 0.03720000
v 0.22500000 0.22396635 0.03720000
v 0.22500000 0.21548736 0.03720000
v 0.22500000 0.21549414 0.03720000
v 0.22500000 0.21549992 0.03720000
v 0.22500000 0.21423241 0.03720000
v 0.22500000 0.21418752 0.03720000
v 0.22500000 0.21210177 0.03720000
v 0.22500000 0.21908957 0.03720000
v 0.22500000 0.22046599 0.03720000
v 0.19950000 0.20725065 0.03720000
v 0.19950000 0.20687391 0.03720000
v 0.19950000 0.20755896 0.03720000
v 0.19950000 0.20039893 0.03720000
v 0.19950000 0.19985821 0.03720000
v 0.19950000 0.19829979 0.03720000
v 0.19950000 0.18892519 0.03720000
v 0.19950000 0.18307623 0.03720000
v 0.19950000 0.17948296 0.03720000
v 0.19950000 0.19170983 0.03720000
v 0.19950000 0.19040458 0.03720000
v 0.19950000 0.21319640 0.03720000
v 0.19950000 0.21322589 0.03720000
v 0.19950000 0.21272451 0.03720000
v 0.19950000 0.21133123 0.03720000
v 0.19950000 0.20254627 0.03720000
v 0.19950000 0.20636431 0.03720000
v 0.19950000 0.18967125 0.03720000
v 0.19950000 0.19087775 0.03720000
v 0.19950000 0.19307993 0.03720000
v 0.19950000 0.19796565 0.03720000
v 0.19950000 0.20100545 0.03720000
v 0.19950000 0.17483755 0.03720000
v 0.19950000 0.17763652 0.03720000
v 0.19950000 0.17504494 0.03720000
v 0.19950000 0.17502731 0.03720000
v 0.19950000 0.18460646 0.03720000
v 0.19950000 0.20302406 0.03720000
v 0.19950000 0.20084062 0.03720000
v 0.19950000 0.18874674 0.03720000
v 0.19950000 0.18296756 0.03720000
v 0.19950000 0.19857996 0.03720000
v 0.19950000 0.21321748 0.03720000
v 0.19950000 0.21259766 0.03720000
v 0.19950000 0.18181502 0.03720000
v 0.19950000 0.21605168 0.03720000
v 0.19950000 0.21555509 0.03720000
v 0.19950000 0.21679227 0.03720000
v 0.19950000 0.16597021 0.03720000
v 0.19950000 0.16675316 0.03720000
v 0.19950000 0.16344146 0.03720000
v 0.19950000 0.16678724 0.03720000
v 0.19950000 0.16484507 0.03720000
v 0.19950000 0.16448783 0.03720000
v 0.19950000 0.16651933 0.03720000
v 0.19950000 0.16166239 0.03720000
v 0.19950000 0.15700385 0.03720000
v 0.19950000 0.15881331 0.03720000
v 0.19950000 0.15783132 0.03720000
v 0.19950000 0.16997535 0.03720000
v 0.19950000 0.16668952 0.03720000
v 0.19950000 0.15736088 0.03720000
v 0.19950000 0.15999520 0.03720000
v 0.19950000 0.17211477 0.03720000
v 0.19950000 0.15073457 0.03720000
v 0.19950000 0.14952297 0.03720000
v 0.19950000 0.15141656 0.03720000
v 0.19950000 0.14631323 0.03720000
v 0.19950000 0.14565807 0.03720000
v 0.19950000 0.13966332 0.03720000
v 0.19950000 0.13900950 0.03720000
v 0.19950000 0.13982413 0.03720000
v 0.19950000 0.13595267 0.03720000
v 0.19950000 0.14207709 0.03720000
v 0.19950000 0.14639972 0.03720000
v 0.19950000 0.15038654 0.03720000
v 0.19950000 0.14627173 0.03720000
v 0.19950000 0.14720804 0.03720000
v 0.19950000 0.14822238 0.03720000
v 0.19950000 0.15415892 0.03720000
v 0.19950000 0.17512152 0.03720000
v 0.19950000 0.21310461 0.03720000
v 0.19950000 0.20937086 0.03720000
v 0.19950000 0.22331890 0.03720000
v 0.19950000 0.13641585 0.03720000
v 0.19950000 0.14217184 0.03720000
v 0.19950000 0.14861435 0.03720000
v 0.21549028 0.22570000 0.03720000
v 0.21150534 0.22570000 0.03720000
v 0.20715027 0.22570000 0.03720000
v 0.22083489 0.22570000 0.03720000
v 0.20165956 0.22570000 0.03720000
v 0.19950000 0.22570000 0.03720000
v 0.22500000 0.22570000 0.03720000
v 0.20337414 0.22570000 0.03720000
v 0.21900648 0.13570000 0.03720000
v 0.22213651 0.13570000 0.03720000
v 0.21771679 0.13570000 0.03720000
v 0.21706998 0.13570000 0.03720000
v 0.21715708 0.13570000 0.03720000
v 0.21450445 0.13570000 0.03720000
v 0.21507217 0.13570000 0.03720000
v 0.21110955 0.13570000 0.03720000
v 0.21121105 0.13570000 0.03720000
v 0.20995956 0.13570000 0.03720000
v 0.21564572 0.13570000 0.03720000
v 0.22234268 0.13570000 0.03720000
v 0.19997957 0.13570000 0.03720000
v 0.20045022 0.13570000 0.03720000
v 0.19965481 0.13570000 0.03720000
v 0.19950000 0.13570000 0.03720000
v 0.20375181 0.13570000 0.03720000
v 0.20138457 0.13570000 0.03720000
v 0.22227644 0.13570000 0.03720000
v 0.20647941 0.13570000 0.03720000
v 0.20208683 0.13570000 0.03720000
v 0.22234237 0.13570000 0.03720000
v 0.20151733 0.13570000 0.03720000
v 0.19950000 0.20725065 0.01829887
v 0.19950000 0.20687391 0.01835279
v 0.19950000 0.20755896 0.01826598
v 0.19950000 0.20039893 0.01834599
v 0.19950000 0.19985821 0.01827372
v 0.19950000 0.19829979 0.01827896
v 0.19950000 0.18892519 0.01917778
v 0.19950000 0.18307623 0.01810041
v 0.19950000 0.17948296 0.01819681
v 0.19950000 0.19170983 0.01696040
v 0.19950000 0.19040458 0.01864513
v 0.19950000 0.21322589 0.01510341
v 0.19950000 0.17483755 0.01308158
v 0.19950000 0.17504494 0.01588748
v 0.19950000 0.17502731 0.01451420
v 0.19950000 0.20302406 0.00417587
v 0.19950000 0.20084062 0.00418403
v 0.19950000 0.18874674 0.00410234
v 0.19950000 0.18296756 0.00437893
v 0.19950000 0.19857996 0.00418736
v 0.19950000 0.21321748 0.00383135
v 0.19950000 0.21259766 0.00396159
v 0.19950000 0.18181502 0.00378596
v 0.19950000 0.21605168 0.00363550
v 0.19950000 0.21555509 0.00360591
v 0.19950000 0.21679227 0.00364613
v 0.19950000 0.16678724 0.01720288
v 0.19950000 0.16484507 0.01871149
v 0.19950000 0.16448783 0.01869004
v 0.19950000 0.16651933 0.01777999
v 0.19950000 0.16166239 0.00378908
v 0.19950000 0.15700385 0.00504370
v 0.19950000 0.15881331 0.01821075
v 0.19950000 0.15783132 0.01821263
v 0.19950000 0.16997535 0.00381198
v 0.19950000 0.16668952 0.00389812
v 0.19950000 0.17211477 0.00379903
v 0.19950000 0.15073457 0.01795657
v 0.19950000 0.14952297 0.01772878
v 0.19950000 0.15141656 0.01801028
v 0.19950000 0.14631323 0.01841599
v 0.19950000 0.14565807 0.01863747
v 0.19950000 0.13966332 0.01813591
v 0.19950000 0.13900950 0.01810654
v 0.19950000 0.13982413 0.00425512
v 0.19950000 0.13595267 0.00410664
v 0.19950000 0.14207709 0.00449692
v 0.19950000 0.14639972 0.00446696
v 0.19950000 0.15038654 0.00446871
v 0.19950000 0.17512152 0.01828504
v 0.19950000 0.21310461 0.01882203
v 0.19950000 0.22331890 0.00361566
v 0.19950000 0.13641585 0.01121873
v 0.19950000 0.14861435 0.00459239
v 0.21549028 0.22570000 0.00350225
v 0.21150534 0.22570000 0.00339793
v 0.20715027 0.22570000 0.00353401
v 0.22083489 0.22570000 0.00351696
v 0.19950000 0.22570000 0.00363095
v 0.20165956 0.22570000 0.00361674
v 0.22500000 0.22570000 0.00352842
v 0.20337414 0.22570000 0.00359090
v 0.21900648 0.13570000 0.02869550
v 0.22213651 0.13570000 0.02888286
v 0.21771679 0.13570000 0.02781874
v 0.21706998 0.13570000 0.02413949
v 0.21715708 0.13570000 0.02581113
v 0.21450445 0.13570000 0.02108716
v 0.21507217 0.13570000 0.02107657
v 0.21110955 0.13570000 0.01938309
v 0.21121105 0.13570000 0.01953544
v 0.20995956 0.13570000 0.01919853
v 0.21564572 0.13570000 0.02191304
v 0.22234268 0.13570000 0.02898685
v 0.19997957 0.13570000 0.00426396
v 0.20045022 0.13570000 0.00442786
v 0.19965481 0.13570000 0.00415086
v 0.19950000 0.13570000 0.01826076
v 0.20375181 0.13570000 0.01846221
v 0.19950000 0.13570000 0.01122268
v 0.22227644 0.13570000 0.02891358
v 0.20647941 0.13570000 0.01862523
v 0.20208683 0.13570000 0.00645040
v 0.22234237 0.13570000 0.02898651
v 0.19950000 0.13570000 0.00408465
v 0.23136488 0.19789717 0.03720000
v 0.22919038 0.20492271 0.03720000
v 0.22901146 0.20087565 0.03720000
v 0.23796352 0.20698126 0.03720000
v 0.23222137 0.20971581 0.03720000
v 0.25376073 0.21311223 0.03720000
v 0.24546723 0.20838857 0.03720000
v 0.24741941 0.19834333 0.03720000
v 0.25008595 0.19890878 0.03720000
v 0.25197470 0.19896270 0.03720000
v 0.24774916 0.20231719 0.03720000
v 0.24575471 0.21053507 0.03720000
v 0.25035046 0.22124497 0.03720000
v 0.24104009 0.22225966 0.03720000
v 0.24795389 0.21519743 0.03720000
v 0.24122816 0.21092357 0.03720000
v 0.23423415 0.21673472 0.03720000
v 0.23492973 0.21453597 0.03720000
v 0.22969033 0.21372539 0.03720000
v 0.23788146 0.21444464 0.03720000
v 0.22667372 0.21354636 0.03720000
v 0.23529099 0.21413613 0.03720000
v 0.24511758 0.21430671 0.03720000
v 0.24286084 0.20969625 0.03720000
v 0.24164745 0.21404270 0.03720000
v 0.24412118 0.20423298 0.03720000
v 0.23539353 0.20292039 0.03720000
v 0.23080225 0.21467529 0.03720000
v 0.23982766 0.21242437 0.03720000
v 0.23103606 0.21199098 0.03720000
v 0.22830769 0.21436003 0.03720000
v 0.24866150 0.20225027 0.03720000
v 0.24668314 0.20773331 0.03720000
v 0.25075643 0.20374380 0.03720000
v 0.25354790 0.20570008 0.03720000
v 0.24916772 0.20610668 0.03720000
v 0.24714743 0.21288377 0.03720000
v 0.24821892 0.20756057 0.03720000
v 0.24690778 0.20924503 0.03720000
v 0.24584513 0.21333230 0.03720000
v 0.25199308 0.20510927 0.03720000
v 0.24864411 0.19808872 0.03720000
v 0.22500549 0.21549472 0.03720000
v 0.23337576 0.21424100 0.03720000
v 0.23527912 0.22057411 0.03720000
v 0.25440000 0.20829607 0.03720000
v 0.25440000 0.21050922 0.03720000
v 0.25440000 0.20783810 0.03720000
v 0.25440000 0.21360138 0.03720000
v 0.25440000 0.21625964 0.03720000
v 0.25440000 0.21921201 0.03720000
v 0.25440000 0.22284564 0.03720000
v 0.25440000 0.20657918 0.03720000
v 0.25440000 0.19907172 0.03720000
v 0.25440000 0.19906017 0.03720000
v 0.25440000 0.20061429 0.03720000
v 0.25440000 0.20180048 0.03720000
v 0.25440000 0.20559607 0.03720000
v 0.25440000 0.20419361 0.03720000
v 0.25440000 0.20656455 0.03720000
v 0.25440000 0.20637874 0.03720000
v 0.25440000 0.20642704 0.03720000
v 0.25440000 0.20026947 0.03720000
v 0.25440000 0.19874312 0.03720000
v 0.25440000 0.20005537 0.03720000
v 0.25440000 0.20645164 0.03720000
v 0.25440000 0.20591619 0.03720000
v 0.25440000 0.20380478 0.03720000
v 0.25440000 0.20577272 0.03720000
v 0.24448481 0.22570000 0.03720000
v 0.24113790 0.22570000 0.03720000
v 0.22841917 0.22570000 0.03720000
v 0.22802735 0.22570000 0.03720000
v 0.22752790 0.22570000 0.03720000
v 0.25134468 0.22570000 0.03720000
v 0.25006457 0.22570000 0.03720000
v 0.25224200 0.22570000 0.03720000
v 0.25440000 0.22570000 0.03720000
v 0.24448481 0.22570000 0.00335057
v 0.24113790 0.22570000 0.00338124
v 0.22841917 0.22570000 0.00352297
v 0.22802735 0.22570000 0.00351942
v 0.22752790 0.22570000 0.00353538
v 0.25134468 0.22570000 0.00352675
v 0.25006457 0.22570000 0.00342622
v 0.25224200 0.22570000 0.00359721
v 0.25440000 0.22570000 0.00350865
v 0.25811421 0.19280099 0.03430000
v 0.25933811 0.19740000 0.03430000
v 0.25582704 0.19740000 0.03430000
v 0.25950000 0.19437331 0.03430000
v 0.25950000 0.19740000 0.03430000
v 0.25950000 0.17896040 0.03430000
v 0.25950000 0.19040276 0.03430000
v 0.25950000 0.19291643 0.03430000
v 0.25950000 0.19740000 0.03391324
v 0.25582704 0.19740000 0.03720000
v 0.25933811 0.19740000 0.03720000
v 0.25950000 0.19740000 0.03720000
v 0.25494491 0.20829043 0.03720000
v 0.25882764 0.21698924 0.03720000
v 0.25588411 0.20072400 0.03720000
v 0.25917787 0.19925218 0.03720000
v 0.25730249 0.20901167 0.03720000
v 0.25459404 0.20653328 0.03720000
v 0.25950000 0.21782445 0.03720000
v 0.25950000 0.21115601 0.03720000
v 0.25950000 0.21681005 0.03720000
v 0.25950000 0.20216396 0.03720000
v 0.25950000 0.20539403 0.03720000
v 0.25950000 0.19800833 0.03720000
v 0.25950000 0.20013360 0.03720000
v 0.25950000 0.19878164 0.03720000
v 0.25950000 0.19926485 0.03720000
v 0.25950000 0.19913545 0.03720000
v 0.25950000 0.19828137 0.03720000
v 0.25950000 0.20456666 0.03720000
v 0.25950000 0.20119850 0.03720000
v 0.25950000 0.20579523 0.03720000
v 0.25950000 0.20497358 0.03720000
v 0.25950000 0.20732584 0.03720000
v 0.25950000 0.20813319 0.03720000
v 0.25950000 0.20733666 0.03720000
v 0.25950000 0.20720965 0.03720000
v 0.25950000 0.20732050 0.03720000
v 0.25950000 0.20104072 0.03720000
v 0.25950000 0.20482322 0.03720000
v 0.25950000 0.20127980 0.03720000
v 0.25950000 0.20717851 0.03720000
v 0.25950000 0.20917654 0.03720000
v 0.25950000 0.19931309 0.03720000
v 0.25950000 0.20871081 0.03720000
v 0.25950000 0.19905557 0.03720000
v 0.25950000 0.19913601 0.03720000
v 0.25540972 0.22570000 0.03720000
v 0.25843700 0.22570000 0.03720000
v 0.25828458 0.22570000 0.03720000
v 0.25950000 0.22570000 0.03720000
v 0.25950000 0.21115601 0.00351084
v 0.25950000 0.21681005 0.00374438
v 0.25950000 0.20216396 0.00289636
v 0.25950000 0.20539403 0.00320493
v 0.25950000 0.19800833 0.03388131
v 0.25950000 0.20013360 0.03377795
v 0.25950000 0.19878164 0.00342461
v 0.25950000 0.19926485 0.00325271
v 0.25950000 0.19913545 0.00910727
v 0.25950000 0.19828137 0.00360258
v 0.25950000 0.20732584 0.03208818
v 0.25950000 0.20813319 0.03139801
v 0.25950000 0.20733666 0.03356988
v 0.25950000 0.20720965 0.03218751
v 0.25950000 0.20732050 0.03357296
v 0.25950000 0.20104072 0.03373383
v 0.25950000 0.20127980 0.03372861
v 0.25950000 0.20717851 0.03359994
v 0.25950000 0.20917654 0.00315708
v 0.25950000 0.21782445 0.00371084
v 0.25950000 0.20871081 0.02814092
v 0.25950000 0.19905557 0.00937043
v 0.25540972 0.22570000 0.00346721
v 0.25843700 0.22570000 0.00334860
v 0.25828458 0.22570000 0.00334922
v 0.25950000 0.22570000 0.00334424
v 0.19950000 0.21319640 0.01432386
v 0.19950000 0.21272451 0.01381109
v 0.19950000 0.21133123 0.01351367
v 0.19950000 0.20254627 0.00940007
v 0.19950000 0.20636431 0.01246255
v 0.19950000 0.18967125 0.01329676
v 0.19950000 0.19087775 0.01240190
v 0.19950000 0.19307993 0.01046422
v 0.19950000 0.19796565 0.00911952
v 0.19950000 0.20100545 0.00643461
v 0.19950000 0.17763652 0.01100347
v 0.19950000 0.18460646 0.01153345
v 0.19950000 0.16597021 0.01373542
v 0.19950000 0.16675316 0.01609606
v 0.19950000 0.16344146 0.01113860
v 0.19950000 0.15736088 0.00740811
v 0.19950000 0.15999520 0.01034297
v 0.19950000 0.14627173 0.00941560
v 0.19950000 0.14720804 0.00924899
v 0.19950000 0.14822238 0.00706369
v 0.19950000 0.15415892 0.00691106
v 0.19950000 0.20937086 0.01341056
v 0.19950000 0.14217184 0.01231581
v 0.15774610 0.29421331 0.00356974
v 0.16425405 0.28711362 0.00355850
v 0.19922635 0.20711249 0.01826521
v 0.19903686 0.19996011 0.01819688
v 0.19797072 0.19057906 0.01536620
v 0.19760489 0.18235730 0.01755710
v 0.19770515 0.17541441 0.01772832
v 0.19810361 0.21293484 0.01902952
v 0.19853465 0.21314040 0.01426944
v 0.19739192 0.20810645 0.01478668
v 0.19824572 0.20085309 0.01178077
v 0.19794811 0.17526129 0.01425142
v 0.15851372 0.28034503 0.00365568
v 0.16082358 0.29928981 0.00361282
v 0.19717631 0.18708787 0.00370562
v 0.19157099 0.19413371 0.00383806
v 0.18461086 0.18356374 0.00358509
v 0.19641474 0.19945439 0.00352392
v 0.18198973 0.19687436 0.00357031
v 0.19786991 0.16915233 0.00375165
v 0.18904758 0.16621626 0.00379780
v 0.18926188 0.21124043 0.00368130
v 0.19847861 0.21536412 0.00365738
v 0.18275199 0.20576354 0.00373038
v 0.18947920 0.22142707 0.00366944
v 0.17125176 0.21616794 0.00357713
v 0.17438493 0.22777676 0.00354907
v 0.16290352 0.22551633 0.00359792
v 0.17794293 0.17675978 0.00343522
v 0.17993880 0.22101489 0.00360790
v 0.19331702 0.22921130 0.00369416
v 0.18755832 0.24035578 0.00365911
v 0.19676124 0.24555956 0.00370023
v 0.18345718 0.23010587 0.00357664
v 0.17772561 0.25269555 0.00360900
v 0.16915810 0.25170385 0.00370080
v 0.17259682 0.24656673 0.00354280
v 0.17927680 0.24074837 0.00358518
v 0.17680329 0.18744844 0.00345600
v 0.16745666 0.25857078 0.00339510
v 0.18560469 0.24965576 0.00351684
v 0.16923316 0.18002525 0.00363586
v 0.16687241 0.19591384 0.00350971
v 0.16649040 0.18887556 0.00351962
v 0.19642341 0.25434889 0.00352881
v 0.16133482 0.18542332 0.00353457
v 0.18712651 0.25716608 0.00361309
v 0.19714863 0.26088065 0.00365256
v 0.17123912 0.20631312 0.00354499
v 0.16064989 0.20329540 0.00357248
v 0.15913131 0.17833076 0.00362803
v 0.16080656 0.24788144 0.00356315
v 0.15856739 0.19884764 0.00367205
v 0.17247870 0.17046901 0.00359145
v 0.16169711 0.16981519 0.00358549
v 0.15903402 0.21006504 0.00343519
v 0.16131627 0.21784086 0.00357296
v 0.16368827 0.23613930 0.00348128
v 0.19905096 0.30158540 0.00405148
v 0.19668455 0.30474177 0.00084520
v 0.19388444 0.28608159 0.00380286
v 0.18843838 0.29477714 0.00350677
v 0.18405896 0.28720877 0.00387166
v 0.19739097 0.29424915 0.00355063
v 0.17706586 0.27303336 0.00383322
v 0.18133605 0.26983198 0.00381104
v 0.18799821 0.27421510 0.00374401
v 0.17940772 0.27734568 0.00354130
v 0.17503035 0.29424450 0.00360914
v 0.16962015 0.30018266 0.00388055
v 0.16777061 0.29260681 0.00362018
v 0.16498081 0.29944533 0.00033132
v 0.17761839 0.30235605 0.00087949
v 0.16899362 0.30092918 0.00034768
v 0.17279272 0.29911699 0.00020562
v 0.17263737 0.30504492 0.00052032
v 0.17465416 0.30000014 0.00392585
v 0.17730365 0.28981988 0.00376419
v 0.17742469 0.28374061 0.00377324
v 0.18705442 0.28244002 0.00363356
v 0.18067948 0.30170388 0.00432092
v 0.19933772 0.28552949 0.00365362
v 0.18690153 0.30157987 0.00463167
v 0.18695475 0.30292396 0.00016057
v 0.17783970 0.30449759 0.00152927
v 0.17832813 0.30551346 0.00153779
v 0.17768557 0.30493279 0.00158293
v 0.18297457 0.30557362 0.00101210
v 0.16288787 0.30485866 0.00010363
v 0.15897059 0.30063920 0.00030674
v 0.19860086 0.26653776 0.00377977
v 0.18207548 0.26713144 0.00348148
v 0.19827932 0.27567049 0.00375738
v 0.17245831 0.26774570 0.00351908
v 0.17180882 0.28589114 0.00374229
v 0.17180972 0.28164345 0.00353169
v 0.17912810 0.30547751 0.00152546
v 0.17901830 0.30614081 0.00152363
v 0.16671802 0.26981578 0.00367287
v 0.19669895 0.27098306 0.00386673
v 0.19064306 0.26533678 0.00348404
v 0.16530701 0.28194910 0.00350383
v 0.19141077 0.27129262 0.00388202
v 0.16394418 0.26128705 0.00342692
v 0.19749015 0.28061877 0.00364771
v 0.16239442 0.27458982 0.00382738
v 0.16921450 0.27679591 0.00367022
v 0.19756142 0.16665532 0.01741179
v 0.19809938 0.15868289 0.01403628
v 0.19920186 0.16480657 0.01868792
v 0.19710279 0.15730537 0.00340060
v 0.19823695 0.15827358 0.01804211
v 0.19857030 0.13153727 0.01841068
v 0.19741611 0.13425405 0.01441427
v 0.19846218 0.12767817 0.01809129
v 0.19859241 0.13918723 0.01805526
v 0.19819434 0.14285287 0.01470594
v 0.19855330 0.14609854 0.01863175
v 0.19808883 0.15048952 0.01777494
v 0.18002759 0.16291868 0.00347829
v 0.19479491 0.03461347 0.00356096
v 0.18584907 0.03931871 0.00345335
v 0.18083606 0.02594715 0.00361581
v 0.19073453 0.02573476 0.00360216
v 0.17750368 -0.00593733 0.00055545
v 0.18585556 -0.00137837 0.00095573
v 0.17575602 -0.00121702 0.00073699
v 0.17757316 -0.00034146 0.00341774
v 0.18693460 0.04652772 0.00348711
v 0.16907462 -0.00169266 0.00093889
v 0.19473357 -0.00123644 0.00089985
v 0.18921766 0.05650436 0.00347018
v 0.18285450 0.00136002 0.00353209
v 0.18860359 0.00080112 0.00360226
v 0.17005622 0.00643160 0.00375191
v 0.17469776 0.04184826 0.00340686
v 0.16997895 0.02694219 0.00364739
v 0.15989110 -0.00066884 0.00081207
v 0.16746065 0.00002447 0.00399196
v 0.16409671 0.03309234 0.00354736
v 0.19638764 0.00090332 0.00378394
v 0.18571852 0.01069017 0.00377185
v 0.16263616 0.03980750 0.00352146
v 0.15763468 0.00007131 0.00392776
v 0.17926956 0.05109519 0.00343772
v 0.16779102 0.04906241 0.00351334
v 0.19851718 0.14787574 0.01044272
v 0.17442574 0.05708542 0.00340045
v 0.16568171 0.05671329 0.00339300
v 0.19832718 0.02491395 0.00364796
v 0.16070084 0.05149943 0.00374630
v 0.17150042 0.16064788 0.00345531
v 0.19913778 0.13004927 0.01180722
v 0.18469843 0.09295664 0.00365864
v 0.17781201 0.10028813 0.00357555
v 0.18060719 0.08676578 0.00362775
v 0.16582855 0.06557495 0.00342678
v 0.17715146 0.06729242 0.00336958
v 0.16944004 0.07409894 0.00352185
v 0.16603255 0.09049232 0.00362619
v 0.16285515 0.10561295 0.00366008
v 0.16196806 0.09852029 0.00375727
v 0.16395387 0.01714828 0.00353148
v 0.16066682 0.07080926 0.00353095
v 0.19728317 0.13957082 0.00347342
v 0.19608035 0.14941434 0.00370167
v 0.18973609 0.14241305 0.00361529
v 0.19342151 0.11387123 0.00362109
v 0.18472236 0.12324342 0.00367340
v 0.18031113 0.11329259 0.00349927
v 0.15851402 0.05877126 0.00342498
v 0.16820565 0.08316203 0.00365936
v 0.17917934 0.07460502 0.00365263
v 0.19940520 0.13060752 0.00360071
v 0.19269842 0.06848922 0.00352011
v 0.19861043 0.07267569 0.00357692
v 0.15711620 0.06444448 0.00371982
v 0.19748412 0.12483058 0.00353864
v 0.19319974 0.12928560 0.00370170
v 0.17761356 0.14033210 0.00369016
v 0.18524009 0.13486148 0.00357286
v 0.17853772 0.14850217 0.00364927
v 0.15947968 0.07917759 0.00357311
v 0.19556273 0.09076654 0.00367440
v 0.19265928 0.07985658 0.00358734
v 0.15858677 0.08896795 0.00355266
v 0.16979589 0.11574500 0.00347971
v 0.16071218 0.11319132 0.00353079
v 0.18190093 0.05897428 0.00355947
v 0.16096460 0.12216631 0.00361319
v 0.16600270 0.13415461 0.00350590
v 0.17577245 0.13237664 0.00344180
v 0.17599653 0.12257224 0.00338598
v 0.16403433 0.14389961 0.00352124
v 0.18639292 0.06997891 0.00348448
v 0.16136171 0.13007518 0.00368036
v 0.16541794 0.15081871 0.00347715
v 0.16314072 0.16156579 0.00339013
v 0.16025326 0.15139137 0.00356510
v 0.15677684 0.03760979 0.00363381
v 0.15752045 0.14331816 0.00343878
v 0.19213433 0.09995626 0.00364497
v 0.16014372 0.04472812 0.00374055
v 0.16967424 0.05920138 0.00377907
v 0.19950000 0.22660894 0.00363678
v 0.19950000 0.23714788 0.00363988
v 0.19950000 0.23738015 0.00363881
v 0.19950000 0.23777319 0.00364178
v 0.19950000 0.24798090 0.00369791
v 0.19950000 0.25344034 0.00359476
v 0.19950000 0.30178287 0.00383911
v 0.19950000 0.30464600 0.00088834
v 0.19950000 0.25632593 0.00366612
v 0.19950000 0.26013921 0.00372357
v 0.19950000 0.29428620 0.00360448
v 0.19950000 0.30119752 0.00403811
v 0.19950000 0.26453480 0.00368974
v 0.19950000 0.26719777 0.00377139
v 0.19950000 0.27033406 0.00380855
v 0.19950000 0.27637145 0.00373974
v 0.19950000 0.28008307 0.00365655
v 0.19950000 0.27400705 0.00375293
v 0.19950000 0.28133248 0.00368508
v 0.19950000 0.28548548 0.00365732
v 0.19950000 0.28610105 0.00372257
v 0.19950000 0.28812481 0.00397517
v 0.19950000 0.28973078 0.00389132
v 0.19950000 0.12765624 0.01821805
v 0.19950000 0.13111585 0.01849238
v 0.19950000 0.13228417 0.01841993
v 0.19950000 0.04699726 0.00348769
v 0.19950000 0.04838849 0.00347553
v 0.19950000 0.04873411 0.00347724
v 0.19950000 0.04935023 0.00347626
v 0.19950000 -0.00616132 0.00045395
v 0.19950000 -0.00527027 0.00052805
v 0.19950000 -0.00672686 0.00040051
v 0.19950000 0.00502520 0.00354312
v 0.19950000 0.00526110 0.00352500
v 0.19950000 -0.00089368 0.00115246
v 0.19950000 -0.00055497 0.00162116
v 0.19950000 0.00546438 0.00352774
v 0.19950000 0.01344046 0.00372622
v 0.19950000 0.01979835 0.00365691
v 0.19950000 0.02351803 0.00365551
v 0.19950000 0.13096026 0.01124882
v 0.19950000 0.12959087 0.01206159
v 0.19950000 0.12738002 0.01669321
v 0.19950000 0.06240589 0.00352825
v 0.19950000 0.06320346 0.00353244
v 0.19950000 0.06228678 0.00352789
v 0.19950000 0.11854172 0.00370490
v 0.19950000 0.12367521 0.00361421
v 0.19950000 0.12547971 0.00372641
v 0.19950000 0.13055575 0.00361140
v 0.19950000 0.08256463 0.00367696
v 0.19950000 0.08737070 0.00370109
v 0.19950000 0.07283784 0.00357852
v 0.19950000 0.07782173 0.00359123
v 0.19950000 0.13125439 0.00369758
v 0.19950000 0.09190020 0.00373864
v 0.19950000 0.09578575 0.00374877
v 0.19950000 0.10365917 0.00366672
v 0.19950000 0.10431213 0.00366536
v 0.19950000 0.02606751 0.00363193
v 0.19950000 0.03432869 0.00354710
v 0.19950000 0.22916729 0.00360160
v 0.19950000 0.24532981 0.00370940
v 0.19950000 0.30155376 0.00384692
v 0.19950000 0.30149453 0.00403032
v 0.19950000 0.29290416 0.00358233
v 0.19950000 0.26186498 0.00366467
v 0.19950000 0.27509416 0.00374759
v 0.19950000 -0.00320970 0.00071903
v 0.19950000 0.00097758 0.00379735
v 0.19950000 0.02499788 0.00363955
v 0.19950000 0.13022417 0.01091100
v 0.19950000 0.13062648 0.00383756
v 0.19950000 0.11271647 0.00363576
v 0.15670000 0.29320931 0.00355553
v 0.15670000 0.28790035 0.00351589
v 0.15670000 0.28493608 0.00350626
v 0.15670000 0.28139960 0.00360092
v 0.15670000 0.29941561 0.00370133
v 0.15670000 0.29539253 0.00361641
v 0.15670000 0.25661782 0.00353427
v 0.15670000 0.25179911 0.00357595
v 0.15670000 0.21678484 0.00346449
v 0.15670000 0.21227989 0.00341223
v 0.15670000 0.20934395 0.00344118
v 0.15670000 0.20494505 0.00352677
v 0.15670000 0.20207924 0.00351082
v 0.15670000 0.19906486 0.00361541
v 0.15670000 0.22473368 0.00354970
v 0.15670000 0.22118811 0.00354371
v 0.15670000 0.24558619 0.00355327
v 0.15670000 0.23887333 0.00350862
v 0.15670000 0.22866371 0.00350386
v 0.15670000 0.25785677 0.00352924
v 0.15670000 0.27063243 0.00361050
v 0.15670000 0.26978749 0.00358843
v 0.15670000 0.27358129 0.00362063
v 0.15670000 0.27116141 0.00363220
v 0.15670000 0.30043266 0.00046365
v 0.15670000 0.29985696 0.00176609
v 0.15670000 0.30155046 0.00048320
v 0.15670000 -0.00407285 0.00058119
v 0.15670000 -0.00545816 0.00049302
v 0.15670000 -0.00009346 0.00342375
v 0.15670000 -0.00078618 0.00078640
v 0.15670000 0.00690907 0.00367498
v 0.15670000 0.00063265 0.00390318
v 0.15670000 0.01689414 0.00357944
v 0.15670000 0.01220235 0.00369137
v 0.15670000 0.02378360 0.00352353
v 0.15670000 0.02319817 0.00351935
v 0.15670000 0.02430271 0.00352043
v 0.15670000 0.05859044 0.00343602
v 0.15670000 0.05483447 0.00360382
v 0.15670000 0.06385823 0.00369552
v 0.15670000 0.07115086 0.00347594
v 0.15670000 0.06525178 0.00368651
v 0.15670000 0.07556317 0.00350723
v 0.15670000 0.08929418 0.00356003
v 0.15670000 0.08122680 0.00358007
v 0.15670000 0.09931077 0.00367762
v 0.15670000 0.09384974 0.00359430
v 0.15670000 0.10123912 0.00364811
v 0.15670000 0.03748911 0.00363151
v 0.15670000 0.03206267 0.00352794
v 0.15670000 0.04255852 0.00348464
v 0.15670000 0.03782586 0.00362787
v 0.15670000 0.04394858 0.00357122
v 0.15670000 0.05024036 0.00359625
v 0.15670000 0.04703884 0.00360360
v 0.15670000 0.29418905 0.00357734
v 0.15670000 0.29453262 0.00359001
v 0.15670000 0.19784741 0.00358359
v 0.15670000 0.23482791 0.00349309
v 0.15670000 0.30488713 0.00011340
v 0.15670000 0.27941046 0.00361881
v 0.15670000 0.00007992 0.00391866
v 0.15670000 0.06440390 0.00370724
v 0.15670000 0.07898963 0.00352786
v 0.15670000 0.09017413 0.00355132
v 0.15670000 0.03765569 0.00363163
v 0.28200121 0.17526017 0.03430000
v 0.27939929 0.17427404 0.03430000
v 0.28452834 0.16666204 0.03430000
v 0.28087570 0.17562995 0.03430000
v 0.28392942 0.17395698 0.03430000
v 0.27812745 0.17732102 0.03430000
v 0.25963079 0.17765418 0.03430000
v 0.27262736 0.17359491 0.03430000
v 0.26248798 0.17231560 0.03430000
v 0.28325229 0.13925491 0.03430000
v 0.27978748 0.13659392 0.03430000
v 0.27921907 0.14144692 0.03430000
v 0.28020590 0.14568594 0.03430000
v 0.28292870 0.14858039 0.03430000
v 0.28142430 0.15439716 0.03430000
v 0.28045818 0.14769594 0.03430000
v 0.28007343 0.15178591 0.03430000
v 0.27988623 0.16198045 0.03430000
v 0.27896260 0.15734090 0.03430000
v 0.27790739 0.17100264 0.03430000
v 0.28197943 0.13005925 0.03430000
v 0.27955818 0.12739360 0.03430000
v 0.28322343 0.12239007 0.03430000
v 0.27941535 0.13375328 0.03430000
v 0.28226428 0.11732210 0.03430000
v 0.28221953 0.10884774 0.03430000
v 0.28224892 0.11145387 0.03430000
v 0.27818527 0.12225613 0.03430000
v 0.28152862 0.12690999 0.03430000
v 0.28308051 0.15053244 0.03430000
v 0.28342263 0.14664212 0.03430000
v 0.27668820 0.13543475 0.03430000
v 0.27172826 0.14248318 0.03430000
v 0.26713130 0.13383307 0.03430000
v 0.26488335 0.13970166 0.03430000
v 0.26007503 0.13232486 0.03430000
v 0.28175242 0.15475681 0.03430000
v 0.27941352 0.16042531 0.03430000
v 0.26726888 0.14633635 0.03430000
v 0.27697721 0.14976598 0.03430000
v 0.27420702 0.10776521 0.03430000
v 0.28128060 0.11823866 0.03430000
v 0.27557379 0.11807147 0.03430000
v 0.27773091 0.11117761 0.03430000
v 0.26915451 0.15247052 0.03430000
v 0.26914239 0.16099363 0.03430000
v 0.26540150 0.12067057 0.03430000
v 0.26912977 0.11574338 0.03430000
v 0.28245670 0.13977694 0.03430000
v 0.26244082 0.10771649 0.03430000
v 0.28006216 0.16464900 0.03430000
v 0.27319118 0.12745616 0.03430000
v 0.26364801 0.15496781 0.03430000
v 0.26608113 0.12577294 0.03430000
v 0.25974170 0.16719856 0.03430000
v 0.26942271 0.16805387 0.03430000
v 0.28041862 0.16771413 0.03430000
v 0.26108702 0.16213293 0.03430000
v 0.28500000 0.17545478 0.03430000
v 0.28500000 0.17738504 0.03430000
v 0.28500000 0.17160409 0.03430000
v 0.28500000 0.13322247 0.03430000
v 0.28500000 0.13691155 0.03430000
v 0.28500000 0.14455027 0.03430000
v 0.28500000 0.14635672 0.03430000
v 0.28500000 0.14844667 0.03430000
v 0.28500000 0.15235740 0.03430000
v 0.28500000 0.15530762 0.03430000
v 0.28500000 0.15890323 0.03430000
v 0.28500000 0.16300001 0.03430000
v 0.28500000 0.17234222 0.03430000
v 0.28500000 0.12995964 0.03430000
v 0.28500000 0.11078053 0.03430000
v 0.28500000 0.11015268 0.03430000
v 0.28500000 0.12229750 0.03430000
v 0.28500000 0.11978888 0.03430000
v 0.28500000 0.12247170 0.03430000
v 0.28500000 0.12291753 0.03430000
v 0.28500000 0.14139500 0.03430000
v 0.28500000 0.14520855 0.03430000
v 0.28500000 0.14707660 0.03430000
v 0.28500000 0.15316764 0.03430000
v 0.28500000 0.15585883 0.03430000
v 0.28500000 0.15996962 0.03430000
v 0.28500000 0.16112452 0.03430000
v 0.28500000 0.10797411 0.03430000
v 0.28500000 0.11874885 0.03430000
v 0.28500000 0.12079156 0.03430000
v 0.28500000 0.11397739 0.03430000
v 0.28500000 0.11578230 0.03430000
v 0.28500000 0.11220873 0.03430000
v 0.28500000 0.12209270 0.03430000
v 0.28500000 0.13529101 0.03430000
v 0.28500000 0.13413691 0.03430000
v 0.28500000 0.14725407 0.03430000
v 0.28500000 0.14640783 0.03430000
v 0.28500000 0.16014766 0.03430000
v 0.28500000 0.15569558 0.03430000
v 0.28500000 0.15261902 0.03430000
v 0.28500000 0.12290327 0.03430000
v 0.28500000 0.13814010 0.03430000
v 0.28500000 0.10988972 0.03430000
v 0.28500000 0.11131052 0.03430000
v 0.28500000 0.11253686 0.03430000
v 0.28500000 0.13325540 0.03430000
v 0.28500000 0.13506227 0.03430000
v 0.28500000 0.13632758 0.03430000
v 0.28500000 0.14171096 0.03430000
v 0.28500000 0.16584625 0.03430000
v 0.28500000 0.16216703 0.03430000
v 0.28500000 0.16840071 0.03430000
v 0.28500000 0.17023186 0.03430000
v 0.28500000 0.17148609 0.03430000
v 0.28500000 0.17521641 0.03430000
v 0.28500000 0.16856907 0.03430000
v 0.28500000 0.13909182 0.03430000
v 0.28500000 0.17310930 0.03430000
v 0.28500000 0.14921684 0.03430000
v 0.28500000 0.15009577 0.03430000
v 0.28500000 0.15190065 0.03430000
v 0.28500000 0.12826489 0.03430000
v 0.28500000 0.16632653 0.03430000
v 0.28500000 0.16697620 0.03430000
v 0.28296812 0.10740000 0.03430000
v 0.28340392 0.10740000 0.03430000
v 0.28034543 0.10740000 0.03430000
v 0.28324823 0.10740000 0.03430000
v 0.26770085 0.10740000 0.03430000
v 0.27275556 0.10740000 0.03430000
v 0.26340867 0.10740000 0.03430000
v 0.26196382 0.10740000 0.03430000
v 0.28362865 0.10740000 0.03430000
v 0.28408174 0.10740000 0.03430000
v 0.28500000 0.10740000 0.03430000
v 0.28332819 0.10740000 0.03430000
v 0.27411243 0.10740000 0.03430000
v 0.27450973 0.10740000 0.03430000
v 0.27390383 0.10740000 0.03430000
v 0.26233401 0.10740000 0.03430000
v 0.28149241 0.17800000 0.03430000
v 0.28009527 0.17800000 0.03430000
v 0.28123050 0.17800000 0.03430000
v 0.27867186 0.17800000 0.03430000
v 0.27746002 0.17800000 0.03430000
v 0.27214338 0.17800000 0.03430000
v 0.26653153 0.17800000 0.03430000
v 0.26498248 0.17800000 0.03430000
v 0.26674624 0.17800000 0.03430000
v 0.26663556 0.17800000 0.03430000
v 0.28456884 0.17800000 0.03430000
v 0.28175487 0.17800000 0.03430000
v 0.28485301 0.17800000 0.03430000
v 0.28500000 0.17800000 0.03430000
v 0.28332499 0.17800000 0.03430000
v 0.27991172 0.17800000 0.03430000
v 0.27797298 0.17800000 0.03430000
v 0.25959616 0.17800000 0.03430000
v 0.28151236 0.17800000 0.03430000
v 0.28500000 0.17800000 0.00365479
v 0.28500000 0.17800000 0.03388724
v 0.25950000 0.13353099 0.03430000
v 0.25950000 0.11382233 0.03430000
v 0.25950000 0.11356075 0.03430000
v 0.25950000 0.11393500 0.03430000
v 0.25950000 0.12585858 0.03430000
v 0.25950000 0.12491733 0.03430000
v 0.25950000 0.12705846 0.03430000
v 0.25950000 0.13038039 0.03430000
v 0.25950000 0.10759863 0.03430000
v 0.25950000 0.10740000 0.03430000
v 0.25950000 0.11900454 0.03430000
v 0.25950000 0.13263150 0.03430000
v 0.25950000 0.13218204 0.03430000
v 0.25950000 0.10833079 0.03430000
v 0.25950000 0.10802631 0.03430000
v 0.28500000 0.17545478 0.03720000
v 0.28500000 0.17738504 0.03720000
v 0.28500000 0.13322247 0.03720000
v 0.28500000 0.13691155 0.03720000
v 0.28500000 0.14455027 0.03720000
v 0.28500000 0.14635672 0.03720000
v 0.28500000 0.14844667 0.03720000
v 0.28500000 0.15235740 0.03720000
v 0.28500000 0.15530762 0.03720000
v 0.28500000 0.15890323 0.03720000
v 0.28500000 0.16300001 0.03720000
v 0.28500000 0.17234222 0.03720000
v 0.28500000 0.12995964 0.03720000
v 0.28500000 0.11078053 0.03720000
v 0.28500000 0.11015268 0.03720000
v 0.28500000 0.12229750 0.03720000
v 0.28500000 0.11978888 0.03720000
v 0.28500000 0.12247170 0.03720000
v 0.28500000 0.12291753 0.03720000
v 0.28500000 0.14139500 0.03720000
v 0.28500000 0.14520855 0.03720000
v 0.28500000 0.14707660 0.03720000
v 0.28500000 0.15316764 0.03720000
v 0.28500000 0.15585883 0.03720000
v 0.28500000 0.15996962 0.03720000
v 0.28500000 0.16112452 0.03720000
v 0.28500000 0.11874885 0.03720000
v 0.28500000 0.12079156 0.03720000
v 0.28500000 0.10797411 0.03720000
v 0.28500000 0.11397739 0.03720000
v 0.28500000 0.11578230 0.03720000
v 0.28500000 0.11220873 0.03720000
v 0.28500000 0.12209270 0.03720000
v 0.28500000 0.13413691 0.03720000
v 0.28500000 0.13529101 0.03720000
v 0.28500000 0.14725407 0.03720000
v 0.28500000 0.14640783 0.03720000
v 0.28500000 0.16014766 0.03720000
v 0.28500000 0.15569558 0.03720000
v 0.28500000 0.15261902 0.03720000
v 0.28500000 0.12290327 0.03720000
v 0.28500000 0.13814010 0.03720000
v 0.28500000 0.10988972 0.03720000
v 0.28500000 0.11131052 0.03720000
v 0.28500000 0.11253686 0.03720000
v 0.28500000 0.13325540 0.03720000
v 0.28500000 0.13506227 0.03720000
v 0.28500000 0.13632758 0.03720000
v 0.28500000 0.14171096 0.03720000
v 0.28500000 0.16584625 0.03720000
v 0.28500000 0.16216703 0.03720000
v 0.28500000 0.16840071 0.03720000
v 0.28500000 0.17023186 0.03720000
v 0.28500000 0.17148609 0.03720000
v 0.28500000 0.17160409 0.03720000
v 0.28500000 0.16856907 0.03720000
v 0.28500000 0.13909182 0.03720000
v 0.28500000 0.17310930 0.03720000
v 0.28500000 0.17521641 0.03720000
v 0.28500000 0.14921684 0.03720000
v 0.28500000 0.15009577 0.03720000
v 0.28500000 0.15190065 0.03720000
v 0.28500000 0.12826489 0.03720000
v 0.28500000 0.16632653 0.03720000
v 0.28500000 0.16697620 0.03720000
v 0.28296812 0.10740000 0.03720000
v 0.28340392 0.10740000 0.03720000
v 0.28034543 0.10740000 0.03720000
v 0.28324823 0.10740000 0.03720000
v 0.26770085 0.10740000 0.03720000
v 0.27275556 0.10740000 0.03720000
v 0.26340867 0.10740000 0.03720000
v 0.28362865 0.10740000 0.03720000
v 0.28408174 0.10740000 0.03720000
v 0.28500000 0.10740000 0.03720000
v 0.28332819 0.10740000 0.03720000
v 0.27450973 0.10740000 0.03720000
v 0.27411243 0.10740000 0.03720000
v 0.27390383 0.10740000 0.03720000
v 0.26233401 0.10740000 0.03720000
v 0.26196382 0.10740000 0.03720000
v 0.28500000 0.17800000 0.03720000
v 0.25950000 0.10740000 0.03720000
v 0.28850312 0.17516528 0.03720000
v 0.29814758 0.17401252 0.03720000
v 0.31100098 0.17550240 0.03720000
v 0.28732416 0.17796616 0.03720000
v 0.29030828 0.17395816 0.03720000
v 0.29223758 0.17179696 0.03720000
v 0.29584448 0.13807988 0.03720000
v 0.29855342 0.13365121 0.03720000
v 0.30124269 0.13884291 0.03720000
v 0.28715908 0.14403881 0.03720000
v 0.29635473 0.14753122 0.03720000
v 0.29273035 0.14794763 0.03720000
v 0.29031557 0.12978436 0.03720000
v 0.29551236 0.15468807 0.03720000
v 0.30197577 0.15459838 0.03720000
v 0.29692457 0.16099636 0.03720000
v 0.28919865 0.15637669 0.03720000
v 0.29585005 0.11040244 0.03720000
v 0.28893018 0.11056783 0.03720000
v 0.28732633 0.10503161 0.03720000
v 0.30747186 0.17142328 0.03720000
v 0.29296834 0.16458869 0.03720000
v 0.29827448 0.16767940 0.03720000
v 0.28883712 0.17035714 0.03720000
v 0.31069038 0.16720281 0.03720000
v 0.30810978 0.15860674 0.03720000
v 0.30769299 0.11753547 0.03720000
v 0.30115200 0.12021505 0.03720000
v 0.30339247 0.11433098 0.03720000
v 0.30826242 0.12833512 0.03720000
v 0.30086511 0.12798333 0.03720000
v 0.31101273 0.12666097 0.03720000
v 0.30538409 0.13516662 0.03720000
v 0.29596661 0.10122264 0.03720000
v 0.30121441 0.10635244 0.03720000
v 0.29530435 0.12075735 0.03720000
v 0.28621943 0.11509595 0.03720000
v 0.29763148 0.11509430 0.03720000
v 0.29677174 0.12823084 0.03720000
v 0.28643721 0.11949840 0.03720000
v 0.31244262 0.13503703 0.03720000
v 0.30789389 0.14227063 0.03720000
v 0.30114307 0.14526265 0.03720000
v 0.30560226 0.15314415 0.03720000
v 0.31135172 0.14804827 0.03720000
v 0.31159814 0.08944721 0.03720000
v 0.30737868 0.09602574 0.03720000
v 0.30138164 0.09122145 0.03720000
v 0.30278821 0.09769717 0.03720000
v 0.31317314 0.10072474 0.03720000
v 0.30949111 0.10838940 0.03720000
v 0.31398745 0.11253238 0.03720000
v 0.30324557 0.10294016 0.03720000
v 0.28706777 0.09145471 0.03720000
v 0.29354476 0.09288517 0.03720000
v 0.28587924 0.11056533 0.03720000
v 0.28636474 0.12101946 0.03720000
v 0.28857102 0.09957409 0.03720000
v 0.28800714 0.09523675 0.03720000
v 0.28717902 0.10237141 0.03720000
v 0.29126570 0.10621209 0.03720000
v 0.28820120 0.09603317 0.03720000
v 0.29138374 0.09507589 0.03720000
v 0.28818492 0.09241738 0.03720000
v 0.29145013 0.09984963 0.03720000
v 0.28857340 0.09770083 0.03720000
v 0.29212006 0.11056744 0.03720000
v 0.29182578 0.14495555 0.03720000
v 0.29145654 0.13720494 0.03720000
v 0.29153526 0.14580889 0.03720000
v 0.28617112 0.14115113 0.03720000
v 0.29196640 0.15379708 0.03720000
v 0.29157471 0.16164969 0.03720000
v 0.29113909 0.15627658 0.03720000
v 0.28903688 0.12984051 0.03720000
v 0.28537727 0.12248363 0.03720000
v 0.29213550 0.12310876 0.03720000
v 0.28976983 0.14006405 0.03720000
v 0.28709527 0.14330429 0.03720000
v 0.28578035 0.16122219 0.03720000
v 0.28760387 0.15674241 0.03720000
v 0.29245050 0.13390545 0.03720000
v 0.28548002 0.09477579 0.03720000
v 0.28596483 0.13501903 0.03720000
v 0.28786100 0.11287776 0.03720000
v 0.28619744 0.13562073 0.03720000
v 0.29036137 0.14887610 0.03720000
v 0.28633002 0.14603062 0.03720000
v 0.29134823 0.12556007 0.03720000
v 0.29166709 0.10780816 0.03720000
v 0.29038510 0.10309879 0.03720000
v 0.28776133 0.10721440 0.03720000
v 0.28579054 0.11132497 0.03720000
v 0.29202240 0.11548042 0.03720000
v 0.29260178 0.16378074 0.03720000
v 0.28999365 0.16507532 0.03720000
v 0.28625532 0.16858883 0.03720000
v 0.28500000 0.09113407 0.03720000
v 0.28500000 0.08807527 0.03720000
v 0.28500000 0.09164330 0.03720000
v 0.28500000 0.09179901 0.03720000
v 0.28500000 0.09342630 0.03720000
v 0.28500000 0.09319757 0.03720000
v 0.28500000 0.09230821 0.03720000
v 0.28500000 0.10265265 0.03720000
v 0.28500000 0.09790581 0.03720000
v 0.28500000 0.09710657 0.03720000
v 0.28500000 0.10060871 0.03720000
v 0.28500000 0.10521687 0.03720000
v 0.28500000 0.09398753 0.03720000
v 0.28500000 0.10105744 0.03720000
v 0.28500000 0.09968850 0.03720000
v 0.28500000 0.09619015 0.03720000
v 0.28500000 0.10282772 0.03720000
v 0.28500000 0.10721209 0.03720000
v 0.28500000 0.09562150 0.03720000
v 0.28500000 0.09573532 0.03720000
v 0.28500000 0.10536899 0.03720000
v 0.28500000 0.10115255 0.03720000
v 0.28500000 0.10449071 0.03720000
v 0.28500000 0.09528687 0.03720000
v 0.28500000 0.09462844 0.03720000
v 0.31440000 0.17472350 0.03720000
v 0.31440000 0.17730414 0.03720000
v 0.31440000 0.16037568 0.03720000
v 0.31440000 0.16341832 0.03720000
v 0.31440000 0.14942500 0.03720000
v 0.31440000 0.15272662 0.03720000
v 0.31440000 0.15558769 0.03720000
v 0.31440000 0.09041131 0.03720000
v 0.31440000 0.09839323 0.03720000
v 0.31440000 0.10152105 0.03720000
v 0.31440000 0.10712640 0.03720000
v 0.31440000 0.11209481 0.03720000
v 0.31440000 0.11312130 0.03720000
v 0.31440000 0.12064600 0.03720000
v 0.31440000 0.13534726 0.03720000
v 0.31440000 0.14356060 0.03720000
v 0.31440000 0.12593665 0.03720000
v 0.31440000 0.13047470 0.03720000
v 0.31440000 0.08850198 0.03720000
v 0.31440000 0.17092327 0.03720000
v 0.31440000 0.17321779 0.03720000
v 0.31440000 0.16832532 0.03720000
v 0.31440000 0.14798102 0.03720000
v 0.31440000 0.09990803 0.03720000
v 0.31440000 0.11257311 0.03720000
v 0.31440000 0.12769810 0.03720000
v 0.29801604 0.17800000 0.03720000
v 0.29343005 0.17800000 0.03720000
v 0.28736956 0.17800000 0.03720000
v 0.29144357 0.17800000 0.03720000
v 0.30458375 0.17800000 0.03720000
v 0.30062600 0.17800000 0.03720000
v 0.28716096 0.17800000 0.03720000
v 0.28696552 0.17800000 0.03720000
v 0.29077118 0.17800000 0.03720000
v 0.28573564 0.17800000 0.03720000
v 0.28731934 0.17800000 0.03720000
v 0.28681924 0.17800000 0.03720000
v 0.28692724 0.17800000 0.03720000
v 0.28561041 0.17800000 0.03720000
v 0.28644511 0.17800000 0.03720000
v 0.31227836 0.17800000 0.03720000
v 0.31034128 0.17800000 0.03720000
v 0.31374712 0.17800000 0.03720000
v 0.28777833 0.17800000 0.03720000
v 0.28732938 0.17800000 0.03720000
v 0.29064804 0.17800000 0.03720000
v 0.31440000 0.17800000 0.03720000
v 0.30317859 0.08800000 0.03720000
v 0.31011041 0.08800000 0.03720000
v 0.28919265 0.08800000 0.03720000
v 0.29927008 0.08800000 0.03720000
v 0.28507253 0.08800000 0.03720000
v 0.28512199 0.08800000 0.03720000
v 0.28503512 0.08800000 0.03720000
v 0.28500000 0.08800000 0.03720000
v 0.31222486 0.08800000 0.03720000
v 0.31440000 0.08800000 0.03720000
v 0.28844175 0.08800000 0.03720000
v 0.31195355 0.08800000 0.03720000
v 0.31440000 0.17472350 0.00370416
v 0.31440000 0.17730414 0.00364449
v 0.31440000 0.16037568 0.00341234
v 0.31440000 0.16341832 0.00350543
v 0.31440000 0.14942500 0.00346901
v 0.31440000 0.15272662 0.00351986
v 0.31440000 0.15558769 0.00358140
v 0.31440000 0.09041131 0.00369163
v 0.31440000 0.09839323 0.00360273
v 0.31440000 0.10152105 0.00355806
v 0.31440000 0.10712640 0.00358855
v 0.31440000 0.11209481 0.00357483
v 0.31440000 0.11312130 0.00358196
v 0.31440000 0.12064600 0.00348202
v 0.31440000 0.13534726 0.00347100
v 0.31440000 0.14356060 0.00353183
v 0.31440000 0.12593665 0.00344012
v 0.31440000 0.13047470 0.00345014
v 0.31440000 0.17092327 0.00373495
v 0.31440000 0.17321779 0.00369065
v 0.31440000 0.16832532 0.00377025
v 0.31440000 0.14798102 0.00349439
v 0.31440000 0.09990803 0.00361492
v 0.31440000 0.11257311 0.00357940
v 0.31440000 0.12769810 0.00340205
v 0.31440000 0.08850198 0.00383916
v 0.29801604 0.17800000 0.00304709
v 0.29343005 0.17800000 0.00332451
v 0.29144357 0.17800000 0.03042927
v 0.30458375 0.17800000 0.00344632
v 0.30062600 0.17800000 0.00329965
v 0.28716096 0.17800000 0.03378063
v 0.28696552 0.17800000 0.03380267
v 0.29077118 0.17800000 0.03164708
v 0.28681924 0.17800000 0.03376704
v 0.28692724 0.17800000 0.00360632
v 0.28644511 0.17800000 0.03383333
v 0.31227836 0.17800000 0.00369653
v 0.31034128 0.17800000 0.00375874
v 0.31374712 0.17800000 0.00364937
v 0.28777833 0.17800000 0.00358491
v 0.29064804 0.17800000 0.03307666
v 0.31440000 0.17800000 0.00364296
v 0.30317859 0.08800000 0.00376351
v 0.31011041 0.08800000 0.00368925
v 0.28919265 0.08800000 0.00428831
v 0.29927008 0.08800000 0.00375137
v 0.28507253 0.08800000 0.00366363
v 0.28512199 0.08800000 0.00367862
v 0.28503512 0.08800000 0.00365230
v 0.28500000 0.08800000 0.00365197
v 0.31440000 0.08800000 0.00382056
v 0.31222486 0.08800000 0.00368416
v 0.28844175 0.08800000 0.00420331
v 0.31195355 0.08800000 0.00366715
v 0.27724823 0.09233439 0.03720000
v 0.28366916 0.09092770 0.03720000
v 0.27052770 0.09024932 0.03720000
v 0.25964952 0.09247895 0.03720000
v 0.25990329 0.09767411 0.03720000
v 0.27600932 0.09572592 0.03720000
v 0.28255221 0.09862859 0.03720000
v 0.28249952 0.09594143 0.03720000
v 0.27441818 0.09691367 0.03720000
v 0.26361173 0.09192851 0.03720000
v 0.28101050 0.09102443 0.03720000
v 0.27807111 0.09645107 0.03720000
v 0.28395556 0.09227241 0.03720000
v 0.28176187 0.09934127 0.03720000
v 0.27078401 0.09155056 0.03720000
v 0.26178868 0.08892710 0.03720000
v 0.28393873 0.10552290 0.03720000
v 0.27171229 0.09454478 0.03720000
v 0.26017130 0.09302952 0.03720000
v 0.27532252 0.09383134 0.03720000
v 0.26431069 0.08983171 0.03720000
v 0.26832548 0.09152214 0.03720000
v 0.26879881 0.09757187 0.03720000
v 0.27325951 0.09975256 0.03720000
v 0.26368065 0.09693977 0.03720000
v 0.28116890 0.09936582 0.03720000
v 0.28048460 0.09324236 0.03720000
v 0.27160297 0.09771132 0.03720000
v 0.28352447 0.10721086 0.03720000
v 0.27068303 0.09658903 0.03720000
v 0.26809722 0.10040572 0.03720000
v 0.25961233 0.09933547 0.03720000
v 0.26747322 0.10607088 0.03720000
v 0.28353639 0.10050262 0.03720000
v 0.27822678 0.08800000 0.03720000
v 0.27965913 0.08800000 0.03720000
v 0.25981944 0.08800000 0.03720000
v 0.27617533 0.08800000 0.03720000
v 0.26342567 0.08800000 0.03720000
v 0.26420423 0.08800000 0.03720000
v 0.26150424 0.08800000 0.03720000
v 0.26081863 0.08800000 0.03720000
v 0.25952372 0.08800000 0.03720000
v 0.28494013 0.08800000 0.03720000
v 0.27330531 0.08800000 0.03720000
v 0.28184506 0.08800000 0.03720000
v 0.26939316 0.08800000 0.03720000
v 0.26162035 0.08800000 0.03720000
v 0.27822678 0.08800000 0.00375088
v 0.27965913 0.08800000 0.00357700
v 0.27617533 0.08800000 0.00372828
v 0.26342567 0.08800000 0.00349231
v 0.26420423 0.08800000 0.00349418
v 0.26150424 0.08800000 0.02684225
v 0.26081863 0.08800000 0.02560616
v 0.25952372 0.08800000 0.02820825
v 0.28494013 0.08800000 0.00365140
v 0.27330531 0.08800000 0.00410223
v 0.28184506 0.08800000 0.00362229
v 0.26939316 0.08800000 0.00393837
v 0.26162035 0.08800000 0.02441328
v 0.25950000 0.09253602 0.03720000
v 0.25950000 0.09710912 0.03720000
v 0.25950000 0.09740849 0.03720000
v 0.25950000 0.09254611 0.03720000
v 0.25950000 0.10565234 0.03720000
v 0.25950000 0.09955049 0.03720000
v 0.25950000 0.10576524 0.03720000
v 0.25950000 0.09685724 0.03720000
v 0.25950000 0.09346304 0.03720000
v 0.25950000 0.09928092 0.03720000
v 0.25950000 0.09687869 0.03720000
v 0.25950000 0.08800000 0.03720000
v 0.25950000 0.08827161 0.03720000
v 0.25950000 0.09234021 0.03720000
v 0.25950000 0.09200714 0.03720000
v 0.25950000 0.08800000 0.02172983
v 0.25950000 0.08800000 0.00340304
v 0.25950000 0.08800000 0.03711146
v 0.25950000 0.08800000 0.02820004
v 0.25950000 0.09300787 0.03720000
v 0.25950000 0.09276614 0.03720000
v 0.25950000 0.09253682 0.03720000
v 0.25950000 0.09928570 0.03720000
v 0.25950000 0.09345526 0.03720000
v 0.25950000 0.09252335 0.03720000
v 0.25950000 0.09211949 0.03720000
v 0.25950000 0.09234820 0.03720000
v 0.42263370 0.19553386 0.02920000
v 0.42246029 0.19255907 0.02920000
v 0.41338386 0.19178541 0.02920000
v 0.40925665 0.19355036 0.02920000
v 0.41247595 0.19538648 0.02920000
v 0.41654464 0.19412643 0.02920000
v 0.40744317 0.18398104 0.02920000
v 0.40908092 0.18442388 0.02920000
v 0.41025257 0.18603051 0.02920000
v 0.40848634 0.17967670 0.02920000
v 0.41363018 0.18082887 0.02920000
v 0.40743575 0.18520248 0.02920000
v 0.41955968 0.18045778 0.02920000
v 0.41545769 0.18696308 0.02920000
v 0.41177953 0.19216598 0.02920000
v 0.40720832 0.19496535 0.02920000
v 0.42300854 0.19233927 0.02920000
v 0.42183691 0.17629743 0.02920000
v 0.42154620 0.13456416 0.02920000
v 0.42041868 0.15257367 0.02920000
v 0.42498151 0.14672399 0.02920000
v 0.40720156 0.13305382 0.02920000
v 0.42449391 0.16546384 0.02920000
v 0.41986101 0.16040837 0.02920000
v 0.41389399 0.13254584 0.02920000
v 0.40710182 0.15503182 0.02920000
v 0.41479839 0.13903209 0.02920000
v 0.40960002 0.13861431 0.02920000
v 0.41186300 0.15248321 0.02920000
v 0.41346130 0.15840696 0.02920000
v 0.40870457 0.16709361 0.02920000
v 0.41365505 0.17041937 0.02920000
v 0.42021523 0.16914988 0.02920000
v 0.42255892 0.17243467 0.02920000
v 0.41557618 0.17642475 0.02920000
v 0.40700000 0.19220195 0.02920000
v 0.40700000 0.19132421 0.02920000
v 0.40700000 0.19218150 0.02920000
v 0.40700000 0.18452596 0.02920000
v 0.40700000 0.18040717 0.02920000
v 0.40700000 0.19471777 0.02920000
v 0.40700000 0.19125999 0.02920000
v 0.40700000 0.18580639 0.02920000
v 0.40700000 0.13275435 0.02920000
v 0.40700000 0.13918699 0.02920000
v 0.40700000 0.13890102 0.02920000
v 0.40700000 0.14743263 0.02920000
v 0.40700000 0.14713090 0.02920000
v 0.40700000 0.13342500 0.02920000
v 0.40700000 0.14756593 0.02920000
v 0.40700000 0.16482573 0.02920000
v 0.40700000 0.15541301 0.02920000
v 0.40700000 0.15254176 0.02920000
v 0.40700000 0.17168447 0.02920000
v 0.40700000 0.16931354 0.02920000
v 0.40700000 0.17649046 0.02920000
v 0.40700000 0.17531243 0.02920000
v 0.40700000 0.17386025 0.02920000
v 0.40700000 0.17782243 0.02920000
v 0.40700000 0.19542709 0.02920000
v 0.40700000 0.19320609 0.02920000
v 0.40700000 0.18501495 0.02920000
v 0.40700000 0.18530690 0.02920000
v 0.40700000 0.19498818 0.02920000
v 0.40700000 0.13304939 0.02920000
v 0.40700000 0.15512342 0.02920000
v 0.40700000 0.15499093 0.02920000
v 0.40700000 0.16699355 0.02920000
v 0.41425549 0.19600000 0.02920000
v 0.41335770 0.19600000 0.02920000
v 0.40984135 0.19600000 0.02920000
v 0.41682193 0.19600000 0.02920000
v 0.42355246 0.19600000 0.02920000
v 0.42149767 0.19600000 0.02920000
v 0.41500672 0.19600000 0.02920000
v 0.41394988 0.19600000 0.02920000
v 0.41183651 0.19600000 0.02920000
v 0.42029719 0.19600000 0.02920000
v 0.41344664 0.19600000 0.02920000
v 0.41678749 0.19600000 0.02920000
v 0.40809278 0.19600000 0.02920000
v 0.40700000 0.19600000 0.02920000
v 0.41058578 0.19600000 0.02920000
v 0.40705535 0.19600000 0.02920000
v 0.42113066 0.19600000 0.02920000
v 0.40896869 0.19600000 0.02920000
v 0.42292553 0.19600000 0.02920000
v 0.41157096 0.19600000 0.02920000
v 0.41733289 0.19600000 0.02920000
v 0.40714368 0.19600000 0.02920000
v 0.41108979 0.19600000 0.02920000
v 0.42520000 0.19253301 0.02920000
v 0.42520000 0.19442312 0.02920000
v 0.42520000 0.19420190 0.02920000
v 0.42520000 0.19349879 0.02920000
v 0.42520000 0.18751777 0.02920000
v 0.42520000 0.18872659 0.02920000
v 0.42520000 0.17799272 0.02920000
v 0.42520000 0.17911208 0.02920000
v 0.42520000 0.18676547 0.02920000
v 0.42520000 0.14707856 0.02920000
v 0.42520000 0.15359278 0.02920000
v 0.42520000 0.13328852 0.02920000
v 0.42520000 0.13424121 0.02920000
v 0.42520000 0.16050186 0.02920000
v 0.42520000 0.16450736 0.02920000
v 0.42520000 0.15728292 0.02920000
v 0.42520000 0.13870450 0.02920000
v 0.42520000 0.13981309 0.02920000
v 0.42520000 0.14554508 0.02920000
v 0.42520000 0.16605221 0.02920000
v 0.42520000 0.17055789 0.02920000
v 0.42520000 0.17165201 0.02920000
v 0.42520000 0.17278541 0.02920000
v 0.42520000 0.19475455 0.02920000
v 0.42520000 0.19568306 0.02920000
v 0.42520000 0.19600000 0.02920000
v 0.42520000 0.19404028 0.02920000
v 0.42520000 0.19557387 0.02920000
v 0.42520000 0.19192807 0.02920000
v 0.42520000 0.19292294 0.02920000
v 0.42520000 0.14661087 0.02920000
v 0.42520000 0.14681480 0.02920000
v 0.42520000 0.16541197 0.02920000
v 0.42520000 0.17628521 0.02920000
v 0.42520000 0.19367731 0.02920000
v 0.41474631 0.13090000 0.02920000
v 0.41845033 0.13090000 0.02920000
v 0.40801408 0.13090000 0.02920000
v 0.41277456 0.13090000 0.02920000
v 0.40779131 0.13090000 0.02920000
v 0.42096878 0.13090000 0.02920000
v 0.40700000 0.13090000 0.02920000
v 0.42520000 0.13090000 0.02920000
v 0.40532900 0.19120349 0.02920000
v 0.39946043 0.19205587 0.02920000
v 0.40263221 0.19206580 0.02920000
v 0.39480231 0.19150046 0.02920000
v 0.39730931 0.19630809 0.02920000
v 0.39378947 0.18918169 0.02920000
v 0.39993703 0.18476417 0.02920000
v 0.39953120 0.19065107 0.02920000
v 0.39326075 0.18910163 0.02920000
v 0.39759865 0.18044360 0.02920000
v 0.39992244 0.19614510 0.02920000
v 0.39580165 0.19793603 0.02920000
v 0.40498493 0.18139748 0.02920000
v 0.39824194 0.17999734 0.02920000
v 0.40475460 0.17502120 0.02920000
v 0.40043485 0.18218949 0.02920000
v 0.39989385 0.18700970 0.02920000
v 0.40353843 0.19060383 0.02920000
v 0.39686651 0.19110420 0.02920000
v 0.39372667 0.18828895 0.02920000
v 0.40145338 0.19559606 0.02920000
v 0.39534092 0.19749550 0.02920000
v 0.38875402 0.19385835 0.02920000
v 0.38619074 0.18511466 0.02920000
v 0.38758474 0.19283796 0.02920000
v 0.38805026 0.18147421 0.02920000
v 0.38715274 0.18026462 0.02920000
v 0.38852939 0.19754402 0.02920000
v 0.38739745 0.19551299 0.02920000
v 0.38602850 0.19113922 0.02920000
v 0.39458937 0.17808007 0.02920000
v 0.39885242 0.17646801 0.02920000
v 0.39806423 0.17498504 0.02920000
v 0.38621808 0.17192071 0.02920000
v 0.39888364 0.13287112 0.02920000
v 0.40037315 0.13660908 0.02920000
v 0.39357542 0.13395269 0.02920000
v 0.40383702 0.13924981 0.02920000
v 0.39356406 0.13990543 0.02920000
v 0.39751493 0.14068473 0.02920000
v 0.40514499 0.16235769 0.02920000
v 0.40061003 0.16087213 0.02920000
v 0.40678776 0.14735132 0.02920000
v 0.39523931 0.13995547 0.02920000
v 0.39761366 0.14525674 0.02920000
v 0.40225311 0.14479718 0.02920000
v 0.39925920 0.15188261 0.02920000
v 0.39307547 0.15983803 0.02920000
v 0.38660128 0.13453452 0.02920000
v 0.38854612 0.13371329 0.02920000
v 0.38791477 0.15321912 0.02920000
v 0.38827693 0.15025389 0.02920000
v 0.38916355 0.14251319 0.02920000
v 0.39385700 0.14605930 0.02920000
v 0.38687917 0.16135936 0.02920000
v 0.38903322 0.15816208 0.02920000
v 0.38638433 0.14368128 0.02920000
v 0.38676371 0.15304485 0.02920000
v 0.39327486 0.15540657 0.02920000
v 0.38675177 0.15424821 0.02920000
v 0.39166887 0.16083145 0.02920000
v 0.38663431 0.13116924 0.02920000
v 0.38957519 0.16256582 0.02920000
v 0.38660937 0.13943531 0.02920000
v 0.38784205 0.14798282 0.02920000
v 0.38627278 0.15537639 0.02920000
v 0.39354318 0.17143203 0.02920000
v 0.38722597 0.14808969 0.02920000
v 0.39232862 0.15229533 0.02920000
v 0.39313435 0.13337484 0.02920000
v 0.39135272 0.14253818 0.02920000
v 0.38596980 0.13467592 0.02920000
v 0.39304140 0.17206536 0.02920000
v 0.39758879 0.17118910 0.02920000
v 0.40486834 0.17208969 0.02920000
v 0.39785089 0.16645647 0.02920000
v 0.39746042 0.17148278 0.02920000
v 0.38772314 0.17104468 0.02920000
v 0.38590000 0.19174524 0.02920000
v 0.38590000 0.18862072 0.02920000
v 0.38590000 0.19399285 0.02920000
v 0.38590000 0.18572244 0.02920000
v 0.38590000 0.19103197 0.02920000
v 0.38590000 0.18404270 0.02920000
v 0.38590000 0.19070021 0.02920000
v 0.38590000 0.19034993 0.02920000
v 0.38590000 0.18459908 0.02920000
v 0.38590000 0.19101574 0.02920000
v 0.38590000 0.13567226 0.02920000
v 0.38590000 0.13447141 0.02920000
v 0.38590000 0.13684541 0.02920000
v 0.38590000 0.15513196 0.02920000
v 0.38590000 0.15293356 0.02920000
v 0.38590000 0.15962023 0.02920000
v 0.38590000 0.15975269 0.02920000
v 0.38590000 0.15676200 0.02920000
v 0.38590000 0.15953687 0.02920000
v 0.38590000 0.14329513 0.02920000
v 0.38590000 0.14410679 0.02920000
v 0.38590000 0.14113376 0.02920000
v 0.38590000 0.15410180 0.02920000
v 0.38590000 0.14881397 0.02920000
v 0.38590000 0.13393763 0.02920000
v 0.38590000 0.14346532 0.02920000
v 0.38590000 0.13526337 0.02920000
v 0.38590000 0.14554395 0.02920000
v 0.38590000 0.13352475 0.02920000
v 0.38590000 0.13882580 0.02920000
v 0.38590000 0.14890746 0.02920000
v 0.38590000 0.15241397 0.02920000
v 0.38590000 0.16067923 0.02920000
v 0.38590000 0.17229927 0.02920000
v 0.38590000 0.17819550 0.02920000
v 0.38590000 0.16742832 0.02920000
v 0.38590000 0.16290431 0.02920000
v 0.38590000 0.17504519 0.02920000
v 0.38590000 0.17396699 0.02920000
v 0.38590000 0.16849826 0.02920000
v 0.38590000 0.16841807 0.02920000
v 0.38590000 0.16534592 0.02920000
v 0.38590000 0.18058991 0.02920000
v 0.38590000 0.18105643 0.02920000
v 0.38590000 0.14571467 0.02920000
v 0.38590000 0.15603357 0.02920000
v 0.38590000 0.13482992 0.02920000
v 0.38590000 0.15584856 0.02920000
v 0.38590000 0.17014690 0.02920000
v 0.40354550 0.19830000 0.02920000
v 0.39984424 0.19830000 0.02920000
v 0.39840840 0.19830000 0.02920000
v 0.40349980 0.19830000 0.02920000
v 0.40589325 0.19830000 0.02920000
v 0.40310156 0.19830000 0.02920000
v 0.40202491 0.19830000 0.02920000
v 0.39752610 0.19830000 0.02920000
v 0.40671529 0.19830000 0.02920000
v 0.40340795 0.19830000 0.02920000
v 0.39202283 0.19830000 0.02920000
v 0.38775013 0.19830000 0.02920000
v 0.39420855 0.19830000 0.02920000
v 0.38911863 0.19830000 0.02920000
v 0.38903173 0.19830000 0.02920000
v 0.39931146 0.19830000 0.02920000
v 0.39553410 0.19830000 0.02920000
v 0.38610423 0.19830000 0.02920000
v 0.38655455 0.19830000 0.02920000
v 0.38608319 0.19830000 0.02920000
v 0.38612824 0.19830000 0.02920000
v 0.38590000 0.19830000 0.02920000
v 0.39100843 0.19830000 0.02920000
v 0.39453585 0.19830000 0.02920000
v 0.39226441 0.19830000 0.02920000
v 0.40700000 0.19716389 0.02920000
v 0.40700000 0.19637434 0.02920000
v 0.40700000 0.19781015 0.02920000
v 0.40700000 0.19830000 0.02920000
v 0.39518509 0.13090000 0.02920000
v 0.39912965 0.13090000 0.02920000
v 0.38873823 0.13090000 0.02920000
v 0.38760898 0.13090000 0.02920000
v 0.40026955 0.13090000 0.02920000
v 0.39172496 0.13090000 0.02920000
v 0.38689587 0.13090000 0.02920000
v 0.38667006 0.13090000 0.02920000
v 0.39406717 0.13090000 0.02920000
v 0.39832603 0.13090000 0.02920000
v 0.39091801 0.13090000 0.02920000
v 0.39183533 0.13090000 0.02920000
v 0.38922546 0.13090000 0.02920000
v 0.38895528 0.13090000 0.02920000
v 0.38590000 0.13090000 0.02920000
v 0.38895401 0.13090000 0.02920000
v 0.38656077 0.13090000 0.02920000
v 0.40059916 0.13090000 0.02920000
v 0.40575191 0.13090000 0.02920000
v 0.40083545 0.13090000 0.02920000
v 0.38664876 0.13090000 0.02920000
v 0.39364180 0.13090000 0.02920000
v 0.39314043 0.13090000 0.02920000
v 0.38661477 0.13090000 0.02920000
v 0.38660311 0.13090000 0.02920000
v 0.38590000 0.13090000 0.00424923
v 0.38590000 0.13090000 0.02736364
v 0.38590000 0.19174524 0.03100000
v 0.38590000 0.18862072 0.03100000
v 0.38590000 0.19399285 0.03100000
v 0.38590000 0.18572244 0.03100000
v 0.38590000 0.19103197 0.03100000
v 0.38590000 0.18404270 0.03100000
v 0.38590000 0.19070021 0.03100000
v 0.38590000 0.19034993 0.03100000
v 0.38590000 0.18459908 0.03100000
v 0.38590000 0.19101574 0.03100000
v 0.38590000 0.13567226 0.03100000
v 0.38590000 0.13447141 0.03100000
v 0.38590000 0.13684541 0.03100000
v 0.38590000 0.15513196 0.03100000
v 0.38590000 0.15293356 0.03100000
v 0.38590000 0.15962023 0.03100000
v 0.38590000 0.15975269 0.03100000
v 0.38590000 0.15676200 0.03100000
v 0.38590000 0.15953687 0.03100000
v 0.38590000 0.14329513 0.03100000
v 0.38590000 0.14410679 0.03100000
v 0.38590000 0.14113376 0.03100000
v 0.38590000 0.15410180 0.03100000
v 0.38590000 0.14881397 0.03100000
v 0.38590000 0.14346532 0.03100000
v 0.38590000 0.13526337 0.03100000
v 0.38590000 0.14554395 0.03100000
v 0.38590000 0.13882580 0.03100000
v 0.38590000 0.13352475 0.03100000
v 0.38590000 0.14890746 0.03100000
v 0.38590000 0.15241397 0.03100000
v 0.38590000 0.16067923 0.03100000
v 0.38590000 0.17229927 0.03100000
v 0.38590000 0.17819550 0.03100000
v 0.38590000 0.16290431 0.03100000
v 0.38590000 0.16742832 0.03100000
v 0.38590000 0.17504519 0.03100000
v 0.38590000 0.17396699 0.03100000
v 0.38590000 0.16849826 0.03100000
v 0.38590000 0.16841807 0.03100000
v 0.38590000 0.16534592 0.03100000
v 0.38590000 0.18058991 0.03100000
v 0.38590000 0.18105643 0.03100000
v 0.38590000 0.14571467 0.03100000
v 0.38590000 0.15603357 0.03100000
v 0.38590000 0.13393763 0.03100000
v 0.38590000 0.13482992 0.03100000
v 0.38590000 0.15584856 0.03100000
v 0.38590000 0.17014690 0.03100000
v 0.40354550 0.19830000 0.03100000
v 0.39984424 0.19830000 0.03100000
v 0.39840840 0.19830000 0.03100000
v 0.40349980 0.19830000 0.03100000
v 0.40589325 0.19830000 0.03100000
v 0.40310156 0.19830000 0.03100000
v 0.40202491 0.19830000 0.03100000
v 0.39752610 0.19830000 0.03100000
v 0.40671529 0.19830000 0.03100000
v 0.40340795 0.19830000 0.03100000
v 0.39202283 0.19830000 0.03100000
v 0.38775013 0.19830000 0.03100000
v 0.39420855 0.19830000 0.03100000
v 0.38903173 0.19830000 0.03100000
v 0.38911863 0.19830000 0.03100000
v 0.39931146 0.19830000 0.03100000
v 0.39553410 0.19830000 0.03100000
v 0.38655455 0.19830000 0.03100000
v 0.38610423 0.19830000 0.03100000
v 0.38608319 0.19830000 0.03100000
v 0.38612824 0.19830000 0.03100000
v 0.38590000 0.19830000 0.03100000
v 0.39100843 0.19830000 0.03100000
v 0.39453585 0.19830000 0.03100000
v 0.39226441 0.19830000 0.03100000
v 0.40700000 0.19830000 0.03100000
v 0.38590000 0.13090000 0.03100000
v 0.36612657 0.21212706 0.03100000
v 0.37677789 0.21942946 0.03100000
v 0.37351494 0.21465689 0.03100000
v 0.37463767 0.19084341 0.03100000
v 0.37033791 0.18096717 0.03100000
v 0.37996586 0.18109025 0.03100000
v 0.36556375 0.19806858 0.03100000
v 0.36830834 0.19215917 0.03100000
v 0.37909626 0.19921901 0.03100000
v 0.37909644 0.21271149 0.03100000
v 0.38123159 0.18828877 0.03100000
v 0.38117350 0.19421560 0.03100000
v 0.38408486 0.18951692 0.03100000
v 0.38506741 0.20501326 0.03100000
v 0.37911288 0.20506805 0.03100000
v 0.36827766 0.20579088 0.03100000
v 0.37741407 0.20985073 0.03100000
v 0.38421074 0.18102854 0.03100000
v 0.38480721 0.19945150 0.03100000
v 0.38558271 0.19079796 0.03100000
v 0.38177435 0.17506559 0.03100000
v 0.38576455 0.18110282 0.03100000
v 0.38382519 0.17476859 0.03100000
v 0.38578680 0.16837343 0.03100000
v 0.37227263 0.15207377 0.03100000
v 0.37859646 0.15023571 0.03100000
v 0.37392068 0.15809710 0.03100000
v 0.37729345 0.13641584 0.03100000
v 0.37086370 0.13734913 0.03100000
v 0.38396290 0.13460233 0.03100000
v 0.36847085 0.14460977 0.03100000
v 0.38419553 0.14564085 0.03100000
v 0.37501400 0.14494039 0.03100000
v 0.38346049 0.15504112 0.03100000
v 0.38587251 0.15970758 0.03100000
v 0.38141472 0.16451596 0.03100000
v 0.38522280 0.14275520 0.03100000
v 0.38456650 0.14954235 0.03100000
v 0.38430445 0.15884639 0.03100000
v 0.38459658 0.13770586 0.03100000
v 0.38490541 0.14363444 0.03100000
v 0.37189324 0.16764208 0.03100000
v 0.38059718 0.16872237 0.03100000
v 0.36649585 0.17030702 0.03100000
v 0.38590000 0.21971193 0.03100000
v 0.38590000 0.22010556 0.03100000
v 0.38590000 0.22022062 0.03100000
v 0.38590000 0.19868608 0.03100000
v 0.38590000 0.19991189 0.03100000
v 0.38590000 0.20320833 0.03100000
v 0.38590000 0.20695805 0.03100000
v 0.38590000 0.20734241 0.03100000
v 0.38590000 0.21084775 0.03100000
v 0.38590000 0.21125102 0.03100000
v 0.38590000 0.20746089 0.03100000
v 0.38590000 0.19969063 0.03100000
v 0.38590000 0.19863616 0.03100000
v 0.38590000 0.19924858 0.03100000
v 0.38590000 0.20473290 0.03100000
v 0.38590000 0.19996427 0.03100000
v 0.36520000 0.22035718 0.03100000
v 0.36520000 0.21367639 0.03100000
v 0.36520000 0.18760191 0.03100000
v 0.36520000 0.18717437 0.03100000
v 0.36520000 0.19205939 0.03100000
v 0.36520000 0.18788607 0.03100000
v 0.36520000 0.20541391 0.03100000
v 0.36520000 0.19836455 0.03100000
v 0.36520000 0.21192498 0.03100000
v 0.36520000 0.20797216 0.03100000
v 0.36520000 0.15493934 0.03100000
v 0.36520000 0.15057083 0.03100000
v 0.36520000 0.15668666 0.03100000
v 0.36520000 0.13224466 0.03100000
v 0.36520000 0.14300600 0.03100000
v 0.36520000 0.14019669 0.03100000
v 0.36520000 0.16716163 0.03100000
v 0.36520000 0.16304721 0.03100000
v 0.36520000 0.17596875 0.03100000
v 0.36520000 0.17522665 0.03100000
v 0.36520000 0.16970234 0.03100000
v 0.36520000 0.17616492 0.03100000
v 0.36520000 0.19797878 0.03100000
v 0.36520000 0.13716077 0.03100000
v 0.36520000 0.14565252 0.03100000
v 0.36520000 0.17140079 0.03100000
v 0.37140940 0.22090000 0.03100000
v 0.36855955 0.22090000 0.03100000
v 0.36760023 0.22090000 0.03100000
v 0.38236822 0.22090000 0.03100000
v 0.37927691 0.22090000 0.03100000
v 0.38258584 0.22090000 0.03100000
v 0.38590000 0.22090000 0.03100000
v 0.36610490 0.22090000 0.03100000
v 0.37560474 0.22090000 0.03100000
v 0.36520000 0.22090000 0.03100000
v 0.37352392 0.13090000 0.03100000
v 0.37604920 0.13090000 0.03100000
v 0.37970646 0.13090000 0.03100000
v 0.38563894 0.13090000 0.03100000
v 0.38488558 0.13090000 0.03100000
v 0.38561283 0.13090000 0.03100000
v 0.38521678 0.13090000 0.03100000
v 0.36598116 0.13090000 0.03100000
v 0.36938506 0.13090000 0.03100000
v 0.38411087 0.13090000 0.03100000
v 0.36520000 0.13090000 0.03100000
v 0.36520000 0.22035718 0.00348543
v 0.36520000 0.21367639 0.00335766
v 0.36520000 0.18760191 0.00360633
v 0.36520000 0.18717437 0.00360574
v 0.36520000 0.19205939 0.00350528
v 0.36520000 0.18788607 0.00359607
v 0.36520000 0.20541391 0.00316549
v 0.36520000 0.19836455 0.00337040
v 0.36520000 0.21192498 0.00332905
v 0.36520000 0.20797216 0.00323623
v 0.36520000 0.15493934 0.00358485
v 0.36520000 0.15057083 0.00371337
v 0.36520000 0.15668666 0.00355750
v 0.36520000 0.14300600 0.00377162
v 0.36520000 0.14019669 0.00364709
v 0.36520000 0.16716163 0.00358705
v 0.36520000 0.16304721 0.00355431
v 0.36520000 0.17596875 0.00354919
v 0.36520000 0.17522665 0.00354843
v 0.36520000 0.16970234 0.00356695
v 0.36520000 0.17616492 0.00354440
v 0.36520000 0.19797878 0.00336376
v 0.36520000 0.13716077 0.00363590
v 0.36520000 0.13224466 0.00365890
v 0.36520000 0.14565252 0.00386562
v 0.36520000 0.17140079 0.00352767
v 0.37140940 0.22090000 0.00327447
v 0.36855955 0.22090000 0.00339565
v 0.36760023 0.22090000 0.00342032
v 0.38236822 0.22090000 0.00351337
v 0.37927691 0.22090000 0.00350835
v 0.38258584 0.22090000 0.00351373
v 0.38590000 0.22090000 0.00331016
v 0.36610490 0.22090000 0.00346735
v 0.37560474 0.22090000 0.00326513
v 0.36520000 0.22090000 0.00349043
v 0.37352392 0.13090000 0.00378366
v 0.37604920 0.13090000 0.00399200
v 0.37970646 0.13090000 0.00401906
v 0.38488558 0.13090000 0.02684775
v 0.38561283 0.13090000 0.02738530
v 0.38521678 0.13090000 0.00423454
v 0.36598116 0.13090000 0.00370260
v 0.36938506 0.13090000 0.00375009
v 0.38411087 0.13090000 0.00421075
v 0.36520000 0.13090000 0.00369170
v 0.40355705 0.20197669 0.03100000
v 0.40262937 0.20640508 0.03100000
v 0.40002424 0.20122843 0.03100000
v 0.39119635 0.20294948 0.03100000
v 0.39678697 0.20849329 0.03100000
v 0.40377946 0.21822128 0.03100000
v 0.39847762 0.21901862 0.03100000
v 0.39574327 0.21239517 0.03100000
v 0.40390708 0.20983481 0.03100000
v 0.38735238 0.20005980 0.03100000
v 0.40319158 0.19949577 0.03100000
v 0.40615369 0.20209842 0.03100000
v 0.39641276 0.20195928 0.03100000
v 0.39064316 0.20218990 0.03100000
v 0.39165078 0.21748182 0.03100000
v 0.38711411 0.21099040 0.03100000
v 0.38631225 0.22013611 0.03100000
v 0.39026262 0.20015240 0.03100000
v 0.38609211 0.20740679 0.03100000
v 0.38611945 0.19973865 0.03100000
v 0.40700000 0.21234497 0.03100000
v 0.40700000 0.21386196 0.03100000
v 0.40700000 0.21581547 0.03100000
v 0.40700000 0.20181322 0.03100000
v 0.40700000 0.20211588 0.03100000
v 0.40700000 0.20414483 0.03100000
v 0.40700000 0.20659049 0.03100000
v 0.40700000 0.20819726 0.03100000
v 0.40700000 0.20974793 0.03100000
v 0.40700000 0.20191336 0.03100000
v 0.40700000 0.19945910 0.03100000
v 0.40700000 0.19850323 0.03100000
v 0.40700000 0.20011135 0.03100000
v 0.40700000 0.19916800 0.03100000
v 0.40700000 0.20162064 0.03100000
v 0.40700000 0.21807158 0.03100000
v 0.40700000 0.20213110 0.03100000
v 0.40226970 0.22090000 0.03100000
v 0.39939462 0.22090000 0.03100000
v 0.39614200 0.22090000 0.03100000
v 0.38879262 0.22090000 0.03100000
v 0.38623551 0.22090000 0.03100000
v 0.40700000 0.22090000 0.03100000
v 0.40632209 0.22090000 0.03100000
v 0.38698003 0.22090000 0.03100000
v 0.40226970 0.22090000 0.00338808
v 0.39939462 0.22090000 0.00327402
v 0.39614200 0.22090000 0.00317920
v 0.38879262 0.22090000 0.00320657
v 0.38623551 0.22090000 0.00328955
v 0.40700000 0.22090000 0.00368537
v 0.40632209 0.22090000 0.00366222
v 0.38698003 0.22090000 0.00324382
v 0.41403620 0.19764837 0.02920000
v 0.42107617 0.19610622 0.02920000
v 0.42436545 0.19830000 0.02920000
v 0.41589235 0.19830000 0.02920000
v 0.41425877 0.19830000 0.02920000
v 0.41374390 0.19830000 0.02920000
v 0.42490383 0.19830000 0.02920000
v 0.42510491 0.19830000 0.02920000
v 0.41708562 0.19830000 0.02920000
v 0.41830054 0.19830000 0.02920000
v 0.41288195 0.19830000 0.02920000
v 0.42257334 0.19830000 0.02920000
v 0.41854936 0.19830000 0.02920000
v 0.41491141 0.19830000 0.02920000
v 0.41420481 0.19830000 0.02920000
v 0.42520000 0.19751638 0.02920000
v 0.42520000 0.19830000 0.02920000
v 0.42520000 0.19632837 0.02920000
v 0.42520000 0.19637746 0.02920000
v 0.42520000 0.19701377 0.02920000
v 0.42520000 0.19812354 0.02920000
v 0.42520000 0.19782711 0.02920000
v 0.42520000 0.19683589 0.02920000
v 0.42520000 0.19779644 0.02920000
v 0.42520000 0.19825430 0.02920000
v 0.42520000 0.19830000 0.00353439
v 0.42520000 0.19830000 0.02663795
v 0.42436545 0.19830000 0.03100000
v 0.41589235 0.19830000 0.03100000
v 0.41425877 0.19830000 0.03100000
v 0.41374390 0.19830000 0.03100000
v 0.42490383 0.19830000 0.03100000
v 0.42510491 0.19830000 0.03100000
v 0.41708562 0.19830000 0.03100000
v 0.41830054 0.19830000 0.03100000
v 0.41288195 0.19830000 0.03100000
v 0.42257334 0.19830000 0.03100000
v 0.41854936 0.19830000 0.03100000
v 0.41491141 0.19830000 0.03100000
v 0.41420481 0.19830000 0.03100000
v 0.42520000 0.19830000 0.03100000
v 0.41434409 0.19893529 0.03100000
v 0.41397318 0.20239780 0.03100000
v 0.42105625 0.20647868 0.03100000
v 0.41116417 0.20676715 0.03100000
v 0.41783926 0.20972755 0.03100000
v 0.41053922 0.20964852 0.03100000
v 0.42008747 0.21688181 0.03100000
v 0.41293378 0.21957301 0.03100000
v 0.41926683 0.21175245 0.03100000
v 0.40922668 0.21415210 0.03100000
v 0.41527880 0.20245081 0.03100000
v 0.41874063 0.19934604 0.03100000
v 0.42506228 0.19837911 0.03100000
v 0.40890813 0.21798288 0.03100000
v 0.41686986 0.19975815 0.03100000
v 0.42520000 0.20036977 0.03100000
v 0.42520000 0.20052030 0.03100000
v 0.42520000 0.21727882 0.03100000
v 0.42520000 0.20109008 0.03100000
v 0.42520000 0.20750486 0.03100000
v 0.42520000 0.20874091 0.03100000
v 0.42520000 0.21181306 0.03100000
v 0.42520000 0.21193942 0.03100000
v 0.42520000 0.21239555 0.03100000
v 0.42520000 0.20218072 0.03100000
v 0.42520000 0.20217079 0.03100000
v 0.42520000 0.19985645 0.03100000
v 0.42520000 0.19843347 0.03100000
v 0.42520000 0.20217394 0.03100000
v 0.42520000 0.20032672 0.03100000
v 0.42520000 0.20216770 0.03100000
v 0.42520000 0.19963304 0.03100000
v 0.42520000 0.19837778 0.03100000
v 0.42520000 0.20214880 0.03100000
v 0.42520000 0.20592796 0.03100000
v 0.42520000 0.19838316 0.03100000
v 0.41894887 0.22090000 0.03100000
v 0.41481461 0.22090000 0.03100000
v 0.41047548 0.22090000 0.03100000
v 0.40812645 0.22090000 0.03100000
v 0.40737529 0.22090000 0.03100000
v 0.42491007 0.22090000 0.03100000
v 0.42261894 0.22090000 0.03100000
v 0.41272602 0.22090000 0.03100000
v 0.41192324 0.22090000 0.03100000
v 0.42520000 0.22090000 0.03100000
v 0.42520000 0.20036977 0.00336974
v 0.42520000 0.20052030 0.00341270
v 0.42520000 0.20109008 0.00332316
v 0.42520000 0.20750486 0.00331528
v 0.42520000 0.20874091 0.00390105
v 0.42520000 0.21181306 0.00333259
v 0.42520000 0.21193942 0.00328144
v 0.42520000 0.21239555 0.00326052
v 0.42520000 0.20218072 0.02635894
v 0.42520000 0.20217394 0.02636165
v 0.42520000 0.20032672 0.00337444
v 0.42520000 0.20216770 0.02636182
v 0.42520000 0.19963304 0.00345013
v 0.42520000 0.20214880 0.02636235
v 0.42520000 0.20592796 0.00271661
v 0.42520000 0.21727882 0.00316392
v 0.41894887 0.22090000 0.00334348
v 0.41481461 0.22090000 0.00333121
v 0.41047548 0.22090000 0.00347505
v 0.40812645 0.22090000 0.00372384
v 0.40737529 0.22090000 0.00369819
v 0.42491007 0.22090000 0.00323265
v 0.42261894 0.22090000 0.00323209
v 0.41272602 0.22090000 0.00313589
v 0.41192324 0.22090000 0.00341890
v 0.42520000 0.22090000 0.00323272
v 0.34238563 0.20151474 0.00339804
v 0.33979304 0.20642096 0.00340701
v 0.33443049 0.20406773 0.00352820
v 0.35204241 0.21106796 0.00333179
v 0.34963654 0.20501692 0.00342646
v 0.34396957 0.21614742 0.00353198
v 0.33514220 0.21570028 0.00354152
v 0.33131239 0.19093466 0.00342992
v 0.33796867 0.18823148 0.00343415
v 0.33620361 0.19382065 0.00356291
v 0.31876251 0.19143513 0.00346990
v 0.32761312 0.18303768 0.00350213
v 0.32383546 0.22071984 0.00372292
v 0.31890549 0.21454423 0.00351114
v 0.32798107 0.21328730 0.00355011
v 0.33396505 0.24148065 0.00365441
v 0.32815260 0.24093020 0.00343352
v 0.33370620 0.23464399 0.00346601
v 0.32958818 0.19979175 0.00334423
v 0.33691845 0.17710430 0.00378777
v 0.32800410 0.17664378 0.00322290
v 0.32492007 0.24581399 0.00332314
v 0.32095955 0.24198242 0.00343827
v 0.31748441 0.17401670 0.00362145
v 0.31838678 0.18546386 0.00349368
v 0.36495856 0.24957296 0.00348993
v 0.33591447 0.24746266 0.00335179
v 0.32846828 0.24836663 0.00373152
v 0.36150024 0.24761484 0.00312619
v 0.36218565 0.23902210 0.00383281
v 0.31769945 0.19780402 0.00370857
v 0.35673386 0.24204604 0.00371976
v 0.34983703 0.19700979 0.00334288
v 0.34355062 0.19176923 0.00346568
v 0.35473927 0.25027471 0.00334815
v 0.35766996 0.20449157 0.00340138
v 0.32704833 0.23360512 0.00347860
v 0.33083712 0.22945393 0.00357383
v 0.32416485 0.20704913 0.00359257
v 0.36311536 0.25916000 0.00353866
v 0.32089012 0.22913272 0.00368469
v 0.32160369 0.25472535 0.00349395
v 0.31786658 0.25035038 0.00341468
v 0.31810562 0.20364059 0.00345182
v 0.35835333 0.25490843 0.00342295
v 0.31780544 0.23330176 0.00342267
v 0.35648216 0.26245508 0.00335123
v 0.32999214 0.25716701 0.00392480
v 0.33731408 0.25249210 0.00378311
v 0.35327699 0.21850904 0.00334572
v 0.36093517 0.21099485 0.00346785
v 0.35878171 0.22777745 0.00337389
v 0.35262433 0.22850921 0.00348199
v 0.34586648 0.22788650 0.00356831
v 0.33535516 0.26447496 0.00369302
v 0.33143244 0.26622431 0.00355262
v 0.34361235 0.24349332 0.00327721
v 0.35223574 0.24018958 0.00340073
v 0.33511552 0.22329495 0.00350926
v 0.32500921 0.25844150 0.00328450
v 0.32560677 0.26563718 0.00338554
v 0.36225948 0.21859327 0.00354417
v 0.34759610 0.24831126 0.00374089
v 0.31755933 0.26379617 0.00372152
v 0.31626132 0.25742416 0.00366576
v 0.35400056 0.23488073 0.00349502
v 0.34745422 0.23682372 0.00338351
v 0.36273161 0.22758818 0.00361501
v 0.36046136 0.23383628 0.00338917
v 0.34129203 0.24687842 0.00396980
v 0.35706602 0.29832138 0.00355319
v 0.36104665 0.29925238 0.00018755
v 0.35245292 0.29978827 0.00000507
v 0.35165228 0.29892373 0.00010878
v 0.34951809 0.25621529 0.00346538
v 0.34346702 0.25857912 0.00386370
v 0.34940454 0.26462796 0.00337085
v 0.36514370 0.26543147 0.00381296
v 0.34362637 0.26238935 0.00346913
v 0.36193988 0.27272356 0.00367591
v 0.35696522 0.27026115 0.00385225
v 0.35958852 0.26601872 0.00267710
v 0.35229708 0.27016310 0.00314791
v 0.34475763 0.26556205 0.00376364
v 0.34310834 0.27117592 0.00325820
v 0.35358670 0.27744993 0.00343136
v 0.36045010 0.27871705 0.00372246
v 0.36274014 0.28393535 0.00365791
v 0.33940827 0.26776014 0.00345897
v 0.36247526 0.28767711 0.00302337
v 0.31913702 0.27283113 0.00350196
v 0.32547352 0.27743409 0.00378155
v 0.31877798 0.27779931 0.00364566
v 0.35403799 0.28089848 0.00385061
v 0.33166274 0.27900196 0.00289577
v 0.32851060 0.27220389 0.00339869
v 0.33780446 0.27554288 0.00330143
v 0.35393491 0.28782694 0.00336691
v 0.34934933 0.29926074 0.00354104
v 0.34535315 0.29903169 0.00049622
v 0.34252137 0.29894210 0.00350962
v 0.35880503 0.28992182 0.00366272
v 0.33648606 0.27876059 0.00414652
v 0.35510226 0.29454403 0.00389021
v 0.34897913 0.29422236 0.00379678
v 0.33174680 0.28197020 0.00390803
v 0.34195614 0.28884873 0.00354906
v 0.35045911 0.28484000 0.00366377
v 0.34162631 0.29306667 0.00368789
v 0.33826511 0.28221011 0.00334403
v 0.33232356 0.28567502 0.00349470
v 0.34709482 0.28270730 0.00310126
v 0.36134822 0.29390451 0.00315293
v 0.32681090 0.28336834 0.00344825
v 0.32202757 0.28644131 0.00334936
v 0.33212860 0.29117999 0.00346350
v 0.36167982 0.29882114 0.00371986
v 0.33625934 0.29827116 0.00379351
v 0.33582454 0.29357631 0.00378715
v 0.33616863 0.29937447 0.00052603
v 0.32921689 0.29802547 0.00362430
v 0.32330312 0.29463868 0.00374223
v 0.31590500 0.28193265 0.00397032
v 0.31957100 0.28151480 0.00376606
v 0.31468423 0.28567047 0.00334742
v 0.32084585 0.29867527 0.00333535
v 0.31619809 0.30038585 0.00351180
v 0.34319716 0.30086152 -0.00002656
v 0.32681208 0.30229393 -0.00020376
v 0.32607905 0.29922492 0.00064281
v 0.31887075 0.29939844 -0.00001639
v 0.36492445 0.18750727 0.00360859
v 0.35749242 0.17790640 0.00323507
v 0.36500168 0.17597956 0.00354408
v 0.35341670 0.18648321 0.00343027
v 0.35581734 0.19566235 0.00323108
v 0.34481303 0.18049081 0.00357333
v 0.33887471 -0.00702076 0.00037264
v 0.34250295 -0.00272190 0.00036531
v 0.33110438 -0.00729295 0.00043464
v 0.33153123 -0.00162637 0.00075846
v 0.33767257 0.00013030 0.00278777
v 0.32574017 -0.00146795 0.00040980
v 0.32016419 -0.00692116 0.00039543
v 0.32673402 0.14298668 0.00325478
v 0.32115308 0.14783203 0.00344941
v 0.31943673 0.13614555 0.00356014
v 0.32809146 0.14883204 0.00338977
v 0.32101517 0.15241267 0.00336985
v 0.33225418 0.15496069 0.00338508
v 0.36323269 -0.00175969 0.00069751
v 0.35546438 -0.00120275 0.00060318
v 0.34814594 -0.00682871 0.00029421
v 0.34878605 -0.00237396 0.00072545
v 0.31850752 -0.00119648 0.00074814
v 0.32217207 0.00004128 0.00346773
v 0.31673797 0.16103316 0.00327474
v 0.32307215 0.17094945 0.00353366
v 0.33779927 0.17108574 0.00348256
v 0.34278457 0.16301034 0.00356453
v 0.34686621 0.16975505 0.00364884
v 0.32946527 0.16920953 0.00341936
v 0.33086015 0.16222321 0.00342069
v 0.32552891 0.15754012 0.00329157
v 0.33593711 0.00943147 0.00329867
v 0.34367816 0.00732169 0.00332462
v 0.33234098 0.00313113 0.00330578
v 0.35959337 0.00231338 0.00332833
v 0.32973205 0.01078130 0.00329554
v 0.32364171 0.00621491 0.00341469
v 0.35197194 0.00001731 0.00322340
v 0.36186718 0.01249273 0.00320791
v 0.35207677 0.00519817 0.00335622
v 0.34344103 -0.00099551 0.00278423
v 0.34979674 0.01166876 0.00342567
v 0.35581747 0.01916051 0.00323750
v 0.34331104 0.01831789 0.00323429
v 0.32274974 0.02671238 0.00329731
v 0.32914245 0.01840862 0.00334416
v 0.33542863 0.02692047 0.00343384
v 0.31841903 0.02321396 0.00335023
v 0.32282159 0.01635279 0.00350331
v 0.36011322 0.02937722 0.00332359
v 0.33717929 0.04736760 0.00322976
v 0.34263903 0.05414536 0.00318796
v 0.33383425 0.05656089 0.00348243
v 0.33236064 0.03325180 0.00335615
v 0.33071912 0.03981360 0.00333393
v 0.33923012 0.04229484 0.00320758
v 0.34667052 0.03088291 0.00333165
v 0.34512754 0.02470848 0.00343225
v 0.32406416 0.03267435 0.00330473
v 0.35694916 0.03953590 0.00327174
v 0.36414863 0.03586430 0.00330239
v 0.32918801 0.05065701 0.00327826
v 0.31708836 0.00446950 0.00323296
v 0.31440200 0.01270345 0.00330385
v 0.34608610 0.03800511 0.00309955
v 0.36224577 0.04580109 0.00344739
v 0.35488636 0.04909526 0.00326886
v 0.32397197 0.04855002 0.00333067
v 0.32862417 0.06128283 0.00329078
v 0.31932360 0.05627443 0.00328950
v 0.33990037 0.03621295 0.00342739
v 0.34896566 0.04893601 0.00314036
v 0.36211142 0.05323300 0.00316036
v 0.33692927 0.01901342 0.00326633
v 0.35181057 0.05582154 0.00323459
v 0.34969966 0.06196169 0.00339891
v 0.31941525 0.03534149 0.00322137
v 0.33985036 0.07018555 0.00340422
v 0.33473107 0.07449072 0.00347103
v 0.36345174 0.08430401 0.00374025
v 0.35916440 0.09161578 0.00369589
v 0.33867975 0.08748713 0.00403288
v 0.34088989 0.09363353 0.00381287
v 0.33189901 0.09271042 0.00380814
v 0.32173745 0.04160075 0.00338611
v 0.32820713 0.08837436 0.00394107
v 0.32938549 0.09817236 0.00385203
v 0.33681642 0.08009220 0.00369592
v 0.33199314 0.08457181 0.00386415
v 0.36224313 0.11755515 0.00360660
v 0.35793743 0.12647447 0.00362630
v 0.33314473 0.13254673 0.00348442
v 0.32779099 0.13179823 0.00350440
v 0.33655530 0.12293837 0.00364045
v 0.32288572 0.08558266 0.00377344
v 0.33221552 0.11779903 0.00362970
v 0.34024686 0.12870407 0.00365784
v 0.36169223 0.06596916 0.00345183
v 0.33633079 0.13730565 0.00360647
v 0.32273440 0.09435991 0.00388571
v 0.31795624 0.09163499 0.00368293
v 0.35455418 0.09581699 0.00372079
v 0.32220781 0.12426706 0.00358754
v 0.36211776 0.15618815 0.00354112
v 0.32058451 0.10553520 0.00347237
v 0.33851919 0.10158119 0.00385083
v 0.35576189 0.13684689 0.00367339
v 0.36197733 0.12934020 0.00368479
v 0.32101509 0.06680265 0.00342857
v 0.35568631 0.14868548 0.00377681
v 0.32381219 0.07686376 0.00349185
v 0.35876530 0.16669973 0.00351777
v 0.33721750 0.10736773 0.00366158
v 0.36237116 0.14161895 0.00366391
v 0.35980270 0.07732304 0.00356405
v 0.34366810 0.14001492 0.00357627
v 0.34248930 0.14631212 0.00357603
v 0.34595048 0.15406815 0.00349631
v 0.35061960 0.07361868 0.00350920
v 0.32963575 0.10930668 0.00349257
v 0.33968665 0.06363498 0.00333865
v 0.33291381 0.14510455 0.00350884
v 0.32371226 0.11349248 0.00352827
v 0.35296289 0.16002989 0.00334604
v 0.31601602 0.04908426 0.00330373
v 0.35348013 0.08412692 0.00365238
v 0.33686311 0.15874229 0.00350056
v 0.34277719 0.07592280 0.00345441
v 0.34622597 0.08142842 0.00372824
v 0.34712304 0.11088680 0.00360009
v 0.35809927 0.10862086 0.00359707
v 0.35316849 0.11702732 0.00359134
v 0.35246604 0.12556450 0.00358100
v 0.34707588 0.12587177 0.00350806
v 0.34980757 0.08834891 0.00379229
v 0.31707904 0.08759819 0.00397367
v 0.34081625 0.11661188 0.00362031
v 0.34233732 0.12315058 0.00366975
v 0.34835908 0.09774058 0.00370899
v 0.36520000 0.24199305 0.00369172
v 0.36520000 0.24553808 0.00340918
v 0.36520000 0.24906577 0.00349894
v 0.36520000 0.25980024 0.00339645
v 0.36520000 0.26541184 0.00380642
v 0.36520000 0.26549992 0.00380346
v 0.36520000 0.26767551 0.00318908
v 0.36520000 0.27020161 0.00351869
v 0.36520000 0.27331573 0.00379498
v 0.36520000 0.27611947 0.00384017
v 0.36520000 0.27981891 0.00377864
v 0.36520000 0.28266935 0.00372291
v 0.36520000 0.28575960 0.00370161
v 0.36520000 0.28822660 0.00330706
v 0.36520000 0.28947048 0.00373275
v 0.36520000 0.29172883 0.00344103
v 0.36520000 0.29916069 0.00199516
v 0.36520000 0.29938009 0.00028277
v 0.36520000 0.29593998 0.00323925
v 0.36520000 0.29825736 0.00351270
v 0.36520000 0.23613568 0.00367033
v 0.36520000 0.23783071 0.00380336
v 0.36520000 0.25007735 0.00348547
v 0.36520000 0.25883559 0.00349506
v 0.36520000 0.22479900 0.00352636
v 0.36520000 0.22834665 0.00333078
v 0.36520000 0.23000069 0.00321475
v 0.36520000 -0.00520533 0.00033787
v 0.36520000 -0.00397614 0.00048053
v 0.36520000 -0.00599554 0.00029135
v 0.36520000 0.00711251 0.00329278
v 0.36520000 0.01126578 0.00323930
v 0.36520000 0.01951244 0.00345394
v 0.36520000 0.02295235 0.00353833
v 0.36520000 0.02536369 0.00352365
v 0.36520000 0.03172528 0.00340530
v 0.36520000 -0.00099386 0.00279117
v 0.36520000 -0.00064272 0.00320717
v 0.36520000 0.03619832 0.00330584
v 0.36520000 0.04442158 0.00342382
v 0.36520000 0.05119526 0.00333175
v 0.36520000 0.05464614 0.00320037
v 0.36520000 0.08632425 0.00378778
v 0.36520000 0.09344116 0.00382966
v 0.36520000 0.12193092 0.00371788
v 0.36520000 0.12662984 0.00377374
v 0.36520000 0.10205039 0.00382247
v 0.36520000 0.10476083 0.00384954
v 0.36520000 0.06005321 0.00332454
v 0.36520000 0.12801931 0.00376198
v 0.36520000 0.06965434 0.00354111
v 0.36520000 0.07614891 0.00361917
v 0.36520000 0.08194510 0.00372275
v 0.36520000 0.10771301 0.00379949
v 0.36520000 0.11251830 0.00374435
v 0.36520000 0.24958711 0.00348388
v 0.36520000 0.24984812 0.00349425
v 0.36520000 0.26543045 0.00381302
v 0.36520000 0.29481473 0.00347729
v 0.36520000 0.01357275 0.00327046
v 0.36520000 0.03454598 0.00334473
v 0.36520000 -0.00173773 0.00095770
v 0.36520000 0.00369756 0.00324138
v 0.36520000 0.03575939 0.00332187
v 0.36520000 0.08468534 0.00377414
v 0.36520000 0.09518575 0.00383590
v 0.36520000 0.11803775 0.00363048
v 0.36520000 0.06519158 0.00343415
v 0.31440000 0.21531711 0.00355675
v 0.31440000 0.21006451 0.00352468
v 0.31440000 0.22419635 0.00359631
v 0.31440000 0.22112872 0.00354041
v 0.31440000 0.22887712 0.00349721
v 0.31440000 0.26312011 0.00361848
v 0.31440000 0.25985591 0.00361129
v 0.31440000 0.18768659 0.00356599
v 0.31440000 0.18443891 0.00357490
v 0.31440000 0.19747744 0.00367587
v 0.31440000 0.19306168 0.00350589
v 0.31440000 0.24203463 0.00351882
v 0.31440000 0.23876868 0.00349844
v 0.31440000 0.24512989 0.00349598
v 0.31440000 0.18304813 0.00363184
v 0.31440000 0.25695910 0.00362381
v 0.31440000 0.25191918 0.00343012
v 0.31440000 0.26753559 0.00394588
v 0.31440000 0.26678383 0.00393030
v 0.31440000 0.26857065 0.00391073
v 0.31440000 0.29264769 0.00343569
v 0.31440000 0.28628416 0.00334707
v 0.31440000 0.29960032 0.00370148
v 0.31440000 0.29805919 0.00387210
v 0.31440000 0.20352794 0.00338284
v 0.31440000 0.20040276 0.00352466
v 0.31440000 0.27656777 0.00363835
v 0.31440000 0.27343808 0.00354926
v 0.31440000 0.28203172 0.00383576
v 0.31440000 0.27985804 0.00351528
v 0.31440000 0.28550548 0.00334781
v 0.31440000 0.30031941 0.00007077
v 0.31440000 0.30054663 0.00187878
v 0.31440000 0.30093437 0.00006635
v 0.31440000 -0.00146485 0.00059730
v 0.31440000 -0.00408131 0.00041179
v 0.31440000 0.01270184 0.00330385
v 0.31440000 0.00541993 0.00325746
v 0.31440000 0.01619381 0.00350140
v 0.31440000 0.01270627 0.00330401
v 0.31440000 0.03026770 0.00345410
v 0.31440000 0.02921494 0.00344850
v 0.31440000 0.03145252 0.00343133
v 0.31440000 0.02004111 0.00329801
v 0.31440000 0.01907889 0.00330694
v 0.31440000 -0.00108848 0.00284506
v 0.31440000 -0.00110937 0.00277319
v 0.31440000 -0.00085820 0.00285275
v 0.31440000 0.07070010 0.00337141
v 0.31440000 0.06995902 0.00336893
v 0.31440000 0.08187936 0.00354907
v 0.31440000 0.08112204 0.00352366
v 0.31440000 0.04013798 0.00321508
v 0.31440000 0.03855033 0.00318478
v 0.31440000 0.04478918 0.00324258
v 0.31440000 0.08297717 0.00363443
v 0.31440000 0.05210692 0.00322899
v 0.31440000 0.04886306 0.00326954
v 0.31440000 0.06274983 0.00335853
v 0.31440000 0.05903877 0.00331116
v 0.31440000 0.23335082 0.00338717
v 0.31440000 0.28569978 0.00335848
v 0.31440000 -0.00687573 0.00047670
v 0.31440000 0.01270390 0.00330384
v 0.31440000 0.00254010 0.00333143
v 0.44012017 0.18851786 0.02920000
v 0.44149049 0.17801345 0.02920000
v 0.44019989 0.18544065 0.02920000
v 0.43102546 0.19566469 0.02920000
v 0.42966506 0.19249055 0.02920000
v 0.43800611 0.19208389 0.02920000
v 0.43649878 0.19160042 0.02920000
v 0.42730337 0.19422024 0.02920000
v 0.43968050 0.18969359 0.02920000
v 0.44144441 0.17767628 0.02920000
v 0.44329166 0.18516819 0.02920000
v 0.44405704 0.19266084 0.02920000
v 0.43686564 0.18096478 0.02920000
v 0.44074675 0.17542826 0.02920000
v 0.44084123 0.18202484 0.02920000
v 0.43613264 0.18989559 0.02920000
v 0.43969269 0.19092657 0.02920000
v 0.43149015 0.19074781 0.02920000
v 0.43092725 0.18421067 0.02920000
v 0.43045658 0.19432298 0.02920000
v 0.42590879 0.18755813 0.02920000
v 0.43267638 0.17876058 0.02920000
v 0.43445978 0.17655513 0.02920000
v 0.44293241 0.17960218 0.02920000
v 0.42958897 0.17626927 0.02920000
v 0.42670720 0.17875248 0.02920000
v 0.44442995 0.17691586 0.02920000
v 0.44120089 0.11842032 0.02920000
v 0.43546486 0.11065435 0.02920000
v 0.43804588 0.11239299 0.02920000
v 0.44235344 0.13112215 0.02920000
v 0.44124335 0.12626822 0.02920000
v 0.44048300 0.12060106 0.02920000
v 0.44028298 0.13685390 0.02920000
v 0.44071099 0.14328100 0.02920000
v 0.43455882 0.10991403 0.02920000
v 0.42854440 0.11127614 0.02920000
v 0.44462759 0.11432979 0.02920000
v 0.44147663 0.14999232 0.02920000
v 0.44086937 0.13177021 0.02920000
v 0.44438161 0.15723828 0.02920000
v 0.44277434 0.15576159 0.02920000
v 0.44524620 0.11433533 0.02920000
v 0.44201094 0.10988269 0.02920000
v 0.42561238 0.12433569 0.02920000
v 0.44229903 0.12504522 0.02920000
v 0.42624774 0.13989176 0.02920000
v 0.42665918 0.13411223 0.02920000
v 0.42982108 0.15457774 0.02920000
v 0.44178808 0.16401740 0.02920000
v 0.43626408 0.11869435 0.02920000
v 0.43252112 0.11250375 0.02920000
v 0.43746147 0.13226207 0.02920000
v 0.43418328 0.12498194 0.02920000
v 0.42811921 0.16055298 0.02920000
v 0.42920661 0.11979469 0.02920000
v 0.44463936 0.13586219 0.02920000
v 0.43980819 0.13450944 0.02920000
v 0.44122194 0.14466184 0.02920000
v 0.44091411 0.10916409 0.02920000
v 0.43638605 0.13936343 0.02920000
v 0.42681568 0.10986423 0.02920000
v 0.44129103 0.15369781 0.02920000
v 0.43330474 0.14446547 0.02920000
v 0.42976867 0.13011926 0.02920000
v 0.44459253 0.16719181 0.02920000
v 0.43813998 0.16367400 0.02920000
v 0.43373068 0.16081024 0.02920000
v 0.43615117 0.15514597 0.02920000
v 0.42997096 0.14414080 0.02920000
v 0.43241049 0.14981176 0.02920000
v 0.43299904 0.15707655 0.02920000
v 0.43053743 0.16501990 0.02920000
v 0.44427695 0.11903381 0.02920000
v 0.43921677 0.17344348 0.02920000
v 0.44008366 0.17041971 0.02920000
v 0.44532971 0.17274692 0.02920000
v 0.44083032 0.16860161 0.02920000
v 0.43597042 0.16898792 0.02920000
v 0.42811838 0.16848405 0.02920000
v 0.42671537 0.17120294 0.02920000
v 0.44590000 0.17827902 0.02920000
v 0.44590000 0.18245986 0.02920000
v 0.44590000 0.19178590 0.02920000
v 0.44590000 0.19226054 0.02920000
v 0.44590000 0.19335062 0.02920000
v 0.44590000 0.18823913 0.02920000
v 0.44590000 0.18326298 0.02920000
v 0.44590000 0.19093317 0.02920000
v 0.44590000 0.19205348 0.02920000
v 0.44590000 0.19305410 0.02920000
v 0.44590000 0.19385597 0.02920000
v 0.44590000 0.19544231 0.02920000
v 0.44590000 0.17829254 0.02920000
v 0.44590000 0.11317732 0.02920000
v 0.44590000 0.11606015 0.02920000
v 0.44590000 0.12509983 0.02920000
v 0.44590000 0.12814364 0.02920000
v 0.44590000 0.12098368 0.02920000
v 0.44590000 0.12223965 0.02920000
v 0.44590000 0.14032268 0.02920000
v 0.44590000 0.14357038 0.02920000
v 0.44590000 0.14745259 0.02920000
v 0.44590000 0.15053934 0.02920000
v 0.44590000 0.13815259 0.02920000
v 0.44590000 0.13644413 0.02920000
v 0.44590000 0.12406595 0.02920000
v 0.44590000 0.11634100 0.02920000
v 0.44590000 0.12634426 0.02920000
v 0.44590000 0.14018107 0.02920000
v 0.44590000 0.15329368 0.02920000
v 0.44590000 0.14344447 0.02920000
v 0.44590000 0.10982774 0.02920000
v 0.44590000 0.11401091 0.02920000
v 0.44590000 0.15386043 0.02920000
v 0.44590000 0.13385233 0.02920000
v 0.44590000 0.13774783 0.02920000
v 0.44590000 0.12857573 0.02920000
v 0.44590000 0.13436329 0.02920000
v 0.44590000 0.10965271 0.02920000
v 0.44590000 0.10902049 0.02920000
v 0.44590000 0.11147048 0.02920000
v 0.44590000 0.14804170 0.02920000
v 0.44590000 0.15136611 0.02920000
v 0.44590000 0.15660633 0.02920000
v 0.44590000 0.16006765 0.02920000
v 0.44590000 0.14013364 0.02920000
v 0.44590000 0.14344964 0.02920000
v 0.44590000 0.15996667 0.02920000
v 0.44590000 0.16499354 0.02920000
v 0.44590000 0.11930926 0.02920000
v 0.44590000 0.12239870 0.02920000
v 0.44590000 0.11522769 0.02920000
v 0.44590000 0.17428068 0.02920000
v 0.44590000 0.16726596 0.02920000
v 0.44590000 0.16956535 0.02920000
v 0.44590000 0.17310422 0.02920000
v 0.44590000 0.17728923 0.02920000
v 0.44590000 0.16786751 0.02920000
v 0.44590000 0.16727772 0.02920000
v 0.44590000 0.16011697 0.02920000
v 0.44590000 0.17369172 0.02920000
v 0.44590000 0.18741160 0.02920000
v 0.44590000 0.17945117 0.02920000
v 0.44590000 0.15570812 0.02920000
v 0.44590000 0.13106974 0.02920000
v 0.44590000 0.16613192 0.02920000
v 0.44590000 0.16697113 0.02920000
v 0.44390823 0.10830000 0.02920000
v 0.44535299 0.10830000 0.02920000
v 0.43445054 0.10830000 0.02920000
v 0.43919262 0.10830000 0.02920000
v 0.42823393 0.10830000 0.02920000
v 0.43846398 0.10830000 0.02920000
v 0.43374156 0.10830000 0.02920000
v 0.43047253 0.10830000 0.02920000
v 0.42944439 0.10830000 0.02920000
v 0.43502467 0.10830000 0.02920000
v 0.42629705 0.10830000 0.02920000
v 0.44283584 0.10830000 0.02920000
v 0.44451902 0.10830000 0.02920000
v 0.44478020 0.10830000 0.02920000
v 0.44207866 0.10830000 0.02920000
v 0.44583871 0.10830000 0.02920000
v 0.44590000 0.10830000 0.02920000
v 0.44511139 0.10830000 0.02920000
v 0.43617977 0.10830000 0.02920000
v 0.42915063 0.10830000 0.02920000
v 0.42853355 0.10830000 0.02920000
v 0.42602451 0.10830000 0.02920000
v 0.43836681 0.19600000 0.02920000
v 0.43859815 0.19600000 0.02920000
v 0.43826782 0.19600000 0.02920000
v 0.43331631 0.19600000 0.02920000
v 0.43135143 0.19600000 0.02920000
v 0.42900414 0.19600000 0.02920000
v 0.42772476 0.19600000 0.02920000
v 0.43719952 0.19600000 0.02920000
v 0.43646702 0.19600000 0.02920000
v 0.44573606 0.19600000 0.02920000
v 0.44590000 0.19600000 0.02920000
v 0.43065142 0.19600000 0.02920000
v 0.43592504 0.19600000 0.02920000
v 0.43149335 0.19600000 0.02920000
v 0.42989039 0.19600000 0.02920000
v 0.43435457 0.19600000 0.02920000
v 0.42625659 0.19600000 0.02920000
v 0.44327577 0.19600000 0.02920000
v 0.44030911 0.19600000 0.02920000
v 0.44332637 0.19600000 0.02920000
v 0.44081033 0.19600000 0.02920000
v 0.44373689 0.19600000 0.02920000
v 0.44339795 0.19600000 0.02920000
v 0.44369248 0.19600000 0.02920000
v 0.44333050 0.19600000 0.02920000
v 0.44574382 0.19600000 0.02920000
v 0.44551389 0.19600000 0.02920000
v 0.44516436 0.19600000 0.02920000
v 0.43475992 0.19600000 0.02920000
v 0.44077500 0.19600000 0.02920000
v 0.43112661 0.19600000 0.02920000
v 0.42634431 0.19600000 0.02920000
v 0.43921409 0.19600000 0.02920000
v 0.44544332 0.19600000 0.02920000
v 0.44590000 0.19600000 0.02811959
v 0.42520000 0.11594484 0.02920000
v 0.42520000 0.11281365 0.02920000
v 0.42520000 0.11091530 0.02920000
v 0.42520000 0.12393122 0.02920000
v 0.42520000 0.11937366 0.02920000
v 0.42520000 0.12450338 0.02920000
v 0.42520000 0.10830000 0.02920000
v 0.42520000 0.10873259 0.02920000
v 0.42520000 0.10994538 0.02920000
v 0.42520000 0.10888929 0.02920000
v 0.42520000 0.11086062 0.02920000
v 0.42520000 0.10939906 0.02920000
v 0.44590000 0.17827902 0.03100000
v 0.44590000 0.18245986 0.03100000
v 0.44590000 0.19178590 0.03100000
v 0.44590000 0.19226054 0.03100000
v 0.44590000 0.19335062 0.03100000
v 0.44590000 0.18823913 0.03100000
v 0.44590000 0.18326298 0.03100000
v 0.44590000 0.19093317 0.03100000
v 0.44590000 0.19205348 0.03100000
v 0.44590000 0.19305410 0.03100000
v 0.44590000 0.19385597 0.03100000
v 0.44590000 0.19544231 0.03100000
v 0.44590000 0.17829254 0.03100000
v 0.44590000 0.11317732 0.03100000
v 0.44590000 0.11606015 0.03100000
v 0.44590000 0.12509983 0.03100000
v 0.44590000 0.12814364 0.03100000
v 0.44590000 0.12098368 0.03100000
v 0.44590000 0.12223965 0.03100000
v 0.44590000 0.14032268 0.03100000
v 0.44590000 0.14357038 0.03100000
v 0.44590000 0.14745259 0.03100000
v 0.44590000 0.15053934 0.03100000
v 0.44590000 0.13815259 0.03100000
v 0.44590000 0.13644413 0.03100000
v 0.44590000 0.12406595 0.03100000
v 0.44590000 0.11634100 0.03100000
v 0.44590000 0.12634426 0.03100000
v 0.44590000 0.14018107 0.03100000
v 0.44590000 0.14344447 0.03100000
v 0.44590000 0.15329368 0.03100000
v 0.44590000 0.10982774 0.03100000
v 0.44590000 0.15386043 0.03100000
v 0.44590000 0.13774783 0.03100000
v 0.44590000 0.13385233 0.03100000
v 0.44590000 0.12857573 0.03100000
v 0.44590000 0.13436329 0.03100000
v 0.44590000 0.10965271 0.03100000
v 0.44590000 0.10902049 0.03100000
v 0.44590000 0.11147048 0.03100000
v 0.44590000 0.14804170 0.03100000
v 0.44590000 0.15136611 0.03100000
v 0.44590000 0.15660633 0.03100000
v 0.44590000 0.16006765 0.03100000
v 0.44590000 0.14013364 0.03100000
v 0.44590000 0.14344964 0.03100000
v 0.44590000 0.15996667 0.03100000
v 0.44590000 0.16499354 0.03100000
v 0.44590000 0.12239870 0.03100000
v 0.44590000 0.11930926 0.03100000
v 0.44590000 0.11401091 0.03100000
v 0.44590000 0.11522769 0.03100000
v 0.44590000 0.17428068 0.03100000
v 0.44590000 0.16726596 0.03100000
v 0.44590000 0.16956535 0.03100000
v 0.44590000 0.17310422 0.03100000
v 0.44590000 0.17728923 0.03100000
v 0.44590000 0.16786751 0.03100000
v 0.44590000 0.16727772 0.03100000
v 0.44590000 0.16011697 0.03100000
v 0.44590000 0.17369172 0.03100000
v 0.44590000 0.18741160 0.03100000
v 0.44590000 0.17945117 0.03100000
v 0.44590000 0.15570812 0.03100000
v 0.44590000 0.13106974 0.03100000
v 0.44590000 0.16613192 0.03100000
v 0.44590000 0.16697113 0.03100000
v 0.44390823 0.10830000 0.03100000
v 0.44535299 0.10830000 0.03100000
v 0.43919262 0.10830000 0.03100000
v 0.43445054 0.10830000 0.03100000
v 0.43846398 0.10830000 0.03100000
v 0.43374156 0.10830000 0.03100000
v 0.43047253 0.10830000 0.03100000
v 0.42944439 0.10830000 0.03100000
v 0.43502467 0.10830000 0.03100000
v 0.42629705 0.10830000 0.03100000
v 0.44283584 0.10830000 0.03100000
v 0.44451902 0.10830000 0.03100000
v 0.44207866 0.10830000 0.03100000
v 0.44478020 0.10830000 0.03100000
v 0.44583871 0.10830000 0.03100000
v 0.44590000 0.10830000 0.03100000
v 0.44511139 0.10830000 0.03100000
v 0.43617977 0.10830000 0.03100000
v 0.42823393 0.10830000 0.03100000
v 0.42915063 0.10830000 0.03100000
v 0.42853355 0.10830000 0.03100000
v 0.42602451 0.10830000 0.03100000
v 0.44590000 0.19600000 0.03100000
v 0.42520000 0.10830000 0.03100000
v 0.45787983 0.18541929 0.03100000
v 0.45210132 0.19445918 0.03100000
v 0.45108527 0.18641913 0.03100000
v 0.44967211 0.17850621 0.03100000
v 0.44677404 0.19228010 0.03100000
v 0.46561734 0.18726405 0.03100000
v 0.45847948 0.19512041 0.03100000
v 0.46378155 0.17713734 0.03100000
v 0.45230536 0.17429523 0.03100000
v 0.45820862 0.17691617 0.03100000
v 0.44888183 0.18108496 0.03100000
v 0.44837693 0.17932512 0.03100000
v 0.44907873 0.18750903 0.03100000
v 0.44651025 0.19326326 0.03100000
v 0.45210034 0.10946721 0.03100000
v 0.44977460 0.11411411 0.03100000
v 0.45106840 0.12380304 0.03100000
v 0.45168108 0.14389278 0.03100000
v 0.45227914 0.13876305 0.03100000
v 0.45300984 0.14683882 0.03100000
v 0.46497599 0.11451208 0.03100000
v 0.45197326 0.13097998 0.03100000
v 0.45373086 0.12609061 0.03100000
v 0.46500579 0.11038531 0.03100000
v 0.45043759 0.15110048 0.03100000
v 0.44855603 0.10628814 0.03100000
v 0.44834806 0.13871859 0.03100000
v 0.44966174 0.12228692 0.03100000
v 0.44977180 0.11208971 0.03100000
v 0.44964581 0.14356247 0.03100000
v 0.45220887 0.15560019 0.03100000
v 0.45780881 0.15014523 0.03100000
v 0.45393162 0.16236838 0.03100000
v 0.44667512 0.10972867 0.03100000
v 0.46004623 0.11346829 0.03100000
v 0.45043710 0.16607062 0.03100000
v 0.44921973 0.16641082 0.03100000
v 0.45536135 0.11860180 0.03100000
v 0.44934059 0.13636462 0.03100000
v 0.44856778 0.13119131 0.03100000
v 0.44931503 0.11988883 0.03100000
v 0.46085045 0.13972202 0.03100000
v 0.46024810 0.12667070 0.03100000
v 0.44680913 0.14321406 0.03100000
v 0.46660340 0.14681308 0.03100000
v 0.44860630 0.14999698 0.03100000
v 0.44917693 0.15822106 0.03100000
v 0.46065204 0.13222148 0.03100000
v 0.44646931 0.15696560 0.03100000
v 0.46177700 0.15546137 0.03100000
v 0.44733987 0.16496469 0.03100000
v 0.46074763 0.16599786 0.03100000
v 0.46138019 0.17160041 0.03100000
v 0.44887670 0.17496918 0.03100000
v 0.44590000 0.10726156 0.03100000
v 0.44590000 0.10823283 0.03100000
v 0.44590000 0.10767570 0.03100000
v 0.44590000 0.10694652 0.03100000
v 0.44590000 0.10671392 0.03100000
v 0.46700000 0.18287968 0.03100000
v 0.46700000 0.18522817 0.03100000
v 0.46700000 0.18036153 0.03100000
v 0.46700000 0.19316229 0.03100000
v 0.46700000 0.19567170 0.03100000
v 0.46700000 0.19002032 0.03100000
v 0.46700000 0.10798565 0.03100000
v 0.46700000 0.10953629 0.03100000
v 0.46700000 0.10629629 0.03100000
v 0.46700000 0.11935649 0.03100000
v 0.46700000 0.12035371 0.03100000
v 0.46700000 0.11780126 0.03100000
v 0.46700000 0.13027117 0.03100000
v 0.46700000 0.13081205 0.03100000
v 0.46700000 0.13760031 0.03100000
v 0.46700000 0.14545805 0.03100000
v 0.46700000 0.13159900 0.03100000
v 0.46700000 0.15450020 0.03100000
v 0.46700000 0.15957355 0.03100000
v 0.46700000 0.16004798 0.03100000
v 0.46700000 0.17079588 0.03100000
v 0.46700000 0.17207196 0.03100000
v 0.46700000 0.17008512 0.03100000
v 0.46700000 0.18734414 0.03100000
v 0.46700000 0.11412144 0.03100000
v 0.46700000 0.14663750 0.03100000
v 0.46700000 0.14712598 0.03100000
v 0.46700000 0.14754029 0.03100000
v 0.45090641 0.19600000 0.03100000
v 0.44796624 0.19600000 0.03100000
v 0.45763563 0.19600000 0.03100000
v 0.45208197 0.19600000 0.03100000
v 0.44727358 0.19600000 0.03100000
v 0.44747704 0.19600000 0.03100000
v 0.44871846 0.19600000 0.03100000
v 0.44744152 0.19600000 0.03100000
v 0.44673213 0.19600000 0.03100000
v 0.44630079 0.19600000 0.03100000
v 0.44626548 0.19600000 0.03100000
v 0.46607226 0.19600000 0.03100000
v 0.45949252 0.19600000 0.03100000
v 0.46683630 0.19600000 0.03100000
v 0.46700000 0.19600000 0.03100000
v 0.45941313 0.10600000 0.03100000
v 0.46082535 0.10600000 0.03100000
v 0.46146724 0.10600000 0.03100000
v 0.45082703 0.10600000 0.03100000
v 0.45426963 0.10600000 0.03100000
v 0.44947000 0.10600000 0.03100000
v 0.44797877 0.10600000 0.03100000
v 0.44590000 0.10600000 0.03100000
v 0.46519356 0.10600000 0.03100000
v 0.44637678 0.10600000 0.03100000
v 0.46700000 0.10600000 0.03100000
v 0.46700000 0.18287968 0.00406628
v 0.46700000 0.18522817 0.00384385
v 0.46700000 0.18036153 0.00397116
v 0.46700000 0.19316229 0.00400130
v 0.46700000 0.19567170 0.00388700
v 0.46700000 0.19002032 0.00383235
v 0.46700000 0.10798565 0.00402443
v 0.46700000 0.10953629 0.00414721
v 0.46700000 0.10629629 0.00412966
v 0.46700000 0.11935649 0.00434998
v 0.46700000 0.12035371 0.00436471
v 0.46700000 0.11780126 0.00433187
v 0.46700000 0.13027117 0.00416333
v 0.46700000 0.13081205 0.00415294
v 0.46700000 0.13760031 0.00426680
v 0.46700000 0.14545805 0.00443828
v 0.46700000 0.13159900 0.00415587
v 0.46700000 0.15450020 0.00419591
v 0.46700000 0.15957355 0.00402463
v 0.46700000 0.16004798 0.00401345
v 0.46700000 0.17079588 0.00370533
v 0.46700000 0.17207196 0.00369055
v 0.46700000 0.17008512 0.00372231
v 0.46700000 0.18734414 0.00375619
v 0.46700000 0.11412144 0.00440336
v 0.46700000 0.14663750 0.00447842
v 0.46700000 0.14712598 0.00446207
v 0.46700000 0.14754029 0.00446043
v 0.45090641 0.19600000 0.00336027
v 0.44796624 0.19600000 0.00381236
v 0.45763563 0.19600000 0.00393193
v 0.45208197 0.19600000 0.00328701
v 0.44871846 0.19600000 0.02715549
v 0.44744152 0.19600000 0.02780713
v 0.44630079 0.19600000 0.00390857
v 0.44590000 0.19600000 0.00393172
v 0.44626548 0.19600000 0.02804550
v 0.46607226 0.19600000 0.00387957
v 0.45949252 0.19600000 0.00393292
v 0.46683630 0.19600000 0.00387337
v 0.46700000 0.19600000 0.00388120
v 0.45941313 0.10600000 0.00429070
v 0.46082535 0.10600000 0.00443432
v 0.46146724 0.10600000 0.00433515
v 0.45082703 0.10600000 0.00397221
v 0.45426963 0.10600000 0.00398208
v 0.44947000 0.10600000 0.00396832
v 0.44797877 0.10600000 0.02631381
v 0.44590000 0.10600000 0.02730727
v 0.44590000 0.10600000 0.00382530
v 0.46519356 0.10600000 0.00420918
v 0.44637678 0.10600000 0.00384440
v 0.46700000 0.10600000 0.00411023
v 0.44414192 0.10788282 0.03100000
v 0.44375222 0.10705822 0.03100000
v 0.43542232 0.10618271 0.03100000
v 0.44537463 0.10707675 0.03100000
v 0.43271492 0.10627247 0.03100000
v 0.43632499 0.10600000 0.03100000
v 0.44507833 0.10600000 0.03100000
v 0.44408644 0.10600000 0.03100000
v 0.43437725 0.10600000 0.03100000
v 0.44551696 0.10600000 0.03100000
v 0.44564218 0.10600000 0.03100000
v 0.44512577 0.10600000 0.03100000
v 0.44215188 0.10600000 0.03100000
v 0.44332936 0.10600000 0.03100000
v 0.43180876 0.10600000 0.03100000
v 0.43511186 0.10600000 0.03100000
v 0.43687818 0.10600000 0.03100000
v 0.43459464 0.10600000 0.03100000
v 0.43551675 0.10600000 0.03100000
v 0.43105946 0.10600000 0.03100000
v 0.42586508 0.10600000 0.03100000
v 0.42641144 0.10600000 0.03100000
v 0.43013992 0.10600000 0.03100000
v 0.43270470 0.10600000 0.03100000
v 0.43141335 0.10600000 0.03100000
v 0.44445481 0.10600000 0.03100000
v 0.43632499 0.10600000 0.02829553
v 0.44507833 0.10600000 0.02769996
v 0.44564218 0.10600000 0.02743049
v 0.44512577 0.10600000 0.00379429
v 0.44215188 0.10600000 0.00387583
v 0.44332936 0.10600000 0.00382587
v 0.43180876 0.10600000 0.02790144
v 0.43511186 0.10600000 0.02837118
v 0.43687818 0.10600000 0.00409962
v 0.43459464 0.10600000 0.00410537
v 0.43551675 0.10600000 0.00410304
v 0.43105946 0.10600000 0.02779488
v 0.42586508 0.10600000 0.02735714
v 0.42641144 0.10600000 0.00401042
v 0.43013992 0.10600000 0.00398031
v 0.44445481 0.10600000 0.00380609
v 0.42520000 0.10601535 0.03100000
v 0.42520000 0.10623452 0.03100000
v 0.42520000 0.10712097 0.03100000
v 0.42520000 0.10727231 0.03100000
v 0.42520000 0.10666988 0.03100000
v 0.42520000 0.10621220 0.03100000
v 0.42520000 0.10684718 0.03100000
v 0.42520000 0.10630125 0.03100000
v 0.42520000 0.10600000 0.03100000
v 0.42520000 0.10600000 0.02853057
v 0.42520000 0.10600000 0.02730109
v 0.42520000 0.10600000 0.01334721
v 0.42520000 0.10600000 0.00402020
v 0.42520000 0.10798445 0.03100000
v 0.42520000 0.10752578 0.03100000
v 0.42520000 0.10727956 0.03100000
v 0.42520000 0.10785776 0.03100000
v 0.42520000 0.10777587 0.03100000
v 0.51002847 0.25176322 0.00071925
v 0.50995431 0.26307245 0.00055915
v 0.50433731 0.25369927 0.00101846
v 0.50422426 0.26242254 0.00054804
v 0.50699211 0.26821798 0.00057271
v 0.51043477 0.27128747 0.00098941
v 0.51041563 0.27989376 0.00071804
v 0.50350856 0.27511558 0.00052631
v 0.50317017 0.27929416 0.00025886
v 0.50344193 0.28747032 0.00021492
v 0.50565717 0.28350462 0.00113463
v 0.51064759 0.28435266 0.00083500
v 0.51033452 0.29175127 0.00055523
v 0.51034763 0.20956232 0.00075917
v 0.50968896 0.22126065 0.00080972
v 0.50587853 0.20970563 0.00092454
v 0.51262289 0.14895909 0.00100707
v 0.50990940 0.14146507 0.00126092
v 0.51258190 0.13682896 0.00108789
v 0.50904310 0.13491294 0.00116293
v 0.50346648 0.24791107 0.00090098
v 0.50772470 0.12797867 0.00127536
v 0.50986729 0.24537330 0.00084091
v 0.51282471 0.11662240 0.00111192
v 0.51191897 0.15945830 0.00108302
v 0.50727353 0.15222624 0.00124440
v 0.51085321 0.18412141 0.00075293
v 0.51079339 0.19580165 0.00076318
v 0.50616001 0.18530027 0.00061615
v 0.51244427 0.09394483 0.00130905
v 0.50799706 0.10148416 0.00116466
v 0.50859860 0.09414752 0.00117306
v 0.50837875 0.17491870 0.00126814
v 0.51099175 0.17346285 0.00094075
v 0.51270865 0.10861128 0.00130875
v 0.50687684 0.11029084 0.00128242
v 0.50787711 0.08636084 0.00139136
v 0.51200611 0.07623835 0.00099351
v 0.50909086 0.16944563 0.00125600
v 0.50971084 0.23434281 0.00094227
v 0.50659075 0.22769999 0.00103222
v 0.49567904 0.30197627 0.00080668
v 0.48202314 0.30215755 0.00086426
v 0.48689843 0.30095538 0.00129740
v 0.49385977 0.30065304 0.00116436
v 0.48638503 0.30094303 0.00489039
v 0.47814628 0.30059230 0.00136025
v 0.50197592 0.26718161 0.00069519
v 0.47049933 0.30262048 0.00112589
v 0.47002028 0.30034863 0.00121578
v 0.50270039 0.29921696 0.00010624
v 0.50130003 0.29160623 0.00058157
v 0.50021555 0.29731298 0.00088073
v 0.50945400 0.30039666 0.00068010
v 0.50079880 0.30196648 0.00142916
v 0.50051848 0.30017155 0.00296150
v 0.48530828 0.18484791 0.00656520
v 0.48196391 0.18313381 0.00322687
v 0.48513142 0.17761186 0.00649848
v 0.48701966 0.20096225 0.00554948
v 0.48688195 0.20574935 0.00256410
v 0.48652707 0.20106452 0.00255153
v 0.48621889 0.19501710 0.00491543
v 0.47766778 0.17761807 0.00408060
v 0.48136078 0.17877033 0.00299144
v 0.47470163 0.18369205 0.00381798
v 0.48263458 0.18838355 0.00350859
v 0.47810137 0.18698484 0.00424579
v 0.47896465 0.19476986 0.00357375
v 0.48331512 0.19516398 0.00298144
v 0.48516948 0.18895915 0.00634454
v 0.47700075 0.19477388 0.00437063
v 0.47438746 0.19165465 0.00402729
v 0.48116062 0.19967873 0.00304131
v 0.47805512 0.20159610 0.00454635
v 0.47528107 0.20108557 0.00360633
v 0.46889616 0.19933951 0.00391281
v 0.48011002 0.20433166 0.00174660
v 0.50526295 0.19260770 0.00071606
v 0.48504191 0.23041809 0.00385542
v 0.48977470 0.23055536 0.00344124
v 0.48675005 0.23676498 0.00373540
v 0.50528957 0.19775531 0.00105838
v 0.50120348 0.22717017 0.00145972
v 0.47580212 0.23684661 0.00397256
v 0.50381632 0.21524749 0.00127830
v 0.48663641 0.20743324 0.00461714
v 0.48304893 0.21099269 0.00378763
v 0.47778518 0.20848015 0.00414123
v 0.49034254 0.21475790 0.00430831
v 0.48591158 0.21628595 0.00284076
v 0.49003217 0.24127682 0.00385380
v 0.48219215 0.24142918 0.00419560
v 0.50522922 0.20437329 0.00110485
v 0.49124353 0.20644338 0.00614886
v 0.50032123 0.22001793 0.00124464
v 0.47876328 0.22810087 0.00395006
v 0.47151158 0.22779587 0.00381590
v 0.47029410 0.23516386 0.00369923
v 0.47799080 0.21209208 0.00448121
v 0.47915333 0.21489635 0.00505579
v 0.46921961 0.21148610 0.00383024
v 0.50133498 0.19018295 0.00133875
v 0.50183598 0.19723380 0.00141396
v 0.47216552 0.21734144 0.00433310
v 0.50108872 0.20565890 0.00145406
v 0.48818676 0.22023326 0.00067735
v 0.49141272 0.21964255 0.00656710
v 0.49091111 0.22727257 0.00503742
v 0.49211266 0.21431206 0.00696625
v 0.48046580 0.22329976 0.00391635
v 0.50245489 0.23237364 0.00095332
v 0.50079463 0.21046579 0.00070490
v 0.50364428 0.25814497 0.00356606
v 0.48702917 0.22810717 0.00495903
v 0.47181078 0.22312295 0.00377997
v 0.50375109 0.26667714 0.00446745
v 0.49969729 0.21601949 0.00165399
v 0.50437465 0.25286047 0.00501972
v 0.50272541 0.19636288 0.00651388
v 0.48329450 0.18964454 0.01009586
v 0.50083038 0.21269703 0.00766290
v 0.50212684 0.19380178 0.01515852
v 0.50297048 0.18289716 0.00727725
v 0.50217725 0.19998138 0.01400020
v 0.48875731 0.26143969 0.00397454
v 0.48697411 0.25337269 0.00387214
v 0.49582045 0.25305419 0.00379820
v 0.50192620 0.21026289 0.01447188
v 0.48940859 0.26827870 0.00401967
v 0.49769382 0.26573142 0.00380015
v 0.48458233 0.19770932 0.00965578
v 0.48241110 0.19326667 0.01405620
v 0.48312399 0.18364926 0.01403591
v 0.48702440 0.18610515 0.01592118
v 0.49098127 0.20086246 0.00764963
v 0.49112270 0.20053030 0.02056596
v 0.49603479 0.19817639 0.01625063
v 0.49392678 0.19968146 0.01915627
v 0.50419916 0.24443009 0.00430042
v 0.50323571 0.24946179 0.00380719
v 0.50239359 0.24191061 0.00506117
v 0.48968434 0.22731490 0.00941512
v 0.49009150 0.21493532 0.00940812
v 0.48267647 0.22128874 0.01324515
v 0.48354096 0.20993137 0.01162556
v 0.48316994 0.22853383 0.01342881
v 0.49875694 0.22049021 0.00414617
v 0.48629240 0.19611472 0.01556442
v 0.48871954 0.19968048 0.01706074
v 0.48496954 0.20034256 0.01836462
v 0.48222396 0.20404572 0.01830948
v 0.48625542 0.20368562 0.01825815
v 0.49048187 0.20662002 0.00934468
v 0.48302247 0.25768985 0.00371710
v 0.48292204 0.20031666 0.01323258
v 0.48300825 0.19635413 0.01575626
v 0.49438621 0.22901090 0.01001193
v 0.48884973 0.23129662 0.01343614
v 0.49761116 0.24583498 0.00384284
v 0.49854933 0.23939694 0.00384654
v 0.50121835 0.18347290 0.00067100
v 0.47081132 0.20592989 0.00398805
v 0.49071628 0.21513042 0.01803072
v 0.48767103 0.21291320 0.01547799
v 0.48912873 0.20781203 0.01710333
v 0.48274084 0.20648457 0.01334993
v 0.48230453 0.21455123 0.01430238
v 0.48441291 0.21158747 0.01692752
v 0.48392041 0.17752768 0.01584830
v 0.48736264 0.18096411 0.01571543
v 0.50063250 0.20024831 0.01915749
v 0.49752762 0.20591359 0.01980719
v 0.49854825 0.20147412 0.02161723
v 0.49160806 0.18370323 0.01559858
v 0.49523001 0.22854133 0.01658809
v 0.49804913 0.22591884 0.01785742
v 0.49739027 0.23063366 0.01435689
v 0.49309826 0.22519985 0.01568018
v 0.48979068 0.22008663 0.01748747
v 0.49095083 0.22063245 0.02038483
v 0.49410261 0.22250510 0.01885891
v 0.49268430 0.20379332 0.01689853
v 0.50099742 0.20776574 0.01935756
v 0.50068339 0.20214232 0.01634518
v 0.49518415 0.18413059 0.01661729
v 0.49759166 0.17879343 0.01568582
v 0.49665368 0.21182216 0.01887303
v 0.50045943 0.21383320 0.01809632
v 0.50046015 0.25799534 0.00454012
v 0.48955363 0.18636204 0.01888773
v 0.50149805 0.22729161 0.01731147
v 0.48975111 0.21734650 0.02088933
v 0.49458850 0.21928312 0.02043997
v 0.48837733 0.19139262 0.01839087
v 0.50147278 0.22291983 0.01676288
v 0.49471715 0.21119280 0.01844446
v 0.49202106 0.21313088 0.01894850
v 0.49392943 0.21564571 0.01728556
v 0.49664236 0.21910225 0.01922033
v 0.50212810 0.22215534 0.01089201
v 0.50148878 0.22845782 0.01323698
v 0.49166747 0.22108933 0.02598553
v 0.49980348 0.19315705 0.01721169
v 0.50196948 0.17752230 0.00103007
v 0.49387372 0.19479321 0.01602276
v 0.49531211 0.18963855 0.01614544
v 0.49477525 0.20367604 0.01953601
v 0.47753836 0.25381299 0.00371176
v 0.47819551 0.26124842 0.00426565
v 0.49866329 0.18897380 0.01565815
v 0.50149705 0.26334002 0.00453571
v 0.49140190 0.20843490 0.02261410
v 0.48888103 0.23157910 0.01837702
v 0.50255763 0.26778258 0.00540259
v 0.48420271 0.26548175 0.01019024
v 0.47514129 0.26472395 0.00512435
v 0.48158757 0.26603946 0.00439681
v 0.49201833 0.20113240 0.02455060
v 0.49463249 0.19848970 0.02602189
v 0.48319913 0.22074691 0.01482947
v 0.48394677 0.22605067 0.01560852
v 0.47639024 0.26575044 0.01135644
v 0.47129910 0.25861911 0.00339474
v 0.46973601 0.26464821 0.00555116
v 0.48101599 0.26717294 0.01064703
v 0.48449345 0.22871116 0.01702346
v 0.48889174 0.19717431 0.02027030
v 0.50262799 0.23925293 0.00075179
v 0.50178023 0.18633226 0.01633824
v 0.48543139 0.22327317 0.01776306
v 0.46841322 0.19283752 0.00400463
v 0.50181778 0.17507353 0.01618689
v 0.47022509 0.24166905 0.00374427
v 0.48968995 0.22737157 0.01754251
v 0.47382772 0.24789386 0.00396260
v 0.46896694 0.18233197 0.00410001
v 0.47070347 0.18755866 0.00400367
v 0.50077330 0.22854692 0.00402788
v 0.50118646 0.23817344 0.00480852
v 0.50106459 0.22179959 0.01884793
v 0.50183381 0.22423146 0.00661685
v 0.49769379 0.22538466 0.00413317
v 0.49429299 0.27427325 0.00347905
v 0.48696751 0.27687305 0.00441698
v 0.49042439 0.28119517 0.00371279
v 0.50263056 0.27671970 0.00496752
v 0.49306685 0.28852038 0.00384621
v 0.49448607 0.29373519 0.00384655
v 0.48190606 0.29396154 0.00419639
v 0.47962976 0.28940964 0.00486387
v 0.48798228 0.28535767 0.00446747
v 0.47088397 0.26681940 0.01138795
v 0.47077801 0.28866614 0.00433126
v 0.46838455 0.28715916 0.00383572
v 0.47744313 0.28736263 0.00419247
v 0.47154478 0.29285393 0.00394046
v 0.47573022 0.29516529 0.00750103
v 0.50023851 0.28219913 0.00382600
v 0.47158959 0.30251218 0.01040984
v 0.47814789 0.30179901 0.01056750
v 0.48511080 0.26851784 0.00525154
v 0.46948844 0.29283893 0.00714736
v 0.49296153 0.23547254 0.00371953
v 0.48743821 0.27111304 0.00988181
v 0.50305509 0.28525174 0.00437686
v 0.48547369 0.28317054 0.00514475
v 0.48512814 0.29377922 0.01046401
v 0.49248479 0.29467241 0.00886165
v 0.49063454 0.28974208 0.01450788
v 0.49914614 0.28987794 0.00455492
v 0.48309707 0.28665942 0.00573447
v 0.47789786 0.28533961 0.01082740
v 0.47744538 0.28131158 0.01179489
v 0.48237723 0.28153399 0.01012516
v 0.49806103 0.28696203 0.00334615
v 0.49541838 0.28326079 0.00363715
v 0.48753182 0.27896798 0.00978499
v 0.47115532 0.28375959 0.01026828
v 0.46776492 0.26061391 0.00435112
v 0.50110909 0.29005959 0.01353860
v 0.50142076 0.30217496 0.00814756
v 0.50021701 0.29614726 0.00581692
v 0.49156416 0.30166437 0.00950103
v 0.48203157 0.27285776 0.01023659
v 0.47356699 0.27573369 0.01018651
v 0.47084420 0.26927820 0.00957525
v 0.47777317 0.27234277 0.01029545
v 0.48365679 0.29043746 0.01497239
v 0.46866456 0.29084548 0.01514407
v 0.47496918 0.28970365 0.01387483
v 0.49338263 0.29565294 0.00545471
v 0.50295931 0.29640982 0.00949720
v 0.50178436 0.29077957 0.01506279
v 0.50215141 0.30064877 0.01487009
v 0.48471125 0.28484043 0.00998246
v 0.49848593 0.29712365 0.01487781
v 0.49284389 0.29632929 0.01510371
v 0.50245759 0.23082984 0.00557573
v 0.49547150 0.30186789 0.01467500
v 0.49789502 0.23191357 0.00394041
v 0.48720057 0.29545266 0.00621052
v 0.48129002 0.30150110 0.01508798
v 0.47990107 0.29456050 0.00737873
v 0.48786309 0.29893034 0.01506893
v 0.48412640 0.29756957 0.01500768
v 0.48081817 0.29625542 0.01502142
v 0.46842870 0.29656751 0.01499280
v 0.46929553 0.29199820 0.01163108
v 0.47595285 0.29574031 0.01508055
v 0.47108537 0.29720230 0.01506708
v 0.47514178 0.30125761 0.01516009
v 0.46915773 0.30123067 0.01533540
v 0.49774274 0.30217108 0.01024749
v 0.48394321 0.30205360 0.00961400
v 0.49171193 0.20044497 0.03744876
v 0.49506784 0.20070923 0.04013285
v 0.49082654 0.20115810 0.03158592
v 0.48712133 0.20065387 0.03821026
v 0.48969952 0.19778387 0.03387449
v 0.48969816 0.18728570 0.04139416
v 0.49301319 0.18913966 0.04128983
v 0.49487951 0.17876502 0.04302470
v 0.49828027 0.20021895 0.02991117
v 0.49769361 0.19880241 0.03908244
v 0.49369906 0.19461983 0.03721974
v 0.49474829 0.19129852 0.04299067
v 0.49731157 0.19467537 0.04564218
v 0.48862209 0.19189695 0.04071599
v 0.49206756 0.19611337 0.04657420
v 0.48782865 0.19497157 0.04547131
v 0.48830631 0.17878450 0.04469497
v 0.49306659 0.18607634 0.04673125
v 0.49258275 0.17981248 0.04675682
v 0.49035734 0.19239491 0.04645627
v 0.49519980 0.20256268 0.03099255
v 0.49347741 0.19717370 0.03198219
v 0.48882876 0.17274033 0.04504767
v 0.49217364 0.17091353 0.04347470
v 0.49403064 0.17508473 0.01632703
v 0.48587320 0.00066252 0.00003348
v 0.48320165 0.00037534 0.00329264
v 0.47771485 -0.00230382 0.00063365
v 0.49128065 0.00107011 0.00406804
v 0.47652980 0.00176603 0.00446165
v 0.48695230 0.00302570 0.00446830
v 0.48040947 0.00417907 0.00354906
v 0.49429372 0.00670553 0.00327039
v 0.48677164 0.01500181 0.00355471
v 0.47341997 0.01603362 0.00328074
v 0.50145778 0.00025596 0.00655984
v 0.50290555 0.00518526 0.00590195
v 0.50401123 0.00420138 0.01045225
v 0.50036519 0.00404364 0.00761208
v 0.49771127 0.00573603 0.00453666
v 0.49742887 0.00113985 0.00481237
v 0.50061739 0.00087913 0.00885782
v 0.49681350 0.01260341 0.00375732
v 0.50266239 0.01212029 0.00471261
v 0.50355860 0.00055255 0.01283828
v 0.50244574 0.00641687 0.00074670
v 0.49987969 0.00060927 0.00059862
v 0.50535146 -0.00279688 0.00058584
v 0.50938864 0.01212214 0.00085451
v 0.50285802 0.01336296 0.00088999
v 0.49362020 0.00015825 0.00001369
v 0.49373534 0.00433312 0.00519362
v 0.49100314 -0.00344567 0.00049594
v 0.47939107 -0.00670243 0.00049393
v 0.49194962 0.02764570 0.00374812
v 0.48753195 0.02691455 0.00355953
v 0.49526266 0.02031604 0.00362629
v 0.50000948 0.05657561 0.00448678
v 0.49586030 0.05115266 0.00400383
v 0.50041863 0.04972762 0.00353992
v 0.50097392 0.05662669 0.00140701
v 0.50275583 0.06341243 0.00151711
v 0.50098956 0.06184248 0.00509325
v 0.47925894 0.01757714 0.00411777
v 0.49604860 0.04037752 0.00403121
v 0.49624622 0.04429512 0.00478218
v 0.49002079 0.04315958 0.00354735
v 0.48436174 0.02158408 0.00316268
v 0.49349825 0.03459402 0.00347745
v 0.48417578 0.03546760 0.00389748
v 0.50105118 0.01785467 0.00523458
v 0.49537300 0.02948070 0.00399273
v 0.49365037 0.04704344 0.00316784
v 0.48378814 0.04951653 0.00349186
v 0.50301325 0.04645121 0.00505263
v 0.50351422 0.04068771 0.00502779
v 0.48090006 0.03969399 0.00325398
v 0.47238171 -0.00010641 0.00073780
v 0.47784998 0.03861898 0.00440563
v 0.48588401 0.02795691 0.00431615
v 0.47102050 0.04564173 0.00320117
v 0.51057642 0.03699854 0.00087825
v 0.51119696 0.04863506 0.00128815
v 0.50426032 0.04114754 0.00084657
v 0.48492983 0.02134706 0.00857516
v 0.48052754 0.01799236 0.00919103
v 0.49330898 0.05691512 0.00354856
v 0.47665810 0.02328402 0.00993111
v 0.48356370 0.02552325 0.01053563
v 0.50122122 0.04928766 0.00100564
v 0.50768225 0.05193690 0.00092671
v 0.49529637 0.06677499 0.00430226
v 0.49263484 0.06237339 0.00322863
v 0.48736073 0.05896731 0.00360206
v 0.50184690 0.03044629 0.00491335
v 0.47509825 0.02942270 0.00974903
v 0.48580805 0.02881321 0.01020382
v 0.50549491 0.03733079 0.00076777
v 0.47700684 0.05572755 0.00340055
v 0.48393575 0.06717597 0.00373526
v 0.48111981 0.05966210 0.00378827
v 0.50954502 0.02259498 0.00083699
v 0.46914425 0.00467198 0.00369736
v 0.46914696 0.00009947 0.00580289
v 0.50277173 0.02075769 0.00082377
v 0.50186153 0.02727213 0.00095543
v 0.50400948 0.04525713 0.00120032
v 0.50304259 0.02293016 0.00470302
v 0.48310233 0.03579020 0.00991370
v 0.51169412 0.06608265 0.00100609
v 0.50418356 0.03456179 0.00452074
v 0.50675760 0.05883770 0.00118049
v 0.47376546 0.03454139 0.00998867
v 0.47196790 0.01714261 0.00697026
v 0.47660160 0.03855201 0.00859513
v 0.47318273 0.03846191 0.00308284
v 0.47471511 0.05953050 0.00464075
v 0.46901073 0.03858031 0.00732566
v 0.47044613 0.06367708 0.00356187
v 0.46774438 0.06030864 0.00455513
v 0.47002782 0.01874458 0.00973370
v 0.49865026 0.08253988 0.00498155
v 0.50056230 0.08718135 0.00244801
v 0.50081218 0.08843117 0.00819676
v 0.50073289 0.08002126 0.00892364
v 0.50219913 0.07582594 0.00766932
v 0.50109853 0.07798113 0.00314689
v 0.50120901 0.06701116 0.00487465
v 0.49800125 0.07528119 0.00898631
v 0.49817223 0.07306288 0.00494546
v 0.50223822 0.06905593 0.00169427
v 0.50121584 0.10318324 0.00112419
v 0.50146819 0.11304678 0.00157634
v 0.50185272 0.07189179 0.00548073
v 0.49429076 0.07718951 0.00829955
v 0.49702230 0.07701073 0.00515793
v 0.50002973 0.07195399 0.00111098
v 0.50120242 0.09259764 0.00127966
v 0.50129837 0.12885214 0.00130069
v 0.48789470 0.07619481 0.00476934
v 0.49159497 0.07139351 0.00452861
v 0.50603814 0.13847458 0.00097029
v 0.48533715 0.15498497 0.00638853
v 0.48356198 0.15499740 0.01071806
v 0.48342426 0.16326267 0.01056931
v 0.50256223 0.10663577 0.00643135
v 0.50158740 0.15371737 0.00126226
v 0.50211649 0.14059202 0.00663041
v 0.50125125 0.14161026 0.00169983
v 0.48347226 0.14551212 0.01099604
v 0.50239284 0.11930693 0.00851996
v 0.50279667 0.16586945 0.00829128
v 0.50137496 0.16093735 0.00102561
v 0.50192783 0.16612977 0.00078387
v 0.50264810 0.15704775 0.00754110
v 0.49186545 0.08696924 0.00070712
v 0.49007208 0.09198228 0.00285606
v 0.48715301 0.09301434 0.00328953
v 0.50225528 0.07669582 0.01548407
v 0.49972942 0.08108710 0.01840268
v 0.49627602 0.07943627 0.01754012
v 0.50169842 0.11811595 0.00152131
v 0.49612700 0.07614167 0.01720500
v 0.50246748 0.08826750 0.01664586
v 0.50207336 0.07937039 0.01439859
v 0.49810565 0.07429072 0.01476094
v 0.48085319 0.15645997 0.00429410
v 0.47929401 0.16008154 0.00197436
v 0.47979316 0.15472577 0.00249751
v 0.48122062 0.16246452 0.00387662
v 0.47855947 0.16378129 0.00360630
v 0.48543159 0.08536560 0.00311833
v 0.47592769 0.15807795 0.00410236
v 0.49351218 0.07210512 0.01525132
v 0.48254895 0.14048684 0.01663762
v 0.48425200 0.13743030 0.00898825
v 0.48271199 0.13370436 0.01618567
v 0.49216044 0.09828195 0.00405359
v 0.49029569 0.09922295 0.00215764
v 0.48437742 0.10045951 0.00414288
v 0.49445939 0.10695581 0.01667870
v 0.49682270 0.10542448 0.02000777
v 0.49796891 0.10885702 0.01873971
v 0.49077854 0.08564084 0.00540151
v 0.49137924 0.09207513 0.00534431
v 0.48264055 0.12576342 0.01634196
v 0.48424950 0.13160886 0.01718833
v 0.47839895 0.14073692 0.00341350
v 0.47704255 0.13612105 0.00275506
v 0.48194726 0.13600825 0.00229214
v 0.48146005 0.14296007 0.00441175
v 0.48003988 0.14609747 0.00204172
v 0.49649987 0.15172419 0.01801015
v 0.49243079 0.15208704 0.01656210
v 0.49437647 0.14554285 0.01654396
v 0.50250631 0.13360665 0.00635109
v 0.50111175 0.12439855 0.00097713
v 0.47626681 0.13681399 0.00530210
v 0.47711581 0.14470073 0.00493876
v 0.47921009 0.15091058 0.00283687
v 0.48485102 0.14943073 0.00618781
v 0.49148573 0.10784237 0.01979202
v 0.48980645 0.10915960 0.01374882
v 0.49204822 0.10548548 0.01789382
v 0.49189183 0.10292203 0.00591221
v 0.49359583 0.11109077 0.01749185
v 0.49250793 0.10919082 0.02007817
v 0.50183877 0.14269003 0.01160942
v 0.50234824 0.13880564 0.01666050
v 0.50223199 0.14684368 0.01736768
v 0.49046100 0.11624567 0.01771665
v 0.48944245 0.11068236 0.01735579
v 0.49506188 0.11702976 0.01821849
v 0.48369173 0.09331677 0.00443733
v 0.48164652 0.08669618 0.00330584
v 0.50273109 0.16575355 0.01566316
v 0.48352369 0.13554656 0.00541389
v 0.48213449 0.09204357 0.00178936
v 0.50221093 0.15682352 0.01686879
v 0.48237083 0.13210142 0.00263494
v 0.48546386 0.14374015 0.00661896
v 0.47978935 0.09552993 0.00522862
v 0.47779947 0.09256791 0.00499837
v 0.48460397 0.08052647 0.01235860
v 0.48777156 0.08479046 0.00932009
v 0.48509222 0.07496606 0.01533392
v 0.49946959 0.10232885 0.01729774
v 0.49392387 0.10056756 0.01868791
v 0.49766409 0.14339140 0.01703192
v 0.48844068 0.10290860 0.01752559
v 0.49143316 0.10063052 0.02387667
v 0.48310283 0.12428524 0.00321394
v 0.48132624 0.12069299 0.00216896
v 0.48320673 0.12082783 0.00538241
v 0.48898925 0.09763156 0.01924511
v 0.49408144 0.13603146 0.01650181
v 0.48448164 0.08629732 0.01422926
v 0.48349407 0.09097096 0.01484422
v 0.48405148 0.08172939 0.01729501
v 0.47860580 0.12555714 0.00325412
v 0.47249078 0.15145796 0.00441623
v 0.47698765 0.15213819 0.00496457
v 0.47951221 0.11715218 0.00443334
v 0.49957265 0.15462508 0.01666620
v 0.48065112 0.08181137 0.00462795
v 0.47331686 0.08814802 0.00457998
v 0.48000106 0.09913815 0.00248900
v 0.50209933 0.08215007 0.00180858
v 0.50120537 0.07419707 0.00019534
v 0.47061714 0.09130513 0.00420646
v 0.46739462 0.08077830 0.00387212
v 0.49508734 0.15810585 0.01658076
v 0.47570128 0.11244205 0.00499794
v 0.48226389 0.11400261 0.00473371
v 0.47349158 0.12089692 0.00483053
v 0.48501489 0.10070911 0.01762188
v 0.48339284 0.10698888 0.01564323
v 0.48338197 0.09948041 0.01492094
v 0.46989496 0.07611787 0.00380588
v 0.47666379 0.10002620 0.00495246
v 0.48523048 0.12999487 0.00683439
v 0.49250039 0.12185213 0.01705703
v 0.48815137 0.10399267 0.00335573
v 0.47633239 0.12846980 0.00516859
v 0.49844607 0.09165753 0.01845646
v 0.48436633 0.10433046 0.00395687
v 0.48418964 0.11008304 0.00536769
v 0.49642005 0.08472052 0.01943501
v 0.47470372 0.16624150 0.00411552
v 0.49256245 0.08484008 0.02251977
v 0.49541642 0.09036238 0.02038310
v 0.49223453 0.08788868 0.01876457
v 0.48960333 0.10822227 0.00609780
v 0.48478002 0.11250848 0.01626602
v 0.48622258 0.11052814 0.00738826
v 0.47785753 0.13051548 0.00363555
v 0.48772178 0.08212459 0.01697261
v 0.49904801 0.16638923 0.01663024
v 0.48248753 0.07839991 0.01630081
v 0.48074289 0.10384717 0.00264626
v 0.49433798 0.16400158 0.01555220
v 0.48531163 0.16299091 0.00589522
v 0.50249343 0.09604097 0.00862442
v 0.50202589 0.10880779 0.01758374
v 0.50182641 0.10294469 0.01764396
v 0.50229074 0.11350387 0.01768720
v 0.47970253 0.10862782 0.00490798
v 0.48301949 0.15568879 0.01536795
v 0.48288899 0.14927588 0.01596027
v 0.48954600 0.07374125 0.01901128
v 0.48709068 0.12240530 0.01656106
v 0.48593664 0.11660592 0.00747586
v 0.50464203 0.14392522 0.00119736
v 0.49330175 0.10270396 0.02316847
v 0.49663216 0.10369598 0.02752148
v 0.48496581 0.10331584 0.01151027
v 0.48545860 0.09822479 0.00926452
v 0.48558707 0.12466901 0.00716615
v 0.47251131 0.09752973 0.00486826
v 0.46893587 0.09841671 0.00404790
v 0.48924085 0.10690456 0.02727628
v 0.48562157 0.10767152 0.01086157
v 0.49130654 0.10472282 0.00949733
v 0.48542301 0.07579589 0.01846303
v 0.49350046 0.11075695 0.02805803
v 0.49039260 0.13521522 0.01690635
v 0.48947571 0.14646202 0.01746076
v 0.47051973 0.07016552 0.00362853
v 0.47609672 0.07124271 0.00377159
v 0.48666371 0.14226628 0.01559394
v 0.48401366 0.11466948 0.01183056
v 0.50206509 0.12237875 0.01749524
v 0.50215207 0.13401544 0.01752845
v 0.48762652 0.15366330 0.01642802
v 0.48606640 0.14799282 0.01538552
v 0.47216159 0.10229413 0.00449134
v 0.48180429 0.07530202 0.00425513
v 0.48331813 0.14558118 0.01727946
v 0.50005668 0.12922869 0.01730924
v 0.49343932 0.12625282 0.01583735
v 0.49737285 0.12229637 0.01601704
v 0.49518767 0.13095530 0.01768736
v 0.49123995 0.08149473 0.01827864
v 0.50484399 0.16153407 0.00141686
v 0.48376160 0.12903542 0.01055240
v 0.49817724 0.13399081 0.01713816
v 0.48805703 0.15919960 0.01600891
v 0.48783984 0.09401136 0.01561470
v 0.48994458 0.09003205 0.01685051
v 0.48283807 0.11912978 0.01646688
v 0.48920573 0.06678947 0.00371806
v 0.48715941 0.16309996 0.01754483
v 0.48373980 0.16365204 0.01581040
v 0.49052625 0.12616645 0.01727503
v 0.49007211 0.13178031 0.01718074
v 0.50086530 0.11985248 0.01850156
v 0.46823551 0.10649894 0.00407527
v 0.47291864 0.10695776 0.00488369
v 0.48622997 0.13649601 0.01810813
v 0.47568578 0.08156674 0.00391599
v 0.49002588 0.08217578 0.00311361
v 0.49299372 0.07948763 0.00569147
v 0.49677410 0.10585379 0.04371640
v 0.49594620 0.10118132 0.03107215
v 0.49583905 0.10288813 0.03802353
v 0.49602686 0.11039509 0.03685679
v 0.48865686 0.10842498 0.03692818
v 0.49416126 0.11100828 0.03473560
v 0.48885765 0.10926673 0.02825849
v 0.46799679 0.11942113 0.00436478
v 0.49463018 0.11525510 0.04081217
v 0.49137077 0.11395871 0.04121294
v 0.49208197 0.10704420 0.04096279
v 0.49131824 0.09851690 0.00640855
v 0.47172293 0.12644365 0.00496577
v 0.46771613 0.13065305 0.00414202
v 0.48933501 0.11305014 0.04537824
v 0.48687467 0.08159087 0.00107663
v 0.49469411 0.10945192 0.04057504
v 0.49469604 0.11529729 0.04546449
v 0.49163491 0.10986660 0.04511442
v 0.47207008 0.14439289 0.00464508
v 0.46955819 0.13671768 0.00426348
v 0.50739457 0.06822982 0.00079357
v 0.49332231 0.12022825 0.04211941
v 0.48975653 0.12283013 0.04215970
v 0.49610098 0.12626534 0.04313520
v 0.48867054 0.12144006 0.04316257
v 0.49553100 0.13315916 0.04342756
v 0.49001008 0.13553374 0.04348836
v 0.49510571 0.14173226 0.04252150
v 0.48916660 0.12147699 0.04483358
v 0.49451050 0.12324601 0.04546315
v 0.50450097 0.07458151 0.00111091
v 0.49430596 0.13498545 0.04529100
v 0.48867341 0.13304334 0.04555406
v 0.48930773 0.14418638 0.04569222
v 0.49044201 0.14444554 0.04360011
v 0.49337813 0.14199724 0.04587543
v 0.49329714 0.15168731 0.04284568
v 0.49531722 0.15660898 0.04307731
v 0.49372079 0.14879451 0.04588953
v 0.48870722 0.16673870 0.04458168
v 0.49416616 0.16646107 0.04320007
v 0.47174156 0.15623441 0.00440126
v 0.46727283 0.15978835 0.00401053
v 0.48893028 0.15616916 0.04506097
v 0.50082649 0.09536332 0.01787097
v 0.49143205 0.16785873 0.04602116
v 0.49282795 0.15543455 0.04560578
v 0.49671946 0.09561236 0.01649291
v 0.50638123 0.08130095 0.00101329
v 0.49301655 0.09306933 0.01735551
v 0.48579609 0.17258350 0.00607592
v 0.48442518 0.17236525 0.00986183
v 0.50103099 0.17096246 0.00081603
v 0.49440773 0.16942322 0.01560958
v 0.46789193 0.17066819 0.00367122
v 0.47518793 0.17339198 0.00431713
v 0.48318319 0.17232781 0.01495784
v 0.48068795 0.16854894 0.00325711
v 0.48187508 0.17003836 0.00426246
v 0.47789689 0.17005720 0.00464510
v 0.48006494 0.17276162 0.00248218
v 0.48608871 0.17072397 0.01685396
v 0.49284732 0.17267346 0.04611127
v 0.49007732 0.17531886 0.04631172
v 0.46700000 0.30291003 0.00092789
v 0.46700000 0.30164280 0.00099203
v 0.46700000 0.19983156 0.00381349
v 0.46700000 0.20255779 0.00380384
v 0.46700000 0.21023170 0.00361896
v 0.46700000 0.20752588 0.00362160
v 0.46700000 0.24928563 0.00403680
v 0.46700000 0.24904913 0.00404426
v 0.46700000 0.26504630 0.01013563
v 0.46700000 0.26469663 0.00727208
v 0.46700000 0.26577647 0.01050389
v 0.46700000 0.24991552 0.00399393
v 0.46700000 0.25303109 0.00415186
v 0.46700000 0.21759926 0.00350015
v 0.46700000 0.21757394 0.00350233
v 0.46700000 0.22640626 0.00374078
v 0.46700000 0.22399640 0.00372009
v 0.46700000 0.28475363 0.00964163
v 0.46700000 0.28449828 0.01020283
v 0.46700000 0.29344253 0.00959702
v 0.46700000 0.29401178 0.00684300
v 0.46700000 0.29939768 0.01527703
v 0.46700000 0.29790329 0.01512428
v 0.46700000 0.24830351 0.00401574
v 0.46700000 0.30129881 0.01538456
v 0.46700000 0.29294728 0.00429596
v 0.46700000 0.29055468 0.00448426
v 0.46700000 0.28833715 0.00440156
v 0.46700000 0.28725432 0.00395121
v 0.46700000 0.23500974 0.00369278
v 0.46700000 0.23094292 0.00375538
v 0.46700000 0.26941494 0.01020918
v 0.46700000 0.26891402 0.01058002
v 0.46700000 0.27027665 0.01034861
v 0.46700000 0.27849417 0.01050253
v 0.46700000 0.27628898 0.01051331
v 0.46700000 0.29290909 0.00632864
v 0.46700000 0.24170541 0.00369695
v 0.46700000 0.23769629 0.00366857
v 0.46700000 0.30257936 0.00664850
v 0.46700000 0.30289336 0.00778414
v 0.46700000 0.21751724 0.00350206
v 0.46700000 0.26482189 0.00555470
v 0.46700000 0.26156501 0.00461306
v 0.46700000 0.29058629 0.01495644
v 0.46700000 0.29138389 0.01224541
v 0.46700000 0.29632300 0.01494164
v 0.46700000 0.29185119 0.01505247
v 0.46700000 0.30262386 0.00893168
v 0.46700000 -0.00146246 0.00067478
v 0.46700000 -0.00645604 0.00048014
v 0.46700000 -0.00023020 0.00358348
v 0.46700000 -0.00046189 0.00081051
v 0.46700000 0.01585062 0.00336981
v 0.46700000 0.00912672 0.00358355
v 0.46700000 0.00308703 0.00386414
v 0.46700000 0.00034870 0.00512465
v 0.46700000 0.01630069 0.00480539
v 0.46700000 0.05298541 0.00327495
v 0.46700000 0.05229409 0.00326478
v 0.46700000 0.04005466 0.00333791
v 0.46700000 0.03966008 0.00501745
v 0.46700000 0.01765417 0.00819358
v 0.46700000 0.01670895 0.00665278
v 0.46700000 0.05529936 0.00368801
v 0.46700000 0.02484361 0.00983405
v 0.46700000 0.02373314 0.00980816
v 0.46700000 0.03705493 0.00899755
v 0.46700000 0.03649843 0.00972660
v 0.46700000 0.02534090 0.00981999
v 0.46700000 0.03605186 0.00986557
v 0.46700000 0.03551181 0.00983601
v 0.46700000 0.04177634 0.00334548
v 0.46700000 0.08014683 0.00385646
v 0.46700000 0.07479158 0.00375415
v 0.46700000 0.09652594 0.00400802
v 0.46700000 0.09220455 0.00406919
v 0.46700000 0.07122793 0.00364647
v 0.46700000 0.06892557 0.00366827
v 0.46700000 0.06550645 0.00363257
v 0.46700000 0.08201644 0.00387848
v 0.46700000 0.05827187 0.00372932
v 0.46700000 0.05867105 0.00412518
v 0.46700000 0.10514179 0.00405395
v 0.46700000 0.09890438 0.00402615
v 0.46700000 0.30034645 0.00106558
v 0.46700000 0.21231038 0.00379007
v 0.46700000 0.26025797 0.00431261
v 0.46700000 0.26062834 0.00434692
v 0.46700000 0.29256645 0.01113904
v 0.46700000 0.28152697 0.01042714
v 0.46700000 0.00474219 0.00398603
v 0.46700000 0.00563089 0.00360853
v 0.46700000 0.01848970 0.00963123
v 0.46700000 0.04501371 0.00317367
v 0.46700000 0.08101924 0.00388408
v 0.46700000 0.08059188 0.00386237
v 0.43833303 0.19616217 0.02920000
v 0.43240520 0.19797484 0.02920000
v 0.42848982 0.19659384 0.02920000
v 0.43654048 0.19734110 0.02920000
v 0.44590000 0.19821834 0.02920000
v 0.44590000 0.19632603 0.02920000
v 0.42808577 0.19830000 0.02920000
v 0.43470279 0.19830000 0.02920000
v 0.43182044 0.19830000 0.02920000
v 0.43385089 0.19830000 0.02920000
v 0.43434219 0.19830000 0.02920000
v 0.43323362 0.19830000 0.02920000
v 0.43261144 0.19830000 0.02920000
v 0.43048156 0.19830000 0.02920000
v 0.43627046 0.19830000 0.02920000
v 0.42749158 0.19830000 0.02920000
v 0.44126565 0.19830000 0.02920000
v 0.44105335 0.19830000 0.02920000
v 0.44166170 0.19830000 0.02920000
v 0.43992355 0.19830000 0.02920000
v 0.44131701 0.19830000 0.02920000
v 0.44185903 0.19830000 0.02920000
v 0.44517236 0.19830000 0.02920000
v 0.44590000 0.19830000 0.02920000
v 0.44132438 0.19830000 0.02920000
v 0.44509969 0.19830000 0.02920000
v 0.44495341 0.19830000 0.02920000
v 0.43896736 0.19830000 0.02920000
v 0.44590000 0.19821834 0.02044898
v 0.42808577 0.19830000 0.00349244
v 0.43470279 0.19830000 0.00342776
v 0.43182044 0.19830000 0.00358472
v 0.43261144 0.19830000 0.02719519
v 0.43048156 0.19830000 0.02660710
v 0.43627046 0.19830000 0.02643972
v 0.42749158 0.19830000 0.02662601
v 0.44126565 0.19830000 0.02660373
v 0.44105335 0.19830000 0.02659497
v 0.44166170 0.19830000 0.00403494
v 0.43992355 0.19830000 0.00387106
v 0.44131701 0.19830000 0.02661760
v 0.44185903 0.19830000 0.00405354
v 0.44590000 0.19830000 0.02054320
v 0.44132438 0.19830000 0.02661959
v 0.44509969 0.19830000 0.02775849
v 0.44495341 0.19830000 0.02771436
v 0.43896736 0.19830000 0.02675378
v 0.44590000 0.19830000 0.00382011
v 0.44590000 0.19830000 0.02759627
v 0.44590000 0.19600000 0.01751745
v 0.44590000 0.19600000 0.00393171
v 0.44590000 0.19600000 0.02843256
v 0.42520000 0.19830000 0.02343323
v 0.42520000 0.19830000 0.02782532
v 0.44727358 0.19600000 0.02191886
v 0.44747704 0.19600000 0.02273317
v 0.44673213 0.19600000 0.02074186
v 0.44590000 0.19600000 0.01893299
v 0.44590000 0.19632603 0.01891206
v 0.45258865 0.30067196 0.00094097
v 0.44681049 0.29993905 0.00392438
v 0.46333484 0.30321330 0.00072051
v 0.46114377 0.30034223 0.00077436
v 0.46461747 0.20044982 0.00368869
v 0.44882601 0.19868266 0.00363252
v 0.45200831 0.20186564 0.00360340
v 0.46660506 0.24911596 0.00404898
v 0.46170747 0.24176508 0.00361930
v 0.44974607 0.24567066 0.00357494
v 0.44837200 0.24883408 0.00381532
v 0.46424988 0.20867749 0.00335719
v 0.44776734 0.25362637 0.00331595
v 0.46697878 0.21757490 0.00349892
v 0.45982446 0.21497511 0.00366021
v 0.45464520 0.20821207 0.00409416
v 0.45425561 0.26032032 0.00458713
v 0.45585202 0.25421471 0.00367445
v 0.44627982 0.21337823 0.00312019
v 0.45259598 0.21444734 0.00364001
v 0.45384051 0.22273699 0.00364673
v 0.44700008 0.26119103 0.00402605
v 0.45081066 0.26371058 0.00492747
v 0.45980588 0.24791884 0.00391643
v 0.45594062 0.23146771 0.00356012
v 0.44727130 0.23155770 0.00372338
v 0.45409502 0.23890226 0.00357433
v 0.44728470 0.20515016 0.00288066
v 0.45439291 0.26371756 0.00826443
v 0.45615362 0.26527034 0.00499140
v 0.46322721 0.26476339 0.00964513
v 0.46423975 0.26499711 0.00555827
v 0.46025299 0.26531497 0.00585021
v 0.45977560 0.26693714 0.01017339
v 0.44641875 0.21003784 0.00405389
v 0.45165337 0.26565155 0.00985849
v 0.44700209 0.19851781 0.02116703
v 0.44857689 0.19933654 0.02681784
v 0.44896973 0.24207817 0.00383662
v 0.45917434 0.25661647 0.00391858
v 0.46051443 0.26075073 0.00431132
v 0.46207759 0.22489011 0.00365882
v 0.45680031 0.29182560 0.00349451
v 0.45265361 0.28677970 0.00409266
v 0.46005034 0.28773196 0.00453088
v 0.44990334 0.29268482 0.00390860
v 0.46686667 0.28452198 0.01020073
v 0.44725521 0.29594860 0.00455104
v 0.45114761 0.29415141 0.00510163
v 0.45626351 0.29781866 0.00515729
v 0.45710931 0.28389666 0.01080996
v 0.44953347 0.28543240 0.00561358
v 0.45238949 0.30022053 0.00574038
v 0.45380728 0.30112995 0.00419353
v 0.44868122 0.28821352 0.00409814
v 0.46600558 0.26945031 0.01037316
v 0.46220782 0.26921884 0.00948515
v 0.46123237 0.29533594 0.01473510
v 0.46324133 0.30141750 0.01547019
v 0.46339424 0.29571125 0.00640197
v 0.45996440 0.29430810 0.00963098
v 0.46652100 0.30293314 0.00751010
v 0.46014092 0.30206310 0.00818314
v 0.45645424 0.30281088 0.01053666
v 0.45667745 0.30051978 0.00911273
v 0.45743742 0.30046892 0.00671162
v 0.44920436 0.30148643 0.00760798
v 0.45220721 0.30123209 0.01503476
v 0.46335092 0.27956635 0.01056664
v 0.46200851 0.29304981 0.00468640
v 0.45328950 0.28331028 0.01015235
v 0.46153631 0.23475411 0.00368209
v 0.45987206 0.28947639 0.01415299
v 0.45248452 0.29064622 0.01434667
v 0.45682520 0.29593282 0.01519372
v 0.45120295 0.27543586 0.01019231
v 0.45816756 0.27337320 0.00996820
v 0.46536859 0.27642693 0.01059450
v 0.46115267 0.29718887 0.00486383
v 0.45958729 0.30191689 0.01515722
v 0.45264559 0.29865994 0.01282317
v 0.44835770 0.30177255 0.01073635
v 0.44590000 0.30059845 0.00066725
v 0.44590000 0.30021229 0.00252469
v 0.44590000 0.30378373 0.00023369
v 0.44590000 0.30342746 0.00024761
v 0.44590000 0.30309255 0.00035805
v 0.44590000 0.24657198 0.00368768
v 0.44590000 0.24490145 0.00357003
v 0.44590000 0.25415758 0.00339205
v 0.44590000 0.25140943 0.00370373
v 0.44590000 0.21852979 0.00356952
v 0.44590000 0.21469092 0.00321581
v 0.44590000 0.21984351 0.00356860
v 0.44590000 0.25979495 0.00391296
v 0.44590000 0.19915027 0.00377886
v 0.44590000 0.26402664 0.00542138
v 0.44590000 0.26231869 0.00462777
v 0.44590000 0.22540412 0.00363865
v 0.44590000 0.19977202 0.02258508
v 0.44590000 0.20109369 0.02647130
v 0.44590000 0.23677518 0.00363197
v 0.44590000 0.23253671 0.00370882
v 0.44590000 0.23941805 0.00376466
v 0.44590000 0.26449301 0.00916729
v 0.44590000 0.26440875 0.00910210
v 0.44590000 0.26439167 0.00889095
v 0.44590000 0.20411026 0.00311796
v 0.44590000 0.20991282 0.00403836
v 0.44590000 0.20559233 0.00302175
v 0.44590000 0.21312830 0.00315245
v 0.44590000 0.29994557 0.00395998
v 0.44590000 0.29662624 0.00449614
v 0.44590000 0.29305379 0.00366938
v 0.44590000 0.29010615 0.00383823
v 0.44590000 0.28571332 0.00382737
v 0.44590000 0.28447436 0.00432770
v 0.44590000 0.28492179 0.00833292
v 0.44590000 0.28469965 0.00894906
v 0.44590000 0.27325287 0.01028804
v 0.44590000 0.26979327 0.01017502
v 0.44590000 0.27739676 0.01072799
v 0.44590000 0.27710678 0.01072226
v 0.44590000 0.29543060 0.00429959
v 0.44590000 0.20008630 0.02718983
v 0.44590000 0.24341607 0.00368354
v 0.44590000 0.26138288 0.00405275
v 0.44590000 0.21363049 0.00312882
v 0.44590000 0.19852744 0.02080562
v 0.44590000 0.23126403 0.00373306
v 0.44590000 0.29587549 0.00447730
v 0.44590000 0.28694175 0.00356500
v 0.44590000 0.26607051 0.00953448
v 0.44590000 0.19600000 0.01932683
v 0.42520000 0.20217079 0.02633223
v 0.42520000 0.19985645 0.02011336
v 0.42520000 0.19843347 0.01508150
v 0.42520000 0.19837778 0.01490235
v 0.42520000 0.19830000 0.01475871
v 0.42520000 0.19838316 0.01491230
v 0.43385089 0.19830000 0.01633533
v 0.43434219 0.19830000 0.01663652
v 0.43323362 0.19830000 0.01611267
v 0.44517236 0.19830000 0.02029725
v 0.44380029 0.30385242 0.00017506
v 0.44465869 0.30058481 0.00061645
v 0.43608838 0.30045376 0.00078537
v 0.42731664 0.30000091 0.00086306
v 0.43218700 0.29991904 0.00439767
v 0.42537975 0.30027235 0.00453019
v 0.43916516 0.29999383 0.00422332
v 0.43286416 0.20175990 0.00354328
v 0.42570282 0.20043621 0.00339206
v 0.42843841 0.20830683 0.00375284
v 0.43122629 0.20512705 0.00266020
v 0.43818925 0.20805457 0.00380743
v 0.43421534 0.21542941 0.00310610
v 0.42570179 0.21195523 0.00327087
v 0.44356389 0.24443423 0.00356705
v 0.44250348 0.26631785 0.00934320
v 0.43915781 0.26485507 0.00934212
v 0.44560197 0.26443300 0.00913149
v 0.43616976 0.26642562 0.01023566
v 0.43233347 0.26309533 0.00797365
v 0.44227128 0.25518987 0.00353993
v 0.43465187 0.25210223 0.00361733
v 0.43227035 0.24662512 0.00355120
v 0.43783522 0.24035815 0.00375783
v 0.44154608 0.23564509 0.00366260
v 0.43695348 0.24492750 0.00347267
v 0.42979313 0.24315871 0.00375485
v 0.42843156 0.21752977 0.00316948
v 0.44455132 0.21935206 0.00355533
v 0.43102347 0.22332185 0.00358462
v 0.44045427 0.20002055 0.00405120
v 0.44144696 0.26215949 0.00416083
v 0.44412221 0.26414107 0.00560019
v 0.43297940 0.25590934 0.00369294
v 0.43525426 0.25929239 0.00384264
v 0.43760962 0.26445569 0.00535616
v 0.43001630 0.26347216 0.00433654
v 0.42806074 0.25319183 0.00390632
v 0.43815199 0.21877640 0.00330496
v 0.43552980 0.22904326 0.00380627
v 0.43084440 0.26563324 0.01001000
v 0.43371893 0.19863387 0.01681108
v 0.43315216 0.23548147 0.00362347
v 0.43514543 0.20229516 0.02628891
v 0.42970729 0.20021261 0.02162367
v 0.42522139 0.20218014 0.02635999
v 0.44315579 0.20289502 0.02611604
v 0.42598745 0.23192326 0.00355850
v 0.42559423 0.24201267 0.00399464
v 0.44199652 0.29566490 0.00426490
v 0.44522386 0.28482678 0.00883896
v 0.43793030 0.28232719 0.01123116
v 0.44175146 0.28223624 0.00930482
v 0.44394976 0.28396014 0.00363750
v 0.44253553 0.28540327 0.00292005
v 0.43910618 0.27799219 0.01072935
v 0.43120931 0.28594776 0.00364073
v 0.42826139 0.29263205 0.00298941
v 0.44088985 0.29351556 0.00337001
v 0.43110061 0.27517295 0.01055801
v 0.42666786 0.28250841 0.01121077
v 0.43277262 0.28464788 0.00887480
v 0.43508090 0.29596007 0.00437990
v 0.43690475 0.28916529 0.00345773
v 0.43369220 0.28437422 0.00409567
v 0.42765261 0.28353589 0.00329491
v 0.44284256 0.27199425 0.01034323
v 0.43801676 0.27063029 0.00829041
v 0.44564001 0.27718870 0.01074824
v 0.43605528 0.27256805 0.01057920
v 0.43122852 0.27046008 0.00881978
v 0.42752995 0.27308858 0.00887731
v 0.42709299 0.29579650 0.00434092
v 0.44127573 0.19834725 0.02660084
v 0.44448872 0.20048157 0.02738595
v 0.42520000 0.19830000 0.01491180
v 0.42520000 0.30201444 0.00037485
v 0.42520000 0.30171203 0.00044707
v 0.42520000 0.30010123 0.00083990
v 0.42520000 0.30027674 0.00444352
v 0.42520000 0.30212191 0.00035335
v 0.42520000 0.22405738 0.00331892
v 0.42520000 0.22316975 0.00327585
v 0.42520000 0.26037573 0.00409229
v 0.42520000 0.25979488 0.00403384
v 0.42520000 0.25945473 0.00401507
v 0.42520000 0.25833086 0.00401727
v 0.42520000 0.26372509 0.00805855
v 0.42520000 0.26351600 0.00788316
v 0.42520000 0.22732690 0.00340251
v 0.42520000 0.23772262 0.00339681
v 0.42520000 0.23766916 0.00339500
v 0.42520000 0.23742326 0.00340127
v 0.42520000 0.26353968 0.00752758
v 0.42520000 0.23804783 0.00344504
v 0.42520000 0.24756489 0.00392893
v 0.42520000 0.24526919 0.00396472
v 0.42520000 0.24839387 0.00393743
v 0.42520000 0.28797921 0.00342367
v 0.42520000 0.28616502 0.00359746
v 0.42520000 0.28356328 0.00546336
v 0.42520000 0.28400910 0.00931710
v 0.42520000 0.26782900 0.00869949
v 0.42520000 0.26729785 0.00868305
v 0.42520000 0.26705961 0.00874481
v 0.42520000 0.27611004 0.01032244
v 0.42520000 0.27450092 0.00938896
v 0.42520000 0.28081962 0.01091170
v 0.42520000 0.29588334 0.00432494
v 0.42520000 0.29410704 0.00354760
v 0.42520000 0.30009481 0.00452006
v 0.42520000 0.28277327 0.01082291
v 0.42520000 0.28534646 0.00349428
v 0.42520000 0.30027972 0.00451657
v 0.42520000 0.25427909 0.00358384
v 0.42520000 0.26356893 0.00427696
v 0.42520000 0.23211513 0.00356787
v 0.42520000 0.23260619 0.00354355
v 0.42520000 0.24189657 0.00398455
v 0.42520000 0.28340985 0.00318858
v 0.42520000 0.27270212 0.00961746
v 0.42520000 0.29115218 0.00313950
v 0.42520000 0.30022912 0.00453440
v 0.44590000 0.10600000 0.02384646
v 0.44739235 0.00180628 0.00392318
v 0.45338764 -0.00023992 0.00105955
v 0.45515276 0.00166044 0.00384178
v 0.44830428 0.00055679 0.00074179
v 0.45843684 0.00123015 0.00129344
v 0.44863164 -0.00609080 0.00045969
v 0.45972410 0.00086996 0.00476705
v 0.45291157 0.00578792 0.00307967
v 0.46061064 0.00495141 0.00484620
v 0.46281124 0.00750411 0.00343499
v 0.45367536 0.01191696 0.00364276
v 0.44944384 0.01098144 0.00389506
v 0.46435216 -0.00063679 0.00084628
v 0.44659295 0.00747645 0.00362406
v 0.46380731 0.01575962 0.00341410
v 0.46379820 0.00072039 0.00411317
v 0.45139299 0.02256845 0.01079939
v 0.44770654 0.02708056 0.01090317
v 0.44835905 0.01917040 0.01017662
v 0.46664155 0.05288719 0.00327045
v 0.44696371 0.03128132 0.01099117
v 0.46353559 0.01640653 0.00643139
v 0.46558767 0.04041850 0.00339617
v 0.46241289 0.01810356 0.00947600
v 0.45613620 0.01745465 0.00497201
v 0.46636784 0.05728034 0.00376004
v 0.45768688 0.01796585 0.00932543
v 0.46597842 0.03627994 0.00984698
v 0.45718897 0.05185174 0.00337039
v 0.46055344 0.05673192 0.00328695
v 0.46625276 0.02496427 0.00982654
v 0.46033252 0.03837372 0.00395226
v 0.46137681 0.03649628 0.00985251
v 0.45456388 0.03957525 0.00356488
v 0.45989468 0.04390383 0.00312507
v 0.44847322 0.04865047 0.00338375
v 0.44774305 0.04247791 0.00387286
v 0.45304387 0.03797119 0.00553658
v 0.45377971 0.02457414 0.02046210
v 0.44628800 0.03178190 0.01910586
v 0.44880077 0.02570182 0.02000900
v 0.45314971 0.03632872 0.00981011
v 0.44776435 0.03857333 0.00464744
v 0.44904474 0.03408002 0.01943910
v 0.45290503 0.02967800 0.01739147
v 0.44945383 0.03639160 0.01065224
v 0.44795370 0.03993557 0.01606172
v 0.45360586 0.02072627 0.01649222
v 0.45401575 0.02363945 0.01208582
v 0.45686248 0.00941729 0.02073406
v 0.46078570 -0.00039404 0.02293249
v 0.45458623 0.01010555 0.02199933
v 0.45747437 0.01431887 0.00323871
v 0.44986178 0.02090953 0.02043009
v 0.45042158 0.02646436 0.01423699
v 0.44873060 0.03291949 0.01394525
v 0.45016210 0.01859503 0.00521456
v 0.44632352 0.05568977 0.00345422
v 0.45479534 0.06509398 0.00349899
v 0.44665306 0.06344181 0.00320736
v 0.45387772 0.02834655 0.00965229
v 0.45396104 0.02219153 0.00992057
v 0.45850630 0.01016160 0.02137915
v 0.46231086 0.07264332 0.00367036
v 0.46079385 0.07766005 0.00370909
v 0.45156594 0.07948034 0.00377719
v 0.45477558 0.08848288 0.00425454
v 0.46347337 0.09308146 0.00393536
v 0.44759926 0.07107122 0.00372570
v 0.46312842 0.06756167 0.00371199
v 0.45630843 0.01625347 0.02202859
v 0.46238094 0.10006797 0.00397426
v 0.44964602 0.09734949 0.00360004
v 0.45756684 0.01032018 0.02282002
v 0.45563202 0.10382248 0.00412069
v 0.45310556 0.09748540 0.00422463
v 0.46089884 0.10529558 0.00439824
v 0.46054578 -0.00208579 0.02553460
v 0.44590000 0.00674733 0.00366415
v 0.44590000 0.00239638 0.00389494
v 0.44590000 0.01255996 0.00409852
v 0.44590000 0.00987661 0.00385424
v 0.44590000 -0.00088064 0.00096359
v 0.44590000 -0.00363531 0.00069089
v 0.44590000 0.02788623 0.01097883
v 0.44590000 0.02346163 0.01057278
v 0.44590000 0.03083481 0.01102218
v 0.44590000 -0.00021817 0.00082772
v 0.44590000 0.00078840 0.00288127
v 0.44590000 0.04225542 0.01704314
v 0.44590000 0.04021864 0.01876080
v 0.44590000 0.03977339 0.00376968
v 0.44590000 0.03852008 0.00401596
v 0.44590000 0.01858726 0.00515059
v 0.44590000 0.01809059 0.00502988
v 0.44590000 0.04835456 0.00409256
v 0.44590000 0.04655308 0.00417777
v 0.44590000 0.01284935 0.00409756
v 0.44590000 0.03731395 0.00983017
v 0.44590000 0.03701625 0.01084910
v 0.44590000 0.03698804 0.01087974
v 0.44590000 0.04188397 0.01398816
v 0.44590000 0.04212715 0.01478213
v 0.44590000 0.05306510 0.00375530
v 0.44590000 0.01871698 0.00975839
v 0.44590000 0.01842046 0.00803752
v 0.44590000 0.06332730 0.00326582
v 0.44590000 0.05604482 0.00347504
v 0.44590000 0.03655636 0.01126976
v 0.44590000 0.03551482 0.01092758
v 0.44590000 0.03213231 0.01897851
v 0.44590000 0.03393026 0.01577236
v 0.44590000 0.03458124 0.01868614
v 0.44590000 0.07067665 0.00369256
v 0.44590000 0.06395186 0.00323888
v 0.44590000 0.10451835 0.00376102
v 0.44590000 0.08671414 0.00384253
v 0.44590000 0.08587700 0.00380966
v 0.44590000 0.07833140 0.00375392
v 0.44590000 0.07405925 0.00373415
v 0.44590000 0.08813828 0.00378256
v 0.44590000 0.00755633 0.00359262
v 0.44590000 -0.00603766 0.00043851
v 0.44590000 0.02031125 0.01012433
v 0.44590000 0.03569649 0.01383269
v 0.44590000 0.04316039 0.00378415
v 0.44590000 0.03583835 0.01372000
v 0.44590000 0.05543103 0.00348583
v 0.44590000 0.05569788 0.00349490
v 0.44590000 0.09520507 0.00373486
v 0.44590000 0.07220181 0.00368614
v 0.44590000 0.09730355 0.00366528
v 0.44590000 0.10496237 0.02646451
v 0.44408644 0.10600000 0.02169389
v 0.43437725 0.10600000 0.02018778
v 0.44551696 0.10600000 0.02339181
v 0.43270470 0.10600000 0.02047036
v 0.43141335 0.10600000 0.02029516
v 0.44289439 0.00358485 0.00383808
v 0.44310190 -0.00112007 0.00092773
v 0.43766937 0.00140596 0.00311284
v 0.44501096 0.01295596 0.00414957
v 0.43842473 0.00841804 0.00325351
v 0.43729516 -0.00587028 0.00037181
v 0.43144646 -0.00071542 0.00070668
v 0.42647422 -0.00559189 0.00046143
v 0.42654990 -0.00074338 0.00391631
v 0.43259369 0.00232783 0.00378454
v 0.42570281 0.00460662 0.00320471
v 0.42783620 0.01403856 0.00343279
v 0.44249411 0.02940516 0.01112148
v 0.44178150 0.02222199 0.01003675
v 0.43788325 0.00045882 0.00069328
v 0.42816233 0.05687104 0.00450972
v 0.43523417 0.05400618 0.00359446
v 0.42985782 0.05978031 0.00343601
v 0.42917150 0.02308189 0.00962083
v 0.43213699 0.02947040 0.00961459
v 0.42978276 0.03692429 0.00987602
v 0.43791471 0.03572880 0.01138941
v 0.43160919 0.03716281 0.00701840
v 0.42997809 0.05024348 0.00379347
v 0.43527406 0.04895068 0.00386596
v 0.44551354 0.03705290 0.01090448
v 0.43662882 0.03837589 0.00592727
v 0.42748681 0.01709821 0.00873106
v 0.43418555 0.01774779 0.00913770
v 0.42681090 0.01877479 0.00998729
v 0.44383267 0.01833578 0.00940679
v 0.43665614 0.01683747 0.00712434
v 0.43841721 0.02046550 0.01054465
v 0.43612472 0.03237630 0.01079199
v 0.44342346 0.04505290 0.01822664
v 0.44502895 0.03849520 0.00372092
v 0.44577520 0.03581892 0.01382772
v 0.44260729 0.03510604 0.01789776
v 0.43918833 0.04463624 0.01717884
v 0.43974136 0.04544091 0.00348770
v 0.44093749 0.04165473 0.00300494
v 0.43930143 0.04710523 0.01814129
v 0.44016219 0.05192554 0.00391419
v 0.44527590 0.01858613 0.00514122
v 0.44512553 0.04826551 0.00430589
v 0.43863909 0.05098869 0.01759477
v 0.43907144 0.01659172 0.00432614
v 0.44539161 0.04266967 0.01446537
v 0.43195595 0.01401325 0.00323434
v 0.43470541 0.01881114 0.00453863
v 0.43071170 0.01766562 0.00495464
v 0.43423693 0.03904814 0.00287127
v 0.43308145 0.04225024 0.00362247
v 0.42830530 0.03966460 0.00325483
v 0.43854677 0.06220925 0.00383667
v 0.43736172 0.05586128 0.00431510
v 0.43422490 0.06040993 0.00377672
v 0.43285767 0.05843995 0.01721019
v 0.43344109 0.05479455 0.01792350
v 0.43850611 0.06895975 0.00354840
v 0.44526975 0.08658854 0.00381327
v 0.44367000 0.09392851 0.00381512
v 0.43794023 0.09072078 0.00363399
v 0.43704169 0.07809563 0.00347996
v 0.43954260 0.09722558 0.00377599
v 0.43289267 0.09689707 0.00378086
v 0.42981707 0.06986197 0.00413660
v 0.42961793 0.08526084 0.00366474
v 0.44372167 0.07788968 0.00374498
v 0.42877302 0.07625980 0.00360557
v 0.44461650 0.10432170 0.02655756
v 0.43265037 0.10455137 0.02747085
v 0.43186478 0.06505454 0.00425280
v 0.42520000 0.10600000 0.03027922
v 0.42520000 -0.00146063 0.00049971
v 0.42520000 -0.00187055 0.00049200
v 0.42520000 -0.00141012 0.00080595
v 0.42520000 0.01037252 0.00349110
v 0.42520000 0.00553634 0.00325543
v 0.42520000 0.01247677 0.00348542
v 0.42520000 0.00431178 0.00333342
v 0.42520000 0.00020636 0.00398534
v 0.42520000 0.03137866 0.00973295
v 0.42520000 0.02840406 0.00971464
v 0.42520000 0.03672722 0.00892326
v 0.42520000 0.03667969 0.00988509
v 0.42520000 0.01866756 0.00985417
v 0.42520000 0.01744964 0.00892593
v 0.42520000 0.05429426 0.00411814
v 0.42520000 0.05048652 0.00367446
v 0.42520000 0.06007414 0.00372465
v 0.42520000 0.05859957 0.00419820
v 0.42520000 0.02400541 0.00934441
v 0.42520000 0.02021233 0.00975899
v 0.42520000 0.03395603 0.00981674
v 0.42520000 0.01766783 0.00452077
v 0.42520000 0.01590294 0.00389059
v 0.42520000 0.04794283 0.00376789
v 0.42520000 0.04184223 0.00343726
v 0.42520000 0.03826920 0.00426611
v 0.42520000 0.03714205 0.00563448
v 0.42520000 0.06780880 0.00317026
v 0.42520000 0.06585919 0.00303337
v 0.42520000 0.01737099 0.00662442
v 0.42520000 0.09653407 0.00388947
v 0.42520000 0.09144065 0.00381745
v 0.42520000 0.07468159 0.00343684
v 0.42520000 0.07147659 0.00366194
v 0.42520000 0.08479842 0.00359768
v 0.42520000 0.07958206 0.00357055
v 0.42520000 0.10447707 0.02681950
v 0.42520000 0.10469931 0.02574440
v 0.42520000 0.10471115 0.02689352
v 0.42520000 0.10398678 0.00398101
v 0.42520000 0.10103632 0.00392357
v 0.42520000 0.10542676 0.02711982
v 0.42520000 0.10508132 0.00400232
v 0.42520000 0.10600000 0.01961347
v 0.42520000 -0.00561925 0.00044907
v 0.42520000 0.00478950 0.00320876
v 0.42520000 0.04024228 0.00334474
v 0.42520000 0.06343747 0.00397948
v 0.42520000 0.08583222 0.00362755
v 0.42520000 0.07670133 0.00377547
v 0.37912874 0.25709657 0.00335527
v 0.38436906 0.25221317 0.00275692
v 0.37402052 0.25010392 0.00326291
v 0.37272243 0.25485044 0.00379972
v 0.37985556 0.26316543 0.00323582
v 0.38371923 0.26546145 0.00385348
v 0.37375695 0.26242827 0.00281273
v 0.37576828 0.24269715 0.00354292
v 0.36749166 0.24425172 0.00358446
v 0.37160497 0.25714749 0.00360886
v 0.36910172 0.25822842 0.00341347
v 0.36776779 0.22189751 0.00343413
v 0.37296235 0.22421221 0.00377422
v 0.36668118 0.22880178 0.00316023
v 0.38235560 0.24346286 0.00326562
v 0.38174847 0.28175563 0.00381391
v 0.38382319 0.28546704 0.00353618
v 0.37326686 0.28208090 0.00377842
v 0.37774522 0.27254959 0.00374963
v 0.37479560 0.28951029 0.00350695
v 0.37336132 0.26528248 0.00382235
v 0.36756343 0.26837331 0.00340471
v 0.36904858 0.27401479 0.00393554
v 0.36901772 0.28070452 0.00382380
v 0.36976902 0.28914801 0.00378278
v 0.38328389 0.29394498 0.00366031
v 0.38298374 0.27705074 0.00360374
v 0.38009392 0.29948631 0.00397120
v 0.38478568 0.29703591 0.00442807
v 0.38028319 0.26949470 0.00325182
v 0.38103728 0.30038367 0.00004026
v 0.36856533 0.29771839 0.00331466
v 0.37434543 0.29944391 0.00108067
v 0.36853882 0.29948275 0.00035931
v 0.37952281 0.29274291 0.00280039
v 0.37235771 0.29650617 0.00408004
v 0.37740179 0.29547961 0.00430411
v 0.36712511 0.23706983 0.00378455
v 0.38178614 0.23917866 0.00407275
v 0.38013181 0.22140306 0.00366887
v 0.37225396 0.22985886 0.00396424
v 0.37887771 0.23302312 0.00369086
v 0.38045709 0.22681027 0.00417138
v 0.37716794 0.22819492 0.00344842
v 0.38513118 0.23082347 0.00362402
v 0.38103964 0.23580927 0.00322772
v 0.38590000 0.25303060 0.00277062
v 0.38590000 0.25523896 0.00295613
v 0.38590000 0.26202048 0.00328306
v 0.38590000 0.26310251 0.00326125
v 0.38590000 0.26404205 0.00350311
v 0.38590000 0.28203281 0.00377084
v 0.38590000 0.28412710 0.00362066
v 0.38590000 0.29824975 0.00345884
v 0.38590000 0.29960221 0.00264718
v 0.38590000 0.26935584 0.00334017
v 0.38590000 0.27117635 0.00308767
v 0.38590000 0.29978355 0.00188021
v 0.38590000 0.28848298 0.00394857
v 0.38590000 0.28858892 0.00395378
v 0.38590000 0.27167449 0.00314299
v 0.38590000 0.27317205 0.00321510
v 0.38590000 0.28843908 0.00395927
v 0.38590000 0.24373679 0.00336339
v 0.38590000 0.24850375 0.00305043
v 0.38590000 0.24239398 0.00362397
v 0.38590000 0.22423991 0.00333942
v 0.38590000 0.23051407 0.00355634
v 0.38590000 0.23200460 0.00366550
v 0.38590000 0.23663075 0.00388121
v 0.38590000 0.27962878 0.00367173
v 0.38590000 0.29423317 0.00371141
v 0.38590000 0.29682446 0.00436548
v 0.38590000 0.28832593 0.00394719
v 0.38590000 0.28591905 0.00330731
v 0.38590000 0.26664812 0.00371309
v 0.38590000 0.29149792 0.00334931
v 0.38590000 0.27726754 0.00376037
v 0.38590000 0.30026750 0.00015778
v 0.38590000 0.23995152 0.00391617
v 0.38590000 0.25180116 0.00292063
v 0.38590000 0.23085502 0.00364250
v 0.38590000 0.29728579 0.00441963
v 0.40170774 0.25077153 0.00352640
v 0.39500066 0.25535524 0.00333889
v 0.39136101 0.25033151 0.00350463
v 0.39651989 0.27774420 0.00373896
v 0.39910150 0.27145874 0.00273497
v 0.40304042 0.27237386 0.00311585
v 0.40252335 0.27972062 0.00323368
v 0.39482853 0.27466905 0.00371554
v 0.39003680 0.26889917 0.00344678
v 0.40666852 0.28675680 0.00273564
v 0.40262919 0.28720427 0.00392430
v 0.40263300 0.28283156 0.00336807
v 0.40280553 0.29985057 0.00082693
v 0.40117410 0.30138105 0.00019045
v 0.39607521 0.30095107 0.00068756
v 0.39816244 0.30003553 0.00432675
v 0.40098696 0.29248067 0.00350649
v 0.39593301 0.28747614 0.00329174
v 0.39453995 0.29518494 0.00388017
v 0.38716475 0.29962746 0.00235876
v 0.39060458 0.30015511 0.00027148
v 0.38863218 0.25448942 0.00279508
v 0.38736698 0.26308723 0.00326742
v 0.38884160 0.28222921 0.00374032
v 0.39561395 0.26078411 0.00368694
v 0.39073846 0.28697212 0.00277411
v 0.39425818 0.28402795 0.00404993
v 0.38597681 0.28843167 0.00396240
v 0.39557235 0.26775818 0.00379085
v 0.38712479 0.27154305 0.00305187
v 0.38884326 0.27748634 0.00391845
v 0.40072793 0.22363550 0.00320130
v 0.39410927 0.22253739 0.00305314
v 0.39291625 0.22769057 0.00293868
v 0.40063616 0.22729368 0.00428771
v 0.39666255 0.22818364 0.00357307
v 0.40568458 0.26259621 0.00331730
v 0.40523452 0.25594440 0.00373816
v 0.40654474 0.25142742 0.00295401
v 0.40135722 0.25451736 0.00370192
v 0.40074466 0.26467170 0.00357344
v 0.40267718 0.23789584 0.00323752
v 0.39883576 0.23281569 0.00344164
v 0.40306154 0.24338685 0.00372148
v 0.40595438 0.24610349 0.00273677
v 0.39616681 0.24272452 0.00334521
v 0.39227269 0.24114874 0.00367361
v 0.39881058 0.24730961 0.00393699
v 0.40640175 0.29065684 0.00404916
v 0.40398474 0.29813572 0.00518467
v 0.40615257 0.27514681 0.00364242
v 0.38780659 0.24388414 0.00341597
v 0.38804608 0.23530159 0.00378129
v 0.39105737 0.23106668 0.00376648
v 0.40700000 0.30038172 0.00460761
v 0.40700000 0.30030730 0.00386766
v 0.40700000 0.30062243 0.00091126
v 0.40700000 0.30160304 0.00058790
v 0.40700000 0.22161420 0.00368655
v 0.40700000 0.22251295 0.00365945
v 0.40700000 0.22594155 0.00394956
v 0.40700000 0.22637514 0.00407844
v 0.40700000 0.25752160 0.00360440
v 0.40700000 0.26243240 0.00330050
v 0.40700000 0.23230115 0.00380580
v 0.40700000 0.23236055 0.00379739
v 0.40700000 0.23774010 0.00336143
v 0.40700000 0.24042155 0.00359180
v 0.40700000 0.24424688 0.00289667
v 0.40700000 0.23244551 0.00379143
v 0.40700000 0.24614761 0.00308285
v 0.40700000 0.25052541 0.00310090
v 0.40700000 0.25166482 0.00295316
v 0.40700000 0.25549900 0.00352952
v 0.40700000 0.29127094 0.00395220
v 0.40700000 0.29342805 0.00353717
v 0.40700000 0.29576828 0.00428804
v 0.40700000 0.29982535 0.00478354
v 0.40700000 0.28421677 0.00329061
v 0.40700000 0.28668798 0.00276665
v 0.40700000 0.29009922 0.00395423
v 0.40700000 0.26421784 0.00327513
v 0.40700000 0.27157171 0.00311368
v 0.40700000 0.27449209 0.00356698
v 0.40700000 0.27675799 0.00357602
v 0.40700000 0.30011740 0.00179370
v 0.40700000 0.29055594 0.00399412
v 0.40700000 0.29791226 0.00506564
v 0.40700000 0.27510729 0.00369794
v 0.41372059 0.30185913 0.00104639
v 0.41568577 0.30066995 0.00379567
v 0.40806750 0.30042354 0.00464153
v 0.42474530 0.30207961 0.00035771
v 0.41755300 0.30046366 0.00075625
v 0.42465173 0.22412663 0.00329390
v 0.41222790 0.22408162 0.00283279
v 0.40784686 0.22625291 0.00405059
v 0.40772921 0.22238244 0.00371272
v 0.41574966 0.24754311 0.00374923
v 0.42108968 0.25033934 0.00370554
v 0.41639497 0.25363581 0.00357747
v 0.41182450 0.26183159 0.00323888
v 0.42421821 0.25465223 0.00347317
v 0.42436170 0.25983678 0.00404978
v 0.41826005 0.22333087 0.00345743
v 0.41786212 0.23052777 0.00417044
v 0.42488557 0.24786652 0.00394085
v 0.40707050 0.23235662 0.00380046
v 0.41074043 0.23760535 0.00346865
v 0.42282635 0.26361662 0.00424759
v 0.41823375 0.23381253 0.00365074
v 0.41770198 0.25901481 0.00353431
v 0.42467339 0.26354706 0.00787648
v 0.41653679 0.26564928 0.00490807
v 0.42516335 0.23767924 0.00339395
v 0.41613314 0.26587474 0.00961952
v 0.41963109 0.24025651 0.00384198
v 0.41353546 0.24515057 0.00318075
v 0.40916347 0.24623890 0.00379892
v 0.42043352 0.23673997 0.00345304
v 0.41195540 0.25424884 0.00294392
v 0.42403407 0.28620717 0.00358906
v 0.41648617 0.28429949 0.00304042
v 0.41743262 0.28150553 0.00431824
v 0.42207261 0.28324914 0.00305300
v 0.41170865 0.28571036 0.00320710
v 0.41520312 0.27472469 0.00423534
v 0.40948245 0.29381917 0.00354984
v 0.41574846 0.28120929 0.00977842
v 0.41520182 0.27426278 0.00977010
v 0.42160303 0.27668128 0.01017884
v 0.41947217 0.28838336 0.00342031
v 0.42201019 0.27217303 0.01063077
v 0.41951352 0.26731037 0.01051313
v 0.42489348 0.26713707 0.00867610
v 0.41215256 0.28968688 0.00352008
v 0.41354836 0.29742696 0.00480715
v 0.42053293 0.28361541 0.00958970
v 0.41643900 0.27518437 0.00638817
v 0.41212333 0.27053381 0.00311088
v 0.42112531 0.29607025 0.00429054
v 0.41050084 0.10883487 0.02920000
v 0.41032976 0.10945732 0.02920000
v 0.41698522 0.11030190 0.02920000
v 0.41615386 0.12818198 0.02920000
v 0.41999567 0.11882678 0.02920000
v 0.41409776 0.12252208 0.02920000
v 0.40849315 0.12330026 0.02920000
v 0.40971246 0.12639798 0.02920000
v 0.42207882 0.11294577 0.02920000
v 0.41355297 0.11529382 0.02920000
v 0.42070118 0.11030166 0.02920000
v 0.41063401 0.11349886 0.02920000
v 0.41015472 0.10830000 0.02920000
v 0.41666393 0.10830000 0.02920000
v 0.41231935 0.10830000 0.02920000
v 0.40964875 0.10830000 0.02920000
v 0.41699966 0.10830000 0.02920000
v 0.41706870 0.10830000 0.02920000
v 0.42463120 0.10830000 0.02920000
v 0.42194924 0.10830000 0.02920000
v 0.41696778 0.10830000 0.02920000
v 0.42043063 0.10830000 0.02920000
v 0.42138266 0.10830000 0.02920000
v 0.42422341 0.10830000 0.02920000
v 0.40722788 0.10830000 0.02920000
v 0.41022104 0.10830000 0.02920000
v 0.42106494 0.10830000 0.02920000
v 0.41658779 0.10830000 0.02920000
v 0.41895355 0.10830000 0.02920000
v 0.41121419 0.10830000 0.02920000
v 0.41066218 0.10830000 0.02920000
v 0.40700000 0.12690634 0.02920000
v 0.40700000 0.12457574 0.02920000
v 0.40700000 0.11600132 0.02920000
v 0.40700000 0.11517861 0.02920000
v 0.40700000 0.12054202 0.02920000
v 0.40700000 0.11021608 0.02920000
v 0.40700000 0.11005775 0.02920000
v 0.40700000 0.10937378 0.02920000
v 0.40700000 0.11014330 0.02920000
v 0.40700000 0.11244386 0.02920000
v 0.40700000 0.10866479 0.02920000
v 0.40700000 0.10861128 0.02920000
v 0.40700000 0.10830000 0.02920000
v 0.40700000 0.10930626 0.02920000
v 0.40700000 0.12243881 0.02920000
v 0.40700000 0.12285851 0.02920000
v 0.40700000 0.10830000 0.02763711
v 0.40700000 0.10830000 0.00411115
v 0.41666393 0.10830000 0.03100000
v 0.41231935 0.10830000 0.03100000
v 0.40964875 0.10830000 0.03100000
v 0.41699966 0.10830000 0.03100000
v 0.41706870 0.10830000 0.03100000
v 0.42463120 0.10830000 0.03100000
v 0.42194924 0.10830000 0.03100000
v 0.41696778 0.10830000 0.03100000
v 0.42043063 0.10830000 0.03100000
v 0.42138266 0.10830000 0.03100000
v 0.42422341 0.10830000 0.03100000
v 0.41022104 0.10830000 0.03100000
v 0.40722788 0.10830000 0.03100000
v 0.42106494 0.10830000 0.03100000
v 0.41895355 0.10830000 0.03100000
v 0.41658779 0.10830000 0.03100000
v 0.41121419 0.10830000 0.03100000
v 0.41015472 0.10830000 0.03100000
v 0.41066218 0.10830000 0.03100000
v 0.40700000 0.10830000 0.03100000
v 0.41702131 0.10825606 0.03100000
v 0.42281194 0.10691638 0.03100000
v 0.42110026 0.10641543 0.03100000
v 0.40700000 0.10822943 0.03100000
v 0.40700000 0.10605381 0.03100000
v 0.40700000 0.10636199 0.03100000
v 0.41820751 0.10600000 0.03100000
v 0.42079691 0.10600000 0.03100000
v 0.41637320 0.10600000 0.03100000
v 0.41629479 0.10600000 0.03100000
v 0.42139567 0.10600000 0.03100000
v 0.42123552 0.10600000 0.03100000
v 0.42475144 0.10600000 0.03100000
v 0.42144393 0.10600000 0.03100000
v 0.42173636 0.10600000 0.03100000
v 0.42486118 0.10600000 0.03100000
v 0.41313468 0.10600000 0.03100000
v 0.41319346 0.10600000 0.03100000
v 0.41627333 0.10600000 0.03100000
v 0.41626013 0.10600000 0.03100000
v 0.41003834 0.10600000 0.03100000
v 0.42456028 0.10600000 0.03100000
v 0.41694543 0.10600000 0.03100000
v 0.41767213 0.10600000 0.03100000
v 0.41135597 0.10600000 0.03100000
v 0.41176865 0.10600000 0.03100000
v 0.40866466 0.10600000 0.03100000
v 0.42148292 0.10600000 0.03100000
v 0.41613118 0.10600000 0.03100000
v 0.41428170 0.10600000 0.03100000
v 0.40853774 0.10600000 0.03100000
v 0.40866633 0.10600000 0.03100000
v 0.40893438 0.10600000 0.03100000
v 0.40829536 0.10600000 0.03100000
v 0.40730529 0.10600000 0.03100000
v 0.40707739 0.10600000 0.03100000
v 0.40700000 0.10600000 0.03100000
v 0.42233207 0.10600000 0.03100000
v 0.41590520 0.10600000 0.03100000
v 0.40905107 0.10600000 0.03100000
v 0.40700000 0.10822943 0.02764749
v 0.40700000 0.10605381 0.02796743
v 0.40700000 0.10636199 0.01754319
v 0.41820751 0.10600000 0.02646252
v 0.42079691 0.10600000 0.02747586
v 0.42123552 0.10600000 0.01921608
v 0.42173636 0.10600000 0.02776915
v 0.42486118 0.10600000 0.02727254
v 0.41313468 0.10600000 0.02804054
v 0.41319346 0.10600000 0.02804718
v 0.41003834 0.10600000 0.02769092
v 0.42456028 0.10600000 0.00402537
v 0.41694543 0.10600000 0.00450065
v 0.41767213 0.10600000 0.00443922
v 0.41135597 0.10600000 0.00382183
v 0.41176865 0.10600000 0.00388451
v 0.40866466 0.10600000 0.02763195
v 0.42148292 0.10600000 0.00411707
v 0.41613118 0.10600000 0.00464856
v 0.41428170 0.10600000 0.00426622
v 0.40853774 0.10600000 0.02765813
v 0.40866633 0.10600000 0.00369316
v 0.40893438 0.10600000 0.00370598
v 0.40707739 0.10600000 0.02795938
v 0.40700000 0.10600000 0.00396249
v 0.42233207 0.10600000 0.01583018
v 0.41590520 0.10600000 0.02666202
v 0.40905107 0.10600000 0.00371157
v 0.40700000 0.10600000 0.02794919
v 0.40700000 0.10600000 0.01813346
v 0.40178985 0.11000781 0.02920000
v 0.40569622 0.11051318 0.02920000
v 0.39680980 0.10949562 0.02920000
v 0.40095073 0.11377293 0.02920000
v 0.40314043 0.11093842 0.02920000
v 0.39561781 0.11265340 0.02920000
v 0.40350483 0.12756140 0.02920000
v 0.39650007 0.12444536 0.02920000
v 0.40137528 0.12119443 0.02920000
v 0.39797657 0.12560603 0.02920000
v 0.40102919 0.12850750 0.02920000
v 0.39474240 0.12061020 0.02920000
v 0.39904349 0.11871930 0.02920000
v 0.40013450 0.12345751 0.02920000
v 0.39701488 0.11743265 0.02920000
v 0.40500167 0.11186372 0.02920000
v 0.39525444 0.11349939 0.02920000
v 0.39851665 0.11009879 0.02920000
v 0.40467767 0.11625206 0.02920000
v 0.40469256 0.12110756 0.02920000
v 0.39614583 0.11744406 0.02920000
v 0.38899127 0.10925366 0.02920000
v 0.38956864 0.11024060 0.02920000
v 0.38910726 0.12549604 0.02920000
v 0.38733821 0.11805380 0.02920000
v 0.39135392 0.11634317 0.02920000
v 0.38724961 0.12653568 0.02920000
v 0.38842775 0.11481956 0.02920000
v 0.38819089 0.11524594 0.02920000
v 0.39372974 0.12685535 0.02920000
v 0.38636368 0.11496470 0.02920000
v 0.39316253 0.12190095 0.02920000
v 0.39084773 0.12901848 0.02920000
v 0.38590000 0.10963774 0.02920000
v 0.38590000 0.10938739 0.02920000
v 0.38590000 0.12091082 0.02920000
v 0.38590000 0.12104868 0.02920000
v 0.38590000 0.12067440 0.02920000
v 0.38590000 0.11765480 0.02920000
v 0.38590000 0.12483156 0.02920000
v 0.38590000 0.12762046 0.02920000
v 0.38590000 0.12664676 0.02920000
v 0.38590000 0.12888266 0.02920000
v 0.38590000 0.11496059 0.02920000
v 0.38590000 0.11592604 0.02920000
v 0.38590000 0.10919362 0.02920000
v 0.38590000 0.12523009 0.02920000
v 0.38590000 0.11889826 0.02920000
v 0.38590000 0.12606307 0.02920000
v 0.38590000 0.11364432 0.02920000
v 0.38590000 0.12848065 0.02920000
v 0.38590000 0.11536773 0.02920000
v 0.40212633 0.10830000 0.02920000
v 0.39761278 0.10830000 0.02920000
v 0.40013322 0.10830000 0.02920000
v 0.39774685 0.10830000 0.02920000
v 0.40536556 0.10830000 0.02920000
v 0.40299163 0.10830000 0.02920000
v 0.40486378 0.10830000 0.02920000
v 0.39272591 0.10830000 0.02920000
v 0.38965043 0.10830000 0.02920000
v 0.39033834 0.10830000 0.02920000
v 0.39408008 0.10830000 0.02920000
v 0.39438593 0.10830000 0.02920000
v 0.39482159 0.10830000 0.02920000
v 0.39399758 0.10830000 0.02920000
v 0.38774728 0.10830000 0.02920000
v 0.38590000 0.10830000 0.02920000
v 0.39155429 0.10830000 0.02920000
v 0.39261311 0.10830000 0.02920000
v 0.39689814 0.10830000 0.02920000
v 0.38853415 0.10830000 0.02920000
v 0.38605332 0.10830000 0.02920000
v 0.38590000 0.12067440 0.00421977
v 0.38590000 0.11765480 0.00415892
v 0.38590000 0.12762046 0.00434968
v 0.38590000 0.12664676 0.00430134
v 0.38590000 0.12888266 0.00428521
v 0.38590000 0.12523009 0.02711365
v 0.38590000 0.11889826 0.02738246
v 0.38590000 0.12606307 0.02708536
v 0.38590000 0.11364432 0.02733122
v 0.38590000 0.10919362 0.02685155
v 0.38590000 0.10938739 0.00398915
v 0.38590000 0.10963774 0.02494030
v 0.38590000 0.11536773 0.02707375
v 0.40212633 0.10830000 0.00489888
v 0.39761278 0.10830000 0.00421818
v 0.40299163 0.10830000 0.02810315
v 0.40486378 0.10830000 0.02807778
v 0.38965043 0.10830000 0.01745108
v 0.39033834 0.10830000 0.01994747
v 0.39408008 0.10830000 0.02789315
v 0.39438593 0.10830000 0.02788809
v 0.39482159 0.10830000 0.02790322
v 0.39399758 0.10830000 0.02788168
v 0.38590000 0.10830000 0.02568675
v 0.38590000 0.10830000 0.00396393
v 0.39155429 0.10830000 0.00409676
v 0.39261311 0.10830000 0.02768909
v 0.39689814 0.10830000 0.00420196
v 0.38605332 0.10830000 0.02685037
v 0.38590000 0.10830000 0.02683077
v 0.40700000 0.10830000 0.01965098
v 0.40700000 0.10830000 0.02909183
v 0.38590000 0.13090000 0.02817937
v 0.38590000 0.13090000 0.02017067
v 0.38563894 0.13090000 0.02467611
v 0.38590000 0.13090000 0.02392359
v 0.38590000 0.12091082 0.02403092
v 0.38590000 0.12104868 0.02329324
v 0.38590000 0.12483156 0.02355091
v 0.38590000 0.11496059 0.02496381
v 0.38590000 0.11592604 0.02474160
v 0.38590000 0.12848065 0.02434279
v 0.37806919 -0.00177327 0.00061891
v 0.36691791 -0.00591161 0.00029106
v 0.38198928 -0.00559993 0.00030400
v 0.37218061 -0.00165982 0.00188092
v 0.38146217 0.00363219 0.00354009
v 0.37939321 -0.00045838 0.00364047
v 0.37463945 0.00294739 0.00357035
v 0.38223747 0.00830702 0.00327845
v 0.37484997 0.00795389 0.00346181
v 0.36558312 -0.00084472 0.00319889
v 0.36859287 0.01001672 0.00327126
v 0.37781339 0.01766020 0.00350720
v 0.38536384 0.01768542 0.00352315
v 0.38420264 0.02269242 0.00336718
v 0.36722098 0.02376911 0.00360313
v 0.37647077 0.02738778 0.00351674
v 0.38493596 0.02899051 0.00345700
v 0.37941888 0.03091176 0.00350400
v 0.36966103 0.02895226 0.00352439
v 0.37318140 0.03496300 0.00346976
v 0.38578820 0.01232966 0.00351375
v 0.37568007 0.03952781 0.00334019
v 0.38183293 0.05098832 0.00343526
v 0.37513764 0.04840080 0.00331273
v 0.38348359 0.04340486 0.00331586
v 0.36522457 0.00370363 0.00324100
v 0.36772188 0.05579999 0.00323303
v 0.38451987 0.06345771 0.00336200
v 0.37395332 0.06325119 0.00339003
v 0.37910534 0.06842454 0.00330360
v 0.37354207 0.09596410 0.00401455
v 0.37483440 0.08678680 0.00396091
v 0.38137252 0.08927725 0.00389153
v 0.37032143 0.07503479 0.00367147
v 0.36905643 0.09746678 0.00392536
v 0.36842181 0.12669877 0.00383914
v 0.37058897 0.11891731 0.00367401
v 0.37666750 0.10757796 0.00389102
v 0.36824984 0.10732308 0.00388643
v 0.37515644 0.12694231 0.00388814
v 0.38440686 0.10939238 0.02666526
v 0.37979035 0.07654335 0.00367763
v 0.38252833 0.08334536 0.00389124
v 0.38466465 0.10673262 0.00389855
v 0.38319035 0.12069408 0.00414216
v 0.37845923 0.11294556 0.00402425
v 0.38554689 0.12178398 0.02441200
v 0.38423544 0.12778313 0.00426902
v 0.38492451 0.11621563 0.02609699
v 0.38511099 0.12559177 0.02711774
v 0.38590000 0.00024936 0.00363508
v 0.38590000 0.00153790 0.00360219
v 0.38590000 0.00343965 0.00349939
v 0.38590000 0.00877190 0.00324961
v 0.38590000 0.01227054 0.00350746
v 0.38590000 0.02406446 0.00339471
v 0.38590000 0.02909242 0.00346339
v 0.38590000 -0.00288603 0.00054502
v 0.38590000 -0.00136304 0.00067447
v 0.38590000 -0.00103010 0.00147964
v 0.38590000 0.01693334 0.00349433
v 0.38590000 0.01794221 0.00352341
v 0.38590000 0.02261786 0.00339281
v 0.38590000 0.03202291 0.00343865
v 0.38590000 0.03685492 0.00340295
v 0.38590000 0.03904367 0.00337623
v 0.38590000 0.04554508 0.00332236
v 0.38590000 0.05120386 0.00339983
v 0.38590000 0.06144998 0.00335840
v 0.38590000 0.09471818 0.00388604
v 0.38590000 0.09548231 0.00389143
v 0.38590000 0.06443930 0.00337076
v 0.38590000 0.07376642 0.00356673
v 0.38590000 0.07806635 0.00368186
v 0.38590000 0.08192405 0.00381533
v 0.38590000 0.08509654 0.00379494
v 0.38590000 0.08934592 0.00377365
v 0.38590000 0.09920905 0.00388970
v 0.38590000 -0.00562963 0.00030904
v 0.38590000 -0.00453939 0.00038623
v 0.38590000 0.01746368 0.00352025
v 0.38590000 0.04300686 0.00334897
v 0.38590000 0.06323339 0.00335093
v 0.38590000 0.10633178 0.02678500
v 0.38590000 0.10701366 0.00393409
v 0.38590000 0.10601975 0.00389440
v 0.38590000 0.13090000 0.02667250
v 0.40700000 0.10830000 0.01382995
v 0.40013322 0.10830000 0.01587743
v 0.39774685 0.10830000 0.01731550
v 0.40536556 0.10830000 0.01473871
v 0.39272591 0.10830000 0.01752300
v 0.38774728 0.10830000 0.02372205
v 0.38853415 0.10830000 0.02288517
v 0.40653413 0.00057584 0.00363792
v 0.40100050 0.00757835 0.00315253
v 0.39556413 0.00172882 0.00343710
v 0.40343115 0.01731595 0.00353860
v 0.39664587 0.01301939 0.00346226
v 0.39807307 -0.00123822 0.00064221
v 0.40690018 -0.00153451 0.00078672
v 0.40095773 0.04866656 0.00336562
v 0.39421554 0.06188178 0.00328423
v 0.40635294 0.04271634 0.00332847
v 0.40150260 0.03962141 0.00351033
v 0.40257885 0.03353494 0.00342032
v 0.40147053 0.02576469 0.00348309
v 0.39484243 0.02222505 0.00352783
v 0.40189009 0.07515804 0.00354793
v 0.40581854 0.08599973 0.00395865
v 0.40400015 0.09878935 0.00398127
v 0.39756395 0.09928902 0.00385525
v 0.39432775 0.08947375 0.00355424
v 0.39165071 0.07949987 0.00368585
v 0.40303284 0.10457156 0.02694241
v 0.39846336 0.10683492 0.01862985
v 0.40573046 0.06661528 0.00353828
v 0.39390098 0.07012984 0.00342151
v 0.39123544 0.00944913 0.00320759
v 0.38811898 0.00049071 0.00363324
v 0.39383708 0.10419523 0.02648730
v 0.40483511 0.10755898 0.02819266
v 0.39434736 0.10806914 0.02790545
v 0.38827382 -0.00123868 0.00069131
v 0.39269566 0.05156402 0.00334064
v 0.39305596 0.02984886 0.00351078
v 0.38731824 0.03648400 0.00341166
v 0.39144524 0.04209353 0.00342495
v 0.39685511 0.03427927 0.00359793
v 0.38651586 0.09545830 0.00388530
v 0.39126462 0.10596459 0.01903934
v 0.38665737 0.10477936 0.02684573
v 0.40700000 0.10830000 0.02277289
v 0.40700000 0.00187949 0.00359337
v 0.40700000 0.00848126 0.00329552
v 0.40700000 0.01186657 0.00338200
v 0.40700000 0.01300490 0.00344538
v 0.40700000 0.01433177 0.00347231
v 0.40700000 -0.00373180 0.00048196
v 0.40700000 -0.00159061 0.00078099
v 0.40700000 0.05722991 0.00347457
v 0.40700000 0.06176618 0.00348258
v 0.40700000 -0.00149940 0.00079181
v 0.40700000 0.00057448 0.00344991
v 0.40700000 0.03584054 0.00343811
v 0.40700000 0.04002124 0.00336131
v 0.40700000 0.03469754 0.00342189
v 0.40700000 0.02370468 0.00366404
v 0.40700000 0.02408575 0.00364745
v 0.40700000 0.02250985 0.00364689
v 0.40700000 0.03336187 0.00343317
v 0.40700000 0.04353856 0.00333751
v 0.40700000 0.04941355 0.00338915
v 0.40700000 0.07844326 0.00402869
v 0.40700000 0.08520788 0.00406214
v 0.40700000 0.10545240 0.01902640
v 0.40700000 0.10517367 0.02050856
v 0.40700000 0.06522368 0.00353647
v 0.40700000 0.10426900 0.02736228
v 0.40700000 0.06904329 0.00365589
v 0.40700000 0.07539925 0.00380207
v 0.40700000 0.09511428 0.00415436
v 0.40700000 0.09516690 0.00415404
v 0.40700000 0.09488889 0.00415069
v 0.40700000 -0.00550194 0.00035663
v 0.40700000 -0.00578991 0.00033624
v 0.40700000 0.10565122 0.01870219
v 0.40700000 0.10342501 0.00379605
v 0.40700000 0.00069228 0.00365599
v 0.40700000 0.01840395 0.00374547
v 0.40700000 0.04270355 0.00331766
v 0.40700000 0.02808972 0.00368688
v 0.40700000 0.08650062 0.00398347
v 0.40700000 0.06701560 0.00359058
v 0.40700000 0.10428491 0.02498208
v 0.40700000 0.08756468 0.00402987
v 0.40700000 0.09891625 0.00411578
v 0.40700000 0.10307191 0.00382109
v 0.41637320 0.10600000 0.01362257
v 0.41629479 0.10600000 0.01357833
v 0.42139567 0.10600000 0.01940098
v 0.42475144 0.10600000 0.01956426
v 0.42144393 0.10600000 0.01945671
v 0.41627333 0.10600000 0.01358854
v 0.41626013 0.10600000 0.01359503
v 0.40730529 0.10600000 0.01806702
v 0.40829536 0.10600000 0.01751653
v 0.41533975 0.00277671 0.00397949
v 0.42201739 0.00244553 0.00414810
v 0.41728946 0.00766661 0.00327242
v 0.42506515 -0.00147672 0.00049524
v 0.41457395 -0.00584745 0.00034600
v 0.40949328 0.00885649 0.00335494
v 0.42235729 0.01079264 0.00354217
v 0.40858949 0.01300268 0.00344279
v 0.42270306 0.01766883 0.00432421
v 0.41659145 0.01563351 0.00367843
v 0.42240696 0.03214698 0.00978061
v 0.42005282 0.00033555 0.00087195
v 0.41764301 0.01974772 0.00411696
v 0.41284734 0.00055738 0.00109018
v 0.40974223 0.01923995 0.00390442
v 0.42194209 0.03650580 0.00989153
v 0.41530346 0.02356224 0.00418062
v 0.42004207 0.04545929 0.00374028
v 0.42106437 0.05069689 0.00357146
v 0.41967001 0.01829946 0.00939718
v 0.41806741 0.03659481 0.00365559
v 0.41568776 0.03432097 0.00393616
v 0.41635417 0.03616636 0.00953992
v 0.41945158 0.02534214 0.00894431
v 0.42236656 0.06025289 0.00390023
v 0.41499106 0.05569234 0.00374671
v 0.40789592 0.02381372 0.00367408
v 0.41018048 0.06173742 0.00353192
v 0.41276007 0.04258969 0.00322147
v 0.40820225 0.03501369 0.00342232
v 0.41880634 0.04143170 0.00352985
v 0.41507087 0.03015400 0.00444607
v 0.40940142 0.02909947 0.00377538
v 0.41545753 0.01951541 0.00884457
v 0.41212175 0.05004673 0.00340909
v 0.41327609 0.02449567 0.00914128
v 0.41376496 0.03034636 0.00914966
v 0.42267343 0.03713386 0.00508892
v 0.41215149 0.08175522 0.00451336
v 0.41040747 0.07556010 0.00397154
v 0.42408580 0.06731332 0.00293706
v 0.41138240 0.08835856 0.00407555
v 0.42259216 0.06548505 0.00428376
v 0.42115027 0.07289281 0.00324560
v 0.41568426 0.06975398 0.00394832
v 0.41821746 0.07756418 0.00410751
v 0.40788846 0.10530851 0.01906767
v 0.41629296 0.10598858 0.01360118
v 0.41673771 0.08692667 0.00355632
v 0.42015753 0.08427063 0.00352113
v 0.42167755 0.09636786 0.00393920
v 0.42207986 0.10271520 0.00398145
v 0.41341094 0.09918746 0.00440324
v 0.41876679 0.08284467 0.01853102
v 0.42030518 0.08387028 0.01834678
v 0.42004078 0.10162447 0.01817592
v 0.41607483 0.10027614 0.01834564
v 0.42408527 0.10446595 0.02672204
v 0.42032819 0.09446070 0.01927154
v 0.41966698 0.08707606 0.01927395
v 0.42101564 0.10587218 0.01975688
v 0.41638511 0.09103171 0.01945544
v 0.41333940 0.10082858 0.01966628
v 0.41929149 0.10393836 0.02461313
v 0.41833359 0.10024255 0.02269174
v 0.41501802 0.10420670 0.02521193
v 0.41495591 0.09768621 0.02088617
v 0.40988337 0.10404910 0.02766745
v 0.40977159 0.10408464 0.02361253
v 0.41589155 0.10479294 0.00455845
v 0.40703184 0.09512845 0.00415587
v 0.41169803 0.09378763 0.00431309
v 0.28278920 0.19297177 0.03430000
v 0.28131261 0.18922508 0.03430000
v 0.28013332 0.19625198 0.03430000
v 0.28079588 0.18175076 0.03430000
v 0.27311796 0.19635314 0.03430000
v 0.26914867 0.19668092 0.03430000
v 0.26368825 0.19649923 0.03430000
v 0.28023507 0.18035116 0.03430000
v 0.28188439 0.18582636 0.03430000
v 0.28181788 0.18192369 0.03430000
v 0.28378806 0.18771149 0.03430000
v 0.26461135 0.19334224 0.03430000
v 0.27016239 0.19623383 0.03430000
v 0.27582171 0.18745591 0.03430000
v 0.27938616 0.19155183 0.03430000
v 0.28327740 0.19551036 0.03430000
v 0.27147437 0.18408921 0.03430000
v 0.26660616 0.17810492 0.03430000
v 0.27621313 0.19348793 0.03430000
v 0.28500000 0.19121003 0.03430000
v 0.28500000 0.19169447 0.03430000
v 0.28500000 0.19373544 0.03430000
v 0.28500000 0.18146676 0.03430000
v 0.28500000 0.18350977 0.03430000
v 0.28500000 0.18414973 0.03430000
v 0.28500000 0.18313300 0.03430000
v 0.28500000 0.18453875 0.03430000
v 0.28500000 0.17964726 0.03430000
v 0.28500000 0.18411418 0.03430000
v 0.28500000 0.19022154 0.03430000
v 0.28500000 0.19293587 0.03430000
v 0.28500000 0.18533325 0.03430000
v 0.28500000 0.19423626 0.03430000
v 0.28500000 0.19438683 0.03430000
v 0.28500000 0.18949488 0.03430000
v 0.28500000 0.18537188 0.03430000
v 0.28500000 0.19681688 0.03430000
v 0.28500000 0.18707412 0.03430000
v 0.28500000 0.18817823 0.03430000
v 0.28339802 0.19740000 0.03430000
v 0.28119977 0.19740000 0.03430000
v 0.26559331 0.19740000 0.03430000
v 0.26305904 0.19740000 0.03430000
v 0.27932851 0.19740000 0.03430000
v 0.27390330 0.19740000 0.03430000
v 0.27233604 0.19740000 0.03430000
v 0.26938625 0.19740000 0.03430000
v 0.28341835 0.19740000 0.03430000
v 0.28414935 0.19740000 0.03430000
v 0.28242433 0.19740000 0.03430000
v 0.26472528 0.19740000 0.03430000
v 0.26930246 0.19740000 0.03430000
v 0.26971840 0.19740000 0.03430000
v 0.26637682 0.19740000 0.03430000
v 0.28447931 0.19740000 0.03430000
v 0.26216763 0.19740000 0.03430000
v 0.27879941 0.19740000 0.03430000
v 0.27830610 0.19740000 0.03430000
v 0.27530044 0.19740000 0.03430000
v 0.28417936 0.19740000 0.03430000
v 0.27965176 0.19740000 0.03430000
v 0.28462647 0.19740000 0.03430000
v 0.28430593 0.19740000 0.03430000
v 0.27995877 0.19740000 0.03430000
v 0.26221245 0.19740000 0.03430000
v 0.26431382 0.19740000 0.03430000
v 0.27192659 0.19740000 0.03430000
v 0.28500000 0.19740000 0.03430000
v 0.28500000 0.19121003 0.00421821
v 0.28500000 0.19169447 0.00431542
v 0.28500000 0.19373544 0.00375984
v 0.28500000 0.18146676 0.00362964
v 0.28500000 0.18350977 0.00379962
v 0.28500000 0.18453875 0.00480606
v 0.28500000 0.17964726 0.03380699
v 0.28500000 0.18411418 0.03406440
v 0.28500000 0.19022154 0.03409631
v 0.28500000 0.19293587 0.03392150
v 0.28500000 0.18533325 0.00406365
v 0.28500000 0.19423626 0.03389847
v 0.28500000 0.19681688 0.01077023
v 0.28500000 0.18707412 0.03395813
v 0.28500000 0.18817823 0.03397897
v 0.28339802 0.19740000 0.00393219
v 0.28119977 0.19740000 0.00385525
v 0.26559331 0.19740000 0.00425460
v 0.26305904 0.19740000 0.00449638
v 0.27932851 0.19740000 0.00381915
v 0.27390330 0.19740000 0.00286160
v 0.27233604 0.19740000 0.00255899
v 0.26938625 0.19740000 0.00415973
v 0.26971840 0.19740000 0.03379294
v 0.26637682 0.19740000 0.03387962
v 0.26216763 0.19740000 0.03387344
v 0.27879941 0.19740000 0.03374365
v 0.27830610 0.19740000 0.03377867
v 0.27530044 0.19740000 0.03376406
v 0.28417936 0.19740000 0.00336160
v 0.27965176 0.19740000 0.03375723
v 0.28430593 0.19740000 0.00326917
v 0.27995877 0.19740000 0.03376212
v 0.26221245 0.19740000 0.00695299
v 0.27192659 0.19740000 0.03386351
v 0.28500000 0.19740000 0.00326417
v 0.28500000 0.19740000 0.03350538
v 0.28500000 0.19740000 0.01098005
v 0.28500000 0.17800000 0.03402126
v 0.28500000 0.17800000 0.01731382
v 0.25950000 0.19740000 0.03427559
v 0.28736956 0.17800000 0.02320796
v 0.28573564 0.17800000 0.01708651
v 0.28731934 0.17800000 0.02309218
v 0.28561041 0.17800000 0.01661161
v 0.28732938 0.17800000 0.02312150
v 0.28500000 0.17800000 0.01569965
v 0.28500000 0.18414973 0.01524243
v 0.28500000 0.18313300 0.01543583
v 0.28500000 0.19438683 0.01077021
v 0.28500000 0.18949488 0.01148325
v 0.28500000 0.18537188 0.01451321
v 0.30209918 0.18885334 0.00348192
v 0.29793062 0.18058941 0.00308451
v 0.30900677 0.18305239 0.00368478
v 0.29454705 0.18693555 0.00300779
v 0.29337372 0.19410499 0.00259385
v 0.29729353 0.19523443 0.00348854
v 0.29428333 0.20013009 0.00282803
v 0.28543406 0.19144369 0.00406670
v 0.28623722 0.18402743 0.00357995
v 0.29661018 0.25041878 0.00344985
v 0.28818331 0.24454436 0.00355609
v 0.29892302 0.24348766 0.00351847
v 0.31103730 0.21589395 0.00359080
v 0.28872035 0.25623718 0.00351977
v 0.31159334 0.22523047 0.00355865
v 0.29415066 0.21805825 0.00333403
v 0.29361940 0.22634102 0.00348134
v 0.30410559 0.22628421 0.00354543
v 0.28674678 0.23386058 0.00342850
v 0.29229274 0.24121914 0.00338814
v 0.29621084 0.23309521 0.00352642
v 0.30391266 0.21786425 0.00386322
v 0.30477017 0.21267686 0.00370834
v 0.30180428 0.20560578 0.00346025
v 0.29517532 0.21412329 0.00334676
v 0.29702989 0.20340797 0.00375368
v 0.29252163 0.20579260 0.00278649
v 0.28782828 0.20330459 0.00333544
v 0.30717647 0.23345487 0.00331187
v 0.31225314 0.26266071 0.00354846
v 0.31235545 0.24205090 0.00354393
v 0.29865422 0.25585305 0.00354280
v 0.28730140 0.21445547 0.00309332
v 0.30504121 0.19655109 0.00358311
v 0.29818384 0.26217792 0.00356807
v 0.31057960 0.20341181 0.00331172
v 0.30744561 0.24392809 0.00354904
v 0.30536765 0.24807203 0.00369218
v 0.30722475 0.25516633 0.00346208
v 0.30677760 0.26247795 0.00379666
v 0.31343157 0.26769964 0.00399430
v 0.31172935 0.29205046 0.00334374
v 0.31252300 0.29878032 0.00389948
v 0.28996112 0.27870435 0.00358913
v 0.28733357 0.27021899 0.00357647
v 0.29742797 0.27048002 0.00358986
v 0.28817475 0.30158517 0.00072787
v 0.30480793 0.29475023 0.00376556
v 0.30241546 0.28693575 0.00382483
v 0.28764893 0.29992161 0.00100701
v 0.30346351 0.30041655 0.00052006
v 0.30573903 0.29949529 0.00412333
v 0.30675599 0.27441749 0.00362559
v 0.30544887 0.26766042 0.00342072
v 0.29324513 0.29165290 0.00353741
v 0.29429338 0.28504845 0.00370425
v 0.29808325 0.29840214 0.00400928
v 0.28917597 0.29671266 0.00401489
v 0.29886082 0.29906248 0.00107113
v 0.28544632 0.29915494 0.00388892
v 0.30902518 0.28238554 0.00335521
v 0.31245107 0.30072089 0.00010876
v 0.28970675 0.20114042 0.02478231
v 0.28952454 0.20477582 0.02531246
v 0.28881809 0.20143382 0.02888929
v 0.29351044 0.20100839 0.02633115
v 0.28917098 0.20408192 0.03327770
v 0.28740666 0.20476479 0.01988240
v 0.28629593 0.18518284 0.01726658
v 0.28859210 0.18618324 0.02357277
v 0.28617662 0.18802107 0.02038739
v 0.28767365 0.19264301 0.01456360
v 0.28830866 0.19847550 0.01791994
v 0.28806741 0.19405498 0.02083824
v 0.29108869 0.18077238 0.03044410
v 0.29113941 0.18384534 0.03260774
v 0.29104617 0.20213467 0.01854098
v 0.28698279 0.17822881 0.03380213
v 0.29041046 0.19769642 0.02741890
v 0.29208752 0.19196437 0.03044067
v 0.29143201 0.19065531 0.03267482
v 0.28985892 0.19707227 0.03329864
v 0.28648766 0.19330264 0.03393871
v 0.28500000 0.20017194 0.00288924
v 0.28500000 0.22488487 0.00342270
v 0.28500000 0.22413401 0.00340917
v 0.28500000 0.22783979 0.00342063
v 0.28500000 0.20111991 0.00302933
v 0.28500000 0.20824493 0.00310808
v 0.28500000 0.20650427 0.00325895
v 0.28500000 0.25363839 0.00341281
v 0.28500000 0.24955299 0.00343149
v 0.28500000 0.21161632 0.00314859
v 0.28500000 0.21929764 0.00373283
v 0.28500000 0.21798045 0.00357606
v 0.28500000 0.24205394 0.00342562
v 0.28500000 0.23793379 0.00339600
v 0.28500000 0.26685017 0.00364968
v 0.28500000 0.25958374 0.00364368
v 0.28500000 0.28919735 0.00361617
v 0.28500000 0.28847312 0.00363469
v 0.28500000 0.29049259 0.00370675
v 0.28500000 0.30130095 0.00080897
v 0.28500000 0.30004823 0.00101489
v 0.28500000 0.27852274 0.00366060
v 0.28500000 0.27231540 0.00362323
v 0.28500000 0.28704609 0.00361983
v 0.28500000 0.29616208 0.00381254
v 0.28500000 0.29982871 0.00201466
v 0.28500000 0.29918977 0.00390903
v 0.28500000 0.20520676 0.02584702
v 0.28500000 0.20522922 0.02644693
v 0.28500000 0.20518499 0.02692464
v 0.28500000 0.20056756 0.01434720
v 0.28500000 0.20056956 0.01434936
v 0.28500000 0.19755400 0.03348624
v 0.28500000 0.20315318 0.03357071
v 0.28500000 0.19903035 0.03361057
v 0.28500000 0.19762965 0.01106268
v 0.28500000 0.19783353 0.01071459
v 0.28500000 0.23551776 0.00343911
v 0.28500000 0.23460603 0.00343598
v 0.28500000 0.24633236 0.00324841
v 0.28500000 0.23313775 0.00344900
v 0.28500000 0.20334653 0.00333456
v 0.28500000 0.21392332 0.00313531
v 0.28500000 0.21560895 0.00314455
v 0.28500000 0.30194945 0.00070007
v 0.28500000 0.27017972 0.00356855
v 0.28500000 0.20399645 0.01898613
v 0.28500000 0.20526307 0.03329459
v 0.28500000 0.17800000 0.02383470
v 0.25950000 0.20456666 0.02093343
v 0.25950000 0.20119850 0.01377864
v 0.25950000 0.20579523 0.02301008
v 0.25950000 0.20497358 0.02205687
v 0.25950000 0.20482322 0.02147844
v 0.25950000 0.19931309 0.00984083
v 0.25950000 0.19913601 0.00951737
v 0.28341835 0.19740000 0.00942644
v 0.28414935 0.19740000 0.00959854
v 0.28242433 0.19740000 0.00940860
v 0.26472528 0.19740000 0.00693650
v 0.26930246 0.19740000 0.00604286
v 0.28447931 0.19740000 0.01003147
v 0.28462647 0.19740000 0.01024027
v 0.26431382 0.19740000 0.00742300
v 0.28377988 0.20017744 0.00289728
v 0.28409852 0.22473257 0.00341657
v 0.27745626 0.24267455 0.00348495
v 0.27030052 0.24087915 0.00349892
v 0.28367697 0.24101889 0.00337139
v 0.28298328 0.24746511 0.00305349
v 0.28189888 0.26237329 0.00374696
v 0.26765187 0.26039623 0.00357924
v 0.27469833 0.25308185 0.00352037
v 0.26566361 0.22548091 0.00332915
v 0.27389232 0.22854131 0.00357933
v 0.26534888 0.23589377 0.00338943
v 0.27804064 0.21909703 0.00329945
v 0.26535553 0.24837113 0.00346152
v 0.25997572 0.26158464 0.00364007
v 0.28283844 0.20894968 0.00320050
v 0.27434116 0.20350461 0.00333125
v 0.28320180 0.25238229 0.00336111
v 0.28405661 0.21942541 0.00377394
v 0.27667917 0.21199929 0.00328712
v 0.27029091 0.20013811 0.00143834
v 0.27670778 0.20113835 0.00241218
v 0.26937068 0.21109669 0.00263669
v 0.26264210 0.19799689 0.00374010
v 0.26581314 0.21512758 0.00366829
v 0.27026733 0.22198797 0.00355095
v 0.26262359 0.20340787 0.00307306
v 0.27587789 0.30048428 0.00104201
v 0.27500741 0.30309603 0.00061256
v 0.27623286 0.27003217 0.00353879
v 0.26711517 0.27053196 0.00368475
v 0.27935098 0.29963058 0.00416354
v 0.27188598 0.27812860 0.00366807
v 0.27436324 0.29591091 0.00395469
v 0.27305670 0.29986296 0.00410116
v 0.26765847 0.29956677 0.00367927
v 0.26564342 0.29404911 0.00415644
v 0.27453904 0.29078096 0.00378368
v 0.26527188 0.28949274 0.00382976
v 0.28391309 0.28887365 0.00362655
v 0.27836095 0.27827971 0.00375625
v 0.26484000 0.27972193 0.00388173
v 0.26802430 0.28521567 0.00359310
v 0.27620114 0.28458419 0.00360887
v 0.26130858 0.29944510 0.00375910
v 0.26953721 0.30168879 0.00078180
v 0.26580159 0.30350774 0.00103573
v 0.26199217 0.30151934 0.00072973
v 0.28455263 0.19751528 0.01013550
v 0.27034675 0.20228284 0.01397704
v 0.26657095 0.20065006 0.01386455
v 0.28473070 0.20525621 0.02651445
v 0.28136194 0.20283497 0.01763127
v 0.28499865 0.20056721 0.01434626
v 0.27052581 0.20422859 0.02217362
v 0.26011243 0.20489883 0.02161368
v 0.27439064 0.20727365 0.02759457
v 0.26984042 0.20729513 0.02870705
v 0.27998228 0.20668401 0.03331490
v 0.26673458 0.20631814 0.03395944
v 0.26815895 0.20149606 0.03370764
v 0.27163529 0.20805609 0.03351590
v 0.26091348 0.20756813 0.03357041
v 0.26020526 0.20065849 0.03373167
v 0.27872151 0.19817647 0.03372866
v 0.27841035 0.20168589 0.03403362
v 0.25950000 0.22931322 0.00327777
v 0.25950000 0.22738309 0.00326589
v 0.25950000 0.25383292 0.00356383
v 0.25950000 0.25346697 0.00355777
v 0.25950000 0.25419414 0.00356583
v 0.25950000 0.25759440 0.00360137
v 0.25950000 0.24094678 0.00341608
v 0.25950000 0.23870628 0.00338414
v 0.25950000 0.24427704 0.00341631
v 0.25950000 0.26818535 0.00361346
v 0.25950000 0.26210817 0.00363342
v 0.25950000 0.27604484 0.00379802
v 0.25950000 0.27368310 0.00374694
v 0.25950000 0.28605499 0.00378600
v 0.25950000 0.28413475 0.00385761
v 0.25950000 0.28731161 0.00384070
v 0.25950000 0.29932466 0.00376724
v 0.25950000 0.29527909 0.00380228
v 0.25950000 0.30085912 0.00124491
v 0.25950000 0.29972893 0.00296905
v 0.25950000 0.30326642 0.00052034
v 0.25950000 0.30220881 0.00052353
v 0.25950000 0.24860772 0.00349202
v 0.25950000 0.25016484 0.00351309
v 0.25950000 0.26140660 0.00363772
v 0.25950000 0.26198502 0.00363702
v 0.25950000 0.26163076 0.00364738
v 0.29147322 -0.00726720 0.00011338
v 0.29294339 -0.00256855 0.00025666
v 0.29222816 -0.00075522 0.00311399
v 0.28670815 0.06816677 0.00364373
v 0.30971108 -0.00177121 0.00042510
v 0.30967082 -0.00683845 0.00054337
v 0.31427460 -0.00110671 0.00283501
v 0.30927207 -0.00114014 0.00351925
v 0.30041916 -0.00216278 0.00047365
v 0.30258243 -0.00141556 0.00310102
v 0.29812861 -0.00695110 0.00049317
v 0.29941549 0.00035854 0.00318018
v 0.30810160 0.00764664 0.00331486
v 0.29925516 0.00543616 0.00335145
v 0.29097056 0.00498796 0.00335496
v 0.31196037 0.01614775 0.00350085
v 0.31353560 0.01935870 0.00328678
v 0.29640423 0.01708364 0.00333106
v 0.30125644 0.02072091 0.00335766
v 0.29066367 0.02173634 0.00359353
v 0.29286222 0.02691120 0.00337339
v 0.28854570 0.01758743 0.00349533
v 0.30305291 0.02608729 0.00345952
v 0.30452094 0.01492043 0.00327295
v 0.28658061 0.00967910 0.00329500
v 0.28741238 0.03648105 0.00364295
v 0.29833230 0.03453122 0.00339013
v 0.29192859 0.04059100 0.00344055
v 0.30602483 0.03160050 0.00330697
v 0.30433617 0.04286430 0.00332269
v 0.29819442 0.04154122 0.00355215
v 0.30712697 0.03587573 0.00347266
v 0.29561704 0.03038494 0.00347255
v 0.29683453 0.04686860 0.00346244
v 0.31341366 0.03068768 0.00347262
v 0.28687655 0.03225564 0.00320396
v 0.28642684 0.02742850 0.00374234
v 0.29662798 0.01063505 0.00328258
v 0.30385651 0.05227529 0.00315912
v 0.29619778 0.05475113 0.00319317
v 0.30561686 0.08362882 0.00366135
v 0.30297043 0.06398998 0.00333234
v 0.31123925 0.06081336 0.00332506
v 0.28973130 0.04896367 0.00350976
v 0.30799578 0.07580409 0.00346885
v 0.31374534 0.07027139 0.00336303
v 0.29975786 0.07087329 0.00350969
v 0.31354797 0.08150752 0.00352654
v 0.31250808 0.03976081 0.00317098
v 0.29407114 0.08006835 0.00353611
v 0.29260885 0.06294121 0.00332656
v 0.28970565 0.08482206 0.00382374
v 0.28756501 0.05847011 0.00349234
v 0.29235912 0.07245608 0.00353817
v 0.30982834 0.04823730 0.00317280
v 0.28507448 0.08791564 0.00365573
v 0.28500000 -0.00305762 0.00054016
v 0.28500000 -0.00309616 0.00053852
v 0.28500000 -0.00304370 0.00056139
v 0.28500000 0.00498375 0.00333702
v 0.28500000 0.00410311 0.00329950
v 0.28500000 0.00711011 0.00331584
v 0.28500000 0.03411693 0.00355394
v 0.28500000 0.03171958 0.00328234
v 0.28500000 0.02101160 0.00370277
v 0.28500000 0.01919350 0.00363758
v 0.28500000 0.02713417 0.00375644
v 0.28500000 0.02426784 0.00370975
v 0.28500000 0.04216251 0.00363421
v 0.28500000 0.04043991 0.00365977
v 0.28500000 0.02839485 0.00365000
v 0.28500000 0.04377466 0.00363581
v 0.28500000 0.05312715 0.00344693
v 0.28500000 0.04976364 0.00344191
v 0.28500000 0.08775644 0.00364632
v 0.28500000 0.08314708 0.00349839
v 0.28500000 0.06682956 0.00362798
v 0.28500000 0.06023000 0.00352658
v 0.28500000 0.01531629 0.00370155
v 0.28500000 0.01046524 0.00347202
v 0.28500000 0.07375781 0.00351480
v 0.28500000 -0.00692603 0.00012904
v 0.28500000 -0.00118512 0.00250574
v 0.28500000 0.06838178 0.00360770
v 0.28500000 0.03685911 0.00358188
v 0.28500000 0.05732698 0.00346002
v 0.28500000 0.08786208 0.00365697
v 0.25981944 0.08800000 0.02151827
v 0.28494541 -0.00306098 0.00054211
v 0.28283609 -0.00681198 0.00013427
v 0.28367793 -0.00126375 0.00239449
v 0.26889411 -0.00664698 0.00000509
v 0.27523892 -0.00128032 0.00029298
v 0.27835955 0.00165841 0.00338148
v 0.26348833 0.00074805 0.00059035
v 0.26128804 0.07885443 0.00353326
v 0.26974503 0.00034710 0.00357726
v 0.27842947 0.08710223 0.00359043
v 0.27506699 0.08657338 0.00412036
v 0.27912865 0.08364015 0.00375493
v 0.28241279 0.08222616 0.00331951
v 0.27834632 0.06921930 0.00346733
v 0.26360529 0.08778695 0.00343929
v 0.26734651 0.08394233 0.00369432
v 0.26333655 0.04862913 0.00311648
v 0.26267649 0.04455729 0.00371266
v 0.26851837 0.04023642 0.00347644
v 0.26180863 0.03051037 0.00330470
v 0.26874053 0.05175728 0.00376087
v 0.26992402 0.06349027 0.00382567
v 0.26357800 0.05673218 0.00359094
v 0.26271851 0.06331609 0.00351219
v 0.26753768 0.07267223 0.00365431
v 0.27433736 0.07477937 0.00386661
v 0.28369116 0.00498283 0.00333309
v 0.26742857 0.03356306 0.00356695
v 0.26756686 0.02617542 0.00329545
v 0.27285302 0.03129510 0.00353882
v 0.26338920 0.00321406 0.00375377
v 0.26924253 0.00630747 0.00301088
v 0.26416838 0.01818406 0.00362075
v 0.27759644 0.00873179 0.00371465
v 0.27419419 0.00516696 0.00385697
v 0.26078164 0.02181772 0.02298181
v 0.26765279 0.02173959 0.02351160
v 0.26525201 0.02260328 0.01910479
v 0.28154726 0.03073326 0.00342655
v 0.26282981 0.02165916 0.00365082
v 0.26785014 0.01619157 0.02239346
v 0.26720445 0.01220187 0.02785606
v 0.27049783 0.01141294 0.02036051
v 0.26460718 0.02050846 0.02483157
v 0.26683615 0.01614111 0.02793261
v 0.26980440 0.00533084 0.02862820
v 0.27155952 0.00538592 0.02403615
v 0.26718678 0.01787153 0.01551631
v 0.26860540 0.01312666 0.01600091
v 0.28187035 0.02061112 0.00376313
v 0.26160984 0.00369694 0.02250146
v 0.27104636 0.00573732 0.01831057
v 0.27081482 -0.00309156 0.02087398
v 0.26257414 0.00705829 0.01796460
v 0.26336689 -0.00499065 0.02196784
v 0.28061223 0.02622904 0.00379978
v 0.27440113 -0.00107261 0.02317207
v 0.26114201 0.00168111 0.02088390
v 0.27278132 -0.00376304 0.02365010
v 0.27094292 -0.01322272 0.02545338
v 0.28378196 0.04243878 0.00366826
v 0.27079481 -0.00787066 0.02675959
v 0.27690047 0.03812846 0.00337683
v 0.26898922 -0.00534060 0.02901486
v 0.27456580 0.04738778 0.00321193
v 0.26266060 0.02071618 0.02783139
v 0.26366949 -0.00503368 0.02720993
v 0.26066492 0.00249879 0.02822099
v 0.28073682 0.01258558 0.00394949
v 0.28350650 0.05001616 0.00342049
v 0.27915140 0.05472046 0.00338632
v 0.27409007 0.05727627 0.00359875
v 0.28050730 0.06331250 0.00358654
v 0.27639289 0.01535043 0.00321957
v 0.25984817 0.07823969 0.02397580
v 0.27213662 0.01595820 0.00356848
v 0.27055544 -0.00098591 0.03172334
v 0.26450526 -0.00113137 0.03134107
v 0.26455126 0.00274656 0.02971364
v 0.27193966 0.02208361 0.00349058
v 0.26264405 0.01293711 0.02765388
v 0.25950000 0.08800000 0.02953545
v 0.25950000 0.08776200 0.00333925
v 0.25950000 0.08120439 0.00344986
v 0.25950000 0.07481853 0.00356008
v 0.25950000 0.07041756 0.00360668
v 0.25950000 0.05730929 0.00340741
v 0.25950000 0.05469977 0.00342359
v 0.25950000 0.06714457 0.00356024
v 0.25950000 0.05204873 0.00326931
v 0.25950000 0.00836209 0.00335856
v 0.25950000 0.00671135 0.00356224
v 0.25950000 0.04196596 0.00370534
v 0.25950000 0.03940153 0.00363487
v 0.25950000 0.03388700 0.00345946
v 0.25950000 0.05030018 0.00348314
v 0.25950000 0.02132345 0.00351176
v 0.25950000 0.02002917 0.00348094
v 0.25950000 0.02596696 0.00346428
v 0.25950000 0.02437923 0.00355687
v 0.25950000 0.02798180 0.00341428
v 0.25950000 0.01407555 0.01615826
v 0.25950000 0.01447836 0.01611365
v 0.25950000 0.00267706 0.00330709
v 0.25950000 0.00171772 0.00207882
v 0.25950000 0.00542148 0.02014393
v 0.25950000 0.00840454 0.01891310
v 0.25950000 0.02552841 0.01956366
v 0.25950000 0.02504033 0.02012537
v 0.25950000 0.00676047 0.02075518
v 0.25950000 0.02040434 0.02349490
v 0.25950000 0.01887475 0.02619478
v 0.25950000 0.00853105 0.02771787
v 0.25950000 0.00903588 0.02721002
v 0.25950000 0.01277876 0.01651833
v 0.25950000 0.02252421 0.01814554
v 0.25950000 0.02267299 0.01826784
v 0.25950000 0.01202945 0.00350408
v 0.25950000 0.00971381 0.02763657
v 0.25950000 0.00958314 0.02764085
v 0.25950000 0.00927204 0.02771111
v 0.25950000 0.01623711 0.02850981
v 0.25950000 0.01564448 0.02856615
v 0.25950000 0.01528658 0.02848762
v 0.25950000 -0.00149391 0.00049463
v 0.25950000 -0.00516521 0.00024304
v 0.25950000 0.08788160 0.00337131
v 0.25950000 0.08058479 0.02283674
v 0.25950000 0.08784961 0.02104192
v 0.25950000 0.08668662 0.02715447
v 0.25950000 0.08398273 0.02630279
v 0.25950000 0.08673975 0.02717121
v 0.25950000 0.08669188 0.02732098
v 0.25950000 0.08781578 0.02809735
v 0.25950000 0.08800000 0.02041523
v 0.25950000 0.00092688 0.00033009
v 0.25950000 0.00866493 0.02090424
v 0.25950000 0.02075004 0.02234347
v 0.25950000 0.02253554 0.01900888
v 0.25950000 0.07797971 0.02392424
v 0.25950000 0.07717584 0.02387690
v 0.25950000 0.07835270 0.02424899
v 0.25950000 0.08096319 0.00345875
v 0.25950000 0.04571173 0.00357082
v 0.25950000 0.06322409 0.00356715
v 0.25950000 -0.00065818 0.00042142
v 0.25950000 0.06412317 0.00356557
v 0.25950000 0.07825238 0.00355865
v 0.25950000 0.04537589 0.00357723
v 0.25950000 0.01734963 0.00362212
v 0.25950000 0.01819739 0.00357745
v 0.25950000 -0.00662689 0.00014288
v 0.25950000 -0.00095671 0.00043863
v 0.25950000 0.08799697 0.02819835
v 0.21273099 0.22907310 0.00340354
v 0.22249162 0.24022363 0.00379360
v 0.21236067 0.23738928 0.00365841
v 0.21548606 0.25226143 0.00363057
v 0.19965153 0.23734239 0.00363855
v 0.20412896 0.25207336 0.00369399
v 0.22496831 0.25874892 0.00378326
v 0.21523433 0.26061231 0.00382656
v 0.21249881 0.24423935 0.00375293
v 0.22373765 0.29188659 0.00384798
v 0.22447377 0.30036405 0.00401729
v 0.21039858 0.30448400 0.00057376
v 0.21645154 0.30212486 0.00039345
v 0.21913641 0.30469969 0.00098481
v 0.21561951 0.29519872 0.00399347
v 0.21851676 0.29034430 0.00366996
v 0.20554333 0.30444042 0.00098094
v 0.21240437 0.30258747 0.00023908
v 0.21690082 0.26818838 0.00381238
v 0.22370245 0.26518394 0.00374970
v 0.21152463 0.26707330 0.00380242
v 0.20647028 0.30106261 0.00067168
v 0.22172130 0.30206304 0.00213576
v 0.20348074 0.25888399 0.00384378
v 0.20734152 0.29442395 0.00380470
v 0.21128704 0.29910933 0.00347484
v 0.21703653 0.30080306 0.00368050
v 0.22134339 0.28338356 0.00387491
v 0.21251681 0.28125697 0.00383506
v 0.20882156 0.28748133 0.00391686
v 0.21623277 0.27608479 0.00393941
v 0.21280570 0.29031354 0.00412228
v 0.20882112 0.27069328 0.00367287
v 0.20014079 0.28835796 0.00399483
v 0.20613118 0.28368727 0.00380838
v 0.20317126 0.29056289 0.00363752
v 0.20370341 0.26362460 0.00368633
v 0.20274752 0.26958162 0.00374110
v 0.20391451 0.27890644 0.00367596
v 0.22033378 0.27974159 0.00351464
v 0.22214706 0.27143511 0.00401633
v 0.22500000 0.22646509 0.00350775
v 0.22500000 0.22795086 0.00355429
v 0.22500000 0.23341906 0.00366926
v 0.22500000 0.24635533 0.00369203
v 0.22500000 0.25279305 0.00359342
v 0.22500000 0.25868145 0.00378093
v 0.22500000 0.29255125 0.00381673
v 0.22500000 0.29963827 0.00398102
v 0.22500000 0.30051474 0.00378520
v 0.22500000 0.30212933 0.00177571
v 0.22500000 0.30316548 0.00174990
v 0.22500000 0.30461495 0.00114827
v 0.22500000 0.25877034 0.00378370
v 0.22500000 0.26490203 0.00377026
v 0.22500000 0.26707918 0.00375527
v 0.22500000 0.27140303 0.00389392
v 0.22500000 0.27255330 0.00381092
v 0.22500000 0.27664421 0.00385564
v 0.22500000 0.27758117 0.00374922
v 0.22500000 0.28119211 0.00363064
v 0.22500000 0.28261425 0.00377386
v 0.22500000 0.28503609 0.00374348
v 0.22500000 0.28959917 0.00377984
v 0.22500000 0.24025940 0.00376296
v 0.22500000 0.30034246 0.00397833
v 0.22500000 0.29111145 0.00394312
v 0.24986260 0.22884721 0.00354112
v 0.24120865 0.22818828 0.00339915
v 0.24354539 0.24030338 0.00356799
v 0.24854520 0.24905035 0.00354908
v 0.23414176 0.25129860 0.00360902
v 0.23254249 0.24036695 0.00367082
v 0.25025789 0.25794774 0.00359208
v 0.24941678 0.26260832 0.00380242
v 0.23654885 0.25745172 0.00373345
v 0.24024925 0.26270557 0.00384523
v 0.24567831 0.26924207 0.00371016
v 0.25039012 0.29581025 0.00378267
v 0.23795352 0.26763381 0.00382816
v 0.23783453 0.27222049 0.00398346
v 0.25103284 0.27866801 0.00382182
v 0.24362084 0.27484985 0.00390113
v 0.24865424 0.28554516 0.00378223
v 0.23800967 0.27878443 0.00384860
v 0.24442588 0.28153159 0.00372282
v 0.24167628 0.28714955 0.00368290
v 0.24435553 0.29365776 0.00396631
v 0.24812830 0.30005444 0.00359485
v 0.23763688 0.28992736 0.00384302
v 0.24235628 0.29877095 0.00356133
v 0.23386302 0.29248846 0.00374937
v 0.25218397 0.29985530 0.00095433
v 0.24553989 0.30088786 0.00099285
v 0.23276905 0.30002373 0.00340308
v 0.23843554 0.30010903 0.00098275
v 0.24051283 0.30363299 0.00037693
v 0.22778140 0.22587385 0.00353138
v 0.22769518 0.25294365 0.00358289
v 0.22871880 0.29450930 0.00372468
v 0.23106670 0.30225199 0.00110950
v 0.22913316 0.30455522 0.00126349
v 0.23186388 0.26341075 0.00387901
v 0.22793765 0.27137000 0.00376787
v 0.22677859 0.27675770 0.00383864
v 0.23337143 0.28166205 0.00381815
v 0.22772837 0.28204024 0.00369847
v 0.22701552 0.28594697 0.00367104
v 0.22801542 0.28925985 0.00417040
v 0.25440000 0.24004084 0.00339231
v 0.25440000 0.24095362 0.00338622
v 0.25440000 0.24146748 0.00339016
v 0.25440000 0.25172711 0.00355801
v 0.25440000 0.25602047 0.00357938
v 0.25440000 0.25949793 0.00361254
v 0.25440000 0.26212520 0.00372580
v 0.25440000 0.27462995 0.00379386
v 0.25440000 0.27648612 0.00379127
v 0.25440000 0.28308507 0.00383561
v 0.25440000 0.28608389 0.00382666
v 0.25440000 0.27322049 0.00375069
v 0.25440000 0.28776026 0.00386944
v 0.25440000 0.28992696 0.00382172
v 0.25440000 0.26627736 0.00360431
v 0.25440000 0.26705315 0.00358440
v 0.25440000 0.29826657 0.00378387
v 0.25440000 0.29924293 0.00375141
v 0.25440000 0.29936425 0.00272990
v 0.25440000 0.30169315 0.00055757
v 0.25440000 0.30319302 0.00026032
v 0.25440000 0.24881379 0.00351858
v 0.25440000 0.22827333 0.00338294
v 0.25440000 0.29999584 0.00135787
v 0.25815375 0.22779856 0.00325207
v 0.25905418 0.25385495 0.00356510
v 0.25477921 0.24097634 0.00337987
v 0.25686199 0.28631473 0.00384570
v 0.25571592 0.29907266 0.00378426
v 0.25518581 0.26685593 0.00357307
v 0.25735762 0.27456961 0.00376443
v 0.25682093 0.30014938 0.00179873
v 0.25614196 0.30313783 0.00024569
v 0.25938038 0.11379847 0.03430000
v 0.25816791 0.12587591 0.03430000
v 0.25696267 0.11828823 0.03430000
v 0.25454387 0.10740000 0.03430000
v 0.25440000 0.11568818 0.03430000
v 0.25440000 0.11243389 0.03430000
v 0.25440000 0.13535112 0.03430000
v 0.25440000 0.13091538 0.03430000
v 0.25440000 0.12421568 0.03430000
v 0.25440000 0.12002446 0.03430000
v 0.25440000 0.12790260 0.03430000
v 0.25440000 0.10939612 0.03430000
v 0.25440000 0.10856361 0.03430000
v 0.25440000 0.10758284 0.03430000
v 0.25440000 0.11794787 0.03430000
v 0.25440000 0.10740000 0.03430000
v 0.25454387 0.10740000 0.03720000
v 0.25440000 0.10740000 0.03720000
v 0.25511089 0.09451765 0.03720000
v 0.25654716 0.09297230 0.03720000
v 0.25510800 0.09104295 0.03720000
v 0.25708901 0.10416554 0.03720000
v 0.25440000 0.09403766 0.03720000
v 0.25440000 0.08827021 0.03720000
v 0.25440000 0.09310408 0.03720000
v 0.25440000 0.09423493 0.03720000
v 0.25440000 0.09104554 0.03720000
v 0.25440000 0.09284338 0.03720000
v 0.25440000 0.09187917 0.03720000
v 0.25440000 0.09675656 0.03720000
v 0.25440000 0.09668973 0.03720000
v 0.25440000 0.09132782 0.03720000
v 0.25440000 0.09057473 0.03720000
v 0.25440000 0.09451074 0.03720000
v 0.25440000 0.09680417 0.03720000
v 0.25440000 0.09702587 0.03720000
v 0.25440000 0.10735153 0.03720000
v 0.25440000 0.10447131 0.03720000
v 0.25440000 0.09474394 0.03720000
v 0.25440000 0.09123056 0.03720000
v 0.25440000 0.10270210 0.03720000
v 0.25919461 0.08800000 0.03720000
v 0.25827473 0.08800000 0.03720000
v 0.25646119 0.08800000 0.03720000
v 0.25686890 0.08800000 0.03720000
v 0.25452775 0.08800000 0.03720000
v 0.25482245 0.08800000 0.03720000
v 0.25779514 0.08800000 0.03720000
v 0.25640299 0.08800000 0.03720000
v 0.25446696 0.08800000 0.03720000
v 0.25634601 0.08800000 0.03720000
v 0.25440000 0.08800000 0.03720000
v 0.25440000 0.09403766 0.00475836
v 0.25440000 0.08827021 0.00334436
v 0.25440000 0.09104554 0.01570903
v 0.25440000 0.09284338 0.03426480
v 0.25440000 0.09187917 0.03195143
v 0.25440000 0.09675656 0.03556199
v 0.25440000 0.09668973 0.03553413
v 0.25440000 0.09132782 0.02760847
v 0.25440000 0.09057473 0.02583093
v 0.25440000 0.09451074 0.00661717
v 0.25440000 0.09680417 0.03558699
v 0.25440000 0.09702587 0.03557066
v 0.25440000 0.10735153 0.03488534
v 0.25440000 0.10447131 0.03462675
v 0.25440000 0.09474394 0.00718435
v 0.25440000 0.09123056 0.02971681
v 0.25440000 0.10270210 0.03517757
v 0.25440000 0.10740000 0.03488970
v 0.25646119 0.08800000 0.02727261
v 0.25686890 0.08800000 0.02728980
v 0.25452775 0.08800000 0.00328372
v 0.25482245 0.08800000 0.00329668
v 0.25640299 0.08800000 0.02706032
v 0.25446696 0.08800000 0.00328105
v 0.25634601 0.08800000 0.02685246
v 0.25440000 0.08800000 0.00327487
v 0.25440000 0.08800000 0.01945542
v 0.25440000 0.08800000 0.02409193
v 0.23313107 0.11157944 0.03430000
v 0.25355848 0.10865227 0.03430000
v 0.25056816 0.12996368 0.03430000
v 0.25000584 0.11122993 0.03430000
v 0.25065157 0.12256404 0.03430000
v 0.24941940 0.11728638 0.03430000
v 0.24134842 0.12192183 0.03430000
v 0.24152025 0.11605329 0.03430000
v 0.24474178 0.13243821 0.03430000
v 0.24306839 0.12755626 0.03430000
v 0.24265808 0.11107173 0.03430000
v 0.23191117 0.11749748 0.03430000
v 0.23450767 0.11024442 0.03430000
v 0.22591397 0.11675285 0.03430000
v 0.23178098 0.11975556 0.03430000
v 0.22895351 0.12065042 0.03430000
v 0.23028645 0.11339542 0.03430000
v 0.22560866 0.11119548 0.03430000
v 0.23064812 0.12257171 0.03430000
v 0.23559184 0.12976803 0.03430000
v 0.22591961 0.11595196 0.03430000
v 0.22931752 0.12885567 0.03430000
v 0.23364094 0.12256175 0.03430000
v 0.22820553 0.12724863 0.03430000
v 0.22500537 0.13030095 0.03430000
v 0.23663276 0.11905560 0.03430000
v 0.22533397 0.11597832 0.03430000
v 0.23016829 0.11472485 0.03430000
v 0.22637966 0.12464183 0.03430000
v 0.22759087 0.12020413 0.03430000
v 0.22867794 0.11372459 0.03430000
v 0.22500000 0.11080653 0.03430000
v 0.22500000 0.11252055 0.03430000
v 0.22500000 0.11350976 0.03430000
v 0.22500000 0.11037895 0.03430000
v 0.22500000 0.11934214 0.03430000
v 0.22500000 0.11888229 0.03430000
v 0.22500000 0.11359564 0.03430000
v 0.22500000 0.10999471 0.03430000
v 0.22500000 0.11634362 0.03430000
v 0.22500000 0.11565346 0.03430000
v 0.22500000 0.11514465 0.03430000
v 0.22500000 0.13004111 0.03430000
v 0.22500000 0.12381927 0.03430000
v 0.22500000 0.12859978 0.03430000
v 0.22500000 0.12805550 0.03430000
v 0.22500000 0.11930058 0.03430000
v 0.22500000 0.11707276 0.03430000
v 0.22500000 0.12194560 0.03430000
v 0.22500000 0.12581741 0.03430000
v 0.22500000 0.12694444 0.03430000
v 0.22500000 0.13031184 0.03430000
v 0.22500000 0.12208380 0.03430000
v 0.22500000 0.10975454 0.03430000
v 0.22500000 0.12239090 0.03430000
v 0.22500000 0.12312205 0.03430000
v 0.22500000 0.12373364 0.03430000
v 0.22500000 0.11842306 0.03430000
v 0.22500000 0.12287026 0.03430000
v 0.22500000 0.12330840 0.03430000
v 0.22500000 0.13029346 0.03430000
v 0.22500000 0.11938144 0.03430000
v 0.24873726 0.10740000 0.03430000
v 0.25154616 0.10740000 0.03430000
v 0.24600244 0.10740000 0.03430000
v 0.23442409 0.10740000 0.03430000
v 0.23393252 0.10740000 0.03430000
v 0.23754946 0.10740000 0.03430000
v 0.23769045 0.10740000 0.03430000
v 0.23801303 0.10740000 0.03430000
v 0.23128986 0.10740000 0.03430000
v 0.23307585 0.10740000 0.03430000
v 0.23846096 0.10740000 0.03430000
v 0.23066901 0.10740000 0.03430000
v 0.22898964 0.10740000 0.03430000
v 0.22785352 0.10740000 0.03430000
v 0.22815675 0.10740000 0.03430000
v 0.23009256 0.10740000 0.03430000
v 0.22707318 0.10740000 0.03430000
v 0.23001224 0.10740000 0.03430000
v 0.22554552 0.10740000 0.03430000
v 0.22500000 0.10740000 0.03430000
v 0.24309811 0.10740000 0.03430000
v 0.22500000 0.11350976 0.02492719
v 0.22500000 0.11037895 0.02763863
v 0.22500000 0.11934214 0.02457317
v 0.22500000 0.11888229 0.02280005
v 0.22500000 0.11359564 0.03141100
v 0.22500000 0.10999471 0.03069792
v 0.22500000 0.11634362 0.00348183
v 0.22500000 0.11565346 0.00348626
v 0.22500000 0.11514465 0.00345606
v 0.22500000 0.13004111 0.03112803
v 0.22500000 0.12381927 0.02869286
v 0.22500000 0.12859978 0.00439369
v 0.22500000 0.12805550 0.00431120
v 0.22500000 0.11930058 0.03054742
v 0.22500000 0.11707276 0.03157722
v 0.22500000 0.12194560 0.03069250
v 0.22500000 0.13031184 0.03123543
v 0.22500000 0.10975454 0.02417179
v 0.22500000 0.12287026 0.02814994
v 0.22500000 0.12330840 0.00408450
v 0.22500000 0.13029346 0.03123307
v 0.22500000 0.11938144 0.00382583
v 0.23442409 0.10740000 0.00568325
v 0.23128986 0.10740000 0.00407899
v 0.23307585 0.10740000 0.00473417
v 0.22785352 0.10740000 0.03225592
v 0.22815675 0.10740000 0.03247609
v 0.23009256 0.10740000 0.00387293
v 0.22707318 0.10740000 0.03168934
v 0.23001224 0.10740000 0.00385910
v 0.22500000 0.10740000 0.02380568
v 0.22500000 0.10740000 0.00344446
v 0.22500000 0.10740000 0.03053585
v 0.22500000 0.13570000 0.03184165
v 0.20138457 0.13570000 0.00834356
v 0.20151733 0.13570000 0.00798566
v 0.22500000 0.11080653 0.02914735
v 0.22500000 0.11252055 0.02915085
v 0.22500000 0.12581741 0.00876551
v 0.22500000 0.12694444 0.00808130
v 0.22500000 0.12208380 0.02031474
v 0.22500000 0.12239090 0.01544635
v 0.22500000 0.12312205 0.01345698
v 0.22500000 0.12373364 0.01196845
v 0.22500000 0.11842306 0.02815398
v 0.22037741 -0.00017014 0.00412622
v 0.21796072 0.12871035 0.02795474
v 0.22337221 0.12802440 0.02914158
v 0.21685880 0.13247956 0.02440078
v 0.20924886 0.12755721 0.01038569
v 0.20930697 0.12814419 0.00469438
v 0.21322100 0.12770189 0.00448227
v 0.20750543 0.12748707 0.01919587
v 0.20176001 0.12673075 0.01364869
v 0.22153101 0.12631515 0.02619718
v 0.21790831 0.12746144 0.02457680
v 0.22061364 0.12725146 0.02196971
v 0.22261765 0.10718298 0.02919679
v 0.21310368 0.13051656 0.02205311
v 0.21490532 0.13369562 0.02112371
v 0.21101384 0.13513696 0.01939974
v 0.21472146 0.12702584 0.00946045
v 0.22462503 0.12875783 0.00433849
v 0.22331673 0.12678470 0.00976994
v 0.21436640 0.12719701 0.02091204
v 0.22369910 0.12302760 0.02212238
v 0.22486981 0.12374165 0.02841416
v 0.22406853 0.12012526 0.03004853
v 0.22303060 0.10065344 0.02949981
v 0.22457060 0.11053213 0.03049257
v 0.21435347 -0.00140861 0.00094404
v 0.20950631 -0.00735221 0.00033942
v 0.21860673 -0.00788727 0.00030467
v 0.20896829 0.00044218 0.00162858
v 0.22499796 -0.00112927 0.00091580
v 0.21844190 0.02013906 0.00374647
v 0.21820879 0.03253088 0.00359425
v 0.22457461 0.03767724 0.00346636
v 0.21070065 0.04359668 0.00344389
v 0.20741224 0.03384980 0.00352380
v 0.20020707 0.04885827 0.00347668
v 0.21498364 0.00490002 0.00363748
v 0.22239221 0.00994486 0.00379125
v 0.21510766 0.05819637 0.00340338
v 0.20675112 0.01488753 0.00370221
v 0.20504238 0.00110982 0.00382123
v 0.19975780 0.00536662 0.00352317
v 0.21397366 0.02576697 0.00361089
v 0.20451320 0.05630027 0.00336524
v 0.20129735 -0.00679137 0.00038785
v 0.20012670 -0.00084861 0.00118567
v 0.20716443 0.02554638 0.00358460
v 0.21237208 0.00096345 0.00383760
v 0.19981463 0.10381734 0.00366765
v 0.20404909 0.09321002 0.00381287
v 0.21312520 0.10533026 0.00376598
v 0.20456860 0.11175357 0.00364800
v 0.20092246 0.13091101 0.00739151
v 0.19958177 0.06233276 0.00352835
v 0.22280889 0.10042896 0.00325276
v 0.22454490 0.11584785 0.00341947
v 0.20005564 0.13504579 0.00426536
v 0.21804955 0.12798125 0.00419170
v 0.20332669 0.12148201 0.00375766
v 0.22026702 0.11298547 0.00426325
v 0.20534751 0.12736266 0.00427107
v 0.21873077 0.10410302 0.00348284
v 0.21720124 0.11687823 0.00343586
v 0.21897444 0.06951133 0.00360524
v 0.21244951 0.12004216 0.00388646
v 0.20331931 0.08407659 0.00372699
v 0.22243904 0.07798003 0.00367038
v 0.20988862 0.07473151 0.00359715
v 0.21284440 0.08370512 0.00378252
v 0.22167838 0.08971068 0.00389965
v 0.21429956 0.09432355 0.00359920
v 0.22289642 0.12416639 0.01441658
v 0.21181763 0.12664153 0.01627242
v 0.22169178 0.12667702 0.01459771
v 0.21954905 0.12751885 0.01316032
v 0.22500000 0.10195262 0.02405346
v 0.22500000 0.10145992 0.02415813
v 0.22500000 0.00464277 0.00346150
v 0.22500000 0.00607095 0.00353896
v 0.22500000 0.01248390 0.00378401
v 0.22500000 0.01995532 0.00375434
v 0.22500000 0.05451388 0.00354171
v 0.22500000 0.05657216 0.00352877
v 0.22500000 0.02717032 0.00360678
v 0.22500000 0.02991345 0.00357267
v 0.22500000 0.10213957 0.03052738
v 0.22500000 0.10639285 0.03047295
v 0.22500000 -0.00112885 0.00091672
v 0.22500000 -0.00005583 0.00390267
v 0.22500000 0.00378135 0.00356342
v 0.22500000 -0.00582263 0.00060787
v 0.22500000 -0.00113146 0.00091571
v 0.22500000 0.03611218 0.00348486
v 0.22500000 0.03816867 0.00346477
v 0.22500000 0.04389953 0.00344535
v 0.22500000 0.10148648 0.00343560
v 0.22500000 0.06745169 0.00358594
v 0.22500000 0.07238762 0.00362492
v 0.22500000 0.05978819 0.00356990
v 0.22500000 0.08300904 0.00361952
v 0.22500000 0.08443675 0.00361497
v 0.22500000 0.08544507 0.00365898
v 0.22500000 0.08971055 0.00332525
v 0.22500000 0.09462623 0.00311823
v 0.22500000 0.10629854 0.02363442
v 0.22500000 0.09875166 0.02905301
v 0.22500000 0.09806353 0.03038780
v 0.22500000 -0.00112933 0.00091568
v 0.22500000 -0.00819177 0.00037562
v 0.22500000 0.03740966 0.00346763
v 0.22500000 0.00994153 0.00379541
v 0.22500000 0.07697135 0.00365368
v 0.22500000 0.07878124 0.00362861
v 0.22500000 0.09937121 0.00332504
v 0.25440000 0.09310408 0.01305266
v 0.25440000 0.09423493 0.00878581
v 0.24873726 0.10740000 0.03469340
v 0.25154616 0.10740000 0.03496420
v 0.24600244 0.10740000 0.03481711
v 0.23393252 0.10740000 0.00683121
v 0.23754946 0.10740000 0.03504083
v 0.23769045 0.10740000 0.03507616
v 0.23801303 0.10740000 0.03511287
v 0.23846096 0.10740000 0.03512500
v 0.23066901 0.10740000 0.01198260
v 0.22898964 0.10740000 0.01472088
v 0.22554552 0.10740000 0.02256347
v 0.24309811 0.10740000 0.03465399
v 0.25040328 -0.00660745 0.00027630
v 0.25374973 -0.00341458 0.00021987
v 0.24483896 0.00087575 0.00102787
v 0.24986556 -0.00062036 0.00111842
v 0.23976037 -0.00161933 0.00071037
v 0.24893665 0.00057193 0.00414053
v 0.24408386 0.00205943 0.00408781
v 0.25243463 0.07587343 0.00365898
v 0.24757114 0.07010757 0.00367117
v 0.24589657 0.08151911 0.00341101
v 0.24083785 0.01208428 0.00373035
v 0.24747301 0.00873779 0.00358703
v 0.24249644 0.01736115 0.00375599
v 0.23595690 0.07265577 0.00358221
v 0.24845251 0.02492337 0.00365374
v 0.25256144 0.01610944 0.00362415
v 0.24323876 0.03252810 0.00363219
v 0.23689714 0.02531661 0.00350596
v 0.25285727 0.09449573 0.00480286
v 0.24648151 0.08725954 0.00235360
v 0.24387127 0.04382070 0.00357121
v 0.25400131 0.04679295 0.00334280
v 0.25285031 0.06303400 0.00368072
v 0.24666658 0.05521173 0.00350795
v 0.23771201 0.10155784 0.00463957
v 0.24053795 0.10271165 0.00767437
v 0.23520676 0.10201468 0.00806343
v 0.23365400 0.09928039 0.00292484
v 0.23435877 0.10517721 0.00581009
v 0.24335019 0.10015961 0.00656118
v 0.23705417 0.00545971 0.00364003
v 0.24046215 0.00050077 0.00388130
v 0.23099508 0.00009242 0.00361275
v 0.23291385 0.00993141 0.00380804
v 0.23243470 0.09335241 0.03307378
v 0.23662465 0.09985256 0.03556327
v 0.22846558 0.09350604 0.03195041
v 0.22597832 0.00461764 0.00344431
v 0.23245907 0.01974633 0.00376329
v 0.24841153 0.09665016 0.00491952
v 0.24011695 0.09308129 0.00396226
v 0.24166476 0.09735681 0.00389545
v 0.22911929 0.10476928 0.01401660
v 0.25193662 0.09325526 0.01340356
v 0.24427614 0.09657031 0.01550655
v 0.24837299 0.09491853 0.01820044
v 0.25402304 0.08588059 0.02212572
v 0.25245633 0.09022662 0.02353919
v 0.24438045 0.08944960 0.02531489
v 0.24889223 0.09073013 0.02831660
v 0.25358208 0.09165691 0.02540157
v 0.24904884 0.09264854 0.03121344
v 0.24262065 0.09166235 0.02966811
v 0.25360533 0.09281775 0.03468186
v 0.25429781 0.09675454 0.03561024
v 0.24455675 0.09480074 0.03404029
v 0.25143005 0.10108577 0.03589380
v 0.24800795 0.10519817 0.03485889
v 0.24715750 0.09845523 0.03535885
v 0.24353253 0.10377511 0.03456173
v 0.22924041 0.09856661 0.01580517
v 0.23242457 0.09234623 0.02259775
v 0.22518914 0.10153737 0.02364512
v 0.22636409 0.09538490 0.02012550
v 0.22765601 0.09342318 0.02489987
v 0.23645654 0.09052202 0.02822831
v 0.23238887 0.09324805 0.02672023
v 0.22775629 0.09609001 0.02842768
v 0.23360216 -0.00860147 0.00047109
v 0.22836313 -0.00473654 0.00076736
v 0.23211456 -0.00132530 0.00051291
v 0.23805508 0.10704493 0.03516151
v 0.23694642 0.10311318 0.03392532
v 0.22688200 0.02918810 0.00356669
v 0.23346381 0.03208563 0.00349292
v 0.23005339 0.04400656 0.00344587
v 0.22721878 0.05620786 0.00355689
v 0.23279581 0.10541944 0.03415766
v 0.22891549 0.10509423 0.03257037
v 0.23557099 0.04980013 0.00352559
v 0.23173550 0.10473730 0.00399767
v 0.22767981 0.06653568 0.00357735
v 0.23552257 0.08207327 0.00345699
v 0.22575003 0.08448189 0.00360463
v 0.23840855 0.08846330 0.00330159
v 0.22685619 0.08971047 0.00300427
v 0.23040234 0.09676324 0.00350326
v 0.25440000 0.10740000 0.03433188
v 0.25440000 -0.00245638 0.00020541
v 0.25440000 0.00047451 0.00048488
v 0.25440000 0.00125892 0.00232859
v 0.25440000 0.00176529 0.00337842
v 0.25440000 0.06988617 0.00361649
v 0.25440000 0.07340380 0.00363238
v 0.25440000 0.08697797 0.00324624
v 0.25440000 0.08763584 0.00322120
v 0.25440000 0.01821195 0.00353015
v 0.25440000 0.02220068 0.00347687
v 0.25440000 0.08772398 0.00320389
v 0.25440000 0.03827330 0.00368922
v 0.25440000 0.03968389 0.00368096
v 0.25440000 0.04521688 0.00341515
v 0.25440000 -0.00436077 0.00037222
v 0.25440000 -0.00313663 0.00024461
v 0.25440000 0.05417642 0.00339282
v 0.25440000 0.05999971 0.00357111
v 0.25440000 0.04756523 0.00334308
v 0.25440000 0.00883135 0.00348424
v 0.25440000 0.01317709 0.00355126
v 0.25440000 0.00612273 0.00367457
v 0.25440000 0.02556910 0.00355636
v 0.25440000 0.02739679 0.00353245
v 0.25440000 0.06540205 0.00365016
v 0.25440000 0.08600665 0.02190749
v 0.25440000 0.08613393 0.02283157
v 0.25440000 0.07653518 0.00363107
v 0.25440000 -0.00661599 0.00021768
v 0.25440000 0.04669020 0.00335980
v 0.25440000 0.06307830 0.00365425
v 0.25440000 0.01643806 0.00362361
v 0.25440000 0.08379885 0.02237616
v 0.25440000 0.08509325 0.02257248
v 0.25919461 0.08800000 0.01936071
v 0.25827473 0.08800000 0.01878022
v 0.25779514 0.08800000 0.01888652
v 0.25677881 0.00104889 0.00015252
v 0.25698336 0.00232958 0.00301805
v 0.25453342 0.08773181 0.00321822
v 0.25727352 0.06979301 0.00359348
v 0.25689086 0.02106040 0.00340280
v 0.25761596 0.02591827 0.00350371
v 0.25595411 0.03907327 0.00369716
v 0.25759238 0.05374904 0.00334530
v 0.25710186 0.00886784 0.00344414
v 0.25876177 0.01415248 0.01617102
v 0.25906144 0.00969760 0.02057223
v 0.25787877 0.00911452 0.01941332
v 0.25655944 0.01716152 0.02467211
v 0.25490097 0.01691877 0.02005286
v 0.25925668 0.02565215 0.01958307
v 0.25930934 0.00951834 0.02763552
v 0.25924917 0.02267603 0.01823134
v 0.25849188 0.08737500 0.01953860
v 0.25593567 0.07531820 0.02339642
v 0.25750635 0.07108415 0.02331062
v 0.25728261 0.07907244 0.02598889
v 0.25934201 0.08658876 0.02735872
v 0.25662582 0.08762979 0.02699934
v 0.25906084 0.01561475 0.02860408
v 0.11742499 0.19710889 0.03520000
v 0.12355870 0.19649803 0.03520000
v 0.10928076 0.19724386 0.03520000
v 0.11517465 0.19566439 0.03520000
v 0.12035927 0.19520360 0.03520000
v 0.12450000 0.19490464 0.03520000
v 0.12450000 0.19603736 0.03520000
v 0.12450000 0.19692728 0.03520000
v 0.12450000 0.19536504 0.03520000
v 0.10872071 0.19770000 0.03520000
v 0.10829576 0.19770000 0.03520000
v 0.10798650 0.19770000 0.03520000
v 0.10008924 0.19770000 0.03520000
v 0.09811881 0.19770000 0.03520000
v 0.11117719 0.19770000 0.03520000
v 0.11186789 0.19770000 0.03520000
v 0.12111040 0.19770000 0.03520000
v 0.11138059 0.19770000 0.03520000
v 0.10888540 0.19770000 0.03520000
v 0.11894089 0.19770000 0.03520000
v 0.11594667 0.19770000 0.03520000
v 0.12408580 0.19770000 0.03520000
v 0.12014839 0.19770000 0.03520000
v 0.12292851 0.19770000 0.03520000
v 0.12450000 0.19770000 0.03520000
v 0.12268206 0.19770000 0.03520000
v 0.10912574 0.19770000 0.03520000
v 0.10955969 0.19770000 0.03520000
v 0.10797028 0.19770000 0.03520000
v 0.11782835 0.19770000 0.03520000
v 0.11690755 0.19770000 0.03520000
v 0.11840064 0.19770000 0.03520000
v 0.12450000 0.19490464 0.01433223
v 0.12450000 0.19603736 0.03409054
v 0.12450000 0.19692728 0.03404481
v 0.12450000 0.19536504 0.00418223
v 0.10872071 0.19770000 0.03330576
v 0.10829576 0.19770000 0.03334427
v 0.10798650 0.19770000 0.03328489
v 0.10008924 0.19770000 0.03295558
v 0.09811881 0.19770000 0.03319460
v 0.11117719 0.19770000 0.03287954
v 0.11138059 0.19770000 0.00451487
v 0.10888540 0.19770000 0.00640511
v 0.11894089 0.19770000 0.00389741
v 0.11594667 0.19770000 0.00451132
v 0.12408580 0.19770000 0.03396229
v 0.12014839 0.19770000 0.03272614
v 0.12450000 0.19770000 0.03399227
v 0.12450000 0.19770000 0.00410580
v 0.12268206 0.19770000 0.00416655
v 0.10797028 0.19770000 0.00698075
v 0.11782835 0.19770000 0.03201224
v 0.11690755 0.19770000 0.03188527
v 0.11840064 0.19770000 0.03217743
v 0.12450000 0.19770000 0.01539416
v 0.12450000 0.19470000 0.03507469
v 0.12450000 0.19470000 0.02577274
v 0.12749480 0.19470000 0.01482293
v 0.12931627 0.19470000 0.01569847
v 0.13137435 0.19470000 0.01732690
v 0.13345726 0.19470000 0.02688860
v 0.13192370 0.19470000 0.02001507
v 0.13259016 0.19470000 0.02291913
v 0.12450000 0.19470000 0.01413901
v 0.12461504 0.19470000 0.01427633
v 0.13309400 0.19470000 0.02563924
v 0.14552463 0.29392994 0.00365856
v 0.15170993 0.28842005 0.00348775
v 0.13148106 0.29975997 0.00054980
v 0.14076433 0.30496046 0.00013855
v 0.12693519 0.30111270 0.00025090
v 0.12889556 0.20742339 0.02320990
v 0.12614282 0.20239069 0.03379227
v 0.12652850 0.20599969 0.02879452
v 0.12924979 0.19909326 0.03424135
v 0.13140289 0.19713576 0.03260750
v 0.13296101 0.20248817 0.03025432
v 0.13443637 0.19755130 0.03215801
v 0.13132941 0.20074038 0.01784545
v 0.13239897 0.20218394 0.02112374
v 0.13206315 0.19594123 0.02084922
v 0.13457280 0.20480550 0.02636531
v 0.13316106 0.19779630 0.02793524
v 0.15263370 0.28376392 0.00347814
v 0.15303179 0.29952752 0.00378006
v 0.13752886 0.29111690 0.00348076
v 0.14350308 0.28112570 0.00347086
v 0.13593803 0.28371222 0.00362616
v 0.12528239 0.20734041 0.00382888
v 0.12715120 0.20250316 0.00386002
v 0.14733680 0.29739058 0.00377140
v 0.15253493 0.22420820 0.00351732
v 0.14537461 0.23270264 0.00351223
v 0.13805914 0.22711019 0.00362992
v 0.14299132 0.25095087 0.00355738
v 0.14963498 0.24163739 0.00353626
v 0.12554545 0.24874817 0.00358215
v 0.13275940 0.25471740 0.00339882
v 0.12863259 0.26083412 0.00350256
v 0.15245654 0.25584739 0.00358917
v 0.14711337 0.26329991 0.00335914
v 0.13794557 0.26266058 0.00349026
v 0.15257023 0.19563539 0.00338796
v 0.15064583 0.20747354 0.00345672
v 0.15287480 0.21590978 0.00337461
v 0.12763453 0.24165686 0.00346018
v 0.14314394 0.21018562 0.00354768
v 0.14074687 0.21449922 0.00353583
v 0.13585063 0.20587578 0.00284834
v 0.13212436 0.21134196 0.00320557
v 0.14959432 0.19989143 0.00339990
v 0.13440862 0.22292018 0.00347590
v 0.13273462 0.19568610 0.00389658
v 0.12560039 0.21551360 0.00342671
v 0.14477605 0.20056466 0.00373767
v 0.13277059 0.20435222 0.00348596
v 0.13609096 0.20002316 0.00309318
v 0.15082269 0.27638202 0.00349933
v 0.14335092 0.26846582 0.00361452
v 0.12726363 0.28832095 0.00335014
v 0.13131364 0.28049528 0.00362583
v 0.13400905 0.28744883 0.00360466
v 0.13162528 0.29813108 0.00361816
v 0.12622997 0.27926332 0.00346236
v 0.13600115 0.27347358 0.00346786
v 0.13789573 0.29856478 0.00358510
v 0.13890753 0.29974521 0.00086349
v 0.14802983 0.29818504 0.00087986
v 0.15592617 0.27069551 0.00360568
v 0.12480200 0.27029079 0.00347582
v 0.15418051 0.30020348 0.00063775
v 0.12450000 0.30502338 0.00015140
v 0.12450000 0.30324389 0.00028866
v 0.12450000 0.30269795 0.00021186
v 0.12450000 0.20750926 0.02326300
v 0.12450000 0.20637472 0.02755127
v 0.12450000 0.19864451 0.03392806
v 0.12450000 0.19982033 0.01619965
v 0.12450000 0.20240639 0.01839474
v 0.12450000 0.20502611 0.03041855
v 0.12450000 0.20296421 0.03324229
v 0.12450000 0.20707584 0.00383994
v 0.12450000 0.20274137 0.00388554
v 0.12450000 0.25735567 0.00343266
v 0.12450000 0.25051824 0.00355974
v 0.12450000 0.25997743 0.00348011
v 0.12450000 0.23310349 0.00345357
v 0.12450000 0.23215872 0.00347635
v 0.12450000 0.23706992 0.00345256
v 0.12450000 0.21499575 0.00345384
v 0.12450000 0.20831559 0.00378215
v 0.12450000 0.24768414 0.00357358
v 0.12450000 0.24135319 0.00347803
v 0.12450000 0.23097894 0.00345240
v 0.12450000 0.22065485 0.00343235
v 0.12450000 0.19965381 0.00404186
v 0.12450000 0.29437616 0.00354676
v 0.12450000 0.29050318 0.00343110
v 0.12450000 0.28796544 0.00332521
v 0.12450000 0.28046338 0.00342738
v 0.12450000 0.30089021 0.00153549
v 0.12450000 0.29959177 0.00375966
v 0.12450000 0.27877908 0.00343475
v 0.12450000 0.27055178 0.00346954
v 0.12450000 0.26964181 0.00347452
v 0.12450000 0.20774653 0.02328121
v 0.12450000 0.20139537 0.03344962
v 0.12450000 0.20668814 0.02793729
v 0.12450000 0.20750849 0.00378323
v 0.12450000 0.21616354 0.00344740
v 0.12450000 0.30099194 0.00040891
v 0.12450000 0.20206788 0.00372621
v 0.12450000 0.27019008 0.00347508
v 0.12450000 0.24887614 0.00356755
v 0.12450000 0.19470000 0.01635175
v 0.11186789 0.19770000 0.00868780
v 0.12111040 0.19770000 0.01292573
v 0.12292851 0.19770000 0.01509588
v 0.10912574 0.19770000 0.00753395
v 0.10955969 0.19770000 0.00759257
v 0.12090642 0.30503728 0.00015424
v 0.10024281 0.20733029 0.02411685
v 0.09887135 0.20303087 0.03114604
v 0.10959606 0.20704987 0.02473826
v 0.09773233 0.20487802 0.01344728
v 0.11238818 0.20286280 0.03111087
v 0.11763846 0.20764330 0.02334590
v 0.11608160 0.20836540 0.02341777
v 0.10606063 0.20671893 0.01975725
v 0.10838396 0.19796427 0.03328441
v 0.10001302 0.19850249 0.03290060
v 0.12201297 0.20383246 0.03240968
v 0.11979298 0.20828566 0.02594812
v 0.12193106 0.19947425 0.01558057
v 0.10339554 0.19929234 0.00720766
v 0.11437292 0.20365131 0.00398304
v 0.10671636 0.20020248 0.00360364
v 0.11714526 0.20086038 0.00335501
v 0.10055837 0.20287643 0.00422079
v 0.09869220 0.19832725 0.00328227
v 0.11952257 0.25894560 0.00345306
v 0.09937919 0.21181950 0.00371748
v 0.10311991 0.20878148 0.00276056
v 0.11101070 0.21254322 0.00356455
v 0.11074562 0.22853031 0.00366862
v 0.10388893 0.21738793 0.00348910
v 0.11427851 0.22220082 0.00363956
v 0.12182460 0.23315486 0.00344605
v 0.10477917 0.24275802 0.00345066
v 0.09921450 0.26079604 0.00338890
v 0.09945931 0.23329961 0.00343984
v 0.10838094 0.23493060 0.00350401
v 0.11054853 0.25058393 0.00337267
v 0.12060944 0.21316484 0.00354978
v 0.11762524 0.24068718 0.00351719
v 0.11354834 0.20986126 0.00314425
v 0.12143071 0.30083974 0.00060806
v 0.12155837 0.29282596 0.00351728
v 0.11663795 0.30268198 0.00009006
v 0.11537703 0.28679189 0.00324290
v 0.12011874 0.30048993 0.00384666
v 0.11105151 0.30071234 0.00370796
v 0.10706729 0.27190434 0.00345785
v 0.11730914 0.27676627 0.00331997
v 0.10977026 0.30118487 0.00004993
v 0.10573184 0.29559354 0.00357531
v 0.10473789 0.28790334 0.00341815
v 0.09949171 0.27804994 0.00326803
v 0.10190821 0.30013063 0.00367057
v 0.09873471 0.29305680 0.00335593
v 0.10177255 0.30059936 0.00022642
v 0.10299883 0.30434123 0.00038288
v 0.11076977 0.26561114 0.00344164
v 0.11068793 0.30616126 0.00023979
v 0.13509221 0.10470000 0.02742999
v 0.13054605 0.10470000 0.01407631
v 0.12981481 0.10470000 0.01363388
v 0.12458356 0.10470000 0.01172635
v 0.12450000 0.10470000 0.01167437
v 0.12557184 0.10470000 0.01208672
v 0.13123002 0.10064665 0.02111085
v 0.13270171 0.09919701 0.01809201
v 0.12578651 0.09370122 0.02864392
v 0.12911209 0.08872475 0.02318329
v 0.12684883 0.08571239 0.01879872
v 0.13269639 0.09102758 0.02469391
v 0.13130939 0.09548485 0.01856321
v 0.12807114 0.09827827 0.03428943
v 0.13430061 0.10093376 0.03331675
v 0.13433994 0.10032022 0.02895155
v 0.13322918 0.09458602 0.03064112
v 0.12794549 0.09495509 0.03085685
v 0.13468787 0.09598998 0.02849341
v 0.13044345 0.10425524 0.01385489
v 0.13682165 -0.00150865 0.00077045
v 0.14208873 -0.00091068 0.00090506
v 0.14442057 0.00019306 0.00379912
v 0.15542879 -0.00542888 0.00048921
v 0.15173497 -0.00096874 0.00074647
v 0.13707869 -0.00640624 0.00057072
v 0.12789634 -0.00072275 0.00071085
v 0.13428061 0.00862819 0.00365892
v 0.13108318 0.00021835 0.00415681
v 0.14558767 0.00730633 0.00361098
v 0.14180253 0.05106063 0.00334648
v 0.14686100 0.04353324 0.00335257
v 0.14781541 0.05315094 0.00362989
v 0.12888034 0.03609143 0.00332386
v 0.13806077 0.03491327 0.00363446
v 0.13051778 0.04067787 0.00359066
v 0.12512961 0.04129606 0.00334906
v 0.13579826 0.04358882 0.00343268
v 0.13276817 0.05263731 0.00308303
v 0.12807211 0.04745198 0.00377281
v 0.14665548 0.01654223 0.00364584
v 0.13048999 0.05779673 0.00370741
v 0.13760763 0.01956540 0.00366474
v 0.14287120 0.02566850 0.00362753
v 0.14656662 0.03346405 0.00345525
v 0.13381323 0.02941714 0.00356650
v 0.14162658 0.03978067 0.00354304
v 0.12609953 0.02161499 0.00351455
v 0.15615383 0.02365369 0.00351844
v 0.15345202 0.04921822 0.00347444
v 0.15267544 0.05818928 0.00346050
v 0.14585862 0.05919147 0.00370538
v 0.13847951 0.08545369 0.00363548
v 0.14773481 0.07838340 0.00338191
v 0.14240389 0.09176603 0.00361588
v 0.14707170 0.06346509 0.00341624
v 0.15290870 0.03153490 0.00351799
v 0.14641992 0.09674602 0.00354403
v 0.15445942 0.09964697 0.00364375
v 0.14021631 0.10020251 0.00352461
v 0.15351746 0.07142492 0.00343180
v 0.12548541 0.08611197 0.00406560
v 0.13297165 0.08822168 0.00365870
v 0.12704556 0.09084456 0.00559736
v 0.12674195 0.08265915 0.00510767
v 0.13013916 0.09657979 0.00450494
v 0.13771559 0.05855235 0.00345274
v 0.13990216 0.06600100 0.00335409
v 0.12756532 0.06186159 0.00341051
v 0.13470602 0.09804816 0.00389824
v 0.13077623 0.10210255 0.00411320
v 0.12549750 0.09701122 0.00371881
v 0.13423615 0.07769396 0.00354359
v 0.12965092 0.07122203 0.00350410
v 0.12817064 0.07618301 0.00388625
v 0.15468483 0.04349242 0.00347214
v 0.13021465 0.08312030 0.00383586
v 0.12450454 0.09062880 0.01447404
v 0.12637216 0.09788646 0.01392529
v 0.12450000 0.08680336 0.02208234
v 0.12450000 0.08653705 0.02158763
v 0.12450000 0.10406576 0.03581763
v 0.12450000 0.10064117 0.03498777
v 0.12450000 0.10303608 0.01166516
v 0.12450000 0.10462562 0.01169451
v 0.12450000 0.02973471 0.00358168
v 0.12450000 0.02909692 0.00357657
v 0.12450000 0.04028631 0.00334518
v 0.12450000 0.03449692 0.00332026
v 0.12450000 0.02993251 0.00357405
v 0.12450000 -0.00325210 0.00057598
v 0.12450000 -0.00740841 0.00040843
v 0.12450000 0.01130172 0.00356926
v 0.12450000 0.01105331 0.00358337
v 0.12450000 -0.00014187 0.00210334
v 0.12450000 -0.00062981 0.00054295
v 0.12450000 0.04682793 0.00344828
v 0.12450000 0.04283415 0.00333755
v 0.12450000 0.04884221 0.00339041
v 0.12450000 0.01146307 0.00356892
v 0.12450000 0.09223186 0.02700068
v 0.12450000 0.09194077 0.02686985
v 0.12450000 0.09055558 0.02514605
v 0.12450000 0.01239451 0.00356221
v 0.12450000 0.07365465 0.00417394
v 0.12450000 0.07212457 0.00410585
v 0.12450000 0.06324683 0.00355551
v 0.12450000 0.06235718 0.00369666
v 0.12450000 0.06693752 0.00362437
v 0.12450000 0.07782375 0.00459708
v 0.12450000 0.07723206 0.00450132
v 0.12450000 0.08417603 0.00391342
v 0.12450000 0.08054302 0.00443371
v 0.12450000 0.10144481 0.00364920
v 0.12450000 0.09190310 0.00576063
v 0.12450000 0.08989475 0.00515162
v 0.12450000 0.09394855 0.00502812
v 0.12450000 0.08399542 0.01611352
v 0.12450000 0.09061516 0.01447141
v 0.12450000 0.09837813 0.03412703
v 0.12450000 0.09639208 0.03208118
v 0.12450000 0.09063653 0.01447439
v 0.12450000 0.09751543 0.01420816
v 0.12450000 0.09467146 0.02970100
v 0.12450000 0.09997340 0.01253431
v 0.12450000 0.09382851 0.02925095
v 0.12450000 0.08229390 0.01752108
v 0.12450000 0.04086638 0.00337429
v 0.12450000 0.04160405 0.00338984
v 0.12450000 0.00073425 0.00398324
v 0.12450000 0.05566590 0.00384201
v 0.12450000 0.02150900 0.00348612
v 0.12450000 0.02226274 0.00352726
v 0.12450000 0.08746746 0.00397195
v 0.12450000 0.09710520 0.00373761
v 0.12450000 0.09651176 0.00368367
v 0.12450000 0.08637613 0.00394339
v 0.12450000 0.09062796 0.01448049
v 0.12107012 0.10470000 0.00954067
v 0.12083602 0.10470000 0.00883673
v 0.12449941 0.10470000 0.01167401
v 0.11988120 0.10470000 0.00596568
v 0.12313551 0.10470000 0.01082553
v 0.09890557 0.03364013 0.03003402
v 0.10602190 0.03636630 0.02815555
v 0.10394106 0.04177936 0.02721948
v 0.09979963 0.03856490 0.02799523
v 0.10347064 0.03205185 0.02670070
v 0.10696192 0.03787462 0.02468537
v 0.10289094 0.04934659 0.02570754
v 0.10864826 0.05019329 0.02789170
v 0.10500281 0.05436190 0.02687155
v 0.10881995 0.04538263 0.02591761
v 0.10940407 0.03607687 0.02088774
v 0.10431354 0.02849480 0.02014463
v 0.10288254 0.03420579 0.01560408
v 0.11149536 0.05139593 0.02383447
v 0.11105546 0.04580187 0.02245365
v 0.09831944 0.04471169 0.02033054
v 0.09934289 0.02848953 0.02484532
v 0.10636660 0.10141701 0.03606229
v 0.11467786 0.09838469 0.03437171
v 0.12178425 0.10243809 0.03551884
v 0.09982334 0.09496558 0.02671639
v 0.10653107 0.09586583 0.03060171
v 0.09733288 0.09584637 0.03019764
v 0.10718993 0.09306015 0.02678537
v 0.09729649 0.09608316 0.01927492
v 0.10467331 0.09623731 0.01951984
v 0.11264160 0.09404708 0.02821856
v 0.11501297 0.09159133 0.02736435
v 0.11955685 0.09387153 0.02832381
v 0.12128307 0.09414681 0.03076884
v 0.12341087 0.09098793 0.02560955
v 0.10879987 0.05267482 0.01401787
v 0.11481595 0.05057964 0.01895668
v 0.11228222 0.04456514 0.01878970
v 0.10714491 0.04526276 0.01644131
v 0.10622485 0.02930872 0.02315019
v 0.10011927 0.04949369 0.01914823
v 0.09874394 0.02582484 0.02277200
v 0.10979874 0.05719632 0.02215000
v 0.10222539 0.10121235 0.00480880
v 0.11604415 0.09384691 0.01939209
v 0.12112797 0.09000482 0.01926875
v 0.12415310 0.08665884 0.02199953
v 0.11456225 0.09962375 0.00914156
v 0.12088107 0.09679821 0.01475496
v 0.12217952 0.10256009 0.01081023
v 0.12097150 0.08297217 0.01764871
v 0.12268332 0.07964990 0.01653290
v 0.10726030 0.05708735 0.02001909
v 0.10188544 0.05518287 0.01926024
v 0.11166293 0.05546884 0.01756819
v 0.11221920 0.06131854 0.01991541
v 0.09692607 0.09837397 0.03475114
v 0.10097335 0.09802754 0.03413414
v 0.10496968 0.09697207 0.03446580
v 0.10300553 -0.00195599 0.00070366
v 0.10940829 -0.00816183 0.00051432
v 0.10081653 -0.00017829 0.00414558
v 0.11079664 0.00051089 0.00343134
v 0.11360447 0.02667504 0.00361381
v 0.12436265 0.02973939 0.00358190
v 0.11983020 0.03279705 0.00331642
v 0.11447036 0.03402155 0.00377614
v 0.11660299 0.04546714 0.00390128
v 0.10791695 0.01042138 0.00397021
v 0.11097496 0.01728354 0.00344773
v 0.10572620 0.01594199 0.00396128
v 0.09696416 0.04651521 0.00316651
v 0.10568157 0.02899421 0.00353288
v 0.11825045 -0.00790633 0.00032780
v 0.11855546 -0.00046714 0.00024907
v 0.11471352 0.02086055 0.00331217
v 0.12431901 0.01135119 0.00356760
v 0.10526624 0.02362736 0.00336047
v 0.11258955 0.04161956 0.00318004
v 0.10999258 0.03370148 0.00342354
v 0.09716781 0.05100664 0.00317641
v 0.10672693 0.04129741 0.00421174
v 0.12297427 0.04656138 0.00330966
v 0.12156511 0.00096425 0.00390586
v 0.11211982 -0.00165817 0.00054986
v 0.10125626 0.00805758 0.00386707
v 0.12120360 0.05449327 0.00391608
v 0.10609493 0.03281991 0.00398999
v 0.10226126 0.03793525 0.00358178
v 0.09724147 0.01840469 0.00353041
v 0.11302408 0.09839850 0.03372630
v 0.09978593 0.02356971 0.00386552
v 0.11470612 0.00670138 0.00349036
v 0.10121311 0.00300528 0.00448022
v 0.10878011 0.00489311 0.00426565
v 0.11307874 0.01237033 0.00335435
v 0.11939583 0.09852085 0.03389492
v 0.10834951 0.04913586 0.00439782
v 0.10269786 0.04560358 0.00382696
v 0.11522256 0.05238793 0.00352884
v 0.10471030 0.05617222 0.00336794
v 0.09674392 0.05926664 0.00296762
v 0.09670616 0.06718035 0.00312675
v 0.10696455 0.06299444 0.00318308
v 0.12391327 0.09214708 0.00579826
v 0.11967964 0.09409815 0.00351384
v 0.12036278 0.09749498 0.00381560
v 0.11699070 0.09750720 0.00273795
v 0.12013083 0.10389361 0.00593763
v 0.12162496 0.06454608 0.00369150
v 0.11711855 0.10096504 0.00411996
v 0.12272913 0.07243486 0.00431273
v 0.10286769 0.07634250 0.00309809
v 0.10281871 0.06973157 0.00311070
v 0.11035038 0.09553197 0.00331264
v 0.11118322 0.08997936 0.00312676
v 0.11703632 0.08837694 0.00301773
v 0.10685878 0.09147132 0.00380546
v 0.11352640 0.05956670 0.00380885
v 0.10129301 0.09661664 0.00387382
v 0.11662571 0.06684334 0.00449381
v 0.11086624 0.10169107 0.00458806
v 0.10918431 0.10029305 0.00346351
v 0.11581587 0.07557344 0.00333722
v 0.12094076 0.07718353 0.00336375
v 0.12425776 0.07730129 0.00454191
v 0.11055548 0.07049843 0.00291125
v 0.10256808 0.08076296 0.00327009
v 0.09951302 0.09337068 0.00418795
v 0.12158718 0.08186617 0.01278357
v 0.11806628 0.07524642 0.01747032
v 0.09707437 0.03005684 0.02335350
v 0.06156297 0.26190463 0.00994382
v 0.04241539 0.28052305 0.01033231
v 0.04902155 0.27990881 0.01057126
v 0.04705487 0.28088698 0.00786068
v 0.05546048 0.28092025 0.01007262
v 0.05127992 0.27994046 0.00614094
v 0.06089727 0.27927574 0.00454521
v 0.06412669 0.28115986 0.00967898
v 0.05266451 0.28010174 0.00358174
v 0.03773348 0.28121545 0.01031212
v 0.04234338 0.28050839 0.00344280
v 0.04585352 0.26250937 0.00384003
v 0.05166812 0.26145546 0.00917653
v 0.04190058 0.26170289 0.00919410
v 0.04178103 0.28944278 0.00333939
v 0.05435169 0.29559986 0.00313490
v 0.04121552 0.29619377 0.00386090
v 0.05363555 0.26212845 0.00387481
v 0.05189828 0.29035133 0.00340494
v 0.03827355 0.26255520 0.00412583
v 0.05029260 0.28554360 0.00343932
v 0.06096173 0.26252955 0.00396989
v 0.04373863 0.26973939 0.01054711
v 0.05209856 0.26321290 0.01026453
v 0.06242662 0.26750098 0.01029808
v 0.06335731 0.27611104 0.01071339
v 0.03987739 0.25675538 0.00356554
v 0.05187306 0.25730479 0.00368553
v 0.06134470 0.30670856 0.00021816
v 0.03553864 0.30609445 0.00025750
v 0.04814496 0.30007529 0.00002308
v 0.05523337 0.27260006 0.01044660
v 0.05431562 0.30053351 0.00399533
v 0.05757504 0.30074034 0.00011544
v 0.06336753 0.29608097 0.00327255
v 0.05850877 0.28291797 0.00354768
v 0.06090377 0.28998077 0.00308375
v 0.03737849 0.23632642 0.00360850
v 0.05830156 0.23103788 0.00374973
v 0.05179987 0.24110565 0.00346282
v 0.04013301 0.29945922 0.00389646
v 0.03873070 0.27537179 0.01050937
v 0.04931078 0.27712489 0.01044502
v 0.05480446 0.27688319 0.01153953
v 0.04098736 0.22767203 0.00367221
v 0.04061934 0.24938657 0.00359382
v 0.04278226 0.29908606 0.00016767
v 0.04900571 0.30049930 0.00415803
v 0.03503390 0.30073075 0.00025511
v 0.05453561 0.21597919 0.00368948
v 0.05925297 0.24591820 0.00352276
v 0.04621568 0.21961279 0.00358607
v 0.05338740 0.22381192 0.00380467
v 0.06136358 0.21949503 0.00382729
v 0.06395038 0.22461634 0.00360049
v 0.06450000 0.27692343 0.01059025
v 0.06450000 0.28120054 0.00968625
v 0.06450000 0.25604651 0.00363157
v 0.06450000 0.25774251 0.00372099
v 0.06450000 0.27194955 0.01019625
v 0.06450000 0.27359431 0.01017985
v 0.06450000 0.26280203 0.00394297
v 0.06450000 0.26252218 0.00643557
v 0.06450000 0.30027605 0.00014476
v 0.06450000 0.30259041 0.00017704
v 0.06450000 0.26342935 0.01072255
v 0.06450000 0.26471994 0.01075396
v 0.06450000 0.29088311 0.00314369
v 0.06450000 0.29575039 0.00327486
v 0.06450000 0.28092268 0.00904777
v 0.06450000 0.27909917 0.00413951
v 0.06450000 0.28588343 0.00347337
v 0.06450000 0.28732451 0.00336690
v 0.06450000 0.28030375 0.00370674
v 0.06450000 0.27392693 0.01026287
v 0.06450000 0.27468671 0.01038706
v 0.06450000 0.29974378 0.00380803
v 0.06450000 0.29987160 0.00274565
v 0.06450000 0.25386271 0.00360467
v 0.06450000 0.23013832 0.00367854
v 0.06450000 0.23914453 0.00354898
v 0.06450000 0.21882418 0.00375343
v 0.06450000 0.22220538 0.00375911
v 0.06450000 0.22490268 0.00359969
v 0.06450000 0.29711079 0.00341750
v 0.06450000 0.26160828 0.00958071
v 0.06450000 0.26850177 0.01035965
v 0.06450000 0.27542257 0.01068842
v 0.06450000 0.30512185 0.00015776
v 0.06450000 0.30661476 0.00020913
v 0.06450000 0.26711841 0.01026542
v 0.06450000 0.24571204 0.00349438
v 0.06660013 0.26296376 0.00392699
v 0.06939754 0.26111411 0.00897522
v 0.07071532 0.26597160 0.01016750
v 0.06519370 0.26378948 0.01090648
v 0.07346657 0.29313295 0.00329313
v 0.07263072 0.28596315 0.00313660
v 0.08730313 0.29253328 0.00328310
v 0.06716794 0.29953690 0.00375897
v 0.07187516 0.30141309 0.00001658
v 0.06636927 0.30015072 0.00015268
v 0.06530694 0.27368089 0.01015662
v 0.07087755 0.27158012 0.01054903
v 0.07160518 0.28197479 0.00982455
v 0.07340620 0.27946235 0.00607450
v 0.07355176 0.28055507 0.00344473
v 0.06760995 0.27894675 0.00378930
v 0.07957311 0.28037091 0.00424520
v 0.08629535 0.28058506 0.00401651
v 0.08287570 0.28673619 0.00331161
v 0.06585325 0.25591166 0.00362579
v 0.07451989 0.25663662 0.00346933
v 0.08028932 0.26310568 0.00427099
v 0.07525648 0.26298279 0.00499732
v 0.09044734 0.27180082 0.01023494
v 0.08464396 0.26966045 0.01011796
v 0.08435514 0.26213204 0.00979408
v 0.08067288 0.30613399 0.00016285
v 0.08737046 0.26331948 0.00347958
v 0.07870804 0.29987510 0.00371772
v 0.07983205 0.28123867 0.01006966
v 0.07789752 0.26951300 0.01045600
v 0.07638013 0.29995695 0.00004556
v 0.06566820 0.28646165 0.00345888
v 0.07526607 0.26121791 0.00841215
v 0.08207324 0.22421774 0.00367545
v 0.08764345 0.23226986 0.00346145
v 0.09358345 0.26000169 0.00354145
v 0.08696436 0.25211064 0.00342422
v 0.07494693 0.24530158 0.00343788
v 0.09358910 0.26658630 0.00349444
v 0.08696959 0.28090848 0.00985473
v 0.09071243 0.27867016 0.01006704
v 0.09482985 0.28620871 0.00327918
v 0.09072704 0.26622306 0.00712573
v 0.09367670 0.27664414 0.00379504
v 0.09145194 0.26999345 0.00416046
v 0.08946570 0.28081112 0.00404151
v 0.09089287 0.30165894 0.00042786
v 0.08411653 0.30065103 -0.00000606
v 0.08622592 0.30045822 0.00388305
v 0.08874530 0.28637980 0.00397565
v 0.09115818 0.26490385 0.00945012
v 0.09093619 0.27510331 0.00506761
v 0.09241544 0.30070626 0.00374942
v 0.08659600 0.26174918 0.00832166
v 0.07236000 0.22899763 0.00358826
v 0.07180935 0.21726077 0.00358130
v 0.06646447 0.11020238 0.03520000
v 0.06606109 0.11501905 0.03520000
v 0.08719049 0.12109581 0.03520000
v 0.09368066 0.12168116 0.03520000
v 0.08997057 0.11295056 0.03520000
v 0.08537404 0.11346306 0.03520000
v 0.08512961 0.12291941 0.03520000
v 0.07848743 0.12155176 0.03520000
v 0.06630982 0.11663011 0.03520000
v 0.06863991 0.12090034 0.03520000
v 0.07253092 0.12499264 0.03520000
v 0.06546914 0.12513574 0.03520000
v 0.06962371 0.11256098 0.03520000
v 0.07094920 0.11648705 0.03520000
v 0.07700438 0.11401498 0.03520000
v 0.07956638 0.11835875 0.03520000
v 0.06789175 0.10988827 0.03520000
v 0.07617948 0.11009280 0.03520000
v 0.07346660 0.11304369 0.03520000
v 0.06619036 0.10987352 0.03520000
v 0.06450000 0.10988556 0.03520000
v 0.06450000 0.11476891 0.03520000
v 0.06450000 0.11693421 0.03520000
v 0.06450000 0.12330253 0.03520000
v 0.06450000 0.11729936 0.03520000
v 0.06450000 0.11557100 0.03520000
v 0.06450000 0.11351365 0.03520000
v 0.06450000 0.11219513 0.03520000
v 0.06450000 0.10879419 0.03520000
v 0.06450000 0.11371625 0.03520000
v 0.06450000 0.10996567 0.03520000
v 0.06450000 0.12027117 0.03520000
v 0.06450000 0.11553653 0.03520000
v 0.06969443 0.10770000 0.03520000
v 0.07274870 0.10770000 0.03520000
v 0.08385770 0.10770000 0.03520000
v 0.08444776 0.10770000 0.03520000
v 0.08545175 0.10770000 0.03520000
v 0.06750025 0.10770000 0.03520000
v 0.06780596 0.10770000 0.03520000
v 0.06493429 0.10770000 0.03520000
v 0.06664556 0.10770000 0.03520000
v 0.06450188 0.10770000 0.03520000
v 0.06450000 0.10770000 0.03520000
v 0.06540069 0.10770000 0.03520000
v 0.07700156 0.10770000 0.03520000
v 0.09255195 0.10770000 0.03520000
v 0.06735487 0.10770000 0.03520000
v 0.06450000 0.12330253 0.03468443
v 0.06450000 0.11729936 0.03419428
v 0.06450000 0.11557100 0.03454512
v 0.06450000 0.11351365 0.03432492
v 0.06450000 0.11219513 0.03477511
v 0.06450000 0.11371625 0.00365414
v 0.06450000 0.10996567 0.00361242
v 0.06450000 0.10988556 0.01200909
v 0.06450000 0.12027117 0.00397579
v 0.06450000 0.10879419 0.03428542
v 0.06450000 0.11553653 0.00361360
v 0.06969443 0.10770000 0.03409825
v 0.07274870 0.10770000 0.03407835
v 0.06750025 0.10770000 0.00576787
v 0.06780596 0.10770000 0.00844818
v 0.06493429 0.10770000 0.03455659
v 0.06664556 0.10770000 0.03494537
v 0.06450000 0.10770000 0.01535976
v 0.06450000 0.10770000 0.00357956
v 0.06540069 0.10770000 0.00357524
v 0.06735487 0.10770000 0.00415962
v 0.06450000 0.10770000 0.03445792
v 0.06450000 0.12540000 0.03489910
v 0.06262689 0.12540000 0.01409738
v 0.05803760 0.12540000 0.02246356
v 0.05736143 0.12540000 0.02326884
v 0.06368885 0.12540000 0.00467819
v 0.06310986 0.12540000 0.00844681
v 0.05763312 0.12540000 0.02306898
v 0.06450000 0.11476891 0.01031406
v 0.06450000 0.11693421 0.00788553
v 0.06336453 0.02026961 0.01139190
v 0.05866557 0.01585220 0.01548923
v 0.06271304 0.01753893 0.00981801
v 0.06354996 0.02340881 0.01022947
v 0.05794099 0.01614688 0.00692704
v 0.06252750 0.11935410 0.01322359
v 0.05404695 0.11958587 0.02601354
v 0.06221378 0.10951685 0.01735403
v 0.06342957 0.12387252 0.00419175
v 0.05902768 0.01021510 0.00841242
v 0.05816299 0.01285145 0.01492126
v 0.05816186 0.00703977 0.01500427
v 0.05923198 -0.00012489 0.01502671
v 0.05640097 0.01320593 0.00955908
v 0.05614210 0.00399354 0.00788289
v 0.05911759 -0.00078196 0.01216908
v 0.06384045 0.01611387 0.00495142
v 0.05557354 0.01330555 0.00432509
v 0.04338636 0.00037647 0.01437187
v 0.05019538 -0.00116469 0.01348471
v 0.04758789 0.00342134 0.01552869
v 0.04450556 -0.00034529 0.00845519
v 0.03787724 0.00006760 0.01054396
v 0.05118810 -0.00027740 0.00444124
v 0.05229455 0.00057767 0.01479149
v 0.05450644 -0.00062527 0.01193918
v 0.05644812 0.04463612 0.01520159
v 0.05987882 0.04706716 0.01344313
v 0.05930259 0.05070397 0.01484034
v 0.04979008 0.03824854 0.01494153
v 0.05879653 0.03839137 0.01501591
v 0.04492144 0.04388271 0.01498892
v 0.05225061 0.05020349 0.01505446
v 0.05512598 0.03228082 0.01551952
v 0.05772681 0.02531093 0.01561748
v 0.06016072 0.02996493 0.01505026
v 0.05008373 0.02759258 0.01512470
v 0.04020027 -0.00008184 0.00363132
v 0.05484689 0.12243469 0.03214492
v 0.05797173 0.12534285 0.03532754
v 0.05346302 0.11408806 0.03134718
v 0.05732169 0.11413547 0.03411857
v 0.06184535 0.11828102 0.03382367
v 0.06080793 0.03535597 0.01242923
v 0.06183204 0.11400971 0.03468985
v 0.06128274 0.02253898 0.01407533
v 0.05732000 0.10865497 0.03413349
v 0.04186897 0.12112799 0.00390359
v 0.05164658 0.11979722 0.00322453
v 0.06030751 0.10744181 0.03354614
v 0.05943361 0.00815308 0.00520364
v 0.05742050 0.10163173 0.03406235
v 0.06188394 0.10301544 0.03380044
v 0.06293844 0.09832141 0.03449731
v 0.05695626 0.02010386 0.01554693
v 0.04901963 0.01710804 0.01514649
v 0.04828153 0.02172003 0.01527598
v 0.03906405 0.05848525 0.01472732
v 0.05667818 0.09776277 0.03252195
v 0.05904478 0.09380886 0.02966957
v 0.05354309 0.12290422 0.02620926
v 0.05333805 0.10596889 0.02948605
v 0.05668305 0.10399066 0.02452462
v 0.04957744 0.05766086 0.01488828
v 0.05186105 0.05740881 0.01233403
v 0.06359936 0.00946484 0.00357912
v 0.03841944 0.04828412 0.01483401
v 0.03926455 0.03399639 0.01522263
v 0.04223521 0.02846131 0.01507309
v 0.04336724 0.03915563 0.01496899
v 0.03533491 0.05369121 0.00467497
v 0.04431847 0.05330735 0.00590886
v 0.04348360 0.05083513 0.01485786
v 0.05926882 0.05730601 0.01446232
v 0.05005490 0.01231100 0.01576948
v 0.04421676 0.01260526 0.01484466
v 0.05628710 0.05495119 0.01137214
v 0.05491397 0.09910921 0.02908711
v 0.05631633 0.09395794 0.02845875
v 0.05408542 0.09771014 0.02480735
v 0.06365150 0.09755359 0.03069758
v 0.05265261 0.05117956 0.00512870
v 0.05578099 0.04928579 0.00679145
v 0.06403440 0.09277639 0.02692851
v 0.03561418 0.01992247 0.01462155
v 0.03535250 0.02797496 0.01510130
v 0.04130315 0.01974346 0.01515089
v 0.03782407 0.01421384 0.01466524
v 0.05884872 0.09096636 0.02523421
v 0.03616867 0.04337671 0.01465901
v 0.05845203 0.03761345 0.00937801
v 0.06399552 0.03461905 0.01092624
v 0.06442679 0.03049393 0.01012551
v 0.05919697 0.09824676 0.02371418
v 0.05628625 0.04487801 0.00589108
v 0.06074449 0.03614596 0.00516287
v 0.03665703 0.01040339 0.01502695
v 0.04005063 0.00697917 0.01471847
v 0.05167594 0.00761377 0.01565935
v 0.06068879 0.04516182 0.00446294
v 0.05829920 0.05163414 0.00418459
v 0.05507183 0.00479958 0.01576883
v 0.03813508 -0.00046622 0.01521848
v 0.04501910 0.00776938 0.01505941
v 0.05395032 0.11059431 0.00306831
v 0.06028140 0.11019565 0.00363599
v 0.05901307 0.04066658 0.00444299
v 0.05717091 0.00010388 0.00558927
v 0.05781261 0.00005408 0.00031659
v 0.05004788 -0.00050907 0.00033493
v 0.06249291 -0.00047577 0.00167100
v 0.06258689 0.00210767 0.00411453
v 0.04461828 -0.00418559 0.00033654
v 0.06129879 0.01374752 0.00427777
v 0.04107963 -0.00137813 0.00060463
v 0.06429946 0.05461783 0.00396459
v 0.05837242 0.06843321 0.00334734
v 0.05580341 0.08871497 0.00284111
v 0.05621429 0.09788034 0.00304881
v 0.06344306 0.08491383 0.00320022
v 0.04179828 0.05747476 0.00484223
v 0.04680060 0.05424000 0.00435202
v 0.06334202 0.10203361 0.00350293
v 0.04361347 0.06346875 0.00372027
v 0.05014784 0.06137133 0.00418354
v 0.03555875 0.06262665 0.00396501
v 0.05286540 0.10056036 0.00319663
v 0.04166584 0.10489106 0.00287018
v 0.04250829 0.09834141 0.00316575
v 0.04878939 0.10432410 0.00351953
v 0.04602227 0.10871101 0.00339136
v 0.04004023 0.11135409 0.00327002
v 0.03558980 0.09733541 0.00293753
v 0.04933791 0.09173077 0.00364046
v 0.04961736 0.08845375 0.00457482
v 0.03755349 0.10800218 0.00340994
v 0.05659746 0.06293179 0.00369659
v 0.04268586 0.09145663 0.00312499
v 0.04395737 0.08503358 0.00317222
v 0.04758589 0.06561786 0.00336286
v 0.04377333 0.07600492 0.00309053
v 0.05645007 0.07552657 0.00329941
v 0.04931568 0.11626254 0.00334415
v 0.03640866 0.07455246 0.00320060
v 0.04198258 0.11584492 0.00377932
v 0.03808649 0.12245469 0.00302616
v 0.05068583 0.08440677 0.00334761
v 0.06450000 0.02083279 0.01127426
v 0.06450000 0.02335069 0.01032962
v 0.06450000 0.01910746 0.01009798
v 0.06450000 0.10272357 0.03478553
v 0.06450000 0.10504641 0.03463337
v 0.06450000 0.10625195 0.03468620
v 0.06450000 0.01068215 0.00354209
v 0.06450000 0.01606173 0.00471804
v 0.06450000 0.09715814 0.03075104
v 0.06450000 0.09744447 0.03327878
v 0.06450000 0.09506890 0.03048943
v 0.06450000 0.09317771 0.02746785
v 0.06450000 0.10362510 0.01897051
v 0.06450000 0.10100047 0.02044093
v 0.06450000 0.09180451 0.02550166
v 0.06450000 0.09275657 0.02682684
v 0.06450000 0.10012042 0.02053347
v 0.06450000 0.09582832 0.02364010
v 0.06450000 0.09325195 0.02416483
v 0.06450000 0.03493926 0.01062683
v 0.06450000 0.03608281 0.01046573
v 0.06450000 0.02428513 0.01021835
v 0.06450000 0.03045630 0.01012622
v 0.06450000 0.03394961 0.01084657
v 0.06450000 -0.00067942 0.00045239
v 0.06450000 -0.00068775 0.00108818
v 0.06450000 -0.00391557 0.00030134
v 0.06450000 -0.00314711 0.00030125
v 0.06450000 -0.00459579 0.00029983
v 0.06450000 0.03641197 0.00747142
v 0.06450000 0.01696730 0.00774648
v 0.06450000 0.03822011 0.00463624
v 0.06450000 0.03953974 0.00462640
v 0.06450000 0.03726606 0.00480393
v 0.06450000 0.04770413 0.00397347
v 0.06450000 0.05372832 0.00394386
v 0.06450000 0.09241071 0.00310121
v 0.06450000 0.09574208 0.00317362
v 0.06450000 0.08539648 0.00320530
v 0.06450000 0.08954135 0.00302199
v 0.06450000 0.10058497 0.00345384
v 0.06450000 0.05794360 0.00385533
v 0.06450000 0.06290474 0.00369253
v 0.06450000 0.06316106 0.00367632
v 0.06450000 0.07043224 0.00330348
v 0.06450000 0.07430257 0.00327256
v 0.06450000 0.07919934 0.00331107
v 0.06450000 0.08455111 0.00321666
v 0.06450000 0.10522089 0.00354360
v 0.06450000 0.00050262 0.00275853
v 0.06450000 0.00202338 0.00419238
v 0.06450000 0.00765303 0.00375382
v 0.06450000 0.10769761 0.01536343
v 0.06450000 0.01738321 0.00971210
v 0.06450000 0.09937906 0.03461962
v 0.06450000 0.09837188 0.03454706
v 0.06450000 0.09289570 0.02688960
v 0.06450000 0.03446859 0.01077739
v 0.06450000 0.03461659 0.01087446
v 0.06450000 0.04337934 0.00395971
v 0.06450000 0.06678215 0.00335788
v 0.06450000 0.05474557 0.00393510
v 0.06450000 0.08515918 0.00313753
v 0.06450000 0.10145194 0.00355623
v 0.06450000 0.10205152 0.00384750
v 0.06450000 0.00910030 0.00354309
v 0.08385770 0.10770000 0.03545203
v 0.08444776 0.10770000 0.03543157
v 0.08545175 0.10770000 0.03549824
v 0.06450188 0.10770000 0.01535584
v 0.07700156 0.10770000 0.03534518
v 0.09255195 0.10770000 0.03589963
v 0.06901918 0.02307424 0.01080603
v 0.07026763 0.10310806 0.01034159
v 0.07561284 0.10090252 0.00519006
v 0.07707585 0.09971146 0.00999843
v 0.06879648 0.02824820 0.01016805
v 0.07422120 0.02609790 0.01021541
v 0.08640826 0.01784664 0.00930046
v 0.07445435 0.01651575 0.00912210
v 0.08156720 0.03045070 0.00888275
v 0.08460713 0.02315303 0.00953596
v 0.08719058 0.02691855 0.00923867
v 0.08541583 0.01725281 0.00415367
v 0.09128767 0.01992053 0.00850790
v 0.07258253 0.06460433 0.00337178
v 0.06479909 0.06290372 0.00369238
v 0.07027036 0.05842106 0.00308659
v 0.09076959 0.02885593 0.00893326
v 0.09218885 0.02578956 0.00490119
v 0.09187376 0.03194026 0.00473181
v 0.08812862 0.03566537 0.00949266
v 0.08333427 0.06045073 0.00328341
v 0.09053307 0.09528044 0.03089839
v 0.08613468 0.09452852 0.02552680
v 0.08915235 0.09347930 0.02652322
v 0.09305825 0.09275977 0.02464436
v 0.06563713 0.10592922 0.03499542
v 0.07080893 0.10634711 0.03361276
v 0.08570834 0.09014617 0.02588691
v 0.06961523 0.04903926 0.00308732
v 0.09125193 0.01958458 0.00446467
v 0.08441961 0.10752489 0.03549230
v 0.07159178 0.10418232 0.03517508
v 0.07773866 0.10555453 0.03574271
v 0.07535090 0.09872257 0.03489273
v 0.07298051 0.09656322 0.01968652
v 0.06569598 0.10054298 0.01981613
v 0.09083705 0.10660451 0.03613056
v 0.08258778 0.09943717 0.03593613
v 0.08192099 0.10410141 0.03691234
v 0.06826019 0.01576445 0.00338750
v 0.08778394 0.10176980 0.03643579
v 0.08425439 0.09708963 0.03071910
v 0.08984097 0.09797687 0.03279003
v 0.08422333 0.09332540 0.02212427
v 0.09162616 0.09816805 0.01275119
v 0.06749733 0.09576122 0.03093989
v 0.07621175 0.09525151 0.03075823
v 0.06948754 0.09254422 0.02573770
v 0.07091439 0.09453944 0.02635354
v 0.07640760 0.09249718 0.02532632
v 0.08239370 0.09204309 0.02510740
v 0.06749410 0.09446287 0.02359827
v 0.08584678 0.04836257 0.00317710
v 0.08933077 0.05584123 0.00338556
v 0.06711164 0.03659695 0.00907682
v 0.07717681 0.03455481 0.00957341
v 0.07264141 0.03204036 0.00837525
v 0.08125370 0.03656617 0.00903243
v 0.07815173 0.03104403 0.00765170
v 0.08986215 0.00018532 0.00044149
v 0.09376605 -0.00042796 0.00416551
v 0.09116458 0.04187304 0.00283981
v 0.09474865 0.04165963 0.00350107
v 0.08701954 0.03612325 0.00407434
v 0.09143382 0.00880545 0.00327634
v 0.08589849 0.00076629 0.00403641
v 0.08861432 0.01555009 0.00308240
v 0.09447909 0.09953129 0.00437313
v 0.08642304 0.10106013 0.00518450
v 0.08987485 0.06646095 0.00319810
v 0.09099914 0.07766466 0.00311695
v 0.07908186 0.07591875 0.00316651
v 0.06766265 -0.00466104 0.00029399
v 0.06654640 -0.00090388 0.00049394
v 0.07854683 -0.00533539 0.00036293
v 0.08256112 -0.00014686 0.00038610
v 0.07587897 -0.00085718 0.00069418
v 0.06578211 0.03764845 0.00468139
v 0.07233242 0.03625934 0.00458145
v 0.08111873 0.04179647 0.00311463
v 0.08121828 0.03701375 0.00423534
v 0.06946103 0.04105910 0.00330465
v 0.07930379 -0.00080023 0.00440647
v 0.08898302 0.08845678 0.00294947
v 0.06568061 0.04849167 0.00382185
v 0.08134681 0.08294972 0.00327858
v 0.07259206 0.07307216 0.00324557
v 0.08302166 0.00597878 0.00368731
v 0.08393586 0.09065288 0.00310661
v 0.07119449 0.08225370 0.00332077
v 0.07402918 0.08737122 0.00257235
v 0.07744557 0.01617457 0.00347503
v 0.07596174 0.09063049 0.00326039
v 0.06937734 0.09448340 0.00324709
v 0.07076360 0.00656506 0.00329253
v 0.07144068 0.00032969 0.00428280
v 0.07607924 0.09545354 0.00246995
v 0.08140637 0.09574561 0.00426761
v 0.07711945 0.09654022 0.00348434
v 0.08689268 0.09654992 0.00402317
v 0.08289513 0.10109114 0.00414333
v 0.07813525 0.09916714 0.00318471
v 0.09024686 0.09303429 0.00395862
v 0.07276996 0.09455247 0.00281327
v 0.07011758 0.09863013 0.00381479
v 0.07033282 0.10214176 0.00558311
v 0.06736112 0.00189733 0.00430880
f 5 6 7
f 1 8 2
f 2 8 3
f 8 11 12
f 1 13 8
f 11 8 14
f 18 19 20
f 18 20 14
f 13 9 23
f 20 24 11
f 20 19 24
f 6 12 7
f 12 11 7
f 14 13 23
f 18 14 23
f 9 28 23
f 23 28 18
f 27 3 12
f 29 24 30
f 24 19 30
f 7 11 24
f 5 32 31
f 7 32 5
f 31 32 33
f 4 27 6
f 6 5 4
f 8 12 3
f 12 6 27
f 8 13 14
f 14 20 11
f 32 7 33
f 7 24 16
f 7 16 33
f 35 16 24
f 15 16 35
f 29 30 36
f 24 29 35
f 35 29 15
f 29 36 34
f 17 22 39
f 38 37 25
f 37 21 25
f 38 25 40
f 17 40 25
f 41 17 42
f 41 40 17
f 17 39 42
f 21 43 26
f 9 10 28
f 45 46 47
f 48 46 45
f 50 18 28
f 18 50 51
f 54 55 53
f 52 54 53
f 54 44 55
f 44 49 55
f 51 19 18
f 19 51 57
f 58 59 60
f 51 50 61
f 51 61 62
f 63 64 10
f 65 64 63
f 64 65 61
f 61 66 62
f 51 62 57
f 45 47 57
f 57 62 66
f 66 45 57
f 70 45 66
f 70 48 45
f 28 71 50
f 30 72 36
f 30 57 72
f 10 64 28
f 69 67 43
f 64 50 71
f 28 64 71
f 36 72 34
f 64 61 50
f 57 47 72
f 47 46 72
f 68 73 52
f 68 52 56
f 75 58 76
f 52 73 54
f 77 78 79
f 76 78 77
f 75 77 80
f 75 81 58
f 81 59 58
f 63 84 65
f 61 65 85
f 66 61 85
f 63 74 84
f 84 74 86
f 85 70 66
f 85 88 70
f 89 88 85
f 70 88 90
f 84 77 91
f 85 65 84
f 88 79 90
f 84 91 85
f 89 85 91
f 89 91 77
f 90 79 92
f 79 78 92
f 79 88 89
f 79 89 77
f 84 86 77
f 82 86 74
f 82 83 86
f 87 53 93
f 55 93 53
f 77 86 80
f 77 75 76
f 92 94 90
f 70 94 48
f 90 94 70
f 48 94 95
f 94 92 96
f 96 95 94
f 78 96 92
f 76 58 97
f 58 60 97
f 97 96 78
f 78 76 97
f 69 68 56
f 67 69 56
f 19 57 30
f 1 2 98
f 10 9 100
f 9 13 102
f 13 1 103
f 17 25 106
f 25 21 108
f 21 26 109
f 37 38 111
f 21 37 112
f 40 41 114
f 38 40 115
f 41 42 116
f 52 53 119
f 55 49 121
f 56 52 123
f 49 44 125
f 43 21 113
f 26 43 128
f 43 67 130
f 67 56 131
f 68 69 133
f 63 10 135
f 44 54 137
f 54 73 139
f 74 63 140
f 82 74 142
f 69 43 127
f 87 93 147
f 53 87 149
f 93 55 150
f 73 68 134
f 98 99 1
f 100 101 10
f 102 100 9
f 103 102 13
f 106 107 17
f 108 106 25
f 109 110 21
f 111 112 37
f 112 113 21
f 114 115 40
f 115 117 38
f 116 118 41
f 119 120 52
f 121 122 55
f 123 124 56
f 125 126 49
f 113 127 43
f 128 129 26
f 130 128 43
f 131 132 67
f 133 134 68
f 135 136 63
f 137 138 44
f 139 137 54
f 140 141 74
f 142 143 82
f 127 146 69
f 147 148 87
f 149 119 53
f 150 147 93
f 134 151 73
f 1 99 103
f 2 152 98
f 2 153 152
f 17 107 154
f 21 110 108
f 17 154 105
f 38 155 111
f 38 117 156
f 38 156 155
f 41 118 114
f 26 129 109
f 44 138 125
f 49 126 157
f 52 120 123
f 49 158 121
f 67 132 159
f 67 159 130
f 56 124 131
f 10 101 160
f 69 161 133
f 10 160 135
f 49 157 158
f 74 141 162
f 73 163 139
f 74 162 142
f 82 164 144
f 82 143 164
f 73 151 163
f 87 165 166
f 63 136 140
f 87 166 167
f 87 148 165
f 87 167 149
f 55 122 150
f 69 146 161
f 2 3 168
f 4 5 170
f 22 17 172
f 27 4 174
f 3 27 176
f 5 31 177
f 39 22 179
f 42 39 181
f 17 105 183
f 105 104 184
f 116 42 185
f 153 2 187
f 168 169 2
f 170 171 4
f 172 173 22
f 174 175 27
f 176 168 3
f 177 178 5
f 179 180 39
f 181 182 42
f 183 172 17
f 184 183 105
f 185 186 116
f 187 186 153
f 5 178 170
f 22 173 188
f 22 188 179
f 27 175 176
f 4 171 174
f 31 189 177
f 42 182 190
f 39 191 181
f 39 180 191
f 2 169 192
f 104 193 184
f 42 190 185
f 2 192 187
f 104 186 193
f 29 34 194
f 15 29 195
f 48 95 197
f 16 15 199
f 31 33 201
f 33 16 203
f 46 48 205
f 60 59 207
f 72 46 210
f 34 72 212
f 95 96 214
f 96 97 216
f 97 60 218
f 189 31 220
f 194 195 29
f 195 196 15
f 197 198 48
f 199 200 16
f 201 202 31
f 203 204 33
f 205 206 46
f 207 208 60
f 210 211 72
f 212 213 34
f 214 215 95
f 216 217 96
f 218 219 97
f 220 221 189
f 15 196 222
f 34 223 194
f 48 198 224
f 95 225 197
f 15 222 199
f 16 200 226
f 31 202 227
f 33 204 201
f 48 224 205
f 46 206 228
f 60 208 229
f 59 209 207
f 72 211 212
f 34 213 230
f 95 215 225
f 96 217 214
f 97 219 231
f 189 221 232
f 16 226 203
f 34 230 223
f 46 228 210
f 97 231 216
f 60 233 218
f 60 229 233
f 31 227 234
f 31 234 220
f 75 80 235
f 59 81 237
f 83 82 239
f 86 83 241
f 80 86 242
f 81 75 236
f 82 144 245
f 144 145 246
f 209 59 248
f 235 236 75
f 237 238 59
f 239 240 83
f 241 242 86
f 242 243 80
f 236 244 81
f 245 239 82
f 246 245 144
f 248 249 209
f 59 238 250
f 59 250 251
f 83 252 253
f 83 253 241
f 80 243 235
f 81 244 237
f 83 240 252
f 145 247 246
f 59 251 248
f 256 257 99
f 256 99 98
f 258 259 101
f 258 101 100
f 258 260 102
f 258 102 100
f 257 261 103
f 257 103 99
f 260 261 103
f 260 103 102
f 262 263 105
f 262 105 104
f 264 265 107
f 264 107 106
f 264 266 108
f 264 108 106
f 266 267 110
f 266 110 108
f 268 267 110
f 268 110 109
f 269 270 112
f 269 112 111
f 270 271 113
f 270 113 112
f 272 273 115
f 272 115 114
f 273 274 117
f 273 117 115
f 272 275 118
f 272 118 114
f 276 275 118
f 276 118 116
f 277 278 120
f 277 120 119
f 279 280 122
f 279 122 121
f 278 281 123
f 278 123 120
f 281 282 124
f 281 124 123
f 283 284 126
f 283 126 125
f 271 285 127
f 271 127 113
f 268 286 129
f 268 129 109
f 287 286 129
f 287 129 128
f 287 288 130
f 287 130 128
f 282 289 131
f 282 131 124
f 289 290 132
f 289 132 131
f 291 292 134
f 291 134 133
f 293 294 136
f 293 136 135
f 283 295 138
f 283 138 125
f 296 295 138
f 296 138 137
f 296 297 139
f 296 139 137
f 294 298 140
f 294 140 136
f 298 299 141
f 298 141 140
f 300 301 143
f 300 143 142
f 302 303 145
f 302 145 144
f 285 304 146
f 285 146 127
f 305 306 148
f 305 148 147
f 277 307 149
f 277 149 119
f 280 308 150
f 280 150 122
f 305 308 150
f 305 150 147
f 292 309 151
f 292 151 134
f 256 310 152
f 256 152 98
f 310 311 153
f 310 153 152
f 263 312 154
f 263 154 105
f 265 312 154
f 265 154 107
f 269 313 155
f 269 155 111
f 274 314 156
f 274 156 117
f 313 314 156
f 313 156 155
f 284 315 157
f 284 157 126
f 279 316 158
f 279 158 121
f 315 316 158
f 315 158 157
f 288 317 159
f 288 159 130
f 290 317 159
f 290 159 132
f 259 318 160
f 259 160 101
f 293 318 160
f 293 160 135
f 291 319 161
f 291 161 133
f 304 319 161
f 304 161 146
f 299 320 162
f 299 162 141
f 300 320 162
f 300 162 142
f 297 321 163
f 297 163 139
f 309 321 163
f 309 163 151
f 301 322 164
f 301 164 143
f 302 322 164
f 302 164 144
f 306 323 165
f 306 165 148
f 323 324 166
f 323 166 165
f 307 325 167
f 307 167 149
f 324 325 167
f 324 167 166
f 326 327 169
f 326 169 168
f 328 329 171
f 328 171 170
f 330 331 173
f 330 173 172
f 329 332 174
f 329 174 171
f 332 333 175
f 332 175 174
f 326 334 176
f 326 176 168
f 333 334 176
f 333 176 175
f 328 335 178
f 328 178 170
f 336 335 178
f 336 178 177
f 337 338 180
f 337 180 179
f 339 340 182
f 339 182 181
f 330 341 183
f 330 183 172
f 341 342 184
f 341 184 183
f 262 343 186
f 262 186 104
f 276 343 186
f 276 186 116
f 311 343 186
f 311 186 153
f 344 343 186
f 344 186 185
f 343 345 187
f 343 187 186
f 331 346 188
f 331 188 173
f 337 346 188
f 337 188 179
f 336 347 189
f 336 189 177
f 340 348 190
f 340 190 182
f 344 348 190
f 344 190 185
f 338 349 191
f 338 191 180
f 339 349 191
f 339 191 181
f 327 350 192
f 327 192 169
f 345 350 192
f 345 192 187
f 342 351 193
f 342 193 184
f 343 351 193
f 343 193 186
f 347 352 232
f 347 232 189
f 303 353 247
f 303 247 145
f 356 357 355
f 356 359 357
f 356 358 359
f 355 360 354
f 355 357 361
f 355 361 360
f 357 359 361
f 360 362 354
f 358 363 364
f 359 358 364
f 361 365 360
f 362 360 366
f 359 364 367
f 363 370 364
f 364 370 371
f 372 367 364
f 368 373 371
f 369 374 373
f 368 369 373
f 375 376 365
f 375 377 376
f 369 375 374
f 375 365 378
f 371 372 364
f 367 379 359
f 367 374 379
f 359 378 361
f 371 370 368
f 372 373 367
f 359 379 378
f 361 378 365
f 373 372 371
f 373 374 367
f 375 379 374
f 379 375 378
f 360 365 366
f 365 376 366
f 385 382 383
f 384 382 385
f 381 384 386
f 387 381 386
f 388 384 385
f 389 386 388
f 388 386 384
f 390 385 383
f 385 390 391
f 393 392 389
f 391 390 394
f 393 389 395
f 395 389 388
f 388 385 396
f 396 385 391
f 388 396 395
f 397 396 391
f 387 398 381
f 387 399 398
f 400 399 387
f 403 400 387
f 386 403 387
f 386 392 403
f 392 400 403
f 389 392 386
f 397 391 394
f 395 396 397
f 401 395 397
f 401 397 402
f 401 393 395
f 398 404 381
f 366 376 405
f 362 366 406
f 354 362 406
f 406 407 354
f 410 407 406
f 410 411 407
f 410 406 412
f 414 413 409
f 419 414 409
f 398 420 404
f 421 422 366
f 421 366 405
f 412 421 423
f 424 419 409
f 410 412 426
f 406 422 412
f 427 426 412
f 428 425 429
f 406 366 422
f 412 422 421
f 430 424 409
f 416 427 412
f 416 412 423
f 431 426 432
f 432 433 431
f 410 426 431
f 431 435 434
f 433 435 431
f 437 438 439
f 435 440 441
f 433 440 435
f 433 437 440
f 440 437 439
f 442 414 419
f 426 427 432
f 437 433 443
f 438 437 443
f 427 416 415
f 433 444 443
f 431 411 410
f 445 424 430
f 411 431 434
f 444 438 443
f 444 418 438
f 444 417 418
f 420 429 404
f 447 430 436
f 448 429 420
f 449 447 448
f 398 450 420
f 450 398 399
f 450 446 452
f 450 452 420
f 446 448 452
f 448 420 452
f 404 380 381
f 449 448 446
f 380 404 429
f 451 453 445
f 445 430 447
f 449 445 447
f 451 445 449
f 446 451 449
f 436 409 408
f 455 456 457
f 428 436 425
f 436 430 409
f 445 453 455
f 428 447 436
f 457 442 419
f 448 428 429
f 457 454 442
f 456 454 457
f 457 419 424
f 455 457 424
f 445 455 424
f 453 456 455
f 448 447 428
f 355 354 261
f 356 355 256
f 358 356 310
f 363 358 311
f 369 368 459
f 370 363 461
f 377 375 312
f 376 377 266
f 375 369 263
f 368 370 462
f 381 380 269
f 382 384 314
f 384 381 313
f 383 382 272
f 390 383 464
f 394 390 465
f 405 376 268
f 408 409 283
f 409 413 315
f 415 416 281
f 423 421 317
f 421 405 288
f 416 423 289
f 354 407 318
f 429 425 291
f 407 411 293
f 434 435 320
f 436 408 297
f 435 441 300
f 440 439 302
f 441 440 322
f 425 436 321
f 433 432 324
f 411 434 298
f 432 427 325
f 444 433 323
f 427 415 307
f 417 444 308
f 380 429 319
f 261 257 355
f 256 310 356
f 310 311 358
f 311 458 363
f 459 460 369
f 461 462 370
f 312 265 377
f 266 267 376
f 263 312 375
f 462 463 368
f 269 313 381
f 314 274 382
f 313 314 384
f 272 275 383
f 464 465 390
f 465 466 394
f 268 286 405
f 283 295 408
f 315 284 409
f 281 278 415
f 317 290 423
f 288 317 421
f 289 282 416
f 318 259 354
f 291 319 429
f 293 318 407
f 316 315 413
f 320 299 434
f 297 321 436
f 300 320 435
f 302 322 440
f 322 301 441
f 321 309 425
f 324 323 433
f 298 294 411
f 325 324 432
f 323 306 444
f 307 325 427
f 308 280 417
f 319 304 380
f 355 257 256
f 354 259 258
f 354 258 260
f 354 260 261
f 363 458 468
f 363 468 461
f 368 469 459
f 369 460 262
f 369 262 263
f 377 265 264
f 377 264 266
f 376 267 268
f 368 463 470
f 368 470 469
f 380 270 269
f 380 271 270
f 382 273 272
f 383 276 464
f 382 274 273
f 383 275 276
f 394 471 472
f 394 466 471
f 394 472 467
f 415 278 277
f 417 280 279
f 416 282 281
f 409 284 283
f 380 285 271
f 405 286 287
f 405 287 288
f 423 290 289
f 425 292 291
f 411 294 293
f 408 295 296
f 408 296 297
f 434 299 298
f 441 301 300
f 439 303 302
f 380 304 285
f 444 306 305
f 415 277 307
f 444 305 308
f 425 309 292
f 392 393 473
f 393 401 475
f 400 392 478
f 446 450 480
f 451 446 482
f 450 399 484
f 453 451 488
f 454 456 490
f 456 453 489
f 399 400 493
f 473 474 392
f 475 476 393
f 478 479 400
f 480 481 446
f 482 483 451
f 484 485 450
f 488 489 453
f 490 491 454
f 489 492 456
f 493 494 399
f 393 495 473
f 392 474 478
f 393 476 495
f 400 496 493
f 400 479 496
f 401 497 475
f 401 477 497
f 446 481 482
f 399 494 484
f 450 485 480
f 456 492 490
f 451 498 488
f 451 483 498
f 454 491 486
f 397 394 499
f 402 397 500
f 394 467 502
f 401 402 504
f 477 401 505
f 499 500 397
f 500 501 402
f 502 503 394
f 504 505 401
f 505 506 477
f 402 501 507
f 394 503 499
f 467 508 502
f 402 507 509
f 402 509 504
f 418 417 510
f 439 438 512
f 438 418 514
f 414 442 516
f 442 454 518
f 413 414 520
f 417 279 522
f 316 413 524
f 279 316 525
f 303 439 526
f 454 486 527
f 486 487 528
f 510 511 418
f 512 513 439
f 514 515 438
f 516 517 414
f 518 519 442
f 520 521 413
f 522 523 417
f 524 525 316
f 525 522 279
f 526 353 303
f 527 518 454
f 528 527 486
f 418 511 529
f 417 523 510
f 439 513 530
f 439 530 531
f 414 517 520
f 418 529 514
f 438 515 512
f 442 519 516
f 413 521 524
f 439 531 526
f 487 532 528
f 533 534 474
f 533 474 473
f 535 536 476
f 535 476 475
f 537 538 479
f 537 479 478
f 539 540 481
f 539 481 480
f 541 542 483
f 541 483 482
f 543 544 485
f 543 485 484
f 545 546 487
f 545 487 486
f 547 548 489
f 547 489 488
f 549 550 491
f 549 491 490
f 548 551 492
f 548 492 489
f 552 553 494
f 552 494 493
f 554 533 473
f 554 473 495
f 534 537 478
f 534 478 474
f 536 554 495
f 536 495 476
f 555 552 493
f 555 493 496
f 538 555 496
f 538 496 479
f 556 535 475
f 556 475 497
f 557 556 497
f 557 497 477
f 540 541 482
f 540 482 481
f 553 543 484
f 553 484 494
f 544 539 480
f 544 480 485
f 551 549 490
f 551 490 492
f 558 547 488
f 558 488 498
f 542 558 498
f 542 498 483
f 550 545 486
f 550 486 491
f 559 560 500
f 559 500 499
f 560 561 501
f 560 501 500
f 562 563 503
f 562 503 502
f 564 565 505
f 564 505 504
f 565 566 506
f 565 506 505
f 561 567 507
f 561 507 501
f 563 559 499
f 563 499 503
f 568 562 502
f 568 502 508
f 567 569 509
f 567 509 507
f 569 564 504
f 569 504 509
f 570 571 513
f 570 513 512
f 573 574 517
f 573 517 516
f 575 576 519
f 575 519 518
f 577 578 521
f 577 521 520
f 579 580 525
f 579 525 524
f 581 255 353
f 581 353 526
f 582 575 518
f 582 518 527
f 583 582 527
f 583 527 528
f 571 584 530
f 571 530 513
f 584 585 531
f 584 531 530
f 574 577 520
f 574 520 517
f 572 570 512
f 572 512 515
f 576 573 516
f 576 516 519
f 578 579 524
f 578 524 521
f 585 581 526
f 585 526 531
f 546 586 532
f 546 532 487
f 586 583 528
f 586 528 532
f 590 591 592
f 594 595 596
f 596 595 597
f 594 596 598
f 597 599 596
f 600 596 599
f 601 596 600
f 602 593 591
f 587 591 593
f 602 591 590
f 590 595 602
f 591 588 592
f 592 588 589
f 595 603 597
f 599 604 600
f 590 592 603
f 590 603 595
f 604 606 607
f 609 607 608
f 605 606 604
f 604 607 600
f 608 610 609
f 611 608 612
f 610 608 611
f 613 614 615
f 609 600 607
f 615 600 609
f 600 615 601
f 613 615 609
f 610 613 609
f 610 611 616
f 587 593 461
f 595 594 459
f 593 602 470
f 602 595 469
f 610 616 472
f 613 610 471
f 461 468 587
f 459 469 595
f 470 463 593
f 469 470 602
f 472 471 610
f 471 466 613
f 467 472 616
f 594 460 459
f 593 462 461
f 593 463 462
f 613 465 464
f 613 466 465
f 589 588 328
f 598 596 346
f 596 601 337
f 591 587 334
f 588 591 332
f 592 589 336
f 614 613 348
f 615 614 339
f 601 615 349
f 587 468 350
f 594 598 342
f 613 464 344
f 468 458 345
f 460 594 351
f 328 335 589
f 346 331 598
f 337 346 596
f 334 333 591
f 332 329 588
f 336 347 592
f 348 340 614
f 339 349 615
f 349 338 601
f 350 327 587
f 342 351 594
f 344 348 613
f 345 350 468
f 351 343 460
f 587 327 326
f 588 329 328
f 598 331 330
f 591 333 332
f 587 326 334
f 589 335 336
f 601 338 337
f 614 340 339
f 598 330 341
f 598 341 342
f 464 343 344
f 458 343 345
f 597 603 617
f 599 597 619
f 604 599 621
f 605 604 623
f 603 592 625
f 606 605 627
f 608 607 629
f 607 606 631
f 612 608 633
f 592 347 635
f 617 618 597
f 619 620 599
f 621 622 604
f 623 624 605
f 625 626 603
f 627 628 606
f 629 630 608
f 631 632 607
f 633 634 612
f 635 636 592
f 597 618 619
f 599 620 621
f 604 622 623
f 605 624 638
f 603 626 639
f 606 628 640
f 608 630 641
f 607 632 629
f 612 634 642
f 592 636 643
f 603 639 617
f 592 643 644
f 605 638 645
f 592 644 625
f 606 640 631
f 605 645 627
f 608 646 633
f 608 641 646
f 612 642 637
f 347 352 635
f 611 612 647
f 616 611 649
f 467 616 650
f 612 637 652
f 647 648 611
f 649 650 616
f 650 651 467
f 652 653 612
f 611 648 649
f 467 651 508
f 612 653 647
f 654 655 626
f 654 626 625
f 656 657 628
f 656 628 627
f 658 659 630
f 658 630 629
f 660 661 632
f 660 632 631
f 662 663 634
f 662 634 633
f 664 665 636
f 664 636 635
f 655 666 639
f 655 639 626
f 657 667 640
f 657 640 628
f 659 668 641
f 659 641 630
f 661 658 629
f 661 629 632
f 663 669 642
f 663 642 634
f 665 670 643
f 665 643 636
f 670 671 644
f 670 644 643
f 671 654 625
f 671 625 644
f 667 660 631
f 667 631 640
f 672 662 633
f 672 633 646
f 668 672 646
f 668 646 641
f 669 673 637
f 669 637 642
f 254 664 635
f 254 635 352
f 674 675 648
f 674 648 647
f 676 677 650
f 676 650 649
f 677 678 651
f 677 651 650
f 673 679 652
f 673 652 637
f 679 680 653
f 679 653 652
f 675 676 649
f 675 649 648
f 678 568 508
f 678 508 651
f 680 674 647
f 680 647 653
f 557 566 506
f 557 506 477
f 681 682 683
f 684 682 681
f 685 686 687
f 688 686 689
f 683 690 691
f 692 693 694
f 688 689 681
f 695 694 696
f 695 697 698
f 695 699 697
f 692 694 700
f 701 700 695
f 700 694 695
f 696 699 695
f 696 702 703
f 696 703 704
f 705 706 707
f 702 707 708
f 696 704 699
f 709 710 711
f 712 713 714
f 715 716 717
f 718 719 720
f 714 713 721
f 720 719 722
f 701 695 698
f 723 701 717
f 712 724 713
f 701 723 725
f 712 726 724
f 727 728 729
f 728 727 730
f 727 731 730
f 701 698 697
f 732 724 726
f 725 692 700
f 701 725 700
f 693 733 734
f 735 726 736
f 737 718 738
f 739 736 740
f 741 740 742
f 743 735 736
f 732 735 744
f 683 691 745
f 737 746 747
f 748 745 685
f 701 697 715
f 747 746 749
f 745 748 750
f 717 701 715
f 748 751 750
f 752 748 753
f 682 754 755
f 756 757 758
f 759 760 761
f 762 693 692
f 710 752 763
f 764 765 766
f 767 758 754
f 768 715 697
f 755 690 682
f 769 721 770
f 769 770 764
f 755 691 690
f 773 774 749
f 697 699 768
f 691 755 685
f 690 683 682
f 745 691 685
f 688 775 753
f 688 765 775
f 768 699 704
f 768 704 776
f 766 777 764
f 778 779 780
f 711 781 782
f 783 723 717
f 723 783 725
f 784 785 727
f 786 782 781
f 692 725 762
f 693 762 787
f 693 787 733
f 753 775 763
f 788 789 790
f 762 725 783
f 782 786 791
f 792 789 788
f 765 764 775
f 792 788 754
f 713 724 793
f 727 785 731
f 794 721 713
f 693 734 702
f 795 796 779
f 794 797 798
f 734 707 702
f 799 800 789
f 801 755 788
f 802 733 787
f 705 733 802
f 705 707 803
f 734 803 707
f 779 796 780
f 702 708 703
f 802 742 706
f 778 780 804
f 760 805 806
f 770 721 794
f 705 802 706
f 789 800 807
f 733 803 734
f 788 755 754
f 808 809 810
f 811 812 813
f 801 788 790
f 704 814 776
f 792 754 758
f 704 815 814
f 787 762 783
f 816 718 737
f 771 772 817
f 816 818 718
f 819 783 717
f 820 787 783
f 741 742 802
f 748 752 751
f 789 807 790
f 808 810 821
f 822 750 714
f 753 763 752
f 801 790 823
f 824 728 730
f 750 751 714
f 777 750 822
f 707 706 752
f 707 752 708
f 801 685 755
f 790 807 823
f 823 689 801
f 742 740 714
f 742 714 751
f 706 742 751
f 777 721 769
f 736 712 740
f 718 720 825
f 708 752 826
f 710 826 752
f 823 807 684
f 709 826 710
f 807 827 684
f 792 758 757
f 740 712 714
f 733 705 803
f 721 822 714
f 789 792 799
f 792 757 799
f 726 712 736
f 801 686 685
f 801 689 686
f 775 710 763
f 732 726 735
f 777 822 721
f 777 769 764
f 684 827 682
f 682 767 754
f 767 682 827
f 689 823 684
f 828 796 795
f 775 764 781
f 758 767 756
f 703 708 709
f 757 829 799
f 708 826 709
f 807 800 827
f 752 706 751
f 732 744 831
f 711 710 775
f 732 831 832
f 794 798 764
f 689 684 681
f 770 794 764
f 711 775 781
f 703 709 704
f 711 791 709
f 791 711 782
f 798 781 764
f 781 798 786
f 686 688 687
f 766 681 683
f 688 681 766
f 713 793 794
f 811 786 797
f 687 753 685
f 794 793 797
f 724 732 793
f 793 732 833
f 685 753 748
f 793 833 834
f 797 793 834
f 791 786 835
f 704 709 815
f 683 745 750
f 709 791 815
f 786 836 837
f 765 688 766
f 786 837 835
f 815 791 835
f 798 797 786
f 687 688 753
f 766 683 777
f 683 750 777
f 786 838 836
f 786 813 838
f 786 811 813
f 693 696 694
f 833 732 839
f 839 732 832
f 839 840 833
f 759 841 842
f 833 840 834
f 759 842 843
f 768 729 715
f 693 702 696
f 840 839 844
f 716 715 729
f 840 797 834
f 840 811 797
f 811 845 812
f 773 846 847
f 722 719 821
f 848 849 842
f 850 851 852
f 851 853 852
f 854 847 846
f 841 848 842
f 855 747 850
f 856 857 858
f 859 855 850
f 856 860 853
f 853 860 861
f 860 856 862
f 850 852 863
f 850 863 859
f 864 854 865
f 854 864 847
f 856 858 862
f 808 821 719
f 866 867 808
f 860 867 866
f 747 749 868
f 867 862 809
f 869 809 858
f 860 866 861
f 821 810 796
f 862 867 860
f 856 870 857
f 828 821 796
f 862 858 809
f 737 747 855
f 810 809 871
f 871 809 869
f 858 872 869
f 849 848 872
f 849 872 858
f 863 852 861
f 873 874 875
f 858 857 849
f 743 876 877
f 875 877 876
f 739 875 876
f 875 874 877
f 852 853 861
f 878 879 880
f 816 881 818
f 785 784 882
f 868 749 774
f 859 881 816
f 816 737 855
f 816 855 859
f 859 863 881
f 863 818 881
f 861 866 818
f 863 861 818
f 760 759 843
f 760 806 761
f 883 875 880
f 875 878 880
f 851 850 868
f 808 867 809
f 884 885 882
f 886 805 843
f 843 805 760
f 872 848 869
f 888 889 890
f 869 848 891
f 847 864 892
f 893 885 894
f 722 817 772
f 888 821 889
f 869 891 871
f 828 889 821
f 889 828 779
f 854 720 865
f 821 888 722
f 779 828 795
f 722 772 895
f 720 722 895
f 720 895 865
f 882 893 785
f 882 885 893
f 817 896 771
f 871 897 810
f 888 890 896
f 889 778 890
f 810 897 796
f 896 890 898
f 796 897 899
f 897 900 899
f 888 896 817
f 847 901 773
f 773 901 774
f 892 901 847
f 898 771 896
f 868 774 901
f 737 738 746
f 746 773 749
f 796 899 780
f 773 746 738
f 738 825 846
f 773 738 846
f 718 825 738
f 846 825 854
f 899 804 780
f 902 903 728
f 779 778 889
f 778 898 890
f 778 830 898
f 718 818 808
f 904 905 728
f 818 866 808
f 906 907 908
f 909 907 906
f 910 909 906
f 894 909 910
f 888 817 722
f 812 912 913
f 873 914 874
f 894 910 911
f 813 913 838
f 813 812 913
f 915 916 917
f 908 907 917
f 909 915 907
f 915 917 907
f 836 915 918
f 913 917 916
f 913 916 838
f 894 918 909
f 918 915 909
f 885 884 920
f 835 921 922
f 885 920 922
f 837 918 921
f 814 882 784
f 912 908 923
f 920 835 922
f 920 884 815
f 921 918 922
f 915 838 916
f 912 925 908
f 923 913 912
f 836 918 837
f 894 911 893
f 917 923 908
f 915 836 838
f 885 922 894
f 784 727 814
f 917 913 923
f 918 894 922
f 728 905 716
f 716 729 728
f 808 719 718
f 921 835 837
f 727 729 814
f 824 730 887
f 819 905 904
f 819 904 926
f 927 824 887
f 920 815 835
f 884 882 815
f 814 815 882
f 776 814 729
f 824 902 728
f 729 768 776
f 761 902 824
f 717 716 905
f 717 905 819
f 927 928 824
f 761 824 928
f 886 843 870
f 870 883 886
f 925 919 908
f 870 843 842
f 870 842 857
f 857 842 849
f 926 904 903
f 875 739 741
f 875 741 878
f 879 929 880
f 883 880 929
f 731 785 924
f 841 759 761
f 761 928 841
f 883 929 930
f 883 930 886
f 886 930 805
f 931 877 874
f 739 876 743
f 891 848 841
f 806 930 929
f 806 805 930
f 887 900 927
f 850 747 868
f 900 897 927
f 891 927 897
f 902 806 926
f 903 902 926
f 902 761 806
f 879 820 929
f 891 928 927
f 741 802 878
f 929 820 806
f 926 806 819
f 787 820 879
f 802 787 879
f 819 806 820
f 879 878 802
f 874 914 931
f 820 783 819
f 728 903 904
f 735 931 744
f 891 841 928
f 877 931 743
f 735 743 931
f 739 740 741
f 739 743 736
f 825 720 854
f 871 891 897
f 767 827 932
f 756 767 932
f 912 933 925
f 934 935 936
f 936 937 934
f 934 937 938
f 939 936 935
f 940 941 942
f 943 942 939
f 944 942 943
f 944 945 942
f 946 947 948
f 949 950 951
f 952 953 954
f 955 956 957
f 958 959 950
f 960 958 950
f 958 948 959
f 958 946 948
f 961 962 963
f 964 965 966
f 963 967 968
f 967 969 968
f 936 939 941
f 970 953 952
f 971 972 973
f 935 974 939
f 975 800 976
f 975 976 977
f 932 827 975
f 827 800 975
f 978 979 965
f 980 981 982
f 979 978 983
f 979 983 984
f 985 986 987
f 988 983 978
f 973 972 981
f 989 984 983
f 990 983 991
f 983 988 991
f 991 992 990
f 993 994 995
f 839 832 844
f 829 996 997
f 799 829 997
f 998 999 996
f 954 955 952
f 996 999 997
f 1000 1001 1002
f 1003 1004 1005
f 1000 989 1001
f 953 1006 1007
f 1001 989 1002
f 840 1009 1010
f 1009 840 844
f 1011 1012 1013
f 831 1014 938
f 1015 1016 1017
f 1018 984 1000
f 1018 1000 1002
f 938 832 831
f 1013 1019 1011
f 1020 1021 995
f 1015 1022 1016
f 987 956 1023
f 840 1010 811
f 811 1010 1016
f 1016 1024 845
f 1018 1002 1025
f 829 1026 996
f 932 829 757
f 757 756 932
f 1000 984 989
f 1026 829 932
f 997 800 799
f 1027 1028 1019
f 844 938 1029
f 932 1030 1026
f 1030 932 975
f 844 1029 1009
f 1030 996 1026
f 1010 1009 1031
f 997 999 976
f 937 1031 1029
f 937 1029 938
f 1022 1024 1016
f 976 800 997
f 1029 1031 1009
f 1016 1010 1017
f 1031 1017 1010
f 964 987 1023
f 941 939 942
f 938 844 832
f 964 978 965
f 1014 934 938
f 971 1032 972
f 1033 1014 831
f 1034 934 1014
f 1033 831 744
f 981 1035 967
f 1034 1036 934
f 1034 1014 1033
f 1035 981 972
f 988 978 1037
f 1037 978 1023
f 935 934 1036
f 1036 974 935
f 974 943 939
f 972 1032 1035
f 974 1038 943
f 1039 1035 1032
f 953 1040 1006
f 1041 1033 914
f 971 966 1032
f 944 951 945
f 982 981 967
f 1042 1043 1044
f 1045 1044 1043
f 1004 1046 1005
f 812 845 1047
f 1048 1049 1050
f 1023 954 1037
f 944 949 951
f 1032 966 965
f 1050 1049 1051
f 1030 975 1052
f 1037 953 988
f 1053 1054 977
f 1053 1055 1054
f 1056 1051 1049
f 845 1024 1047
f 965 979 1032
f 1057 1053 1058
f 1056 1059 1051
f 1055 1053 1057
f 1054 1052 975
f 975 977 1054
f 943 1038 944
f 1054 1055 1060
f 1054 1060 1052
f 1060 1055 1057
f 1060 1062 1063
f 1057 1062 1060
f 1024 1022 1064
f 956 955 1023
f 1065 996 1030
f 998 1065 1066
f 1058 1045 1067
f 988 953 1007
f 1037 954 953
f 1058 1067 1057
f 955 954 1023
f 998 1066 1048
f 1068 1069 1022
f 1050 977 999
f 1070 1071 1064
f 991 1072 992
f 912 1071 933
f 949 960 950
f 1073 1042 1074
f 999 977 976
f 949 1075 960
f 991 988 1072
f 1065 1076 1066
f 1072 1007 1077
f 933 1071 1070
f 1053 977 1050
f 1078 1079 1035
f 1074 1080 1073
f 1072 1077 992
f 1048 1063 1049
f 1078 1035 1039
f 1078 1039 1081
f 1050 1051 1053
f 950 959 951
f 1049 1063 1056
f 1057 1067 1062
f 1082 1062 1067
f 1045 1083 1067
f 1030 1076 1065
f 1018 979 984
f 1051 1059 1058
f 1048 1066 1076
f 1048 1076 1063
f 1053 1051 1058
f 988 1007 1072
f 1073 1080 1084
f 1018 1032 979
f 1045 1043 1085
f 1086 1082 1087
f 1082 1067 1083
f 1045 1085 1083
f 1018 1039 1032
f 1088 1089 1090
f 1047 912 812
f 1080 1090 1089
f 1039 1018 1025
f 1063 1088 1056
f 1042 1091 1043
f 1092 1085 1093
f 1085 1094 1093
f 1095 1092 1096
f 1097 1012 1011
f 1092 1093 1096
f 1098 1012 1097
f 944 1075 949
f 1042 1073 1091
f 1089 1086 1080
f 1082 1083 1092
f 980 1093 1094
f 1076 1030 1052
f 1056 1090 1059
f 1084 1099 1073
f 1076 1060 1063
f 1076 1052 1060
f 1088 1063 1062
f 1088 1090 1056
f 1088 1082 1089
f 1085 1043 1091
f 1088 1062 1082
f 1089 1082 1086
f 990 989 983
f 1082 1092 1087
f 1095 947 946
f 1096 1093 1100
f 1101 1059 1090
f 1099 1091 1073
f 960 987 964
f 1080 1086 1087
f 1092 1083 1085
f 1095 1084 1087
f 1005 1046 1102
f 1103 1025 1002
f 1084 1080 1087
f 944 1038 1075
f 1090 1044 1101
f 1011 1028 1097
f 1090 1074 1044
f 947 1100 948
f 1019 1028 1011
f 1104 1093 982
f 960 1075 987
f 1059 1101 1045
f 1098 1097 1105
f 937 1106 1031
f 1017 1031 1106
f 1071 912 1047
f 744 931 1033
f 996 1065 998
f 1107 937 936
f 936 941 1107
f 1064 1047 1024
f 1045 1101 1044
f 1064 1022 1070
f 1002 989 1103
f 1064 1071 1047
f 998 1050 999
f 989 1108 1103
f 937 1107 1106
f 1105 1109 1110
f 1058 1059 1045
f 1111 1099 1084
f 1109 1112 1110
f 998 1048 1050
f 1006 1077 1007
f 1115 1114 1113
f 1015 1116 1117
f 1090 1080 1074
f 1106 1015 1017
f 1106 1116 1015
f 1118 1119 1120
f 1015 1117 1121
f 925 933 1122
f 1044 1074 1042
f 925 1122 919
f 1123 1120 1124
f 1107 940 1125
f 1123 1124 1112
f 1126 1127 1128
f 873 1129 1041
f 1130 1131 1127
f 1131 1132 1127
f 1069 1070 1022
f 1107 941 940
f 1046 1133 1102
f 1111 973 1099
f 1117 1134 1135
f 1099 973 1091
f 1106 1107 1125
f 1113 933 1115
f 973 1094 1091
f 1134 1136 1135
f 933 1137 1115
f 1108 989 1138
f 1134 1116 1106
f 1125 1134 1106
f 1139 1140 1141
f 1130 1142 1143
f 1144 1125 940
f 1140 1145 1146
f 1098 1105 1147
f 1022 1015 1068
f 1144 1134 1125
f 1015 1121 1068
f 1134 1144 1148
f 1142 1130 1126
f 1142 1126 1149
f 1150 1012 1098
f 1146 1141 1140
f 1143 1151 1130
f 1094 973 981
f 1094 981 980
f 1087 1092 1095
f 973 958 971
f 1117 1116 1134
f 958 966 971
f 1084 1095 946
f 960 966 958
f 1139 1152 1153
f 1117 1135 1121
f 1146 1154 1141
f 1135 1155 1121
f 1156 1142 1157
f 1084 946 1111
f 1081 1025 1103
f 1025 1081 1039
f 1142 1149 1157
f 1136 1134 1148
f 1158 1121 1155
f 946 958 1111
f 973 1111 958
f 1142 1159 1143
f 1155 1135 1160
f 960 964 966
f 1153 1161 1162
f 1163 1159 1142
f 967 1035 1079
f 1164 1165 1166
f 1152 1154 1167
f 1142 1156 1163
f 1141 1154 1152
f 1153 1168 1161
f 1150 1169 1012
f 1085 1091 1094
f 1023 978 964
f 1170 1081 1103
f 967 1079 969
f 1118 1161 1168
f 1078 1081 1171
f 1095 1096 947
f 1132 1131 1145
f 1145 1131 1172
f 1173 1169 1174
f 1093 980 982
f 1145 1172 1146
f 1169 1013 1012
f 1013 1169 1173
f 1167 1175 1168
f 1146 1176 1154
f 1136 1148 1177
f 1170 1179 1081
f 1136 1177 1135
f 1180 1154 1176
f 1139 1141 1152
f 1113 1122 933
f 1148 1182 1183
f 1148 1183 1177
f 1177 1160 1135
f 1178 1180 1176
f 1013 1027 1019
f 1137 933 1070
f 1013 1173 1027
f 1079 1171 969
f 1079 1078 1171
f 1185 951 959
f 1154 1180 1167
f 1131 1186 1172
f 1150 1187 1169
f 1188 1189 1187
f 1190 1187 1150
f 1191 1188 1187
f 1192 1193 1182
f 1151 1186 1131
f 1188 1194 1189
f 1174 1195 1027
f 1196 1197 1198
f 948 1100 959
f 1081 1179 1171
f 1104 982 967
f 1196 1179 1199
f 942 945 940
f 945 1144 940
f 945 1200 1144
f 1198 1179 1196
f 1149 1201 1157
f 1027 1173 1174
f 1193 1183 1182
f 1077 1138 990
f 1126 1128 1149
f 1201 1149 1128
f 1157 1201 1202
f 1077 1203 1138
f 1203 1199 1108
f 1200 951 1185
f 1172 1176 1146
f 1200 945 951
f 1193 1104 967
f 1193 967 963
f 1200 1192 1148
f 1193 963 1183
f 1200 1148 1144
f 1156 1204 1163
f 1192 1182 1148
f 1138 989 990
f 1187 1174 1169
f 1157 1202 1156
f 1170 1108 1199
f 1205 1187 1189
f 1179 1170 1199
f 1194 1188 1128
f 1206 1128 1188
f 1176 1172 1181
f 1176 1181 1178
f 1183 963 962
f 1207 1137 1070
f 1207 1070 1069
f 1109 1097 1028
f 1186 1208 1181
f 1109 1028 1209
f 1174 1187 1205
f 1205 1139 1174
f 1200 1185 1192
f 1186 1181 1172
f 1028 1195 1209
f 1204 1156 1202
f 1205 1140 1139
f 990 992 1077
f 1100 1192 1185
f 1177 1183 962
f 1208 1184 1181
f 1195 1162 1209
f 1100 1093 1104
f 1210 1177 962
f 1103 1108 1170
f 1194 1205 1189
f 1097 1109 1105
f 959 1100 1185
f 1100 1104 1192
f 1108 1138 1203
f 1205 1145 1140
f 1192 1104 1193
f 1096 1100 947
f 1209 1123 1109
f 1163 1204 1211
f 1211 1212 1164
f 1162 1161 1209
f 1212 1211 1204
f 1212 1214 1164
f 1174 1153 1195
f 1165 1213 1184
f 1123 1209 1120
f 1209 1118 1120
f 1161 1118 1209
f 1174 1139 1153
f 1151 1131 1130
f 1112 1109 1123
f 1164 1214 994
f 1194 1132 1205
f 1194 1128 1132
f 1132 1128 1127
f 1115 1137 1207
f 1204 995 1212
f 1203 1215 1196
f 873 1041 914
f 1203 1077 1215
f 1203 1196 1199
f 1151 1216 1186
f 1214 1212 995
f 1205 1132 1145
f 1164 1213 1165
f 1216 1151 1217
f 1214 995 994
f 1143 1159 1151
f 1167 1180 1175
f 1151 1159 1217
f 1041 1034 1033
f 1126 1130 1127
f 1152 1167 1153
f 1159 1163 1211
f 1168 1153 1167
f 1211 1217 1159
f 1033 931 914
f 1218 1038 1219
f 1208 1186 1216
f 1003 1220 1098
f 1216 1165 1208
f 1216 1166 1165
f 1165 1184 1208
f 1219 1221 1218
f 1217 1164 1166
f 1217 1211 1164
f 1028 1027 1195
f 1217 1166 1216
f 1195 1153 1162
f 1038 1218 1222
f 1038 1222 1223
f 1224 1225 1021
f 1224 1021 1020
f 1201 1226 1202
f 1202 1227 1204
f 1227 1020 995
f 1228 1206 1188
f 995 1204 1227
f 1226 1201 1206
f 1206 1201 1128
f 1188 1191 1228
f 993 1225 1061
f 1021 993 995
f 1225 993 1021
f 1190 1150 1229
f 1150 1220 1229
f 1191 1187 1190
f 1150 1098 1220
f 1061 1008 993
f 994 993 1008
f 1020 1230 1224
f 1230 1020 1227
f 1215 1040 1231
f 1232 1197 1231
f 1215 1231 1197
f 1233 1230 1226
f 1110 1112 1234
f 1230 1227 1226
f 1226 1227 1202
f 1110 1234 1235
f 1105 1110 1235
f 1105 1235 1236
f 1171 1179 1198
f 1233 1226 1238
f 1040 1215 1077
f 1215 1197 1196
f 1077 1006 1040
f 1226 1206 1238
f 1206 1228 1238
f 1243 969 1171
f 1160 1244 1245
f 1233 1238 1247
f 1248 1249 1245
f 1247 1238 1228
f 1198 1243 1171
f 1249 1250 1251
f 1248 1250 1249
f 1252 1253 1254
f 1251 1255 1249
f 1251 1250 1254
f 1254 1253 1251
f 1256 1257 1255
f 1241 1242 1258
f 1258 1242 1259
f 1261 1251 1253
f 1263 1234 1264
f 1229 1220 1003
f 1229 1003 1005
f 1266 1229 1247
f 1267 1261 1114
f 1115 1267 1114
f 1268 1260 1231
f 1241 1258 1269
f 1248 1270 1250
f 1232 1231 1260
f 1271 1272 1273
f 1264 1234 1239
f 1276 1277 1278
f 1246 1264 1240
f 1255 1158 1249
f 1264 1237 1240
f 1155 1160 1245
f 1247 1229 1005
f 1279 1264 1246
f 1274 1275 1280
f 1158 1155 1249
f 1264 1279 1263
f 1261 1255 1251
f 1261 1267 1256
f 1255 1261 1256
f 1237 1264 1239
f 1281 1276 1278
f 1239 1112 1124
f 1239 1234 1112
f 1255 1257 1068
f 1282 1281 1265
f 1265 1283 1282
f 1207 1069 1256
f 1270 1244 1283
f 1282 1283 1244
f 1207 1256 1267
f 1069 1257 1256
f 1285 1257 1069
f 1286 1262 1287
f 1274 1287 1262
f 1288 1263 1279
f 1068 1257 1285
f 1235 1234 1263
f 1289 1232 1287
f 1235 1263 1288
f 1289 1287 1280
f 1249 1155 1245
f 1274 1280 1287
f 1259 1265 1258
f 1280 1275 1290
f 1288 1236 1235
f 1121 1158 1255
f 1121 1255 1068
f 1246 1260 1279
f 1068 1285 1069
f 1283 1265 1284
f 1241 1272 1291
f 1197 1232 1292
f 1289 1292 1232
f 1229 1266 1190
f 1260 1262 1286
f 1223 985 1075
f 1293 1198 1292
f 1292 1198 1197
f 1191 1266 1228
f 1272 1269 1273
f 1269 1272 1241
f 985 987 1075
f 1294 1293 1289
f 1075 1038 1223
f 1289 1280 1294
f 1295 1273 1269
f 1296 1290 1291
f 1293 1292 1289
f 1287 1232 1286
f 1273 1297 1271
f 1250 1270 1254
f 1294 1280 1296
f 968 1297 1273
f 1273 1295 1277
f 1296 1291 1272
f 1296 1272 1298
f 1191 1190 1266
f 1269 1278 1295
f 1271 1298 1272
f 1294 1299 1300
f 1278 1277 1295
f 1268 1279 1260
f 1301 1034 1041
f 968 1277 961
f 1294 1296 1298
f 1277 1276 961
f 974 1219 1038
f 1296 1280 1290
f 1288 1279 1302
f 1303 1288 1302
f 1036 1219 974
f 1279 1268 1302
f 1277 968 1273
f 1198 1293 1300
f 1198 1300 1243
f 1243 1299 1304
f 969 1297 968
f 1247 1228 1266
f 1036 1034 1301
f 1294 1298 1299
f 1260 1286 1232
f 1271 1299 1298
f 969 1243 1304
f 1271 1297 1299
f 969 1304 1297
f 1300 1293 1294
f 1269 1258 1281
f 1269 1281 1278
f 1243 1300 1299
f 1281 1258 1265
f 1297 1304 1299
f 1282 1276 1281
f 1160 1276 1282
f 1102 1133 1305
f 1306 1307 1221
f 1282 1244 1160
f 1308 986 1309
f 1309 986 1222
f 1276 1160 1210
f 1222 986 985
f 1129 1310 1307
f 963 968 961
f 1276 962 961
f 1309 1102 1305
f 1309 1305 957
f 1115 1207 1267
f 1248 1245 1244
f 1210 962 1276
f 1307 1306 1129
f 1244 1270 1248
f 1210 1160 1177
f 1308 1309 957
f 1003 1311 1004
f 1222 1310 1309
f 1310 1222 1307
f 1312 1041 1129
f 1003 1147 1311
f 1218 1307 1222
f 1129 1306 1312
f 1133 970 1305
f 1284 1252 1254
f 1283 1284 1254
f 1270 1283 1254
f 970 957 1305
f 970 952 955
f 957 970 955
f 1312 1306 1219
f 1306 1221 1219
f 1036 1312 1219
f 1301 1312 1036
f 1301 1041 1312
f 1308 956 986
f 956 1308 957
f 986 956 987
f 1222 985 1223
f 953 970 1133
f 1268 1040 953
f 1221 1307 1218
f 1046 1268 953
f 1147 1003 1098
f 1046 953 1133
f 1303 1236 1288
f 1303 1311 1236
f 1040 1268 1231
f 1233 1224 1230
f 1311 1302 1004
f 1147 1105 1236
f 1268 1004 1302
f 1147 1236 1311
f 1303 1302 1311
f 1268 1046 1004
f 845 811 1016
f 772 771 1313
f 778 804 1315
f 887 730 1317
f 892 864 1319
f 864 865 1321
f 865 895 1323
f 895 772 1325
f 771 898 1327
f 868 901 1328
f 901 892 1330
f 898 830 1332
f 899 900 1334
f 911 910 533
f 910 906 537
f 893 911 554
f 908 919 552
f 906 908 555
f 785 893 535
f 924 785 556
f 900 887 1336
f 804 899 1338
f 830 778 1339
f 731 924 1341
f 730 731 1342
f 1008 1061 1344
f 1113 1114 541
f 1120 1119 1346
f 1124 1120 1347
f 919 1122 543
f 1178 1181 1349
f 1122 1113 539
f 1181 1184 1351
f 1119 1118 1352
f 1168 1175 1354
f 1118 1168 1355
f 1184 1213 1356
f 1213 1164 1358
f 1175 1180 1360
f 1180 1178 1362
f 1164 994 1363
f 994 1008 1365
f 1061 1225 1366
f 1237 1239 1368
f 1240 1237 1370
f 1242 1241 1372
f 1260 1246 1374
f 1246 1240 1371
f 1262 1260 1375
f 1265 1259 1378
f 1239 1124 1380
f 1275 1274 1381
f 1274 1262 1377
f 1259 1242 1384
f 1290 1275 1385
f 1291 1290 1386
f 1284 1265 1379
f 1241 1291 1387
f 1253 1252 549
f 1261 1253 547
f 1114 1261 558
f 1252 1284 545
f 1313 1314 772
f 1315 1316 778
f 1317 1318 887
f 1319 1320 892
f 1321 1322 864
f 1323 1324 865
f 1325 1326 895
f 1327 1313 771
f 1328 1329 868
f 1330 1331 901
f 1332 1333 898
f 1334 1335 899
f 533 554 911
f 537 534 910
f 554 536 893
f 552 555 908
f 555 538 906
f 535 556 785
f 556 557 924
f 1336 1337 900
f 1338 1315 804
f 1339 1340 830
f 1341 1342 731
f 1342 1343 730
f 1344 1345 1008
f 541 540 1113
f 1346 1347 1120
f 1347 1348 1124
f 543 553 919
f 1349 1350 1178
f 539 544 1122
f 1351 1349 1181
f 1352 1353 1119
f 1354 1355 1168
f 1355 1352 1118
f 1356 1357 1184
f 1358 1359 1213
f 1360 1361 1175
f 1362 1360 1180
f 1363 1364 1164
f 1365 1363 994
f 1366 1367 1061
f 1368 1369 1237
f 1370 1371 1240
f 1372 1373 1242
f 1374 1375 1260
f 1371 1376 1246
f 1375 1377 1262
f 1378 1379 1265
f 1380 1368 1239
f 1381 1382 1275
f 1377 1383 1274
f 1384 1378 1259
f 1385 1386 1290
f 1386 1387 1291
f 1379 546 1284
f 1387 1372 1241
f 549 551 1253
f 547 558 1261
f 558 542 1114
f 545 550 1252
f 772 1314 1325
f 778 1316 1339
f 830 1388 1332
f 830 1340 1388
f 864 1322 1319
f 865 1324 1321
f 895 1326 1323
f 887 1318 1336
f 898 1389 1327
f 892 1320 1330
f 898 1333 1389
f 901 1331 1328
f 910 534 533
f 893 536 535
f 924 557 1390
f 900 1337 1334
f 899 1335 1338
f 906 538 537
f 924 1390 1391
f 924 1391 1341
f 730 1343 1317
f 1008 1392 1365
f 1119 1393 1346
f 1124 1348 1380
f 1178 1350 1362
f 1113 540 539
f 1114 542 541
f 1184 1394 1351
f 1119 1353 1393
f 1122 544 543
f 1184 1357 1394
f 1213 1395 1356
f 1213 1359 1395
f 1175 1396 1354
f 1164 1364 1358
f 1175 1361 1396
f 1225 1397 1366
f 1061 1367 1344
f 1008 1345 1392
f 1237 1398 1370
f 1237 1369 1398
f 1242 1373 1399
f 1246 1400 1401
f 1246 1376 1400
f 1246 1401 1374
f 1242 1399 1402
f 1274 1383 1381
f 1284 546 545
f 1242 1402 1403
f 1242 1403 1384
f 1275 1382 1385
f 1253 548 547
f 1252 550 549
f 1253 551 548
f 919 553 552
f 1407 1408 1404
f 1404 1408 1405
f 1413 1406 1405
f 1408 1413 1405
f 1414 1413 1408
f 1406 1413 1412
f 1409 1404 1405
f 1413 1415 1412
f 1414 1415 1413
f 1414 1417 1418
f 1407 1410 1419
f 1407 1419 1414
f 1408 1407 1414
f 1423 1424 1418
f 1424 1415 1418
f 1419 1417 1414
f 1425 1424 1423
f 1418 1415 1414
f 1415 1424 1425
f 1420 1421 1428
f 1422 1420 1428
f 1416 1422 1429
f 1430 1431 1426
f 1426 1427 1430
f 1427 1428 1430
f 1430 1432 1431
f 1421 1430 1428
f 1421 1432 1430
f 1421 1433 1432
f 1435 1436 1410
f 1436 1435 1434
f 1434 1437 1436
f 1441 1442 1443
f 1444 1441 1443
f 1440 1442 1439
f 1439 1442 1441
f 1442 1445 1443
f 1437 1446 1436
f 1436 1417 1419
f 1436 1446 1417
f 1440 1447 1448
f 1442 1440 1448
f 1438 1449 1437
f 1449 1446 1437
f 1449 1450 1446
f 1454 1455 1456
f 1423 1457 1453
f 1447 1454 1448
f 1446 1457 1417
f 1435 1410 1411
f 1436 1419 1410
f 1446 1450 1453
f 1459 1449 1460
f 1449 1462 1460
f 1459 1460 1463
f 1450 1449 1459
f 1446 1453 1457
f 1460 1462 1463
f 1465 1451 1464
f 1450 1459 1465
f 1464 1450 1465
f 1466 1465 1459
f 1459 1463 1466
f 1468 1466 1463
f 1462 1469 1463
f 1469 1444 1463
f 1463 1444 1468
f 1443 1468 1444
f 1470 1468 1471
f 1451 1470 1471
f 1468 1470 1466
f 1451 1465 1470
f 1466 1470 1465
f 1443 1473 1474
f 1443 1474 1468
f 1473 1456 1474
f 1443 1445 1473
f 1448 1445 1442
f 1473 1445 1448
f 1471 1468 1474
f 1471 1474 1456
f 1451 1471 1452
f 1471 1456 1452
f 1454 1473 1448
f 1449 1438 1475
f 1449 1475 1462
f 1462 1475 1477
f 1478 1458 1461
f 1480 1482 1481
f 1483 1484 1482
f 1476 1477 1475
f 1476 1469 1477
f 1477 1469 1462
f 1444 1469 1441
f 1487 1489 1488
f 1472 1488 1489
f 1487 1486 1489
f 1472 1489 1483
f 1486 1484 1489
f 1489 1484 1483
f 1454 1456 1473
f 1467 1491 1458
f 1467 1490 1491
f 1431 1491 1490
f 1458 1491 1432
f 1431 1432 1491
f 1418 1457 1423
f 1417 1457 1418
f 1412 1415 1492
f 1421 1420 1496
f 1422 1416 1495
f 1415 1425 1499
f 1420 1422 1500
f 1427 1426 1501
f 1422 1428 1503
f 1429 1422 1504
f 1428 1427 1502
f 1433 1421 1509
f 1425 1423 1511
f 1451 1452 1513
f 1423 1453 1515
f 1456 1455 1516
f 1452 1456 1517
f 1453 1450 1518
f 1432 1433 1520
f 1458 1432 1521
f 1461 1458 1522
f 1450 1464 1524
f 1478 1461 1526
f 1480 1481 1528
f 1472 1483 1530
f 1482 1484 1532
f 1479 1485 1534
f 1482 1480 1536
f 1485 1479 1538
f 1483 1482 1540
f 1486 1487 1543
f 1484 1486 1545
f 1481 1482 1546
f 1458 1478 1548
f 1464 1451 1550
f 1490 1467 1552
f 1431 1490 1555
f 1426 1431 1556
f 1467 1458 1549
f 1492 1493 1412
f 1496 1497 1421
f 1495 1498 1422
f 1499 1492 1415
f 1500 1496 1420
f 1501 1502 1427
f 1503 1504 1422
f 1504 1507 1429
f 1502 1508 1428
f 1509 1510 1433
f 1511 1512 1425
f 1513 1514 1451
f 1515 1511 1423
f 1516 1517 1456
f 1517 1513 1452
f 1518 1519 1453
f 1520 1521 1432
f 1521 1522 1458
f 1522 1523 1461
f 1524 1518 1450
f 1526 1527 1478
f 1528 1529 1480
f 1530 1531 1472
f 1532 1533 1482
f 1534 1535 1479
f 1536 1537 1482
f 1538 1539 1485
f 1540 1541 1483
f 1542 1543 1487
f 1543 1544 1486
f 1545 1532 1484
f 1546 1547 1481
f 1548 1549 1458
f 1550 1551 1464
f 1552 1553 1490
f 1555 1556 1431
f 1556 1557 1426
f 1549 1558 1467
f 1425 1559 1499
f 1425 1512 1559
f 1421 1497 1509
f 1422 1498 1500
f 1426 1557 1560
f 1426 1560 1501
f 1428 1508 1503
f 1429 1507 1505
f 1433 1510 1561
f 1453 1519 1515
f 1433 1562 1563
f 1433 1561 1562
f 1433 1563 1564
f 1433 1564 1520
f 1461 1523 1565
f 1467 1566 1552
f 1472 1531 1525
f 1455 1567 1568
f 1455 1554 1567
f 1479 1535 1569
f 1461 1565 1570
f 1485 1571 1534
f 1480 1572 1573
f 1464 1551 1524
f 1480 1573 1536
f 1482 1537 1540
f 1483 1541 1530
f 1461 1570 1526
f 1485 1574 1571
f 1480 1529 1572
f 1485 1575 1574
f 1451 1576 1550
f 1481 1547 1528
f 1451 1514 1576
f 1486 1544 1577
f 1486 1577 1545
f 1482 1533 1546
f 1467 1558 1566
f 1485 1578 1575
f 1478 1579 1548
f 1485 1539 1578
f 1478 1527 1579
f 1479 1569 1538
f 1455 1568 1516
f 1490 1553 1580
f 1490 1580 1555
f 1454 1447 1581
f 1487 1488 1583
f 1488 1472 1585
f 1472 1525 1589
f 1542 1487 1584
f 1455 1454 1592
f 1554 1455 1593
f 1581 1582 1454
f 1583 1584 1487
f 1585 1586 1488
f 1587 1588 1447
f 1589 1590 1472
f 1584 1591 1542
f 1592 1593 1455
f 1593 1594 1554
f 1454 1582 1595
f 1454 1595 1596
f 1488 1586 1583
f 1472 1590 1585
f 1447 1588 1581
f 1454 1596 1597
f 1525 1594 1589
f 1454 1597 1592
f 1542 1591 1594
f 1407 1404 1598
f 1410 1407 1599
f 1411 1410 1600
f 1404 1409 1602
f 1437 1434 1604
f 1438 1437 1605
f 1440 1439 1607
f 1439 1441 1609
f 1435 1411 1611
f 1434 1435 1613
f 1476 1475 1615
f 1475 1438 1606
f 1469 1476 1618
f 1441 1469 1619
f 1447 1440 1621
f 1587 1447 1622
f 1598 1599 1407
f 1599 1600 1410
f 1600 1601 1411
f 1602 1603 1404
f 1604 1605 1437
f 1605 1606 1438
f 1607 1608 1440
f 1609 1610 1439
f 1611 1612 1435
f 1613 1614 1434
f 1615 1616 1476
f 1606 1617 1475
f 1618 1619 1469
f 1619 1620 1441
f 1621 1622 1447
f 1622 1624 1587
f 1404 1625 1598
f 1404 1603 1625
f 1411 1601 1611
f 1409 1623 1626
f 1409 1626 1602
f 1434 1627 1604
f 1434 1614 1627
f 1439 1610 1628
f 1439 1628 1607
f 1441 1620 1629
f 1441 1629 1609
f 1440 1608 1621
f 1435 1630 1613
f 1435 1612 1630
f 1475 1631 1632
f 1475 1617 1631
f 1475 1632 1615
f 1476 1616 1618
f 1587 1624 1633
f 1406 1412 1634
f 1416 1429 1636
f 1412 1493 1638
f 1429 1505 1640
f 1493 1494 1641
f 1495 1416 1642
f 1505 1506 1644
f 1405 1406 1645
f 1409 1405 1647
f 1623 1409 1649
f 1634 1635 1406
f 1636 1637 1416
f 1638 1639 1412
f 1640 1636 1429
f 1641 1638 1493
f 1642 1643 1495
f 1644 1640 1505
f 1645 1646 1405
f 1647 1648 1409
f 1649 1650 1623
f 1412 1639 1634
f 1416 1637 1651
f 1416 1651 1652
f 1494 1643 1641
f 1506 1643 1644
f 1406 1635 1653
f 1416 1652 1654
f 1416 1655 1642
f 1405 1646 1647
f 1409 1648 1656
f 1406 1653 1645
f 1416 1654 1655
f 1409 1656 1657
f 1409 1657 1649
f 1660 1661 1493
f 1660 1493 1492
f 1661 1662 1494
f 1661 1494 1493
f 1663 1664 1497
f 1663 1497 1496
f 1665 1666 1498
f 1665 1498 1495
f 1660 1667 1499
f 1660 1499 1492
f 1663 1668 1500
f 1663 1500 1496
f 1666 1668 1500
f 1666 1500 1498
f 1669 1670 1502
f 1669 1502 1501
f 1671 1672 1504
f 1671 1504 1503
f 1673 1674 1506
f 1673 1506 1505
f 1672 1675 1507
f 1672 1507 1504
f 1673 1675 1507
f 1673 1507 1505
f 1670 1676 1508
f 1670 1508 1502
f 1671 1676 1508
f 1671 1508 1503
f 1664 1677 1509
f 1664 1509 1497
f 1677 1678 1510
f 1677 1510 1509
f 1679 1680 1512
f 1679 1512 1511
f 1681 1682 1514
f 1681 1514 1513
f 1679 1683 1515
f 1679 1515 1511
f 1681 1684 1517
f 1681 1517 1513
f 1685 1684 1517
f 1685 1517 1516
f 1683 1686 1519
f 1683 1519 1515
f 1687 1686 1519
f 1687 1519 1518
f 1688 1689 1521
f 1688 1521 1520
f 1689 1690 1522
f 1689 1522 1521
f 1690 1691 1523
f 1690 1523 1522
f 1687 1692 1524
f 1687 1524 1518
f 1693 1694 1527
f 1693 1527 1526
f 1695 1696 1529
f 1695 1529 1528
f 1697 1698 1531
f 1697 1531 1525
f 1699 1698 1531
f 1699 1531 1530
f 1700 1701 1533
f 1700 1533 1532
f 1702 1703 1535
f 1702 1535 1534
f 1704 1705 1537
f 1704 1537 1536
f 1706 1707 1539
f 1706 1539 1538
f 1705 1708 1540
f 1705 1540 1537
f 1699 1709 1541
f 1699 1541 1530
f 1708 1709 1541
f 1708 1541 1540
f 1710 1711 1543
f 1710 1543 1542
f 1711 1712 1544
f 1711 1544 1543
f 1700 1713 1545
f 1700 1545 1532
f 1701 1714 1546
f 1701 1546 1533
f 1695 1715 1547
f 1695 1547 1528
f 1714 1715 1547
f 1714 1547 1546
f 1716 1717 1549
f 1716 1549 1548
f 1692 1718 1551
f 1692 1551 1524
f 1719 1718 1551
f 1719 1551 1550
f 1720 1721 1553
f 1720 1553 1552
f 1722 1723 1556
f 1722 1556 1555
f 1723 1724 1557
f 1723 1557 1556
f 1717 1725 1558
f 1717 1558 1549
f 1667 1726 1559
f 1667 1559 1499
f 1680 1726 1559
f 1680 1559 1512
f 1669 1727 1560
f 1669 1560 1501
f 1724 1727 1560
f 1724 1560 1557
f 1678 1728 1561
f 1678 1561 1510
f 1728 1729 1562
f 1728 1562 1561
f 1729 1730 1563
f 1729 1563 1562
f 1688 1731 1564
f 1688 1564 1520
f 1730 1731 1564
f 1730 1564 1563
f 1691 1732 1565
f 1691 1565 1523
f 1720 1733 1566
f 1720 1566 1552
f 1725 1733 1566
f 1725 1566 1558
f 1734 1735 1567
f 1734 1567 1554
f 1685 1736 1568
f 1685 1568 1516
f 1735 1736 1568
f 1735 1568 1567
f 1703 1737 1569
f 1703 1569 1535
f 1706 1737 1569
f 1706 1569 1538
f 1693 1738 1570
f 1693 1570 1526
f 1732 1738 1570
f 1732 1570 1565
f 1702 1739 1571
f 1702 1571 1534
f 1696 1740 1572
f 1696 1572 1529
f 1704 1741 1573
f 1704 1573 1536
f 1740 1741 1573
f 1740 1573 1572
f 1739 1742 1574
f 1739 1574 1571
f 1742 1743 1575
f 1742 1575 1574
f 1682 1744 1576
f 1682 1576 1514
f 1719 1744 1576
f 1719 1576 1550
f 1712 1745 1577
f 1712 1577 1544
f 1713 1745 1577
f 1713 1577 1545
f 1707 1746 1578
f 1707 1578 1539
f 1743 1746 1578
f 1743 1578 1575
f 1694 1747 1579
f 1694 1579 1527
f 1716 1747 1579
f 1716 1579 1548
f 1721 1748 1580
f 1721 1580 1553
f 1722 1748 1580
f 1722 1580 1555
f 1749 1750 1582
f 1749 1582 1581
f 1751 1752 1584
f 1751 1584 1583
f 1751 1753 1586
f 1751 1586 1583
f 1754 1753 1586
f 1754 1586 1585
f 1749 1755 1588
f 1749 1588 1581
f 1756 1755 1588
f 1756 1588 1587
f 1754 1757 1590
f 1754 1590 1585
f 1758 1757 1590
f 1758 1590 1589
f 1752 1759 1591
f 1752 1591 1584
f 1760 1761 1593
f 1760 1593 1592
f 1697 1762 1594
f 1697 1594 1525
f 1710 1762 1594
f 1710 1594 1542
f 1734 1762 1594
f 1734 1594 1554
f 1758 1762 1594
f 1758 1594 1589
f 1759 1762 1594
f 1759 1594 1591
f 1761 1762 1594
f 1761 1594 1593
f 1750 1763 1595
f 1750 1595 1582
f 1763 1764 1596
f 1763 1596 1595
f 1760 1765 1597
f 1760 1597 1592
f 1764 1765 1597
f 1764 1597 1596
f 1756 1766 1633
f 1756 1633 1587
f 1662 1767 1643
f 1662 1643 1494
f 1665 1767 1643
f 1665 1643 1495
f 1674 1767 1643
f 1674 1643 1506
f 1768 1769 1770
f 1771 1770 1769
f 1772 1774 1773
f 1775 1776 1777
f 1775 1778 1779
f 1769 1780 1781
f 1773 1774 1783
f 1784 1774 1785
f 1785 1787 1784
f 1784 1787 1777
f 1784 1789 1774
f 1784 1777 1789
f 1776 1788 1790
f 1776 1786 1788
f 1776 1775 1779
f 1791 1774 1772
f 1791 1785 1774
f 1791 1792 1785
f 1783 1774 1789
f 1793 1783 1789
f 1794 1787 1795
f 1794 1777 1787
f 1794 1775 1777
f 1795 1775 1794
f 1775 1795 1778
f 1790 1793 1789
f 1777 1790 1789
f 1777 1776 1790
f 1793 1790 1788
f 1768 1780 1769
f 1769 1781 1771
f 1798 1797 1781
f 1801 1800 1799
f 1768 1802 1780
f 1802 1768 1801
f 1802 1801 1803
f 1803 1804 1802
f 1768 1800 1801
f 1803 1801 1799
f 1805 1780 1802
f 1805 1804 1798
f 1804 1805 1802
f 1804 1803 1806
f 1805 1798 1780
f 1798 1781 1780
f 1808 1809 1798
f 1798 1809 1797
f 1768 1770 1810
f 1807 1768 1810
f 1770 1771 1810
f 1785 1792 1811
f 1811 1787 1785
f 1813 1811 1792
f 1814 1813 1815
f 1811 1813 1814
f 1811 1816 1787
f 1811 1814 1817
f 1811 1817 1816
f 1815 1818 1814
f 1814 1818 1817
f 1787 1816 1795
f 1821 1822 1823
f 1817 1825 1816
f 1818 1826 1817
f 1827 1828 1829
f 1827 1830 1828
f 1831 1829 1828
f 1832 1829 1831
f 1831 1833 1832
f 1832 1834 1829
f 1836 1795 1816
f 1836 1816 1825
f 1817 1826 1825
f 1837 1825 1826
f 1836 1778 1795
f 1838 1820 1825
f 1825 1778 1836
f 1838 1825 1837
f 1825 1820 1778
f 1839 1841 1842
f 1840 1841 1839
f 1796 1842 1771
f 1843 1771 1842
f 1843 1841 1845
f 1843 1845 1846
f 1847 1833 1831
f 1822 1831 1828
f 1843 1846 1810
f 1848 1849 1850
f 1830 1822 1828
f 1851 1812 1852
f 1852 1853 1851
f 1827 1854 1855
f 1827 1855 1830
f 1824 1838 1856
f 1857 1853 1852
f 1854 1838 1855
f 1858 1851 1853
f 1838 1824 1820
f 1859 1858 1853
f 1853 1857 1859
f 1857 1861 1859
f 1862 1863 1857
f 1821 1847 1831
f 1841 1864 1845
f 1857 1863 1861
f 1862 1857 1860
f 1831 1822 1821
f 1861 1823 1859
f 1859 1823 1858
f 1846 1845 1864
f 1823 1822 1858
f 1861 1821 1823
f 1863 1866 1861
f 1861 1866 1821
f 1854 1856 1838
f 1869 1846 1864
f 1827 1829 1870
f 1815 1813 1871
f 1832 1872 1834
f 1873 1815 1871
f 1835 1832 1833
f 1873 1874 1815
f 1829 1834 1872
f 1872 1870 1829
f 1872 1832 1835
f 1815 1875 1818
f 1875 1876 1818
f 1815 1874 1876
f 1876 1875 1815
f 1877 1873 1871
f 1873 1877 1850
f 1879 1837 1876
f 1876 1837 1826
f 1881 1882 1879
f 1812 1851 1877
f 1837 1879 1882
f 1886 1887 1888
f 1889 1868 1890
f 1886 1868 1889
f 1892 1868 1886
f 1893 1892 1886
f 1895 1896 1888
f 1895 1897 1896
f 1884 1894 1898
f 1897 1899 1896
f 1896 1886 1888
f 1884 1898 1885
f 1899 1900 1901
f 1901 1896 1899
f 1887 1898 1894
f 1896 1893 1886
f 1896 1902 1893
f 1902 1903 1893
f 1901 1902 1896
f 1904 1905 1901
f 1905 1902 1901
f 1902 1905 1903
f 1883 1868 1892
f 1906 1895 1894
f 1894 1888 1887
f 1895 1888 1894
f 1904 1901 1900
f 1864 1900 1907
f 1864 1904 1900
f 1841 1904 1864
f 1903 1905 1878
f 1895 1906 1897
f 1904 1840 1905
f 1841 1840 1904
f 1911 1878 1905
f 1840 1911 1905
f 1897 1906 1909
f 1899 1897 1909
f 1899 1909 1908
f 1903 1892 1893
f 1867 1892 1903
f 1880 1867 1903
f 1867 1883 1892
f 1913 1885 1898
f 1915 1913 1898
f 1881 1849 1882
f 1915 1898 1887
f 1913 1912 1910
f 1915 1890 1913
f 1912 1913 1891
f 1890 1891 1913
f 1890 1915 1889
f 1887 1886 1889
f 1889 1915 1887
f 1899 1908 1900
f 1907 1900 1908
f 1914 1918 1908
f 1917 1918 1914
f 1917 1869 1918
f 1918 1907 1908
f 1869 1907 1918
f 1869 1864 1907
f 1873 1850 1919
f 1873 1919 1874
f 1877 1851 1850
f 1843 1842 1841
f 1810 1771 1843
f 1917 1916 1920
f 1781 1796 1771
f 1807 1810 1920
f 1810 1846 1920
f 1858 1850 1851
f 1850 1858 1848
f 1920 1846 1869
f 1920 1869 1917
f 1876 1874 1879
f 1818 1876 1826
f 1874 1881 1879
f 1821 1866 1847
f 1919 1881 1874
f 1919 1850 1881
f 1849 1881 1850
f 1830 1849 1848
f 1882 1849 1830
f 1837 1882 1838
f 1838 1882 1855
f 1858 1822 1830
f 1858 1830 1848
f 1855 1882 1830
f 1791 1772 1667
f 1792 1791 1726
f 1786 1776 1677
f 1782 1786 1668
f 1796 1781 1727
f 1781 1797 1669
f 1797 1809 1671
f 1809 1808 1673
f 1776 1779 1728
f 1813 1792 1683
f 1778 1820 1730
f 1779 1778 1729
f 1820 1824 1731
f 1824 1819 1688
f 1819 1824 1732
f 1840 1839 1720
f 1835 1844 1697
f 1857 1852 1736
f 1860 1857 1735
f 1854 1867 1737
f 1824 1856 1738
f 1856 1854 1702
f 1854 1827 1741
f 1871 1813 1692
f 1827 1870 1704
f 1870 1872 1708
f 1872 1835 1699
f 1856 1865 1693
f 1865 1856 1739
f 1867 1854 1740
f 1878 1865 1742
f 1877 1871 1719
f 1883 1867 1695
f 1812 1877 1744
f 1891 1890 1745
f 1890 1868 1713
f 1868 1883 1714
f 1911 1840 1733
f 1903 1878 1743
f 1912 1891 1710
f 1878 1911 1716
f 1880 1903 1746
f 1865 1878 1747
f 1867 1880 1706
f 1852 1812 1685
f 1839 1842 1748
f 1842 1796 1722
f 1667 1726 1791
f 1726 1680 1792
f 1677 1664 1786
f 1668 1666 1782
f 1727 1724 1796
f 1669 1727 1781
f 1671 1676 1797
f 1673 1675 1809
f 1728 1678 1776
f 1683 1686 1813
f 1730 1729 1778
f 1729 1728 1779
f 1731 1730 1820
f 1688 1731 1824
f 1732 1691 1819
f 1720 1733 1840
f 1697 1698 1835
f 1736 1735 1857
f 1735 1734 1860
f 1737 1703 1854
f 1738 1732 1824
f 1702 1739 1856
f 1741 1740 1854
f 1692 1718 1871
f 1704 1741 1827
f 1708 1705 1870
f 1699 1709 1872
f 1693 1738 1856
f 1739 1742 1865
f 1740 1696 1867
f 1742 1743 1878
f 1719 1744 1877
f 1695 1715 1883
f 1744 1682 1812
f 1745 1712 1891
f 1713 1745 1890
f 1714 1701 1868
f 1733 1725 1911
f 1743 1746 1903
f 1710 1922 1912
f 1716 1747 1878
f 1746 1707 1880
f 1747 1694 1865
f 1706 1737 1867
f 1685 1736 1852
f 1748 1721 1839
f 1722 1748 1842
f 1772 1661 1660
f 1772 1662 1661
f 1786 1664 1663
f 1782 1666 1665
f 1772 1660 1667
f 1786 1663 1668
f 1797 1670 1669
f 1809 1672 1671
f 1808 1674 1673
f 1809 1675 1672
f 1797 1676 1670
f 1776 1678 1677
f 1792 1680 1679
f 1812 1682 1681
f 1792 1679 1683
f 1812 1684 1685
f 1812 1681 1684
f 1813 1686 1687
f 1819 1689 1688
f 1819 1690 1689
f 1819 1691 1690
f 1813 1687 1692
f 1865 1694 1693
f 1867 1696 1695
f 1835 1698 1699
f 1868 1701 1700
f 1854 1703 1702
f 1870 1705 1704
f 1880 1707 1706
f 1872 1709 1708
f 1891 1711 1710
f 1891 1712 1711
f 1868 1700 1713
f 1883 1715 1714
f 1911 1717 1716
f 1871 1718 1719
f 1839 1721 1720
f 1860 1734 1923
f 1796 1723 1722
f 1796 1724 1723
f 1911 1725 1717
f 1799 1800 1924
f 1800 1768 1927
f 1768 1807 1929
f 1894 1884 1931
f 1906 1894 1933
f 1908 1909 1935
f 1909 1906 1937
f 1914 1908 1936
f 1917 1914 1939
f 1916 1917 1940
f 1920 1916 1942
f 1807 1920 1944
f 1924 1925 1799
f 1927 1928 1800
f 1929 1927 1768
f 1931 1932 1894
f 1933 1934 1906
f 1935 1936 1908
f 1937 1935 1909
f 1936 1938 1914
f 1939 1940 1917
f 1940 1941 1916
f 1942 1943 1920
f 1944 1945 1807
f 1799 1925 1946
f 1800 1928 1947
f 1800 1947 1924
f 1799 1946 1926
f 1807 1945 1929
f 1894 1932 1933
f 1906 1934 1948
f 1906 1948 1949
f 1884 1930 1931
f 1906 1949 1937
f 1914 1950 1939
f 1914 1938 1950
f 1916 1941 1942
f 1920 1943 1944
f 1773 1783 1951
f 1786 1782 1953
f 1788 1786 1954
f 1783 1793 1956
f 1793 1788 1958
f 1803 1799 1960
f 1804 1806 1962
f 1798 1804 1963
f 1808 1798 1964
f 1806 1803 1966
f 1772 1773 1968
f 1662 1772 1969
f 1674 1808 1970
f 1782 1665 1767
f 1799 1926 1972
f 1951 1952 1773
f 1953 1954 1786
f 1954 1955 1788
f 1956 1957 1783
f 1958 1959 1793
f 1960 1961 1803
f 1962 1963 1804
f 1963 1964 1798
f 1964 1965 1808
f 1966 1967 1806
f 1968 1969 1772
f 1969 1767 1662
f 1970 1767 1674
f 1767 1971 1782
f 1972 1960 1799
f 1773 1952 1973
f 1783 1957 1951
f 1788 1955 1958
f 1793 1974 1956
f 1793 1959 1974
f 1803 1961 1975
f 1803 1975 1966
f 1806 1967 1976
f 1806 1976 1962
f 1773 1973 1977
f 1782 1971 1953
f 1808 1965 1970
f 1773 1977 1968
f 1926 1978 1972
f 1835 1833 1979
f 1833 1847 1981
f 1863 1862 1983
f 1862 1860 1985
f 1866 1863 1984
f 1847 1866 1986
f 1844 1835 1988
f 1884 1885 1990
f 1885 1913 1992
f 1913 1910 1994
f 1910 1912 1995
f 1912 1922 1997
f 1922 1921 1998
f 1697 1844 1999
f 1860 1923 2000
f 1930 1884 2002
f 1979 1980 1835
f 1981 1982 1833
f 1983 1984 1863
f 1985 1983 1862
f 1984 1986 1866
f 1986 1987 1847
f 1988 1989 1844
f 1990 1991 1884
f 1992 1993 1885
f 1994 1992 1913
f 1995 1996 1910
f 1997 1995 1912
f 1998 1997 1922
f 1999 2000 1697
f 2000 2001 1860
f 2002 2003 1930
f 1833 1982 1979
f 1860 2004 1985
f 1847 1987 2005
f 1835 1980 1988
f 1847 2005 1981
f 1884 1991 2006
f 1885 1993 1990
f 1910 2007 1994
f 1910 1996 2007
f 1860 2001 2004
f 1844 1989 2008
f 1921 2009 1998
f 1844 2008 1999
f 1921 2000 2009
f 1884 2006 2002
f 2010 2011 1925
f 2010 1925 1924
f 2012 2013 1928
f 2012 1928 1927
f 2014 2012 1927
f 2014 1927 1929
f 2015 2016 1932
f 2015 1932 1931
f 2017 2018 1934
f 2017 1934 1933
f 2019 2020 1936
f 2019 1936 1935
f 2021 2019 1935
f 2021 1935 1937
f 2020 2022 1938
f 2020 1938 1936
f 2023 2024 1940
f 2023 1940 1939
f 2024 2025 1941
f 2024 1941 1940
f 2026 2027 1943
f 2026 1943 1942
f 2028 2029 1945
f 2028 1945 1944
f 2011 2030 1946
f 2011 1946 1925
f 2013 2031 1947
f 2013 1947 1928
f 2031 2010 1924
f 2031 1924 1947
f 2030 2032 1926
f 2030 1926 1946
f 2029 2014 1929
f 2029 1929 1945
f 2016 2017 1933
f 2016 1933 1932
f 2018 2033 1948
f 2018 1948 1934
f 2033 2034 1949
f 2033 1949 1948
f 2035 2015 1931
f 2035 1931 1930
f 2034 2021 1937
f 2034 1937 1949
f 2036 2023 1939
f 2036 1939 1950
f 2022 2036 1950
f 2022 1950 1938
f 2025 2026 1942
f 2025 1942 1941
f 2027 2028 1944
f 2027 1944 1943
f 2037 2038 1952
f 2037 1952 1951
f 2040 2041 1961
f 2040 1961 1960
f 2042 2043 1963
f 2042 1963 1962
f 2043 2044 1964
f 2043 1964 1963
f 2044 2045 1965
f 2044 1965 1964
f 2046 2047 1967
f 2046 1967 1966
f 2048 2049 1969
f 2048 1969 1968
f 2049 1658 1767
f 2049 1767 1969
f 2050 1659 1767
f 2050 1767 1970
f 2051 2040 1960
f 2051 1960 1972
f 2038 2052 1973
f 2038 1973 1952
f 2039 2037 1951
f 2039 1951 1957
f 2041 2053 1975
f 2041 1975 1961
f 2053 2046 1966
f 2053 1966 1975
f 2047 2054 1976
f 2047 1976 1967
f 2054 2042 1962
f 2054 1962 1976
f 2052 2055 1977
f 2052 1977 1973
f 2045 2050 1970
f 2045 1970 1965
f 2055 2048 1968
f 2055 1968 1977
f 2032 2056 1978
f 2032 1978 1926
f 2056 2051 1972
f 2056 1972 1978
f 2057 2058 1980
f 2057 1980 1979
f 2060 2061 1984
f 2060 1984 1983
f 2062 2060 1983
f 2062 1983 1985
f 2061 2063 1986
f 2061 1986 1984
f 2063 2064 1987
f 2063 1987 1986
f 2065 2066 1991
f 2065 1991 1990
f 2067 2068 1993
f 2067 1993 1992
f 2069 2067 1992
f 2069 1992 1994
f 2070 2071 1996
f 2070 1996 1995
f 2072 2070 1995
f 2072 1995 1997
f 2073 2072 1997
f 2073 1997 1998
f 2074 2075 2001
f 2074 2001 2000
f 2078 2077 2003
f 2078 2003 2002
f 2059 2057 1979
f 2059 1979 1982
f 2079 2062 1985
f 2079 1985 2004
f 2064 2080 2005
f 2064 2005 1987
f 2066 2081 2006
f 2066 2006 1991
f 2068 2065 1990
f 2068 1990 1993
f 2082 2069 1994
f 2082 1994 2007
f 2071 2082 2007
f 2071 2007 1996
f 2075 2079 2004
f 2075 2004 2001
f 2083 2073 1998
f 2083 1998 2009
f 2076 2083 2009
f 2076 2009 2000
f 2081 2078 2002
f 2081 2002 2006
f 2085 1921 1922
f 2085 1922 1762
f 1749 1755 2084
f 1762 1759 2085
f 2085 1752 1751
f 2084 1755 1756
f 2085 1759 1752
f 1923 1761 1760
f 1923 1762 1761
f 1921 2085 2086
f 2085 1751 2087
f 1749 2084 2089
f 1923 1760 2091
f 1763 1750 2092
f 1764 1763 2094
f 1751 1753 2096
f 1754 1757 2097
f 1765 1764 2099
f 1758 1762 2000
f 1760 1765 2102
f 1750 1749 2090
f 1753 1754 2103
f 1757 1758 2104
f 2084 1756 2105
f 1756 1766 2107
f 2086 2000 1921
f 2087 2088 2085
f 2089 2090 1749
f 2091 2000 1923
f 2092 2093 1763
f 2094 2095 1764
f 2096 2087 1751
f 2097 2098 1754
f 2099 2100 1765
f 2000 2101 1758
f 2102 2091 1760
f 2090 2092 1750
f 2103 2096 1753
f 2104 2097 1757
f 2105 2106 2084
f 2107 2105 1756
f 2085 2088 2108
f 2085 2108 2109
f 2085 2109 2086
f 1763 2093 2094
f 1764 2095 2099
f 1754 2098 2103
f 1765 2100 2102
f 1758 2101 2104
f 2084 2110 2089
f 2084 2106 2110
f 2111 2076 2000
f 2111 2000 2086
f 2112 2113 2088
f 2112 2088 2087
f 2114 2115 2090
f 2114 2090 2089
f 2116 2074 2000
f 2116 2000 2091
f 2117 2118 2093
f 2117 2093 2092
f 2119 2120 2095
f 2119 2095 2094
f 2121 2112 2087
f 2121 2087 2096
f 2122 2123 2100
f 2122 2100 2099
f 2124 2116 2091
f 2124 2091 2102
f 2115 2117 2092
f 2115 2092 2090
f 2125 2126 2106
f 2125 2106 2105
f 2127 2128 2107
f 2127 2107 1766
f 2128 2125 2105
f 2128 2105 2107
f 2113 2129 2108
f 2113 2108 2088
f 2129 2130 2109
f 2129 2109 2108
f 2130 2111 2086
f 2130 2086 2109
f 2118 2119 2094
f 2118 2094 2093
f 2120 2122 2099
f 2120 2099 2095
f 2123 2124 2102
f 2123 2102 2100
f 2131 2114 2089
f 2131 2089 2110
f 2126 2131 2110
f 2126 2110 2106
f 2134 2135 1633
f 1611 1601 2132
f 1631 1617 2133
f 1633 1624 2134
f 2132 1599 1598
f 2132 1600 1599
f 2132 1601 1600
f 2133 1605 1604
f 2133 1606 1605
f 2133 1617 1606
f 2134 1622 1621
f 2134 1624 1622
f 2135 2134 2141
f 2132 1598 222
f 1611 2132 194
f 2133 1604 224
f 2134 1621 2143
f 1631 2133 197
f 1598 1625 199
f 1625 1603 226
f 1626 1623 227
f 1602 1626 201
f 1604 1627 205
f 1627 1614 228
f 1628 1610 2145
f 1607 1628 2147
f 1629 1620 229
f 1609 1629 207
f 1621 1608 2149
f 1613 1630 212
f 1630 1612 230
f 1632 1631 225
f 1615 1632 214
f 1618 1616 231
f 2136 2137 232
f 2138 2139 254
f 1603 1602 203
f 1608 1607 2151
f 1610 1609 2152
f 1612 1611 223
f 1614 1613 210
f 1616 1615 216
f 1619 1618 218
f 1620 1619 233
f 1623 2140 234
f 2140 2136 220
f 2137 2138 2153
f 2141 2142 2135
f 222 196 2132
f 194 223 1611
f 224 198 2133
f 2143 2144 2134
f 197 225 1631
f 199 222 1598
f 226 200 1625
f 227 202 1626
f 201 204 1602
f 205 224 1604
f 228 206 1627
f 2145 2146 1628
f 2147 2148 1607
f 229 208 1629
f 207 209 1609
f 2149 2143 1621
f 212 211 1613
f 230 213 1630
f 225 215 1632
f 214 217 1615
f 231 219 1618
f 232 221 2136
f 254 2150 2138
f 203 226 1603
f 2151 2149 1608
f 2152 2145 1610
f 223 230 1612
f 210 228 1614
f 216 231 1616
f 218 233 1619
f 233 229 1620
f 234 227 1623
f 220 234 2140
f 2153 232 2137
f 2132 195 194
f 2132 196 195
f 2134 2144 2154
f 2133 198 197
f 2134 2154 2155
f 2134 2155 2156
f 2134 2156 2141
f 1625 200 199
f 1626 202 201
f 1602 204 203
f 1627 206 205
f 1628 2146 2147
f 1607 2148 2151
f 1629 208 207
f 1609 209 2152
f 1613 211 210
f 1630 213 212
f 1632 215 214
f 1615 217 216
f 1618 219 218
f 2136 221 220
f 2138 2150 2153
f 2157 2158 618
f 2157 618 617
f 2159 2160 620
f 2159 620 619
f 2161 2162 622
f 2161 622 621
f 2163 2164 624
f 2163 624 623
f 2158 2159 619
f 2158 619 618
f 2160 2161 621
f 2160 621 620
f 2162 2163 623
f 2162 623 622
f 2164 2165 638
f 2164 638 624
f 666 2157 617
f 666 617 639
f 2165 2166 645
f 2165 645 638
f 2166 656 627
f 2166 627 645
f 2170 2169 2200
f 2189 2190 2167
f 2199 2194 2168
f 2200 2201 2170
f 2202 2203 2169
f 2167 2190 2210
f 2167 2210 2187
f 2169 2212 2200
f 2170 2201 2214
f 2169 2203 2212
f 2169 2170 2215
f 2167 2187 2217
f 2189 2167 2219
f 2168 2194 2220
f 2199 2168 2222
f 2202 2169 2224
f 2171 2172 2159
f 2172 2173 2161
f 2173 2174 2163
f 2174 2175 2165
f 2176 2177 666
f 2178 2179 667
f 2180 2181 668
f 2182 2180 658
f 2183 2184 2226
f 2185 2186 669
f 2187 2188 2228
f 2188 2191 2229
f 2192 2193 2231
f 2194 2195 2233
f 2196 2197 2234
f 2198 2199 2223
f 2197 2204 2237
f 2205 2206 670
f 2177 2171 2157
f 2206 2207 671
f 2175 2208 2166
f 2207 2176 654
f 2179 2182 660
f 2208 2178 656
f 2209 2185 662
f 2181 2209 672
f 2186 2189 673
f 2184 2192 2239
f 2191 2183 2240
f 2193 2211 2241
f 2211 2198 2242
f 2195 2213 2243
f 2213 2196 2244
f 2204 2202 2225
f 2139 2205 664
f 2215 2216 2169
f 2217 2218 2167
f 2219 673 2189
f 2220 2221 2168
f 2222 2223 2199
f 2224 2225 2202
f 2159 2158 2171
f 2161 2160 2172
f 2163 2162 2173
f 2165 2164 2174
f 666 655 2176
f 667 657 2178
f 668 659 2180
f 658 661 2182
f 2226 2227 2183
f 669 663 2185
f 2228 2217 2187
f 2229 2230 2188
f 2231 2232 2192
f 2233 2220 2194
f 2234 2235 2196
f 2223 2236 2198
f 2237 2238 2197
f 670 665 2205
f 2157 666 2177
f 671 670 2206
f 2166 2165 2175
f 654 671 2207
f 660 667 2179
f 656 2166 2208
f 662 672 2209
f 672 668 2181
f 673 669 2186
f 2239 2226 2184
f 2240 2229 2191
f 2241 2231 2193
f 2242 2241 2211
f 2243 2233 2195
f 2244 2243 2213
f 2225 2237 2204
f 664 254 2139
f 2167 2218 2245
f 2167 2245 2219
f 2168 2246 2222
f 2170 2247 2215
f 2170 2248 2247
f 2168 2221 2246
f 2169 2216 2224
f 2171 2158 2157
f 2172 2160 2159
f 2173 2162 2161
f 2174 2164 2163
f 2176 655 654
f 2178 657 656
f 2180 659 658
f 2182 661 660
f 2183 2227 2240
f 2185 663 662
f 2188 2230 2228
f 2192 2232 2239
f 2196 2235 2244
f 2198 2236 2242
f 2197 2238 2234
f 2205 665 664
f 2135 2249 2261
f 2254 2253 2270
f 2255 2254 2271
f 2257 2256 2281
f 2258 2257 2286
f 2251 2252 2304
f 2252 2251 2306
f 2249 2250 2308
f 2261 1633 2135
f 2266 2267 2250
f 2270 2271 2254
f 2271 2272 2255
f 2281 2282 2257
f 2286 2287 2258
f 2284 2291 2256
f 2298 2299 2259
f 2302 2303 2260
f 2304 2305 2251
f 2306 2307 2252
f 2308 2127 2249
f 2249 2127 2261
f 2251 2309 2306
f 2251 2310 2309
f 2251 2311 2310
f 2252 2312 2313
f 2252 2313 2314
f 2252 2307 2312
f 2250 2316 2317
f 2250 2318 2316
f 2250 2267 2318
f 2253 2319 2270
f 2255 2272 2320
f 2256 2291 2281
f 2255 2321 2285
f 2255 2320 2321
f 2257 2282 2322
f 2257 2322 2323
f 2257 2323 2286
f 2259 2299 2325
f 2259 2325 2326
f 2259 2326 2296
f 2260 2303 2300
f 2251 2305 2311
f 2252 2314 2304
f 2250 2317 2308
f 2249 2135 2327
f 2253 2254 2329
f 2254 2255 2331
f 2256 2257 2333
f 2257 2258 2335
f 2250 2249 2337
f 2266 2250 2339
f 2255 2285 2341
f 2258 2287 2342
f 2284 2256 2343
f 2259 2296 2345
f 2298 2259 2347
f 2260 2300 2349
f 2302 2260 2351
f 2262 2263 2353
f 2264 2265 2355
f 2268 2266 2340
f 2263 2269 2358
f 2273 2274 2360
f 2275 2276 2362
f 2276 2277 2364
f 2278 2279 2366
f 2279 2280 2368
f 2283 2284 2344
f 2285 2278 2371
f 2288 2289 2372
f 2287 2290 2374
f 2292 2293 2375
f 2294 2295 2377
f 2296 2297 2379
f 2300 2301 2380
f 2297 2302 2352
f 2315 2262 2382
f 2265 2315 2383
f 2289 2264 2384
f 2269 2268 2385
f 2274 2275 2386
f 2280 2283 2387
f 2290 2273 2388
f 2277 2292 2389
f 2293 2294 2390
f 2295 2324 2391
f 2324 2298 2348
f 2301 2288 2392
f 2327 2328 2249
f 2329 2330 2253
f 2331 2332 2254
f 2333 2334 2256
f 2335 2336 2257
f 2337 2338 2250
f 2339 2340 2266
f 2341 2331 2255
f 2342 2335 2258
f 2343 2344 2284
f 2345 2346 2259
f 2347 2348 2298
f 2349 2350 2260
f 2351 2352 2302
f 2353 2354 2262
f 2355 2356 2264
f 2340 2357 2268
f 2358 2359 2263
f 2360 2361 2273
f 2362 2363 2275
f 2364 2365 2276
f 2366 2367 2278
f 2368 2369 2279
f 2344 2370 2283
f 2371 2341 2285
f 2372 2373 2288
f 2374 2342 2287
f 2375 2376 2292
f 2377 2378 2294
f 2379 2345 2296
f 2380 2349 2300
f 2352 2381 2297
f 2382 2383 2315
f 2383 2355 2265
f 2384 2372 2289
f 2385 2358 2269
f 2386 2360 2274
f 2387 2368 2280
f 2388 2374 2290
f 2389 2364 2277
f 2390 2375 2293
f 2391 2377 2295
f 2348 2391 2324
f 2392 2380 2301
f 2135 2142 2327
f 2250 2338 2339
f 2254 2332 2329
f 2256 2334 2393
f 2257 2336 2394
f 2257 2394 2333
f 2256 2393 2343
f 2253 2395 2396
f 2253 2330 2395
f 2259 2346 2347
f 2260 2350 2351
f 2249 2328 2337
f 2262 2354 2382
f 2264 2356 2384
f 2268 2357 2385
f 2263 2359 2353
f 2273 2361 2388
f 2275 2363 2386
f 2276 2365 2362
f 2278 2367 2371
f 2279 2369 2366
f 2283 2370 2387
f 2288 2373 2392
f 2292 2376 2389
f 2294 2378 2390
f 2297 2381 2379
f 2397 2398 2400
f 2398 2399 2402
f 2400 2401 2397
f 2402 2403 2398
f 2404 2402 2399
f 2398 2409 2400
f 2398 2403 2409
f 2410 2411 2407
f 2398 2397 2414
f 2399 2398 2416
f 2404 2399 2418
f 2405 2404 2419
f 2406 2405 2421
f 2407 2408 2423
f 2408 2406 2425
f 2410 2407 2426
f 2412 2413 2428
f 2413 2410 2427
f 2414 2415 2398
f 2416 2417 2399
f 2418 2419 2404
f 2419 2420 2405
f 2421 2422 2406
f 2423 2424 2407
f 2425 2423 2408
f 2426 2427 2410
f 2428 2429 2412
f 2427 2428 2413
f 2398 2415 2431
f 2398 2431 2416
f 2399 2417 2418
f 2405 2420 2421
f 2406 2422 2425
f 2407 2424 2426
f 2412 2429 2430
f 2397 2401 2432
f 2414 2397 2434
f 2432 2433 2397
f 2434 2435 2414
f 2397 2433 2436
f 2397 2436 2434
f 2437 2438 2439
f 2440 2437 2439
f 2439 2441 2440
f 2442 2437 2443
f 2438 2437 2442
f 2437 2440 2444
f 2440 2445 2446
f 2447 2437 2444
f 2440 2448 2444
f 2447 2444 2448
f 2440 2446 2448
f 2450 2453 2451
f 2447 2453 2450
f 2443 2437 2447
f 2447 2450 2443
f 2442 2443 2452
f 2442 2452 2449
f 2453 2447 2448
f 2453 2448 2454
f 2445 2455 2446
f 2456 2455 2445
f 2457 2455 2456
f 2448 2446 2454
f 2454 2446 2455
f 2454 2455 2458
f 2457 2458 2455
f 2456 2459 2457
f 2460 2463 2462
f 2463 2460 2461
f 2465 2463 2461
f 2465 2461 2464
f 2458 2463 2465
f 2463 2466 2467
f 2459 2466 2457
f 2466 2459 2468
f 2463 2458 2466
f 2467 2466 2468
f 2457 2466 2458
f 2467 2469 2470
f 2451 2454 2464
f 2470 2462 2467
f 2464 2454 2465
f 2458 2465 2454
f 2467 2462 2463
f 2453 2454 2451
f 2468 2469 2467
f 2439 2438 2471
f 2441 2439 2473
f 2440 2441 2475
f 2445 2440 2476
f 2459 2456 2479
f 2456 2445 2481
f 2468 2459 2480
f 2469 2468 2485
f 2471 2472 2439
f 2473 2474 2441
f 2475 2476 2440
f 2476 2477 2445
f 2478 2471 2438
f 2479 2480 2459
f 2481 2482 2456
f 2480 2483 2468
f 2485 2486 2469
f 2439 2472 2473
f 2441 2474 2475
f 2445 2477 2481
f 2456 2482 2479
f 2468 2483 2485
f 2469 2486 2484
f 2438 2442 2487
f 2442 2449 2489
f 2449 2452 2491
f 2478 2438 2493
f 2487 2488 2438
f 2489 2487 2442
f 2490 2491 2452
f 2491 2492 2449
f 2493 2494 2478
f 2438 2488 2493
f 2449 2495 2496
f 2449 2496 2489
f 2449 2492 2495
f 2478 2494 2497
f 2443 2450 2498
f 2450 2451 2407
f 2452 2443 2500
f 2461 2460 2400
f 2464 2461 2409
f 2451 2464 2406
f 2490 2452 2501
f 2498 2499 2443
f 2407 2498 2450
f 2500 2501 2452
f 2400 2409 2461
f 2409 2403 2464
f 2406 2408 2451
f 2501 2502 2490
f 2443 2499 2500
f 2460 2401 2400
f 2464 2403 2402
f 2464 2402 2404
f 2464 2404 2405
f 2464 2405 2406
f 2451 2408 2407
f 2490 2502 2503
f 2460 2462 2504
f 2470 2469 2506
f 2462 2470 2508
f 2469 2484 2510
f 2401 2460 2513
f 2504 2505 2460
f 2506 2507 2470
f 2508 2509 2462
f 2510 2511 2469
f 2513 2432 2401
f 2460 2505 2514
f 2462 2509 2504
f 2469 2511 2506
f 2470 2507 2508
f 2484 2512 2510
f 2460 2514 2513
f 2516 2517 2472
f 2516 2472 2471
f 2517 2518 2473
f 2517 2473 2472
f 2518 2519 2474
f 2518 2474 2473
f 2519 2520 2475
f 2519 2475 2474
f 2520 2521 2476
f 2520 2476 2475
f 2521 2522 2477
f 2521 2477 2476
f 2516 2523 2478
f 2516 2478 2471
f 2524 2525 2480
f 2524 2480 2479
f 2522 2526 2481
f 2522 2481 2477
f 2524 2527 2482
f 2524 2482 2479
f 2526 2527 2482
f 2526 2482 2481
f 2525 2528 2483
f 2525 2483 2480
f 2528 2529 2485
f 2528 2485 2483
f 2530 2531 2486
f 2530 2486 2484
f 2529 2531 2486
f 2529 2486 2485
f 2532 2533 2488
f 2532 2488 2487
f 2532 2534 2489
f 2532 2489 2487
f 2535 2536 2491
f 2535 2491 2490
f 2536 2537 2492
f 2536 2492 2491
f 2533 2538 2493
f 2533 2493 2488
f 2538 2539 2494
f 2538 2494 2493
f 2537 2540 2495
f 2537 2495 2492
f 2534 2541 2496
f 2534 2496 2489
f 2540 2541 2496
f 2540 2496 2495
f 2523 2542 2497
f 2523 2497 2478
f 2539 2542 2497
f 2539 2497 2494
f 2535 2543 2503
f 2535 2503 2490
f 2530 2544 2512
f 2530 2512 2484
f 2545 2546 2547
f 2545 2547 2548
f 2545 2548 2549
f 2550 2549 2548
f 2546 2554 2555
f 2546 2545 2554
f 2556 2554 2545
f 2557 2558 2559
f 2557 2559 2560
f 2558 2561 2559
f 2559 2562 2560
f 2562 2563 2564
f 2559 2563 2562
f 2564 2565 2566
f 2547 2567 2568
f 2562 2567 2560
f 2562 2566 2567
f 2569 2561 2558
f 2572 2573 2574
f 2573 2569 2574
f 2569 2558 2574
f 2571 2561 2569
f 2569 2573 2570
f 2570 2573 2575
f 2570 2571 2569
f 2576 2577 2572
f 2578 2561 2571
f 2578 2563 2561
f 2578 2564 2563
f 2548 2547 2568
f 2568 2550 2548
f 2549 2550 2580
f 2581 2550 2568
f 2563 2559 2561
f 2584 2550 2581
f 2586 2550 2584
f 2585 2584 2582
f 2584 2581 2582
f 2585 2587 2584
f 2551 2588 2589
f 2584 2587 2586
f 2589 2590 2553
f 2588 2591 2574
f 2574 2576 2572
f 2590 2592 2555
f 2565 2581 2566
f 2552 2591 2588
f 2583 2582 2565
f 2583 2565 2579
f 2574 2557 2588
f 2588 2557 2589
f 2589 2557 2590
f 2574 2558 2557
f 2564 2578 2596
f 2564 2596 2565
f 2560 2590 2557
f 2547 2592 2590
f 2575 2573 2597
f 2572 2577 2573
f 2577 2597 2573
f 2592 2547 2546
f 2560 2567 2590
f 2597 2599 2598
f 2567 2547 2590
f 2581 2565 2582
f 2577 2599 2597
f 2551 2552 2588
f 2551 2589 2553
f 2562 2564 2566
f 2566 2568 2567
f 2553 2590 2555
f 2596 2578 2579
f 2592 2546 2555
f 2581 2568 2566
f 2596 2579 2565
f 2598 2599 2607
f 2577 2593 2599
f 2599 2593 2608
f 2599 2608 2607
f 2593 2609 2608
f 2595 2598 2601
f 2607 2601 2598
f 2610 2606 2611
f 2611 2606 2600
f 2612 2600 2604
f 2603 2613 2604
f 2613 2603 2602
f 2614 2601 2607
f 2612 2604 2613
f 2602 2605 2613
f 2612 2611 2600
f 2618 2619 2609
f 2615 2619 2618
f 2609 2620 2614
f 2620 2609 2619
f 2620 2617 2614
f 2620 2619 2621
f 2615 2621 2619
f 2593 2594 2609
f 2618 2609 2594
f 2614 2617 2601
f 2614 2607 2608
f 2609 2614 2608
f 2623 2622 2624
f 2624 2625 2623
f 2629 2625 2624
f 2556 2545 2630
f 2631 2632 2633
f 2630 2634 2556
f 2622 2556 2634
f 2580 2635 2631
f 2632 2631 2635
f 2633 2636 2637
f 2633 2637 2631
f 2634 2624 2622
f 2631 2630 2545
f 2549 2631 2545
f 2637 2634 2630
f 2624 2634 2638
f 2631 2549 2580
f 2586 2639 2635
f 2639 2586 2587
f 2630 2631 2637
f 2640 2623 2625
f 2580 2586 2635
f 2641 2639 2587
f 2634 2637 2638
f 2641 2635 2639
f 2633 2642 2643
f 2632 2635 2641
f 2632 2644 2633
f 2642 2633 2644
f 2627 2626 2610
f 2646 2628 2647
f 2645 2629 2624
f 2648 2624 2638
f 2624 2648 2645
f 2652 2650 2651
f 2633 2643 2636
f 2643 2653 2654
f 2653 2655 2654
f 2643 2654 2652
f 2654 2656 2652
f 2654 2655 2656
f 2652 2648 2636
f 2643 2652 2636
f 2650 2652 2656
f 2649 2656 2655
f 2638 2637 2636
f 2645 2648 2651
f 2648 2638 2636
f 2610 2647 2627
f 2628 2627 2647
f 2651 2648 2652
f 2610 2626 2606
f 2626 2641 2606
f 2641 2587 2606
f 2550 2586 2580
f 2552 2551 2660
f 2551 2553 2523
f 2553 2555 2518
f 2555 2554 2520
f 2554 2556 2526
f 2594 2593 2663
f 2591 2552 2665
f 2574 2591 2667
f 2576 2574 2668
f 2577 2576 2670
f 2593 2577 2671
f 2618 2594 2674
f 2615 2618 2675
f 2556 2622 2524
f 2622 2623 2529
f 2623 2640 2530
f 2660 2661 2552
f 2523 2662 2551
f 2518 2517 2553
f 2520 2519 2555
f 2526 2522 2554
f 2663 2664 2594
f 2665 2666 2591
f 2667 2668 2574
f 2668 2669 2576
f 2670 2671 2577
f 2671 2672 2593
f 2674 2675 2618
f 2675 2676 2615
f 2524 2527 2556
f 2529 2528 2622
f 2530 2531 2623
f 2551 2662 2660
f 2553 2517 2516
f 2555 2519 2518
f 2554 2521 2520
f 2576 2677 2678
f 2554 2522 2521
f 2576 2678 2670
f 2552 2661 2665
f 2553 2516 2523
f 2594 2664 2679
f 2591 2666 2667
f 2576 2669 2677
f 2593 2672 2663
f 2615 2676 2680
f 2615 2681 2673
f 2594 2679 2674
f 2615 2680 2681
f 2622 2525 2524
f 2556 2527 2526
f 2622 2528 2525
f 2623 2531 2529
f 2571 2570 2682
f 2570 2575 2684
f 2578 2571 2685
f 2579 2578 2686
f 2582 2583 2688
f 2585 2582 2689
f 2583 2579 2691
f 2575 2597 2693
f 2597 2598 2695
f 2598 2595 2696
f 2595 2601 2697
f 2603 2604 2699
f 2602 2603 2700
f 2605 2602 2702
f 2600 2606 2704
f 2587 2585 2706
f 2606 2587 2707
f 2604 2600 2708
f 2605 2601 2709
f 2612 2613 2711
f 2613 2605 2713
f 2601 2617 2714
f 2601 2605 2703
f 2611 2612 2712
f 2620 2621 2717
f 2617 2620 2718
f 2621 2616 2719
f 2626 2627 2720
f 2627 2628 2722
f 2641 2626 2721
f 2644 2632 2724
f 2632 2641 2723
f 2646 2647 2727
f 2642 2644 2729
f 2647 2610 2731
f 2628 2646 2733
f 2610 2611 2735
f 2653 2643 2736
f 2643 2642 2738
f 2655 2653 2739
f 2649 2655 2741
f 2657 2658 2745
f 2658 2659 2746
f 2659 2646 2728
f 2658 2657 2748
f 2646 2659 2750
f 2659 2658 2749
f 2682 2683 2571
f 2684 2682 2570
f 2685 2686 2578
f 2686 2687 2579
f 2688 2689 2582
f 2689 2690 2585
f 2691 2692 2583
f 2693 2694 2575
f 2695 2693 2597
f 2696 2695 2598
f 2697 2698 2595
f 2699 2700 2603
f 2700 2701 2602
f 2702 2703 2605
f 2704 2705 2600
f 2706 2707 2587
f 2707 2704 2606
f 2708 2699 2604
f 2709 2710 2605
f 2711 2712 2612
f 2713 2711 2613
f 2714 2715 2601
f 2703 2697 2601
f 2712 2716 2611
f 2717 2718 2620
f 2718 2714 2617
f 2719 2717 2621
f 2720 2721 2626
f 2722 2720 2627
f 2721 2723 2641
f 2724 2725 2644
f 2723 2726 2632
f 2727 2728 2646
f 2729 2730 2642
f 2731 2732 2647
f 2733 2734 2628
f 2735 2731 2610
f 2736 2737 2653
f 2738 2736 2643
f 2739 2740 2655
f 2741 2742 2649
f 2745 2743 2657
f 2746 2745 2658
f 2728 2747 2659
f 2748 2749 2658
f 2750 2751 2646
f 2749 2750 2659
f 2579 2687 2691
f 2585 2690 2752
f 2575 2753 2684
f 2571 2683 2685
f 2575 2694 2753
f 2595 2754 2696
f 2583 2692 2688
f 2595 2698 2754
f 2585 2752 2706
f 2600 2705 2708
f 2602 2701 2702
f 2605 2710 2713
f 2611 2716 2735
f 2616 2755 2719
f 2601 2715 2709
f 2628 2734 2722
f 2632 2726 2724
f 2644 2725 2729
f 2647 2732 2727
f 2653 2737 2739
f 2657 2756 2757
f 2655 2740 2741
f 2646 2751 2733
f 2659 2758 2746
f 2657 2757 2748
f 2659 2747 2758
f 2642 2730 2738
f 2621 2615 2759
f 2616 2621 2760
f 2615 2673 2762
f 2755 2616 2763
f 2759 2760 2621
f 2760 2761 2616
f 2762 2759 2615
f 2763 2764 2755
f 2673 2765 2762
f 2616 2761 2766
f 2616 2766 2763
f 2640 2625 2767
f 2625 2629 2769
f 2629 2645 2770
f 2651 2650 2772
f 2650 2656 2774
f 2656 2649 2776
f 2645 2651 2773
f 2530 2640 2778
f 2657 2743 2779
f 2743 2744 2781
f 2649 2742 2782
f 2756 2657 2784
f 2767 2768 2640
f 2769 2767 2625
f 2770 2771 2629
f 2772 2773 2651
f 2774 2775 2650
f 2776 2774 2656
f 2773 2777 2645
f 2778 2544 2530
f 2779 2780 2657
f 2781 2779 2743
f 2782 2783 2649
f 2784 2782 2756
f 2640 2768 2785
f 2629 2771 2769
f 2650 2775 2772
f 2649 2786 2776
f 2657 2780 2787
f 2645 2777 2770
f 2640 2785 2788
f 2640 2788 2778
f 2657 2787 2789
f 2649 2783 2786
f 2657 2789 2784
f 2744 2782 2781
f 2790 2791 2683
f 2790 2683 2682
f 2792 2790 2682
f 2792 2682 2684
f 2793 2794 2686
f 2793 2686 2685
f 2794 2795 2687
f 2794 2687 2686
f 2796 2797 2689
f 2796 2689 2688
f 2797 2798 2690
f 2797 2690 2689
f 2799 2800 2692
f 2799 2692 2691
f 2803 2804 2707
f 2803 2707 2706
f 2804 2802 2704
f 2804 2704 2707
f 2805 2806 2710
f 2805 2710 2709
f 2807 2808 2712
f 2807 2712 2711
f 2809 2807 2711
f 2809 2711 2713
f 2810 2811 2715
f 2810 2715 2714
f 2808 2812 2716
f 2808 2716 2712
f 2813 2814 2718
f 2813 2718 2717
f 2814 2810 2714
f 2814 2714 2718
f 2815 2813 2717
f 2815 2717 2719
f 2817 2818 2725
f 2817 2725 2724
f 2816 2819 2726
f 2816 2726 2723
f 2820 2821 2728
f 2820 2728 2727
f 2822 2823 2730
f 2822 2730 2729
f 2824 2825 2732
f 2824 2732 2731
f 2826 2824 2731
f 2826 2731 2735
f 2827 2828 2737
f 2827 2737 2736
f 2829 2827 2736
f 2829 2736 2738
f 2830 2831 2740
f 2830 2740 2739
f 2832 2833 2742
f 2832 2742 2741
f 2834 2835 2744
f 2834 2744 2743
f 2836 2834 2743
f 2836 2743 2745
f 2837 2836 2745
f 2837 2745 2746
f 2821 2838 2747
f 2821 2747 2728
f 2795 2799 2691
f 2795 2691 2687
f 2798 2839 2752
f 2798 2752 2690
f 2840 2792 2684
f 2840 2684 2753
f 2791 2793 2685
f 2791 2685 2683
f 2801 2840 2753
f 2801 2753 2694
f 2800 2796 2688
f 2800 2688 2692
f 2839 2803 2706
f 2839 2706 2752
f 2806 2809 2713
f 2806 2713 2710
f 2812 2826 2735
f 2812 2735 2716
f 2841 2815 2719
f 2841 2719 2755
f 2811 2805 2709
f 2811 2709 2715
f 2819 2817 2724
f 2819 2724 2726
f 2818 2822 2729
f 2818 2729 2725
f 2825 2820 2727
f 2825 2727 2732
f 2828 2830 2739
f 2828 2739 2737
f 2831 2832 2741
f 2831 2741 2740
f 2843 2837 2746
f 2843 2746 2758
f 2838 2843 2758
f 2838 2758 2747
f 2823 2829 2738
f 2823 2738 2730
f 2844 2845 2760
f 2844 2760 2759
f 2845 2846 2761
f 2845 2761 2760
f 2847 2844 2759
f 2847 2759 2762
f 2849 2848 2764
f 2849 2764 2763
f 2850 2847 2762
f 2850 2762 2765
f 2846 2851 2766
f 2846 2766 2761
f 2851 2849 2763
f 2851 2763 2766
f 2852 2853 2768
f 2852 2768 2767
f 2854 2852 2767
f 2854 2767 2769
f 2855 2856 2771
f 2855 2771 2770
f 2857 2858 2773
f 2857 2773 2772
f 2859 2860 2775
f 2859 2775 2774
f 2861 2859 2774
f 2861 2774 2776
f 2858 2862 2777
f 2858 2777 2773
f 2863 2515 2544
f 2863 2544 2778
f 2834 2864 2779
f 2864 2865 2780
f 2864 2780 2779
f 2834 2864 2779
f 2866 2864 2779
f 2866 2779 2781
f 2833 2867 2782
f 2833 2782 2742
f 2867 2868 2783
f 2867 2783 2782
f 2842 2869 2782
f 2842 2782 2756
f 2853 2870 2785
f 2853 2785 2768
f 2856 2854 2769
f 2856 2769 2771
f 2860 2857 2772
f 2860 2772 2775
f 2871 2861 2776
f 2871 2776 2786
f 2865 2872 2787
f 2865 2787 2780
f 2862 2855 2770
f 2862 2770 2777
f 2870 2873 2788
f 2870 2788 2785
f 2873 2863 2778
f 2873 2778 2788
f 2868 2871 2786
f 2868 2786 2783
f 2835 2874 2782
f 2835 2782 2744
f 2874 2866 2781
f 2874 2781 2782
f 2878 2879 2876
f 2882 2883 2884
f 2882 2884 2885
f 2886 2885 2881
f 2880 2889 2890
f 2890 2881 2880
f 2891 2890 2889
f 2887 2891 2889
f 2887 2888 2891
f 2890 2886 2881
f 2894 2893 2892
f 2894 2896 2893
f 2894 2897 2896
f 2879 2878 2898
f 2899 2879 2898
f 2900 2878 2901
f 2875 2901 2877
f 2876 2877 2901
f 2876 2901 2878
f 2902 2896 2903
f 2902 2903 2904
f 2904 2903 2890
f 2892 2905 2879
f 2879 2899 2892
f 2892 2899 2894
f 2902 2893 2896
f 2893 2902 2895
f 2897 2903 2896
f 2906 2882 2885
f 2882 2906 2883
f 2885 2886 2906
f 2907 2906 2886
f 2910 2906 2907
f 2909 2908 2910
f 2910 2908 2906
f 2890 2903 2886
f 2911 2907 2886
f 2911 2886 2903
f 2910 2912 2909
f 2897 2911 2903
f 2907 2913 2910
f 2911 2913 2907
f 2897 2914 2911
f 2899 2897 2894
f 2914 2913 2911
f 2914 2897 2899
f 2899 2898 2914
f 2912 2910 2913
f 2898 2912 2913
f 2913 2914 2898
f 2898 2878 2912
f 2900 2912 2878
f 2900 2915 2912
f 2915 2900 2916
f 2917 2918 2891
f 2918 2890 2891
f 2904 2890 2918
f 2888 2919 2891
f 2918 2917 2904
f 2877 2876 2660
f 2892 2893 2678
f 2893 2895 2670
f 2876 2879 2665
f 2902 2904 2679
f 2879 2905 2667
f 2905 2892 2677
f 2895 2902 2663
f 2917 2891 2680
f 2904 2917 2674
f 2891 2919 2681
f 2660 2662 2877
f 2678 2677 2892
f 2670 2678 2893
f 2665 2661 2876
f 2679 2664 2902
f 2667 2666 2879
f 2677 2669 2905
f 2663 2672 2895
f 2680 2676 2917
f 2673 2681 2919
f 2674 2679 2904
f 2681 2680 2891
f 2876 2661 2660
f 2902 2664 2663
f 2879 2666 2665
f 2905 2668 2667
f 2905 2669 2668
f 2895 2671 2670
f 2895 2672 2671
f 2917 2675 2674
f 2917 2676 2675
f 2875 2877 2538
f 2900 2901 2541
f 2901 2875 2534
f 2915 2916 2535
f 2916 2900 2540
f 2877 2662 2542
f 2538 2533 2875
f 2541 2540 2900
f 2534 2541 2901
f 2540 2537 2916
f 2542 2539 2877
f 2875 2533 2532
f 2875 2532 2534
f 2916 2536 2535
f 2916 2537 2536
f 2877 2539 2538
f 2880 2881 2920
f 2881 2885 2922
f 2889 2880 2923
f 2887 2889 2924
f 2885 2884 2927
f 2884 2883 2928
f 2883 2906 2930
f 2906 2908 2931
f 2908 2909 2932
f 2909 2912 2934
f 2912 2915 2936
f 2915 2535 2543
f 2920 2921 2880
f 2922 2920 2881
f 2923 2924 2889
f 2924 2925 2887
f 2927 2922 2885
f 2928 2929 2884
f 2930 2928 2883
f 2931 2930 2906
f 2932 2933 2908
f 2934 2935 2909
f 2936 2934 2912
f 2543 2937 2915
f 2880 2921 2923
f 2884 2938 2939
f 2884 2939 2927
f 2884 2929 2938
f 2908 2933 2931
f 2909 2940 2932
f 2909 2941 2940
f 2909 2935 2941
f 2915 2942 2943
f 2915 2943 2936
f 2915 2937 2942
f 2888 2887 2944
f 2919 2888 2946
f 2673 2919 2947
f 2887 2925 2949
f 2925 2926 2951
f 2944 2945 2888
f 2946 2947 2919
f 2947 2948 2673
f 2949 2950 2887
f 2951 2949 2925
f 2887 2950 2944
f 2888 2945 2946
f 2673 2948 2765
f 2926 2952 2951
f 2953 2954 2945
f 2953 2945 2944
f 2955 2956 2947
f 2955 2947 2946
f 2956 2957 2948
f 2956 2948 2947
f 2958 2959 2950
f 2958 2950 2949
f 2960 2958 2949
f 2960 2949 2951
f 2959 2953 2944
f 2959 2944 2950
f 2954 2955 2946
f 2954 2946 2945
f 2957 2850 2765
f 2957 2765 2948
f 2961 2960 2951
f 2961 2951 2952
f 2962 2963 2964
f 2962 2964 2503
f 2503 2502 2962
f 2962 2501 2500
f 2962 2502 2501
f 2962 2500 2412
f 2500 2499 2413
f 2499 2498 2410
f 2413 2412 2500
f 2410 2413 2499
f 2498 2411 2410
f 2963 2962 2965
f 2962 2412 2430
f 2965 2966 2963
f 2430 2967 2962
f 2962 2968 2969
f 2962 2969 2965
f 2962 2967 2968
f 2543 2971 2964
f 2543 2964 2503
f 2972 2971 2964
f 2972 2964 2963
f 2972 2973 2966
f 2972 2966 2963
f 2974 2975 2923
f 2976 2974 2927
f 2923 2921 2974
f 2927 2939 2976
f 2938 2929 2977
f 2932 2940 2978
f 2941 2935 2979
f 2942 2937 2971
f 2974 2921 2920
f 2974 2920 2922
f 2975 2924 2923
f 2975 2925 2924
f 2975 2926 2925
f 2974 2922 2927
f 2977 2929 2928
f 2977 2928 2930
f 2977 2930 2931
f 2979 2935 2934
f 2979 2934 2936
f 2971 2937 2543
f 2975 2974 2981
f 2974 2976 2983
f 2971 2972 2985
f 2976 2939 2987
f 2938 2977 2989
f 2977 2931 2991
f 2932 2978 2993
f 2978 2940 2995
f 2941 2979 2997
f 2979 2936 2999
f 2942 2971 2986
f 2939 2938 2990
f 2931 2933 3001
f 2940 2941 2998
f 2943 2942 3000
f 2936 2943 3003
f 2933 2932 2994
f 2981 2982 2975
f 2983 2984 2974
f 2985 2986 2971
f 2987 2988 2976
f 2989 2990 2938
f 2991 2992 2977
f 2993 2994 2932
f 2995 2996 2978
f 2997 2998 2941
f 2999 2997 2979
f 2986 3000 2942
f 2990 2987 2939
f 3001 2991 2931
f 2998 2995 2940
f 3000 3002 2943
f 3003 2999 2936
f 2994 3001 2933
f 2974 3004 2981
f 2975 2982 2980
f 2976 2988 2983
f 2974 2984 3004
f 2977 2992 3005
f 2978 3006 2993
f 2978 2996 3006
f 2977 3007 2989
f 2977 3005 3008
f 2977 3008 3007
f 2972 2973 2985
f 2943 3002 3003
f 2926 2975 3009
f 2975 2980 3010
f 3009 2952 2926
f 3010 3011 2975
f 2975 3011 3009
f 2980 3012 3010
f 3013 3014 2982
f 3013 2982 2981
f 3015 3016 2984
f 3015 2984 2983
f 3017 3018 2986
f 3017 2986 2985
f 3019 3020 2988
f 3019 2988 2987
f 3023 3024 2996
f 3023 2996 2995
f 3027 3025 2997
f 3027 2997 2999
f 3018 3028 3000
f 3018 3000 2986
f 3022 3019 2987
f 3022 2987 2990
f 3026 3023 2995
f 3026 2995 2998
f 3028 3029 3002
f 3028 3002 3000
f 3030 3027 2999
f 3030 2999 3003
f 3031 3013 2981
f 3031 2981 3004
f 3014 3032 2980
f 3014 2980 2982
f 3020 3015 2983
f 3020 2983 2988
f 3016 3031 3004
f 3016 3004 2984
f 3024 3033 3006
f 3024 3006 2996
f 3034 3021 2989
f 3034 2989 3007
f 2970 3017 2985
f 2970 2985 2973
f 3029 3030 3003
f 3029 3003 3002
f 3035 2961 2952
f 3035 2952 3009
f 3032 3036 3010
f 3032 3010 2980
f 3036 3037 3011
f 3036 3011 3010
f 3037 3035 3009
f 3037 3009 3011
f 3032 3038 3012
f 3032 3012 2980
f 3032 3036 3010
f 3032 3010 2980
f 3038 3036 3010
f 3038 3010 3012
f 2035 2077 2003
f 2035 2003 1930
f 3039 2801 2694
f 3039 2694 2693
f 3040 3039 2693
f 3040 2693 2695
f 3041 3040 2695
f 3041 2695 2696
f 3042 3043 2698
f 3042 2698 2697
f 3044 3045 2700
f 3044 2700 2699
f 3045 3046 2701
f 3045 2701 2700
f 3047 3048 2703
f 3047 2703 2702
f 2802 3049 2705
f 2802 2705 2704
f 3050 3044 2699
f 3050 2699 2708
f 3048 3042 2697
f 3048 2697 2703
f 3051 3052 2721
f 3051 2721 2720
f 3053 3051 2720
f 3053 2720 2722
f 3052 2816 2723
f 3052 2723 2721
f 3054 3055 2734
f 3054 2734 2733
f 3056 3057 2749
f 3056 2749 2748
f 3058 3059 2751
f 3058 2751 2750
f 3057 3058 2750
f 3057 2750 2749
f 3060 3041 2696
f 3060 2696 2754
f 3043 3060 2754
f 3043 2754 2698
f 3049 3050 2708
f 3049 2708 2705
f 3046 3047 2702
f 3046 2702 2701
f 3055 3053 2722
f 3055 2722 2734
f 2842 3061 2757
f 2842 2757 2756
f 3059 3054 2733
f 3059 2733 2751
f 3061 3056 2748
f 3061 2748 2757
f 2841 2848 2764
f 2841 2764 2755
f 3065 3064 3071
f 3072 3066 3065
f 3072 3065 3071
f 3069 3071 3064
f 3069 3070 3071
f 3073 3068 3067
f 3067 3066 3073
f 3076 3077 3078
f 3077 3076 3079
f 3080 3078 3077
f 3080 3077 3079
f 3078 3082 3081
f 3083 3079 3084
f 3085 3079 3083
f 3086 3083 3084
f 3087 3088 3089
f 3090 3082 3078
f 3079 3085 3080
f 3083 3086 3091
f 3093 3095 3092
f 3081 3076 3078
f 3096 3097 3098
f 3088 3095 3099
f 3093 3099 3095
f 3090 3078 3100
f 3101 3097 3096
f 3102 3096 3099
f 3096 3098 3099
f 3103 3090 3100
f 3094 3102 3093
f 3080 3100 3078
f 3100 3080 3104
f 3105 3100 3104
f 3099 3093 3102
f 3103 3100 3105
f 3105 3107 3103
f 3102 3094 3106
f 3108 3102 3106
f 3108 3106 3109
f 3110 3104 3080
f 3110 3111 3104
f 3080 3085 3110
f 3113 3097 3101
f 3086 3092 3095
f 3095 3091 3086
f 3111 3114 3104
f 3090 3103 3115
f 3087 3085 3083
f 3112 3116 3103
f 3087 3110 3085
f 3112 3103 3107
f 3091 3087 3083
f 3096 3102 3108
f 3087 3111 3110
f 3087 3117 3111
f 3087 3118 3117
f 3099 3119 3088
f 3088 3087 3091
f 3091 3095 3088
f 3089 3088 3119
f 3098 3119 3099
f 3089 3118 3087
f 3119 3098 3113
f 3098 3097 3113
f 3122 3123 3124
f 3125 3123 3122
f 3126 3127 3128
f 3128 3129 3126
f 3130 3131 3132
f 3133 3075 3131
f 3075 3062 3131
f 3134 3135 3136
f 3134 3137 3135
f 3138 3130 3123
f 3139 3124 3130
f 3123 3130 3124
f 3124 3140 3141
f 3138 3123 3142
f 3139 3140 3124
f 3123 3125 3120
f 3138 3134 3136
f 3144 3120 3145
f 3138 3136 3135
f 3146 3137 3134
f 3147 3148 3146
f 3147 3137 3148
f 3137 3146 3148
f 3149 3145 3121
f 3144 3142 3123
f 3120 3144 3123
f 3141 3129 3128
f 3137 3150 3135
f 3145 3142 3144
f 3135 3150 3133
f 3121 3145 3120
f 3150 3151 3133
f 3075 3133 3151
f 3129 3141 3140
f 3153 3096 3108
f 3134 3145 3149
f 3153 3101 3096
f 3131 3135 3133
f 3155 3101 3153
f 3139 3156 3140
f 3157 3156 3063
f 3130 3132 3139
f 3132 3156 3139
f 3142 3145 3134
f 3127 3155 3153
f 3126 3155 3127
f 3158 3134 3149
f 3158 3147 3134
f 3147 3146 3134
f 3159 3158 3149
f 3159 3147 3158
f 3160 3155 3126
f 3108 3109 3162
f 3109 3152 3162
f 3157 3063 3163
f 3161 3162 3152
f 3074 3163 3063
f 3063 3156 3132
f 3161 3164 3162
f 3062 3132 3131
f 3062 3063 3132
f 3153 3162 3164
f 3134 3138 3142
f 3138 3135 3131
f 3131 3130 3138
f 3108 3162 3153
f 3164 3128 3153
f 3127 3153 3128
f 3165 3101 3155
f 3161 3154 3164
f 3164 3154 3128
f 3165 3155 3160
f 3128 3154 3166
f 3122 3166 3143
f 3122 3128 3166
f 3128 3122 3141
f 3160 3126 3168
f 3168 3126 3157
f 3157 3129 3140
f 3156 3157 3140
f 3157 3126 3129
f 3163 3168 3157
f 3168 3163 3167
f 3167 3163 3074
f 3160 3168 3167
f 3141 3122 3124
f 3173 3171 3169
f 3173 3169 3170
f 3174 3175 3176
f 3174 3177 3175
f 3177 3178 3175
f 3179 3178 3177
f 3082 3172 3081
f 3179 3180 3178
f 3173 3170 3180
f 3082 3181 3172
f 3184 3185 3183
f 3183 3185 3182
f 3186 3187 3188
f 3188 3187 3189
f 3186 3188 3191
f 3194 3187 3195
f 3115 3181 3082
f 3194 3189 3187
f 3196 3189 3194
f 3184 3197 3198
f 3184 3183 3197
f 3183 3190 3197
f 3188 3189 3191
f 3191 3189 3200
f 3191 3199 3186
f 3201 3198 3197
f 3196 3200 3189
f 3197 3204 3201
f 3203 3194 3195
f 3197 3190 3206
f 3195 3192 3202
f 3195 3187 3192
f 3206 3190 3193
f 3199 3191 3200
f 3199 3200 3205
f 3205 3200 3196
f 3197 3206 3207
f 3207 3204 3197
f 3208 3180 3170
f 3206 3209 3207
f 3210 3207 3209
f 3208 3178 3180
f 3210 3212 3207
f 3115 3213 3181
f 3215 3216 3217
f 3218 3219 3220
f 3176 3175 3214
f 3203 3185 3184
f 3221 3216 3222
f 3221 3222 3223
f 3182 3185 3211
f 3225 3218 3220
f 3226 3227 3228
f 3229 3230 3231
f 3210 3232 3212
f 3233 3220 3234
f 3218 3232 3210
f 3238 3232 3218
f 3218 3225 3238
f 3239 3240 3230
f 3194 3203 3196
f 3240 3239 3235
f 3241 3242 3228
f 3239 3230 3229
f 3242 3230 3240
f 3224 3196 3203
f 3203 3184 3224
f 3243 3241 3228
f 3220 3233 3244
f 3227 3172 3181
f 3247 3233 3221
f 3244 3225 3220
f 3181 3243 3227
f 3247 3244 3233
f 3222 3216 3231
f 3222 3231 3248
f 3248 3249 3222
f 3193 3236 3250
f 3251 3249 3248
f 3241 3252 3253
f 3242 3253 3254
f 3255 3252 3241
f 3250 3236 3256
f 3254 3251 3248
f 3181 3213 3243
f 3251 3254 3253
f 3251 3253 3252
f 3252 3257 3251
f 3231 3216 3229
f 3243 3258 3255
f 3213 3258 3243
f 3247 3221 3223
f 3258 3259 3260
f 3253 3242 3241
f 3255 3241 3243
f 3230 3254 3231
f 3231 3254 3248
f 3236 3237 3246
f 3242 3254 3230
f 3215 3217 3246
f 3201 3204 3261
f 3246 3245 3215
f 3243 3228 3227
f 3240 3235 3226
f 3242 3240 3226
f 3242 3226 3228
f 3262 3252 3255
f 3224 3184 3198
f 3246 3256 3236
f 3258 3262 3255
f 3204 3207 3264
f 3206 3193 3250
f 3250 3209 3206
f 3219 3209 3250
f 3207 3212 3264
f 3245 3263 3215
f 3256 3219 3250
f 3215 3263 3216
f 3229 3216 3263
f 3209 3265 3210
f 3210 3265 3218
f 3265 3209 3219
f 3234 3217 3233
f 3219 3218 3265
f 3219 3256 3234
f 3220 3219 3234
f 3256 3246 3234
f 3246 3217 3234
f 3217 3221 3233
f 3216 3221 3217
f 3213 3259 3258
f 3259 3213 3115
f 3116 3259 3115
f 3090 3115 3082
f 3116 3115 3103
f 3065 3066 2799
f 3067 3068 2839
f 3069 3064 2792
f 3064 3065 2793
f 3070 3069 2840
f 3071 3070 3041
f 3066 3067 2796
f 3072 3071 3060
f 3068 3073 2803
f 3073 3066 3050
f 3066 3072 3047
f 3079 3076 2809
f 3076 3081 2826
f 3086 3084 2815
f 3092 3086 2841
f 3093 3092 3267
f 3084 3079 2805
f 3094 3093 3268
f 3106 3094 3270
f 3121 3120 3272
f 3109 3106 3274
f 3120 3125 3276
f 3152 3109 3278
f 3161 3152 3279
f 3166 3154 3281
f 3154 3161 3280
f 3143 3166 3284
f 3122 3143 3286
f 3125 3122 3287
f 3170 3169 3053
f 3169 3171 2817
f 3171 3173 2822
f 3081 3172 2820
f 3174 3176 3289
f 3177 3174 3291
f 3180 3179 2830
f 3183 3182 3292
f 3190 3183 3293
f 3193 3190 3294
f 3192 3187 3296
f 3187 3186 3298
f 3195 3202 3299
f 3202 3192 3301
f 3203 3195 3300
f 3185 3203 3304
f 3211 3185 3305
f 3175 3178 3061
f 3214 3175 2842
f 3176 3214 3308
f 3179 3177 2832
f 3237 3236 3310
f 3236 3193 3312
f 3239 3229 3313
f 3208 3170 3054
f 3235 3239 3315
f 3227 3226 2837
f 3178 3208 3056
f 3172 3227 2843
f 3245 3246 3317
f 3246 3237 3319
f 3226 3235 3321
f 3263 3245 3322
f 3229 3263 3324
f 3182 3211 3326
f 3173 3180 2829
f 2799 2795 3065
f 2839 2798 3067
f 2792 2840 3069
f 2793 2791 3064
f 2840 2801 3070
f 3041 3060 3071
f 2796 2800 3066
f 3060 3043 3072
f 2803 2839 3068
f 3050 3049 3073
f 3047 3046 3066
f 2809 2806 3079
f 2826 2812 3076
f 2815 2841 3086
f 2841 3266 3092
f 3267 3268 3093
f 2805 2811 3084
f 3268 3269 3094
f 3270 3271 3106
f 3272 3273 3121
f 3274 3275 3109
f 3276 3277 3120
f 3278 3279 3152
f 3279 3280 3161
f 3281 3282 3166
f 3280 3283 3154
f 3284 3285 3143
f 3286 3287 3122
f 3287 3288 3125
f 3053 3055 3170
f 2817 2819 3169
f 2822 2818 3171
f 2820 2825 3081
f 3289 3290 3174
f 3291 2833 3177
f 2830 2828 3180
f 3292 3293 3183
f 3293 3294 3190
f 3294 3295 3193
f 3296 3297 3192
f 3298 3296 3187
f 3299 3300 3195
f 3301 3302 3202
f 3300 3303 3203
f 3304 3305 3185
f 3305 3306 3211
f 3061 2842 3175
f 2842 3307 3214
f 3308 3309 3176
f 2832 2831 3179
f 3310 3311 3237
f 3312 3310 3236
f 3313 3314 3239
f 3054 3059 3208
f 3315 3316 3235
f 2837 2843 3227
f 3056 3061 3178
f 2843 2838 3172
f 3317 3318 3245
f 3319 3320 3246
f 3321 2835 3226
f 3322 3323 3263
f 3324 3325 3229
f 3326 3327 3182
f 2829 2823 3173
f 3064 2791 2790
f 3064 2790 2792
f 3065 2794 2793
f 3065 2795 2794
f 3067 2797 2796
f 3067 2798 2797
f 3066 2800 2799
f 3070 2801 3039
f 3070 3039 3040
f 3070 3040 3041
f 3072 3043 3042
f 3066 3045 3044
f 3066 3046 3045
f 3072 3048 3047
f 3073 3049 2802
f 3073 2804 2803
f 3073 2802 2804
f 3066 3044 3050
f 3079 2806 2805
f 3076 2808 2807
f 3076 2807 2809
f 3084 2811 2810
f 3072 3042 3048
f 3076 2812 2808
f 3084 2814 2813
f 3084 2810 2814
f 3084 2813 2815
f 3092 3266 3328
f 3092 3328 3267
f 3094 3329 3270
f 3094 3269 3329
f 3120 3330 3272
f 3120 3277 3331
f 3120 3331 3330
f 3106 3271 3274
f 3143 3285 3286
f 3125 3332 3276
f 3125 3288 3332
f 3109 3333 3278
f 3109 3275 3333
f 3154 3283 3334
f 3154 3334 3281
f 3166 3282 3284
f 3169 3052 3051
f 3169 3051 3053
f 3169 2816 3052
f 3171 2818 2817
f 3169 2819 2816
f 3172 2821 2820
f 3173 2823 2822
f 3081 2825 2824
f 3176 3309 3289
f 3170 3055 3054
f 3081 2824 2826
f 3180 2828 2827
f 3180 2827 2829
f 3182 3327 3292
f 3179 2831 2830
f 3192 3297 3335
f 3192 3335 3301
f 3202 3302 3336
f 3202 3336 3299
f 3203 3303 3304
f 3211 3306 3337
f 3211 3337 3326
f 3214 3338 3308
f 3177 2833 2832
f 3226 2835 2834
f 3235 3339 3321
f 3226 2834 2836
f 3239 3314 3315
f 3226 2836 2837
f 3172 2838 2821
f 3193 3295 3312
f 3214 3307 3338
f 3245 3318 3322
f 3208 3057 3056
f 3237 3311 3319
f 3229 3325 3340
f 3229 3340 3313
f 3246 3320 3317
f 3263 3323 3324
f 3208 3059 3058
f 3208 3058 3057
f 3235 3316 3339
f 3174 3290 3291
f 3063 3062 3341
f 3074 3063 3343
f 3062 3075 3345
f 3105 3104 2030
f 3112 3107 2031
f 3113 3101 3347
f 3107 3105 2010
f 3117 3118 3349
f 3111 3117 3351
f 3104 3114 2032
f 3114 3111 3353
f 3116 3112 2014
f 3118 3089 3355
f 3119 3113 3357
f 3089 3119 3359
f 3101 3165 3360
f 3165 3160 3361
f 3167 3074 3363
f 3075 3151 3365
f 3151 3150 3367
f 3160 3167 3364
f 3186 3199 3368
f 3199 3205 3370
f 3205 3196 3372
f 3196 3224 3374
f 3224 3198 3376
f 3198 3201 3378
f 3212 3232 3379
f 3232 3238 3381
f 3238 3225 3382
f 3225 3244 3384
f 3244 3247 3385
f 3247 3223 3387
f 3223 3222 3389
f 3201 3261 3390
f 3249 3251 2017
f 3251 3257 2033
f 3261 3204 3392
f 3257 3252 2034
f 3222 3249 2015
f 3252 3262 2021
f 3258 3260 2023
f 3262 3258 2036
f 3260 3259 2026
f 3204 3264 3394
f 3264 3212 3395
f 3259 3116 2028
f 3341 3342 3063
f 3343 3344 3074
f 3345 3346 3062
f 2030 2011 3105
f 2031 2013 3112
f 3347 3348 3113
f 2010 2031 3107
f 3349 3350 3117
f 3351 3352 3111
f 2032 2030 3104
f 3353 3354 3114
f 2014 2029 3116
f 3355 3356 3118
f 3357 3358 3119
f 3359 3355 3089
f 3360 3347 3101
f 3361 3362 3165
f 3363 3364 3167
f 3365 3366 3075
f 3367 3365 3151
f 3364 3361 3160
f 3368 3369 3186
f 3370 3371 3199
f 3372 3373 3205
f 3374 3375 3196
f 3376 3377 3224
f 3378 3376 3198
f 3379 3380 3212
f 3381 3379 3232
f 3382 3383 3238
f 3384 3382 3225
f 3385 3386 3244
f 3387 3388 3247
f 3389 3387 3223
f 3390 3391 3201
f 2017 2016 3249
f 2033 2018 3251
f 3392 3393 3261
f 2034 2033 3257
f 2015 2035 3222
f 2021 2034 3252
f 2023 2036 3258
f 2036 2022 3262
f 2026 2025 3260
f 3394 3392 3204
f 3395 3396 3264
f 2028 2027 3259
f 3062 3397 3341
f 3063 3342 3343
f 3062 3398 3397
f 3105 2011 2010
f 3113 3348 3357
f 3117 3350 3351
f 3114 3354 3399
f 3114 3399 2032
f 3111 3352 3353
f 3118 3356 3349
f 3119 3400 3359
f 3112 2013 2012
f 3119 3358 3400
f 3112 2012 2014
f 3062 3346 3398
f 3165 3362 3360
f 3150 3401 3367
f 3074 3402 3363
f 3074 3344 3402
f 3075 3366 3345
f 3199 3371 3368
f 3205 3403 3370
f 3205 3373 3403
f 3196 3375 3372
f 3212 3380 3395
f 3224 3377 3374
f 3238 3404 3381
f 3238 3383 3404
f 3244 3405 3384
f 3244 3386 3405
f 3247 3406 3385
f 3247 3388 3406
f 3222 2035 3389
f 3249 2016 2015
f 3201 3391 3378
f 3251 2018 2017
f 3262 2020 2019
f 3262 2019 2021
f 3261 3393 3407
f 3262 2022 2020
f 3261 3407 3390
f 3260 2024 2023
f 3260 2025 2024
f 3264 3396 3394
f 3259 2027 2026
f 3116 2029 2028
f 3417 3419 3418
f 3420 3419 3417
f 3420 3421 3423
f 3424 3423 3421
f 3422 3424 3421
f 3422 3425 3426
f 3425 3408 3427
f 3428 3429 3430
f 3428 3418 3431
f 3429 3432 3430
f 3439 3440 3441
f 3442 3441 3440
f 3442 3443 3441
f 3442 3440 3446
f 3437 3447 3438
f 3444 3447 3437
f 3446 3440 3447
f 3449 3435 3450
f 3447 3452 3446
f 3444 3453 3447
f 3454 3455 3435
f 3455 3448 3451
f 3453 3444 3445
f 3450 3451 3449
f 3453 3452 3447
f 3450 3455 3451
f 3459 3454 3435
f 3455 3450 3435
f 3459 3436 3439
f 3428 3431 3429
f 3459 3439 3441
f 3460 3446 3452
f 3431 3418 3419
f 3423 3419 3420
f 3426 3424 3422
f 3419 3423 3431
f 3459 3461 3454
f 3452 3453 3460
f 3441 3461 3459
f 3456 3440 3439
f 3438 3440 3456
f 3447 3440 3438
f 3435 3436 3459
f 3416 3462 3463
f 3411 3413 3464
f 3415 3464 3413
f 3426 3425 3458
f 3425 3427 3458
f 3409 3458 3427
f 3409 3427 3408
f 3458 3409 3410
f 3463 3453 3445
f 3415 3445 3464
f 3445 3415 3463
f 3460 3453 3465
f 3462 3465 3453
f 3462 3453 3463
f 3411 3412 3466
f 3417 3418 3469
f 3421 3420 3471
f 3422 3421 3473
f 3425 3422 3475
f 3408 3425 3477
f 3418 3428 3479
f 3433 3434 3480
f 3432 3429 3482
f 3436 3435 3484
f 3420 3417 3486
f 3437 3438 3487
f 3444 3437 3489
f 3445 3444 3491
f 3430 3432 3494
f 3432 3434 3496
f 3434 3432 3498
f 3435 3449 3499
f 3429 3431 3500
f 3423 3424 3502
f 3426 3458 3504
f 3424 3426 3505
f 3428 3430 3495
f 3431 3423 3508
f 3449 3451 3510
f 3439 3436 3512
f 3456 3439 3513
f 3438 3456 3515
f 3458 3410 3516
f 3464 3445 3492
f 3411 3464 3518
f 3412 3411 3519
f 3466 3467 3411
f 3469 3470 3417
f 3471 3472 3421
f 3473 3474 3422
f 3475 3476 3425
f 3477 3478 3408
f 3479 3469 3418
f 3480 3481 3433
f 3482 3483 3432
f 3484 3485 3436
f 3486 3471 3420
f 3487 3488 3437
f 3489 3490 3444
f 3491 3492 3445
f 3494 3495 3430
f 3496 3497 3432
f 3498 3480 3434
f 3499 3484 3435
f 3500 3501 3429
f 3502 3503 3423
f 3504 3505 3426
f 3505 3506 3424
f 3495 3507 3428
f 3508 3500 3431
f 3509 3510 3451
f 3510 3511 3449
f 3512 3513 3439
f 3513 3514 3456
f 3515 3487 3438
f 3516 3504 3458
f 3492 3517 3464
f 3518 3519 3411
f 3519 3520 3412
f 3410 3468 3522
f 3417 3523 3486
f 3417 3470 3523
f 3421 3472 3473
f 3422 3474 3475
f 3425 3476 3477
f 3408 3524 3521
f 3408 3478 3524
f 3428 3507 3479
f 3444 3490 3491
f 3434 3493 3496
f 3432 3497 3494
f 3456 3514 3515
f 3429 3501 3482
f 3432 3483 3498
f 3423 3503 3508
f 3424 3525 3502
f 3424 3506 3525
f 3437 3488 3526
f 3437 3526 3527
f 3437 3527 3489
f 3449 3511 3499
f 3436 3485 3528
f 3436 3528 3512
f 3410 3529 3516
f 3410 3522 3530
f 3410 3530 3529
f 3464 3517 3518
f 3412 3520 3466
f 3434 3433 3531
f 3451 3448 3533
f 3448 3455 3535
f 3455 3457 3537
f 3509 3451 3534
f 3493 3434 3540
f 3433 3481 3541
f 3531 3532 3434
f 3533 3534 3451
f 3535 3536 3448
f 3537 3535 3455
f 3534 3539 3509
f 3540 3541 3493
f 3541 3542 3433
f 3448 3543 3544
f 3448 3544 3533
f 3448 3536 3545
f 3448 3545 3543
f 3457 3546 3537
f 3457 3538 3546
f 3433 3542 3531
f 3434 3532 3540
f 3509 3539 3541
f 3409 3408 3547
f 3413 3411 3549
f 3415 3413 3551
f 3414 3416 3553
f 3463 3415 3555
f 3416 3463 3556
f 3411 3467 3557
f 3410 3409 3558
f 3468 3410 3559
f 3408 3521 3560
f 3547 3548 3409
f 3549 3550 3413
f 3551 3552 3415
f 3553 3554 3414
f 3555 3556 3463
f 3556 3553 3416
f 3557 3549 3411
f 3558 3559 3410
f 3559 3560 3468
f 3560 3561 3408
f 3409 3548 3562
f 3413 3550 3563
f 3413 3563 3551
f 3415 3552 3555
f 3414 3554 3564
f 3408 3561 3547
f 3409 3562 3565
f 3409 3565 3558
f 3467 3560 3557
f 3443 3442 2414
f 3442 3446 2431
f 3457 3455 3569
f 3455 3454 3571
f 3454 3461 3572
f 3461 3441 3574
f 3441 3443 3575
f 3446 3460 2416
f 3460 3465 2418
f 3538 3457 3576
f 3465 3462 2421
f 3462 3416 2425
f 3416 3414 2426
f 3414 3564 2430
f 2414 3568 3443
f 2431 2415 3442
f 3569 3570 3457
f 3571 3569 3455
f 3572 3573 3454
f 3574 3572 3461
f 3575 3574 3441
f 2416 2431 3446
f 2418 2417 3460
f 3576 3577 3538
f 2421 2420 3465
f 2425 2422 3462
f 2426 2424 3416
f 2430 2429 3414
f 3442 2415 2414
f 3454 3578 3571
f 3454 3573 3578
f 3460 2417 2416
f 3443 3568 3579
f 3443 3580 3575
f 3457 3570 3581
f 3465 2419 2418
f 3457 3582 3576
f 3443 3579 3580
f 3457 3581 3582
f 3465 2420 2419
f 3462 2422 2421
f 3416 2424 2423
f 3416 2423 2425
f 3414 2427 2426
f 3414 2429 2428
f 3414 2428 2427
f 3583 3584 3467
f 3583 3467 3466
f 3585 3586 3470
f 3585 3470 3469
f 3587 3588 3472
f 3587 3472 3471
f 3588 3589 3473
f 3588 3473 3472
f 3589 3590 3474
f 3589 3474 3473
f 3590 3591 3475
f 3590 3475 3474
f 3591 3592 3476
f 3591 3476 3475
f 3592 3593 3477
f 3592 3477 3476
f 3593 3594 3478
f 3593 3478 3477
f 3585 3595 3479
f 3585 3479 3469
f 3596 3597 3481
f 3596 3481 3480
f 3598 3599 3483
f 3598 3483 3482
f 3600 3601 3485
f 3600 3485 3484
f 3587 3602 3486
f 3587 3486 3471
f 3603 3604 3488
f 3603 3488 3487
f 3605 3606 3490
f 3605 3490 3489
f 3606 3607 3491
f 3606 3491 3490
f 3607 3608 3492
f 3607 3492 3491
f 3609 3610 3495
f 3609 3495 3494
f 3611 3612 3496
f 3611 3496 3493
f 3609 3613 3497
f 3609 3497 3494
f 3612 3613 3497
f 3612 3497 3496
f 3596 3614 3498
f 3596 3498 3480
f 3599 3614 3498
f 3599 3498 3483
f 3600 3615 3499
f 3600 3499 3484
f 3598 3616 3501
f 3598 3501 3482
f 3617 3616 3501
f 3617 3501 3500
f 3618 3619 3503
f 3618 3503 3502
f 3620 3621 3505
f 3620 3505 3504
f 3621 3622 3506
f 3621 3506 3505
f 3595 3623 3507
f 3595 3507 3479
f 3610 3623 3507
f 3610 3507 3495
f 3617 3624 3508
f 3617 3508 3500
f 3619 3624 3508
f 3619 3508 3503
f 3625 3626 3510
f 3625 3510 3509
f 3615 3627 3511
f 3615 3511 3499
f 3626 3627 3511
f 3626 3511 3510
f 3628 3629 3513
f 3628 3513 3512
f 3629 3630 3514
f 3629 3514 3513
f 3603 3631 3515
f 3603 3515 3487
f 3630 3631 3515
f 3630 3515 3514
f 3620 3632 3516
f 3620 3516 3504
f 3608 3633 3517
f 3608 3517 3492
f 3633 3634 3518
f 3633 3518 3517
f 3634 3635 3519
f 3634 3519 3518
f 3583 3636 3520
f 3583 3520 3466
f 3635 3636 3520
f 3635 3520 3519
f 3637 3638 3522
f 3637 3522 3468
f 3586 3639 3523
f 3586 3523 3470
f 3602 3639 3523
f 3602 3523 3486
f 3594 3640 3524
f 3594 3524 3478
f 3641 3640 3524
f 3641 3524 3521
f 3618 3642 3525
f 3618 3525 3502
f 3622 3642 3525
f 3622 3525 3506
f 3604 3643 3526
f 3604 3526 3488
f 3605 3644 3527
f 3605 3527 3489
f 3643 3644 3527
f 3643 3527 3526
f 3601 3645 3528
f 3601 3528 3485
f 3628 3645 3528
f 3628 3528 3512
f 3632 3646 3529
f 3632 3529 3516
f 3638 3647 3530
f 3638 3530 3522
f 3646 3647 3530
f 3646 3530 3529
f 3648 3649 3532
f 3648 3532 3531
f 3650 3651 3534
f 3650 3534 3533
f 3652 3653 3536
f 3652 3536 3535
f 3652 3654 3537
f 3652 3537 3535
f 3651 3655 3539
f 3651 3539 3534
f 3649 3656 3540
f 3649 3540 3532
f 3597 3657 3541
f 3597 3541 3481
f 3611 3657 3541
f 3611 3541 3493
f 3625 3657 3541
f 3625 3541 3509
f 3655 3657 3541
f 3655 3541 3539
f 3656 3657 3541
f 3656 3541 3540
f 3648 3658 3542
f 3648 3542 3531
f 3657 3658 3542
f 3657 3542 3541
f 3650 3659 3544
f 3650 3544 3533
f 3660 3659 3544
f 3660 3544 3543
f 3653 3661 3545
f 3653 3545 3536
f 3660 3661 3545
f 3660 3545 3543
f 3654 3662 3546
f 3654 3546 3537
f 3663 3662 3546
f 3663 3546 3538
f 3584 3664 3560
f 3584 3560 3467
f 3637 3664 3560
f 3637 3560 3468
f 3641 3664 3560
f 3641 3560 3521
f 3663 3665 3577
f 3663 3577 3538
f 3672 3673 3674
f 3676 3672 3674
f 3677 3672 3676
f 3677 3675 3672
f 3679 3677 3676
f 3680 3679 3676
f 3679 3680 3681
f 3679 3682 3677
f 3683 3684 3685
f 3687 3682 3679
f 3679 3681 3687
f 3688 3687 3681
f 3688 3689 3687
f 3667 3689 3688
f 3667 3666 3689
f 3688 3680 3691
f 3688 3681 3680
f 3690 3688 3691
f 3686 3688 3690
f 3688 3686 3667
f 3692 3693 3694
f 3695 3696 3697
f 3698 3673 3696
f 3683 3699 3700
f 3701 3702 3683
f 3703 3693 3701
f 3703 3701 3683
f 3702 3684 3683
f 3693 3696 3701
f 3673 3704 3696
f 3672 3704 3673
f 3678 3704 3672
f 3706 3707 3698
f 3674 3673 3698
f 3707 3674 3698
f 3707 3708 3674
f 3708 3707 3709
f 3707 3710 3709
f 3708 3709 3680
f 3680 3676 3708
f 3680 3709 3691
f 3711 3712 3713
f 3714 3713 3712
f 3715 3718 3712
f 3714 3712 3718
f 3715 3716 3718
f 3694 3700 3718
f 3720 3719 3713
f 3723 3724 3725
f 3721 3723 3725
f 3726 3723 3721
f 3723 3727 3724
f 3719 3720 3728
f 3710 3707 3706
f 3717 3692 3716
f 3692 3694 3716
f 3694 3718 3716
f 3727 3729 3724
f 3694 3683 3700
f 3714 3728 3713
f 3713 3728 3720
f 3699 3728 3714
f 3699 3718 3700
f 3718 3699 3714
f 3699 3685 3728
f 3730 3723 3726
f 3730 3727 3723
f 3699 3683 3685
f 3730 3731 3727
f 3732 3730 3726
f 3733 3734 3735
f 3734 3736 3735
f 3706 3695 3697
f 3733 3735 3737
f 3696 3692 3697
f 3737 3738 3739
f 3692 3696 3693
f 3715 3712 3711
f 3695 3706 3698
f 3708 3676 3674
f 3698 3696 3695
f 3740 3741 3742
f 3743 3734 3733
f 3683 3694 3703
f 3693 3703 3694
f 3737 3739 3733
f 3684 3702 3685
f 3743 3747 3734
f 3701 3705 3702
f 3749 3747 3743
f 3750 3726 3721
f 3721 3722 3750
f 3701 3696 3704
f 3678 3705 3701
f 3704 3678 3701
f 3744 3743 3752
f 3752 3743 3733
f 3750 3732 3726
f 3751 3754 3722
f 3754 3750 3722
f 3734 3754 3751
f 3752 3733 3739
f 3736 3734 3751
f 3727 3731 3748
f 3753 3736 3751
f 3735 3736 3753
f 3750 3754 3732
f 3730 3732 3755
f 3756 3730 3755
f 3731 3730 3756
f 3758 3757 3755
f 3758 3755 3759
f 3757 3756 3755
f 3759 3755 3732
f 3758 3742 3741
f 3759 3742 3758
f 3754 3734 3747
f 3742 3754 3747
f 3742 3747 3740
f 3742 3732 3754
f 3742 3759 3732
f 3740 3747 3749
f 3744 3749 3743
f 3671 3760 3738
f 3738 3760 3739
f 3761 3760 3671
f 3739 3760 3761
f 3670 3761 3671
f 3746 3739 3745
f 3739 3761 3745
f 3745 3761 3762
f 3762 3761 3670
f 3672 3675 3602
f 3678 3672 3639
f 3675 3677 3589
f 3677 3682 3591
f 3682 3687 3593
f 3689 3666 3641
f 3687 3689 3640
f 3705 3678 3595
f 3719 3728 3765
f 3724 3729 3766
f 3729 3727 3768
f 3728 3685 3770
f 3725 3724 3772
f 3721 3725 3774
f 3746 3745 3607
f 3685 3702 3612
f 3702 3705 3609
f 3749 3744 3631
f 3751 3722 3598
f 3722 3721 3614
f 3753 3751 3624
f 3727 3748 3775
f 3735 3753 3618
f 3737 3735 3642
f 3744 3752 3643
f 3752 3739 3644
f 3739 3746 3605
f 3731 3756 3776
f 3748 3731 3777
f 3756 3757 3779
f 3757 3758 3625
f 3758 3741 3615
f 3741 3740 3645
f 3740 3749 3628
f 3738 3737 3632
f 3669 3671 3647
f 3671 3738 3646
f 3745 3762 3634
f 3602 3639 3672
f 3639 3586 3678
f 3589 3588 3675
f 3591 3590 3677
f 3593 3592 3682
f 3641 3640 3689
f 3640 3594 3687
f 3595 3623 3705
f 3765 3763 3719
f 3766 3767 3724
f 3768 3769 3729
f 3770 3771 3728
f 3772 3773 3725
f 3774 3597 3721
f 3607 3606 3746
f 3612 3611 3685
f 3609 3613 3702
f 3631 3630 3749
f 3598 3616 3751
f 3614 3599 3722
f 3624 3619 3753
f 3775 3768 3727
f 3618 3642 3735
f 3642 3622 3737
f 3643 3604 3744
f 3644 3643 3752
f 3605 3644 3739
f 3776 3777 3731
f 3777 3778 3748
f 3779 3776 3756
f 3625 3780 3757
f 3615 3627 3758
f 3645 3601 3741
f 3628 3645 3740
f 3632 3646 3738
f 3647 3638 3669
f 3646 3647 3671
f 3634 3633 3745
f 3583 3636 3762
f 3678 3586 3585
f 3675 3588 3587
f 3677 3590 3589
f 3682 3592 3591
f 3687 3594 3593
f 3678 3585 3595
f 3721 3597 3596
f 3722 3599 3598
f 3724 3767 3781
f 3728 3782 3765
f 3729 3769 3766
f 3728 3771 3782
f 3685 3783 3770
f 3725 3784 3785
f 3725 3773 3784
f 3725 3785 3774
f 3724 3781 3772
f 3741 3601 3600
f 3675 3587 3602
f 3744 3604 3603
f 3746 3606 3605
f 3745 3608 3607
f 3685 3611 3783
f 3748 3786 3787
f 3705 3610 3609
f 3702 3613 3612
f 3721 3596 3614
f 3741 3600 3615
f 3751 3616 3617
f 3753 3619 3618
f 3737 3621 3620
f 3737 3622 3621
f 3705 3623 3610
f 3748 3787 3775
f 3751 3617 3624
f 3748 3778 3786
f 3758 3626 3625
f 3757 3780 3779
f 3758 3627 3626
f 3749 3629 3628
f 3749 3630 3629
f 3744 3603 3631
f 3737 3620 3632
f 3745 3633 3608
f 3762 3635 3634
f 3762 3636 3635
f 3690 3691 3790
f 3709 3710 3792
f 3691 3709 3793
f 3715 3711 3795
f 3716 3715 3797
f 3717 3716 3798
f 3692 3717 3800
f 3710 3706 3802
f 3697 3692 3801
f 3706 3697 3805
f 3686 3690 3807
f 3668 3686 3808
f 3790 3791 3690
f 3792 3793 3709
f 3793 3794 3691
f 3795 3796 3715
f 3797 3798 3716
f 3798 3799 3717
f 3800 3801 3692
f 3802 3803 3710
f 3801 3804 3697
f 3805 3802 3706
f 3807 3808 3686
f 3808 3788 3668
f 3690 3791 3809
f 3690 3809 3807
f 3710 3810 3792
f 3691 3794 3790
f 3715 3811 3797
f 3715 3796 3811
f 3717 3812 3800
f 3710 3803 3810
f 3697 3804 3813
f 3697 3813 3805
f 3711 3806 3795
f 3717 3799 3812
f 3666 3667 3814
f 3671 3669 3816
f 3686 3668 3818
f 3667 3686 3819
f 3762 3670 3820
f 3670 3671 3817
f 3669 3638 3823
f 3583 3762 3821
f 3641 3666 3826
f 3638 3637 3827
f 3584 3583 3825
f 3668 3788 3829
f 3788 3789 3831
f 3814 3815 3666
f 3816 3817 3671
f 3818 3819 3686
f 3819 3814 3667
f 3820 3821 3762
f 3817 3822 3670
f 3823 3824 3669
f 3821 3825 3583
f 3826 3664 3641
f 3827 3823 3638
f 3825 3828 3584
f 3829 3830 3668
f 3831 3829 3788
f 3666 3815 3832
f 3668 3830 3818
f 3669 3824 3833
f 3670 3822 3834
f 3670 3834 3820
f 3669 3833 3816
f 3666 3832 3826
f 3584 3828 3664
f 3637 3664 3827
f 3789 3835 3831
f 3711 3713 3836
f 3713 3719 3838
f 3719 3763 3840
f 3763 3764 3842
f 3806 3711 3844
f 3836 3837 3711
f 3838 3839 3713
f 3840 3841 3719
f 3842 3840 3763
f 3844 3845 3806
f 3719 3846 3838
f 3719 3841 3846
f 3711 3837 3847
f 3713 3839 3836
f 3764 3843 3842
f 3711 3847 3844
f 3848 3849 3789
f 3848 3789 3788
f 3850 3851 3791
f 3850 3791 3790
f 3852 3853 3793
f 3852 3793 3792
f 3853 3854 3794
f 3853 3794 3793
f 3855 3856 3796
f 3855 3796 3795
f 3857 3858 3798
f 3857 3798 3797
f 3858 3859 3799
f 3858 3799 3798
f 3860 3861 3801
f 3860 3801 3800
f 3862 3863 3803
f 3862 3803 3802
f 3861 3864 3804
f 3861 3804 3801
f 3865 3862 3802
f 3865 3802 3805
f 3866 3867 3808
f 3866 3808 3807
f 3867 3848 3788
f 3867 3788 3808
f 3851 3868 3809
f 3851 3809 3791
f 3868 3866 3807
f 3868 3807 3809
f 3869 3852 3792
f 3869 3792 3810
f 3854 3850 3790
f 3854 3790 3794
f 3870 3857 3797
f 3870 3797 3811
f 3856 3870 3811
f 3856 3811 3796
f 3871 3860 3800
f 3871 3800 3812
f 3863 3869 3810
f 3863 3810 3803
f 3864 3872 3813
f 3864 3813 3804
f 3872 3865 3805
f 3872 3805 3813
f 3873 3855 3795
f 3873 3795 3806
f 3859 3871 3812
f 3859 3812 3799
f 3874 3875 3815
f 3874 3815 3814
f 3877 3878 3819
f 3877 3819 3818
f 3878 3874 3814
f 3878 3814 3819
f 3879 3880 3821
f 3879 3821 3820
f 3876 3881 3822
f 3876 3822 3817
f 3880 3882 3825
f 3880 3825 3821
f 3883 3566 3664
f 3883 3664 3826
f 3882 3884 3828
f 3882 3828 3825
f 3848 3885 3829
f 3885 3886 3830
f 3885 3830 3829
f 3848 3885 3829
f 3887 3885 3829
f 3887 3829 3831
f 3875 3888 3832
f 3875 3832 3815
f 3886 3877 3818
f 3886 3818 3830
f 3881 3889 3834
f 3881 3834 3822
f 3889 3879 3820
f 3889 3820 3834
f 3888 3883 3826
f 3888 3826 3832
f 3884 3567 3664
f 3884 3664 3828
f 3849 3890 3835
f 3849 3835 3789
f 3890 3887 3831
f 3890 3831 3835
f 3891 3892 3837
f 3891 3837 3836
f 3893 3894 3839
f 3893 3839 3838
f 3895 3896 3841
f 3895 3841 3840
f 3897 3895 3840
f 3897 3840 3842
f 3900 3899 3845
f 3900 3845 3844
f 3901 3893 3838
f 3901 3838 3846
f 3896 3901 3846
f 3896 3846 3841
f 3892 3902 3847
f 3892 3847 3837
f 3894 3891 3836
f 3894 3836 3839
f 3898 3897 3842
f 3898 3842 3843
f 3902 3900 3844
f 3902 3844 3847
f 3908 3909 3910
f 3910 3911 3908
f 3907 3911 3912
f 3911 3910 3917
f 3917 3910 3913
f 3911 3917 3912
f 3903 3904 3914
f 3909 3914 3916
f 3903 3914 3920
f 3905 3903 3920
f 3912 3917 3918
f 3922 3917 3913
f 3922 3913 3915
f 3923 3918 3917
f 3923 3917 3924
f 3920 3906 3905
f 3914 3908 3920
f 3925 3920 3908
f 3925 3908 3926
f 3920 3925 3906
f 3906 3925 3907
f 3908 3914 3909
f 3908 3911 3926
f 3926 3911 3925
f 3911 3907 3925
f 3928 3930 3929
f 3932 3930 3933
f 3934 3927 3933
f 3935 3934 3933
f 3936 3931 3928
f 3929 3922 3915
f 3924 3917 3922
f 3924 3922 3932
f 3921 3923 3924
f 3927 3924 3932
f 3927 3921 3924
f 3932 3922 3929
f 3932 3929 3930
f 3932 3933 3927
f 3913 3910 3781
f 3914 3904 3765
f 3915 3913 3766
f 3916 3914 3782
f 3919 3916 3770
f 3916 3919 3785
f 3909 3916 3784
f 3910 3909 3772
f 3928 3929 3787
f 3929 3915 3775
f 3936 3928 3786
f 3931 3936 3779
f 3781 3767 3913
f 3765 3782 3914
f 3766 3769 3915
f 3782 3771 3916
f 3770 3783 3919
f 3785 3784 3916
f 3784 3773 3909
f 3774 3785 3919
f 3772 3781 3910
f 3787 3786 3928
f 3775 3787 3929
f 3786 3778 3936
f 3779 3780 3931
f 3904 3764 3763
f 3904 3763 3765
f 3913 3767 3766
f 3915 3769 3768
f 3916 3771 3770
f 3909 3773 3772
f 3915 3768 3775
f 3936 3777 3776
f 3936 3778 3777
f 3936 3776 3779
f 3930 3928 3659
f 3928 3931 3650
f 3935 3933 3661
f 3933 3930 3660
f 3934 3935 3654
f 3774 3919 3648
f 3919 3783 3656
f 3931 3780 3657
f 3659 3660 3930
f 3650 3659 3928
f 3661 3653 3935
f 3660 3661 3933
f 3654 3662 3934
f 3648 3658 3774
f 3656 3649 3919
f 3657 3655 3931
f 3919 3649 3648
f 3931 3651 3650
f 3935 3653 3652
f 3935 3652 3654
f 3931 3655 3651
f 3783 3657 3656
f 3774 3658 3657
f 3904 3903 3937
f 3912 3918 3939
f 3903 3905 3940
f 3905 3906 3941
f 3918 3923 3943
f 3923 3921 3945
f 3764 3904 3946
f 3937 3938 3904
f 3940 3937 3903
f 3941 3942 3905
f 3943 3944 3918
f 3945 3943 3923
f 3946 3843 3764
f 3905 3947 3940
f 3904 3938 3948
f 3905 3949 3947
f 3905 3942 3949
f 3918 3950 3939
f 3918 3944 3950
f 3904 3948 3946
f 3951 3952 3938
f 3951 3938 3937
f 3953 3951 3937
f 3953 3937 3940
f 3954 3955 3942
f 3954 3942 3941
f 3958 3956 3943
f 3958 3943 3945
f 3959 3898 3843
f 3959 3843 3946
f 3960 3953 3940
f 3960 3940 3947
f 3952 3961 3948
f 3952 3948 3938
f 3962 3960 3947
f 3962 3947 3949
f 3955 3962 3949
f 3955 3949 3942
f 3957 3963 3950
f 3957 3950 3944
f 3961 3959 3946
f 3961 3946 3948
f 3907 3912 3964
f 3906 3907 3966
f 3934 3662 3968
f 3662 3663 3970
f 3921 3927 3971
f 3927 3934 3973
f 3912 3939 3975
f 3941 3906 3977
f 3945 3921 3978
f 3954 3941 3979
f 3958 3945 3981
f 3964 3965 3907
f 3966 3967 3906
f 3968 3969 3934
f 3970 3968 3662
f 3971 3972 3921
f 3973 3974 3927
f 3975 3976 3912
f 3977 3975 3941
f 3978 3975 3945
f 3979 3980 3954
f 3981 3982 3958
f 3907 3965 3966
f 3663 3665 3970
f 3921 3983 3984
f 3906 3967 3985
f 3934 3969 3986
f 3921 3972 3987
f 3906 3985 3988
f 3927 3974 3971
f 3934 3986 3973
f 3921 3987 3983
f 3912 3976 3964
f 3921 3984 3989
f 3906 3988 3990
f 3921 3989 3978
f 3906 3990 3977
f 3941 3975 3979
f 3945 3975 3981
f 3992 3991 3993
f 3993 3995 3996
f 3997 3998 3999
f 4000 3998 3997
f 4001 3998 4000
f 4001 3999 3998
f 3997 4002 4000
f 3999 4002 3997
f 4003 4004 4001
f 4004 3999 4001
f 4005 3999 4004
f 4005 4002 3999
f 4003 4001 4008
f 3993 3996 3992
f 4011 4010 4017
f 4020 4019 4010
f 4010 4014 4020
f 4017 4015 4009
f 4021 4019 4020
f 4016 4019 4021
f 4015 4017 4012
f 4018 4012 4017
f 4014 4021 4020
f 4021 4014 4023
f 4022 4021 4023
f 4008 4025 4024
f 4025 4022 4024
f 4014 4013 4023
f 4023 4013 4024
f 4024 4022 4023
f 4001 4025 4008
f 3993 3994 4026
f 3995 3993 4027
f 4000 4002 4029
f 4005 4006 4031
f 4002 4005 4032
f 4018 4017 4035
f 4017 4010 4037
f 4012 4018 4036
f 4010 4019 4040
f 4016 4021 4041
f 4019 4016 4043
f 4021 4022 4044
f 4025 4001 4046
f 4022 4025 4047
f 4001 4000 4049
f 4026 4027 3993
f 4027 4028 3995
f 4029 4030 4000
f 4031 4032 4005
f 4032 4033 4002
f 4035 4036 4018
f 4037 4038 4017
f 4036 4039 4012
f 4040 4037 4010
f 4041 4042 4016
f 4043 4040 4019
f 4044 4045 4021
f 4046 4047 4025
f 4047 4048 4022
f 4049 4046 4001
f 3994 4051 4026
f 4002 4052 4029
f 4002 4053 4052
f 4002 4033 4053
f 4006 4054 4031
f 4012 4055 4034
f 4012 4039 4055
f 4016 4042 4056
f 4017 4038 4035
f 4016 4056 4057
f 4016 4057 4043
f 4021 4058 4041
f 4021 4045 4058
f 4000 4030 4049
f 4022 4048 4044
f 3994 4050 4051
f 4005 4004 4059
f 4006 4005 4060
f 4004 4007 4062
f 3993 3991 4064
f 3994 3993 4066
f 3996 3995 4069
f 4050 3994 4071
f 3995 4028 4072
f 4054 4006 4074
f 4059 4060 4005
f 4060 4061 4006
f 4062 4059 4004
f 4064 4065 3993
f 4066 4067 3994
f 4069 4070 3996
f 4071 4072 4050
f 4072 4073 3995
f 4074 4072 4054
f 4007 4075 4062
f 4006 4061 4076
f 3991 4063 4077
f 3993 4065 4066
f 3994 4067 4078
f 3996 4070 4079
f 3991 4077 4064
f 3996 4079 4068
f 4006 4076 4080
f 3994 4078 4071
f 3995 4081 4069
f 4006 4080 4074
f 3995 4073 4081
f 3991 3992 4082
f 3992 3996 4084
f 4007 4004 4086
f 4003 4008 4088
f 4004 4003 4090
f 4010 4011 4091
f 4013 4014 4095
f 4014 4010 4092
f 4017 4009 4098
f 4011 4017 4099
f 4024 4013 4101
f 4008 4024 4103
f 3996 4068 4105
f 4063 3991 4106
f 4075 4007 4108
f 4082 4083 3991
f 4084 4085 3992
f 4086 4087 4007
f 4088 4089 4003
f 4090 4086 4004
f 4091 4092 4010
f 4093 4094 4009
f 4095 4096 4013
f 4092 4097 4014
f 4098 4099 4017
f 4099 4100 4011
f 4101 4102 4024
f 4103 4104 4008
f 4105 4084 3996
f 4106 4107 4063
f 4108 4107 4075
f 3991 4083 4109
f 3992 4085 4082
f 4007 4110 4111
f 4007 4087 4110
f 4003 4089 4090
f 4009 4094 4098
f 4014 4097 4095
f 4011 4112 4113
f 4011 4100 4112
f 4011 4113 4091
f 4013 4096 4114
f 4013 4114 4101
f 4024 4102 4103
f 4008 4115 4088
f 4008 4104 4115
f 4007 4111 4116
f 3991 4109 4106
f 4007 4116 4108
f 4068 4107 4105
f 4009 4015 4117
f 4015 4012 4119
f 4012 4034 4121
f 4093 4009 4118
f 4117 4118 4009
f 4119 4120 4015
f 4121 4119 4012
f 4118 4122 4093
f 4015 4120 4117
f 4034 4123 4121
f 4093 4122 4124
f 4125 4126 4127
f 4128 4126 4129
f 4130 4131 4132
f 4128 4132 4126
f 4128 4130 4132
f 4127 4126 4132
f 4133 4132 4131
f 4133 4131 4134
f 4135 4127 4132
f 4135 4132 4133
f 4137 4138 4139
f 4138 4137 4140
f 4143 4144 4141
f 4141 4138 4140
f 4138 4141 4144
f 4141 4142 4143
f 4145 4143 4142
f 4146 4143 4145
f 4147 4128 4129
f 4130 4128 4147
f 4148 4149 4150
f 4148 4150 4151
f 4152 4136 4149
f 4135 4133 4136
f 4136 4133 4149
f 4152 4149 4153
f 4148 4154 4149
f 4154 4153 4149
f 4138 4155 4156
f 4133 4150 4149
f 4144 4155 4138
f 4134 4131 4130
f 4130 4157 4134
f 4146 4144 4143
f 4150 4133 4134
f 4150 4158 4151
f 4163 4160 4164
f 4168 4159 4162
f 4168 4162 4169
f 4170 4169 4162
f 4170 4162 4167
f 4171 4169 4170
f 4171 4166 4172
f 4167 4171 4170
f 4175 4176 4177
f 4173 4177 4174
f 4175 4179 4180
f 4175 4177 4181
f 4173 4181 4177
f 4160 4174 4177
f 4182 4175 4181
f 4182 4184 4175
f 4177 4178 4164
f 4183 4178 4177
f 4176 4183 4177
f 4180 4183 4176
f 4160 4177 4164
f 4160 4163 4161
f 4164 4178 4163
f 4175 4180 4176
f 4179 4187 4180
f 4185 4183 4180
f 4180 4187 4185
f 4188 4181 4173
f 4188 4173 4186
f 4182 4181 4189
f 4184 4182 4189
f 4190 4172 4191
f 4190 4192 4193
f 4172 4193 4171
f 4172 4190 4193
f 4168 4194 4159
f 4169 4192 4195
f 4169 4193 4192
f 4168 4195 4194
f 4195 4168 4169
f 4193 4169 4171
f 4157 4197 4198
f 4166 4165 4200
f 4172 4166 4200
f 4198 4185 4187
f 4187 4157 4198
f 4139 4156 4199
f 4201 4200 4199
f 4156 4201 4199
f 4179 4202 4187
f 4158 4202 4179
f 4150 4202 4158
f 4156 4139 4138
f 4201 4156 4155
f 4202 4157 4187
f 4202 4134 4157
f 4197 4185 4198
f 4200 4191 4172
f 4191 4201 4155
f 4191 4200 4201
f 4202 4150 4134
f 4130 4147 4203
f 4154 4148 4206
f 4148 4151 4208
f 4155 4144 4209
f 4157 4130 4204
f 4144 4146 4212
f 4161 4163 4213
f 4163 4178 4215
f 4178 4183 4216
f 4179 4175 4218
f 4183 4185 4220
f 4175 4184 4221
f 4189 4181 4222
f 4181 4188 4224
f 4192 4190 4225
f 4196 4195 4228
f 4195 4192 4230
f 4188 4186 4231
f 4184 4189 4233
f 4158 4179 4219
f 4151 4158 4236
f 4185 4197 4238
f 4197 4157 4240
f 4191 4155 4242
f 4190 4191 4243
f 4203 4204 4130
f 4206 4207 4154
f 4208 4206 4148
f 4209 4210 4155
f 4204 4211 4157
f 4212 4209 4144
f 4213 4214 4161
f 4215 4213 4163
f 4216 4217 4178
f 4218 4219 4179
f 4220 4216 4183
f 4221 4218 4175
f 4222 4223 4189
f 4224 4222 4181
f 4225 4226 4192
f 4228 4229 4196
f 4230 4228 4195
f 4231 4232 4188
f 4233 4234 4184
f 4219 4235 4158
f 4236 4237 4151
f 4238 4239 4185
f 4240 4241 4197
f 4242 4243 4191
f 4243 4244 4190
f 4147 4205 4203
f 4151 4245 4208
f 4157 4211 4240
f 4155 4210 4246
f 4155 4246 4242
f 4178 4247 4215
f 4178 4217 4247
f 4190 4248 4225
f 4190 4244 4248
f 4196 4249 4227
f 4192 4226 4230
f 4196 4229 4249
f 4189 4223 4233
f 4188 4232 4224
f 4184 4250 4221
f 4184 4234 4250
f 4158 4235 4236
f 4185 4239 4220
f 4151 4237 4245
f 4197 4251 4238
f 4197 4241 4251
f 4129 4126 4253
f 4125 4127 4257
f 4127 4135 4258
f 4135 4136 4259
f 4147 4129 4262
f 4136 4152 4264
f 4152 4153 4265
f 4146 4145 4267
f 4153 4154 4269
f 4154 4207 4271
f 4205 4147 4272
f 4212 4146 4274
f 4252 4253 4126
f 4253 4254 4129
f 4257 4255 4125
f 4258 4257 4127
f 4259 4258 4135
f 4260 4261 4145
f 4262 4263 4147
f 4264 4259 4136
f 4265 4266 4152
f 4267 4268 4146
f 4269 4270 4153
f 4271 4269 4154
f 4272 4273 4205
f 4274 4273 4212
f 4129 4254 4262
f 4152 4266 4264
f 4145 4261 4267
f 4153 4270 4265
f 4146 4268 4275
f 4147 4263 4272
f 4146 4275 4276
f 4207 4273 4271
f 4146 4276 4274
f 4126 4125 4026
f 4140 4137 4029
f 4141 4140 4052
f 4142 4141 4053
f 4145 4142 4031
f 4162 4159 4055
f 4165 4166 4056
f 4167 4162 4035
f 4166 4171 4057
f 4171 4167 4043
f 4200 4165 4041
f 4199 4200 4058
f 4137 4139 4049
f 4139 4199 4044
f 4252 4126 4051
f 4125 4255 4277
f 4260 4145 4054
f 4255 4256 4279
f 4026 4051 4126
f 4029 4052 4140
f 4052 4053 4141
f 4053 4033 4142
f 4031 4054 4145
f 4034 4055 4159
f 4055 4039 4162
f 4056 4042 4165
f 4035 4038 4167
f 4057 4056 4166
f 4043 4057 4171
f 4041 4058 4200
f 4058 4045 4199
f 4049 4030 4137
f 4044 4048 4139
f 4051 4050 4252
f 4277 4028 4125
f 4054 4278 4260
f 4279 4277 4255
f 4125 4027 4026
f 4125 4028 4027
f 4137 4030 4029
f 4142 4032 4031
f 4142 4033 4032
f 4162 4036 4035
f 4167 4038 4037
f 4162 4039 4036
f 4167 4037 4040
f 4165 4042 4041
f 4167 4040 4043
f 4199 4045 4044
f 4139 4047 4046
f 4139 4048 4047
f 4139 4046 4049
f 4260 4278 4280
f 4252 4050 4280
f 4256 4280 4279
f 4160 4161 4281
f 4173 4174 4283
f 4174 4160 4285
f 4186 4173 4287
f 4159 4194 4289
f 4194 4195 4291
f 4195 4196 4293
f 4196 4227 4294
f 4161 4214 4295
f 4231 4186 4297
f 4034 4159 4298
f 4281 4282 4160
f 4283 4284 4173
f 4285 4286 4174
f 4287 4288 4186
f 4289 4290 4159
f 4291 4292 4194
f 4293 4291 4195
f 4294 4293 4196
f 4295 4296 4161
f 4297 4295 4231
f 4298 4299 4034
f 4159 4290 4298
f 4160 4282 4300
f 4160 4300 4285
f 4173 4284 4287
f 4174 4286 4283
f 4186 4288 4301
f 4161 4302 4281
f 4194 4303 4289
f 4194 4292 4303
f 4186 4301 4304
f 4161 4296 4302
f 4186 4304 4305
f 4227 4295 4294
f 4186 4305 4297
f 4034 4299 4123
f 4308 4309 4204
f 4308 4204 4203
f 4308 4310 4205
f 4308 4205 4203
f 4311 4312 4207
f 4311 4207 4206
f 4311 4313 4208
f 4311 4208 4206
f 4314 4315 4210
f 4314 4210 4209
f 4309 4316 4211
f 4309 4211 4204
f 4314 4317 4212
f 4314 4212 4209
f 4318 4319 4214
f 4318 4214 4213
f 4318 4320 4215
f 4318 4215 4213
f 4321 4322 4217
f 4321 4217 4216
f 4323 4324 4219
f 4323 4219 4218
f 4321 4325 4220
f 4321 4220 4216
f 4323 4326 4221
f 4323 4221 4218
f 4327 4328 4223
f 4327 4223 4222
f 4327 4329 4224
f 4327 4224 4222
f 4330 4331 4226
f 4330 4226 4225
f 4332 4333 4229
f 4332 4229 4228
f 4331 4334 4230
f 4331 4230 4226
f 4332 4334 4230
f 4332 4230 4228
f 4329 4335 4232
f 4329 4232 4224
f 4336 4335 4232
f 4336 4232 4231
f 4328 4337 4233
f 4328 4233 4223
f 4337 4338 4234
f 4337 4234 4233
f 4324 4339 4235
f 4324 4235 4219
f 4339 4340 4236
f 4339 4236 4235
f 4340 4341 4237
f 4340 4237 4236
f 4325 4342 4239
f 4325 4239 4220
f 4343 4342 4239
f 4343 4239 4238
f 4316 4344 4240
f 4316 4240 4211
f 4344 4345 4241
f 4344 4241 4240
f 4346 4347 4243
f 4346 4243 4242
f 4347 4348 4244
f 4347 4244 4243
f 4313 4349 4245
f 4313 4245 4208
f 4341 4349 4245
f 4341 4245 4237
f 4315 4350 4246
f 4315 4246 4210
f 4346 4350 4246
f 4346 4246 4242
f 4320 4351 4247
f 4320 4247 4215
f 4322 4351 4247
f 4322 4247 4217
f 4330 4352 4248
f 4330 4248 4225
f 4348 4352 4248
f 4348 4248 4244
f 4353 4354 4249
f 4353 4249 4227
f 4333 4354 4249
f 4333 4249 4229
f 4326 4355 4250
f 4326 4250 4221
f 4338 4355 4250
f 4338 4250 4234
f 4343 4356 4251
f 4343 4251 4238
f 4345 4356 4251
f 4345 4251 4241
f 4357 4358 4253
f 4357 4253 4252
f 4358 4359 4254
f 4358 4254 4253
f 4360 4361 4256
f 4360 4256 4255
f 4360 4362 4257
f 4360 4257 4255
f 4362 4363 4258
f 4362 4258 4257
f 4363 4364 4259
f 4363 4259 4258
f 4365 4366 4261
f 4365 4261 4260
f 4359 4367 4262
f 4359 4262 4254
f 4367 4368 4263
f 4367 4263 4262
f 4364 4369 4264
f 4364 4264 4259
f 4369 4370 4266
f 4369 4266 4264
f 4371 4370 4266
f 4371 4266 4265
f 4366 4372 4267
f 4366 4267 4261
f 4372 4373 4268
f 4372 4268 4267
f 4371 4374 4270
f 4371 4270 4265
f 4375 4374 4270
f 4375 4270 4269
f 4375 4376 4271
f 4375 4271 4269
f 4368 4377 4272
f 4368 4272 4263
f 4310 4378 4273
f 4310 4273 4205
f 4312 4378 4273
f 4312 4273 4207
f 4317 4378 4273
f 4317 4273 4212
f 4376 4378 4273
f 4376 4273 4271
f 4377 4378 4273
f 4377 4273 4272
f 4378 4379 4274
f 4378 4274 4273
f 4373 4380 4275
f 4373 4275 4268
f 4379 4381 4276
f 4379 4276 4274
f 4380 4381 4276
f 4380 4276 4275
f 4357 4382 4280
f 4357 4280 4252
f 4361 4382 4280
f 4361 4280 4256
f 4365 4382 4280
f 4365 4280 4260
f 4319 4383 4295
f 4319 4295 4214
f 4353 4383 4295
f 4353 4295 4227
f 4336 4383 4295
f 4336 4295 4231
f 4387 4388 4389
f 4387 4390 4391
f 4390 4387 4392
f 4385 4386 4393
f 4387 4394 4395
f 4387 4395 4392
f 4399 4392 4398
f 4400 4399 4398
f 4398 4392 4397
f 4392 4399 4390
f 4393 4386 4400
f 4402 4396 4403
f 4400 4384 4399
f 4400 4386 4384
f 4394 4389 4404
f 4387 4389 4394
f 4405 4401 4406
f 4401 4403 4396
f 4403 4401 4405
f 4408 4409 4410
f 4413 4415 4411
f 4409 4416 4415
f 4415 4416 4411
f 4409 4415 4417
f 4417 4419 4410
f 4417 4410 4409
f 4411 4416 4412
f 4416 4414 4412
f 4416 4409 4408
f 4408 4414 4416
f 4423 4424 4420
f 4424 4421 4420
f 4425 4410 4419
f 4425 4426 4404
f 4404 4427 4425
f 4426 4425 4419
f 4388 4404 4389
f 4407 4405 4406
f 4422 4406 4418
f 4407 4406 4422
f 4385 4393 4428
f 4395 4394 4308
f 4392 4395 4431
f 4397 4392 4432
f 4398 4397 4434
f 4401 4396 4313
f 4393 4400 4436
f 4400 4398 4435
f 4396 4402 4439
f 4394 4404 4344
f 4403 4405 4350
f 4405 4407 4346
f 4402 4403 4317
f 4415 4413 4320
f 4417 4415 4351
f 4422 4421 4330
f 4407 4422 4352
f 4421 4424 4334
f 4424 4423 4354
f 4420 4421 4337
f 4423 4420 4329
f 4422 4418 4326
f 4421 4422 4355
f 4418 4406 4340
f 4419 4417 4325
f 4406 4401 4349
f 4426 4419 4343
f 4404 4426 4356
f 4428 4429 4385
f 4308 4310 4395
f 4431 4432 4392
f 4432 4433 4397
f 4434 4435 4398
f 4313 4349 4401
f 4436 4437 4393
f 4435 4438 4400
f 4439 4440 4396
f 4344 4316 4394
f 4350 4315 4403
f 4346 4350 4405
f 4317 4441 4402
f 4320 4351 4415
f 4351 4322 4417
f 4330 4352 4422
f 4352 4348 4407
f 4353 4354 4423
f 4334 4331 4421
f 4354 4333 4424
f 4337 4328 4420
f 4329 4335 4423
f 4326 4355 4422
f 4355 4338 4421
f 4340 4339 4418
f 4325 4342 4419
f 4349 4341 4406
f 4343 4356 4426
f 4356 4345 4404
f 4393 4437 4428
f 4394 4309 4308
f 4395 4310 4431
f 4396 4312 4311
f 4396 4311 4313
f 4397 4433 4442
f 4397 4442 4434
f 4400 4438 4436
f 4396 4440 4312
f 4402 4443 4439
f 4403 4315 4314
f 4394 4316 4309
f 4403 4314 4317
f 4402 4441 4443
f 4413 4319 4318
f 4413 4318 4320
f 4417 4322 4321
f 4418 4324 4323
f 4417 4321 4325
f 4418 4323 4326
f 4420 4328 4327
f 4420 4327 4329
f 4421 4331 4330
f 4424 4333 4332
f 4424 4332 4334
f 4423 4335 4336
f 4421 4338 4337
f 4418 4339 4324
f 4406 4341 4340
f 4419 4342 4343
f 4404 4345 4344
f 4407 4347 4346
f 4407 4348 4347
f 4388 4387 4446
f 4391 4390 4448
f 4387 4391 4449
f 4390 4399 4450
f 4399 4384 4452
f 4414 4408 4454
f 4408 4410 4456
f 4412 4414 4458
f 4410 4425 4460
f 4427 4404 4462
f 4425 4427 4464
f 4404 4388 4465
f 4444 4445 4384
f 4446 4447 4388
f 4448 4449 4391
f 4449 4446 4387
f 4450 4451 4390
f 4452 4453 4399
f 4454 4455 4414
f 4456 4454 4408
f 4458 4459 4412
f 4460 4461 4410
f 4462 4463 4427
f 4464 4460 4425
f 4465 4462 4404
f 4388 4447 4465
f 4390 4466 4448
f 4384 4445 4452
f 4390 4451 4466
f 4399 4453 4450
f 4412 4467 4457
f 4414 4455 4468
f 4410 4461 4456
f 4412 4459 4467
f 4414 4468 4458
f 4427 4469 4464
f 4427 4463 4469
f 4386 4385 4470
f 4384 4386 4471
f 4385 4429 4473
f 4429 4430 4475
f 4444 4384 4472
f 4470 4471 4386
f 4471 4472 4384
f 4473 4474 4385
f 4475 4473 4429
f 4472 4477 4444
f 4385 4478 4470
f 4385 4474 4478
f 4430 4476 4475
f 4444 4477 4479
f 4411 4412 4480
f 4413 4411 4481
f 4423 4336 4483
f 4353 4423 4484
f 4319 4413 4486
f 4412 4457 4487
f 4480 4481 4411
f 4481 4482 4413
f 4483 4484 4423
f 4484 4485 4353
f 4486 4383 4319
f 4487 4488 4412
f 4412 4488 4480
f 4413 4482 4489
f 4413 4489 4486
f 4336 4383 4483
f 4353 4485 4383
f 4457 4490 4487
f 4491 4492 4445
f 4491 4445 4444
f 4493 4494 4447
f 4493 4447 4446
f 4495 4496 4449
f 4495 4449 4448
f 4496 4493 4446
f 4496 4446 4449
f 4497 4498 4451
f 4497 4451 4450
f 4499 4500 4453
f 4499 4453 4452
f 4501 4502 4455
f 4501 4455 4454
f 4503 4501 4454
f 4503 4454 4456
f 4504 4505 4459
f 4504 4459 4458
f 4506 4507 4461
f 4506 4461 4460
f 4508 4509 4463
f 4508 4463 4462
f 4510 4506 4460
f 4510 4460 4464
f 4511 4508 4462
f 4511 4462 4465
f 4494 4511 4465
f 4494 4465 4447
f 4512 4495 4448
f 4512 4448 4466
f 4492 4499 4452
f 4492 4452 4445
f 4498 4512 4466
f 4498 4466 4451
f 4500 4497 4450
f 4500 4450 4453
f 4513 4514 4457
f 4513 4457 4467
f 4502 4515 4468
f 4502 4468 4455
f 4507 4503 4456
f 4507 4456 4461
f 4505 4513 4467
f 4505 4467 4459
f 4515 4504 4458
f 4515 4458 4468
f 4516 4510 4464
f 4516 4464 4469
f 4509 4516 4469
f 4509 4469 4463
f 4517 4518 4471
f 4517 4471 4470
f 4518 4519 4472
f 4518 4472 4471
f 4520 4521 4474
f 4520 4474 4473
f 4522 4520 4473
f 4522 4473 4475
f 4519 4524 4477
f 4519 4477 4472
f 4525 4517 4470
f 4525 4470 4478
f 4521 4525 4478
f 4521 4478 4474
f 4523 4522 4475
f 4523 4475 4476
f 4524 4526 4479
f 4524 4479 4477
f 4527 4528 4481
f 4527 4481 4480
f 4528 4529 4482
f 4528 4482 4481
f 4530 4531 4485
f 4530 4485 4484
f 4532 4306 4383
f 4532 4383 4486
f 4533 4534 4488
f 4533 4488 4487
f 4534 4527 4480
f 4534 4480 4488
f 4529 4535 4489
f 4529 4489 4482
f 4535 4532 4486
f 4535 4486 4489
f 4531 4307 4383
f 4531 4383 4485
f 4514 4536 4490
f 4514 4490 4457
f 4536 4533 4487
f 4536 4487 4490
f 4537 4538 4539
f 4538 4540 4539
f 4541 4540 4538
f 4542 4543 4544
f 4545 4541 4538
f 4544 4541 4545
f 4549 4548 4547
f 4550 4549 4547
f 4551 4544 4543
f 4551 4552 4544
f 4551 4553 4552
f 4553 4551 4543
f 4541 4555 4540
f 4539 4540 4546
f 4541 4552 4555
f 4552 4541 4544
f 4547 4554 4550
f 4556 4550 4554
f 4552 4553 4428
f 4546 4540 4442
f 4540 4555 4434
f 4555 4552 4436
f 4550 4556 4439
f 4428 4437 4552
f 4442 4433 4546
f 4434 4442 4540
f 4436 4438 4555
f 4439 4443 4550
f 4553 4429 4428
f 4553 4430 4429
f 4546 4432 4431
f 4546 4433 4432
f 4555 4435 4434
f 4552 4437 4436
f 4555 4438 4435
f 4556 4440 4439
f 4539 4546 4367
f 4554 4547 4369
f 4548 4549 4372
f 4556 4554 4371
f 4549 4550 4380
f 4546 4431 4377
f 4550 4443 4381
f 4440 4556 4376
f 4443 4441 4379
f 4367 4359 4539
f 4369 4370 4554
f 4372 4366 4548
f 4371 4374 4556
f 4380 4373 4549
f 4377 4368 4546
f 4381 4380 4550
f 4376 4378 4440
f 4379 4381 4443
f 4539 4358 4357
f 4539 4359 4358
f 4547 4361 4360
f 4547 4360 4362
f 4547 4362 4363
f 4547 4363 4364
f 4548 4366 4365
f 4546 4368 4367
f 4547 4364 4369
f 4554 4370 4371
f 4549 4373 4372
f 4556 4374 4375
f 4556 4375 4376
f 4431 4378 4377
f 4441 4378 4379
f 4544 4545 4557
f 4542 4544 4558
f 4537 4539 4560
f 4538 4537 4562
f 4545 4538 4564
f 4547 4548 4566
f 4539 4357 4568
f 4361 4547 4570
f 4548 4365 4382
f 4557 4558 4544
f 4558 4559 4542
f 4560 4561 4537
f 4562 4563 4538
f 4564 4565 4545
f 4566 4567 4547
f 4568 4569 4539
f 4570 4382 4361
f 4382 4571 4548
f 4539 4569 4560
f 4538 4563 4564
f 4545 4565 4557
f 4537 4561 4562
f 4542 4559 4572
f 4548 4573 4566
f 4547 4567 4570
f 4548 4571 4573
f 4357 4382 4568
f 4543 4542 4574
f 4553 4543 4576
f 4430 4553 4578
f 4542 4572 4579
f 4574 4575 4543
f 4576 4577 4553
f 4578 4476 4430
f 4579 4580 4542
f 4543 4575 4576
f 4553 4577 4581
f 4553 4581 4578
f 4542 4580 4574
f 4582 4583 4575
f 4582 4575 4574
f 4584 4585 4577
f 4584 4577 4576
f 4586 4523 4476
f 4586 4476 4578
f 4587 4588 4580
f 4587 4580 4579
f 4583 4584 4576
f 4583 4576 4575
f 4585 4589 4581
f 4585 4581 4577
f 4589 4586 4578
f 4589 4578 4581
f 4588 4582 4574
f 4588 4574 4580
f 4590 4591 4602
f 4602 4603 4590
f 4590 4603 4604
f 4591 4601 4602
f 4590 4604 4600
f 4279 4280 4598
f 4591 4590 4062
f 4590 4600 4076
f 4593 4594 4066
f 4594 4595 4078
f 4598 4599 4079
f 4592 4593 4064
f 4599 4596 4068
f 4600 4280 4080
f 4595 4280 4071
f 4279 4598 4069
f 4280 4278 4074
f 4277 4279 4081
f 4062 4075 4591
f 4076 4061 4590
f 4066 4065 4593
f 4078 4067 4594
f 4079 4070 4598
f 4064 4077 4592
f 4068 4079 4599
f 4080 4076 4600
f 4071 4078 4595
f 4069 4081 4279
f 4074 4080 4280
f 4081 4073 4277
f 4590 4060 4059
f 4590 4061 4060
f 4590 4059 4062
f 4593 4065 4064
f 4594 4067 4066
f 4598 4070 4069
f 4280 4072 4071
f 4277 4073 4072
f 4278 4072 4074
f 4601 4591 4605
f 4591 4075 4607
f 4592 4077 4609
f 4596 4597 4610
f 4077 4063 4612
f 4068 4596 4613
f 4605 4606 4601
f 4607 4608 4591
f 4609 4606 4592
f 4610 4611 4596
f 4612 4609 4077
f 4613 4107 4068
f 4591 4608 4605
f 4597 4606 4614
f 4075 4107 4607
f 4596 4611 4613
f 4597 4614 4610
f 4063 4107 4612
f 4617 4618 4593
f 4617 4593 4592
f 4618 4619 4594
f 4618 4594 4593
f 4382 4620 4595
f 4382 4595 4280
f 4619 4620 4595
f 4619 4595 4594
f 4621 4622 4597
f 4621 4597 4596
f 4382 4623 4598
f 4382 4598 4280
f 4621 4624 4599
f 4621 4599 4596
f 4623 4624 4599
f 4623 4599 4598
f 4382 4625 4600
f 4382 4600 4280
f 4626 4627 4602
f 4626 4602 4601
f 4627 4628 4603
f 4627 4603 4602
f 4625 4629 4604
f 4625 4604 4600
f 4628 4629 4604
f 4628 4604 4603
f 4617 4630 4606
f 4617 4606 4592
f 4622 4630 4606
f 4622 4606 4597
f 4626 4630 4606
f 4626 4606 4601
f 4634 4635 4636
f 4633 4634 4632
f 4635 4634 4633
f 4638 4640 4637
f 4637 4640 4639
f 4639 4640 4635
f 4635 4640 4636
f 4644 4640 4638
f 4642 4643 4621
f 4645 4641 4629
f 4621 4624 4642
f 4629 4628 4645
f 4625 4629 4641
f 4631 4619 4618
f 4631 4620 4619
f 4643 4622 4621
f 4642 4624 4623
f 4645 4628 4627
f 4631 4632 4560
f 4634 4636 4564
f 4636 4640 4557
f 4632 4634 4562
f 4640 4644 4572
f 4641 4642 4566
f 4642 4623 4570
f 4625 4641 4573
f 4620 4631 4568
f 4560 4569 4631
f 4564 4563 4634
f 4557 4565 4636
f 4562 4561 4632
f 4572 4559 4640
f 4566 4573 4641
f 4570 4567 4642
f 4573 4571 4625
f 4568 4382 4620
f 4640 4558 4557
f 4640 4559 4558
f 4632 4561 4560
f 4634 4563 4562
f 4636 4565 4564
f 4642 4567 4566
f 4631 4569 4568
f 4623 4382 4570
f 4625 4571 4382
f 4632 4631 4646
f 4633 4632 4647
f 4635 4633 4650
f 4639 4635 4652
f 4637 4639 4653
f 4642 4641 4655
f 4643 4642 4657
f 4641 4645 4659
f 4631 4618 4660
f 4645 4627 4661
f 4618 4617 4662
f 4622 4643 4663
f 4627 4626 4664
f 4646 4647 4632
f 4647 4649 4633
f 4650 4651 4635
f 4652 4653 4639
f 4653 4654 4637
f 4655 4656 4642
f 4657 4658 4643
f 4659 4655 4641
f 4660 4646 4631
f 4661 4659 4645
f 4662 4660 4618
f 4663 4630 4622
f 4664 4661 4627
f 4633 4665 4650
f 4633 4649 4665
f 4635 4651 4652
f 4637 4654 4648
f 4643 4658 4666
f 4642 4656 4657
f 4643 4666 4663
f 4617 4630 4662
f 4626 4630 4664
f 4638 4637 4667
f 4644 4638 4669
f 4572 4644 4671
f 4637 4648 4672
f 4667 4668 4638
f 4669 4670 4644
f 4671 4579 4572
f 4672 4673 4637
f 4638 4674 4675
f 4638 4675 4669
f 4637 4673 4667
f 4638 4668 4674
f 4644 4670 4671
f 4648 4676 4672
f 4677 4678 4647
f 4677 4647 4646
f 4678 4679 4649
f 4678 4649 4647
f 4680 4681 4651
f 4680 4651 4650
f 4682 4683 4653
f 4682 4653 4652
f 4683 4684 4654
f 4683 4654 4653
f 4686 4685 4655
f 4686 4655 4659
f 4687 4677 4646
f 4687 4646 4660
f 4688 4686 4659
f 4688 4659 4661
f 4689 4687 4660
f 4689 4660 4662
f 4690 4688 4661
f 4690 4661 4664
f 4691 4680 4650
f 4691 4650 4665
f 4679 4691 4665
f 4679 4665 4649
f 4681 4682 4652
f 4681 4652 4651
f 4684 4692 4648
f 4684 4648 4654
f 4615 4689 4662
f 4615 4662 4630
f 4616 4690 4664
f 4616 4664 4630
f 4693 4694 4668
f 4693 4668 4667
f 4695 4696 4670
f 4695 4670 4669
f 4697 4587 4579
f 4697 4579 4671
f 4692 4698 4672
f 4698 4699 4673
f 4698 4673 4672
f 4700 4701 4675
f 4700 4675 4674
f 4701 4695 4669
f 4701 4669 4675
f 4699 4693 4667
f 4699 4667 4673
f 4694 4700 4674
f 4694 4674 4668
f 4696 4697 4671
f 4696 4671 4670
f 4692 4702 4676
f 4692 4676 4648
f 4692 4698 4672
f 4702 4698 4672
f 4702 4672 4676
f 3873 3899 3845
f 3873 3845 3806
f 4491 4526 4479
f 4491 4479 4444
f 4703 4704 4705
f 4706 4704 4707
f 4708 4704 4706
f 4709 4704 4708
f 4710 4711 4712
f 4713 4714 4710
f 4715 4716 4717
f 4712 4703 4705
f 4718 4719 4720
f 4721 4712 4705
f 4722 4711 4714
f 4710 4714 4711
f 4723 4722 4714
f 4710 4712 4721
f 4719 4724 4725
f 4723 4714 4726
f 4727 4714 4713
f 4718 4729 4730
f 4721 4733 4710
f 4733 4713 4710
f 4724 4719 4730
f 4731 4734 4732
f 4735 4703 4736
f 4719 4718 4730
f 4703 4712 4736
f 4734 4731 4737
f 4706 4707 4738
f 4725 4739 4719
f 4707 4703 4735
f 4739 4740 4720
f 4707 4704 4703
f 4721 4741 4733
f 4741 4721 4705
f 4709 4705 4704
f 4717 4741 4705
f 4719 4739 4720
f 4709 4717 4705
f 4715 4740 4743
f 4724 4730 4744
f 4724 4745 4725
f 4739 4743 4740
f 4747 4737 4731
f 4746 4733 4741
f 4748 4715 4743
f 4742 4749 4747
f 4725 4748 4739
f 4750 4730 4751
f 4743 4739 4748
f 4729 4751 4730
f 4752 4706 4753
f 4752 4708 4706
f 4754 4755 4752
f 4708 4752 4756
f 4752 4755 4756
f 4757 4758 4750
f 4734 4759 4760
f 4756 4761 4708
f 4762 4750 4763
f 4737 4759 4734
f 4709 4708 4761
f 4759 4737 4765
f 4766 4767 4762
f 4768 4755 4754
f 4730 4750 4744
f 4745 4724 4744
f 4744 4750 4762
f 4759 4769 4760
f 4752 4764 4770
f 4759 4720 4769
f 4768 4734 4760
f 4744 4767 4745
f 4768 4760 4769
f 4718 4720 4759
f 4755 4769 4756
f 4762 4767 4744
f 4720 4761 4756
f 4720 4740 4761
f 4769 4720 4756
f 4771 4734 4768
f 4740 4715 4761
f 4761 4717 4709
f 4715 4717 4761
f 4716 4741 4717
f 4759 4765 4772
f 4772 4765 4751
f 4759 4729 4718
f 4773 4774 4775
f 4776 4773 4775
f 4772 4729 4759
f 4729 4772 4751
f 4765 4737 4777
f 4778 4765 4777
f 4749 4777 4747
f 4749 4779 4777
f 4779 4778 4777
f 4778 4779 4781
f 4778 4751 4765
f 4749 4783 4779
f 4742 4780 4749
f 4784 4749 4780
f 4785 4779 4783
f 4781 4779 4786
f 4784 4783 4749
f 4785 4787 4779
f 4786 4779 4787
f 4782 4783 4784
f 4785 4783 4788
f 4785 4788 4787
f 4782 4789 4783
f 4788 4783 4789
f 4778 4750 4751
f 4781 4757 4778
f 4757 4750 4778
f 4786 4787 4791
f 4781 4786 4791
f 4781 4791 4757
f 4794 4793 4763
f 4795 4793 4794
f 4796 4788 4789
f 4789 4790 4796
f 4797 4798 4799
f 4791 4787 4799
f 4790 4792 4800
f 4797 4794 4798
f 4773 4776 4801
f 4802 4803 4801
f 4804 4800 4792
f 4796 4790 4800
f 4799 4805 4797
f 4806 4807 4800
f 4808 4797 4805
f 4807 4809 4810
f 4808 4794 4797
f 4807 4811 4809
f 4812 4813 4808
f 4807 4810 4800
f 4788 4814 4787
f 4788 4796 4814
f 4773 4807 4806
f 4816 4808 4813
f 4801 4807 4773
f 4808 4816 4794
f 4813 4817 4816
f 4796 4800 4810
f 4803 4807 4801
f 4813 4818 4817
f 4814 4796 4810
f 4820 4818 4821
f 4803 4802 4822
f 4818 4820 4823
f 4819 4774 4773
f 4820 4803 4822
f 4809 4814 4810
f 4823 4824 4818
f 4817 4825 4826
f 4825 4817 4827
f 4809 4811 4821
f 4818 4824 4817
f 4814 4799 4787
f 4826 4795 4794
f 4815 4806 4804
f 4809 4818 4813
f 4812 4799 4814
f 4821 4818 4809
f 4824 4827 4817
f 4806 4800 4804
f 4825 4795 4826
f 4816 4826 4794
f 4812 4805 4799
f 4816 4817 4826
f 4803 4811 4807
f 4803 4820 4811
f 4806 4815 4819
f 4808 4805 4812
f 4806 4819 4773
f 4814 4809 4812
f 4828 4829 4824
f 4821 4811 4820
f 4809 4813 4812
f 4802 4775 4830
f 4802 4776 4775
f 4823 4828 4824
f 4802 4801 4776
f 4802 4830 4822
f 4757 4791 4758
f 4758 4763 4750
f 4758 4798 4763
f 4822 4831 4832
f 4799 4758 4791
f 4832 4823 4822
f 4823 4820 4822
f 4799 4798 4758
f 4831 4833 4832
f 4798 4794 4763
f 4828 4832 4833
f 4832 4828 4823
f 4829 4828 4833
f 4830 4831 4822
f 4763 4766 4762
f 4746 4741 4716
f 4771 4754 4770
f 4834 4835 4836
f 4771 4768 4754
f 4768 4769 4755
f 4834 4837 4835
f 4777 4737 4747
f 4838 4837 4834
f 4734 4771 4732
f 4747 4731 4728
f 4742 4747 4728
f 4764 4752 4753
f 4735 4736 4837
f 4838 4735 4837
f 4736 4711 4839
f 4736 4712 4711
f 4838 4738 4707
f 4735 4838 4707
f 4738 4753 4706
f 4770 4754 4752
f 4835 4837 4839
f 4736 4839 4837
f 4722 4839 4711
f 4840 4841 4842
f 4841 4843 4842
f 4841 4844 4843
f 4842 4843 4845
f 4846 4842 4845
f 4847 4848 4849
f 4848 4850 4851
f 4852 4851 4850
f 4841 4840 4855
f 4856 4855 4854
f 4855 4856 4841
f 4846 4845 4857
f 4858 4857 4845
f 4861 4862 4863
f 4864 4865 4861
f 4861 4722 4864
f 4864 4859 4866
f 4859 4864 4860
f 4867 4844 4868
f 4722 4723 4864
f 4867 4869 4844
f 4844 4869 4843
f 4845 4843 4858
f 4854 4853 4870
f 4843 4869 4858
f 4871 4872 4869
f 4870 4873 4854
f 4872 4858 4869
f 4874 4875 4870
f 4875 4873 4870
f 4873 4856 4854
f 4723 4726 4860
f 4876 4856 4873
f 4876 4841 4856
f 4868 4873 4875
f 4877 4868 4875
f 4868 4876 4873
f 4878 4879 4877
f 4877 4879 4868
f 4844 4876 4868
f 4880 4881 4882
f 4881 4883 4884
f 4886 4887 4888
f 4880 4882 4889
f 4886 4890 4891
f 4885 4892 4878
f 4878 4892 4893
f 4880 4889 4894
f 4885 4895 4892
f 4895 4885 4896
f 4897 4886 4888
f 4900 4892 4895
f 4901 4902 4895
f 4886 4897 4903
f 4895 4902 4900
f 4888 4904 4897
f 4897 4905 4903
f 4905 4897 4904
f 4892 4882 4893
f 4890 4886 4903
f 4900 4906 4892
f 4876 4844 4841
f 4907 4900 4902
f 4907 4891 4900
f 4895 4896 4901
f 4901 4908 4902
f 4868 4879 4909
f 4867 4868 4909
f 4907 4902 4910
f 4867 4871 4869
f 4908 4910 4902
f 4908 4911 4910
f 4894 4912 4880
f 4909 4881 4867
f 4886 4891 4907
f 4907 4887 4886
f 4898 4858 4872
f 4887 4907 4910
f 4872 4871 4884
f 4911 4887 4910
f 4881 4871 4867
f 4881 4884 4871
f 4906 4890 4889
f 4891 4890 4906
f 4882 4906 4889
f 4904 4913 4914
f 4909 4879 4893
f 4900 4891 4906
f 4893 4882 4909
f 4874 4878 4877
f 4882 4881 4909
f 4874 4877 4875
f 4882 4892 4906
f 4917 4918 4919
f 4889 4920 4894
f 4894 4920 4912
f 4917 4919 4921
f 4922 4919 4918
f 4881 4880 4883
f 4923 4917 4924
f 4920 4890 4903
f 4889 4890 4920
f 4872 4884 4899
f 4899 4898 4872
f 4927 4928 4929
f 4924 4921 4930
f 4929 4928 4931
f 4932 4927 4929
f 4852 4866 4851
f 4879 4878 4893
f 4934 4927 4932
f 4930 4921 4935
f 4935 4936 4930
f 4919 4935 4921
f 4919 4922 4935
f 4859 4851 4866
f 4938 4931 4928
f 4924 4917 4921
f 4922 4918 4941
f 4944 4904 4914
f 4911 4908 4933
f 4948 4922 4941
f 4942 4949 4945
f 4945 4951 4942
f 4952 4951 4945
f 4945 4953 4952
f 4951 4932 4942
f 4954 4933 4950
f 4940 4935 4922
f 4951 4934 4932
f 4948 4955 4922
f 4911 4933 4954
f 4956 4887 4911
f 4940 4922 4955
f 4952 4957 4951
f 4958 4940 4955
f 4959 4953 4945
f 4939 4959 4945
f 4911 4954 4956
f 4939 4947 4959
f 4913 4956 4954
f 4959 4862 4953
f 4915 4961 4950
f 4962 4953 4862
f 4914 4963 4923
f 4954 4950 4961
f 4964 4954 4961
f 4965 4966 4967
f 4954 4963 4913
f 4951 4957 4934
f 4927 4847 4928
f 4847 4927 4934
f 4847 4934 4957
f 4923 4964 4917
f 4925 4926 4967
f 4954 4964 4963
f 4963 4914 4913
f 4967 4968 4969
f 4970 4964 4961
f 4923 4963 4964
f 4928 4847 4849
f 4970 4917 4964
f 4946 4914 4923
f 4946 4944 4914
f 4967 4966 4925
f 4956 4888 4887
f 4956 4904 4888
f 4847 4957 4850
f 4848 4847 4850
f 4913 4904 4956
f 4971 4930 4936
f 4953 4852 4952
f 4952 4852 4957
f 4962 4852 4953
f 4968 4967 4926
f 4852 4850 4957
f 4946 4923 4924
f 4930 4946 4924
f 4852 4962 4865
f 4852 4865 4866
f 4965 4972 4948
f 4915 4916 4961
f 4920 4903 4960
f 4972 4965 4967
f 4969 4972 4967
f 4969 4973 4972
f 4961 4916 4970
f 4972 4973 4929
f 4937 4970 4916
f 4905 4960 4903
f 4943 4942 4926
f 4968 4926 4942
f 4942 4969 4968
f 4929 4973 4932
f 4969 4932 4973
f 4942 4932 4969
f 4955 4948 4972
f 4931 4955 4972
f 4931 4972 4929
f 4905 4904 4944
f 4958 4955 4931
f 4917 4970 4918
f 4970 4937 4974
f 4918 4970 4974
f 4931 4938 4958
f 4966 4974 4937
f 4965 4974 4966
f 4959 4947 4863
f 4959 4863 4862
f 4965 4948 4974
f 4948 4941 4974
f 4941 4918 4974
f 4835 4863 4947
f 4835 4839 4863
f 4863 4839 4861
f 4839 4722 4861
f 4962 4862 4865
f 4861 4865 4862
f 4865 4864 4866
f 4860 4864 4723
f 4731 4732 4975
f 4728 4731 4976
f 4780 4742 4978
f 4784 4780 4980
f 4782 4784 4981
f 4789 4782 4983
f 4790 4789 4985
f 4792 4790 4987
f 4804 4792 4988
f 4815 4804 4989
f 4774 4819 4991
f 4819 4815 4993
f 4732 4771 4995
f 4834 4836 4511
f 4838 4834 4495
f 4742 4728 4997
f 4764 4753 4499
f 4738 4838 4512
f 4753 4738 4497
f 4770 4764 4491
f 4771 4770 5000
f 4853 4854 5002
f 4854 4855 5004
f 4874 4870 5005
f 4878 4874 5007
f 4885 4878 5008
f 4896 4885 5009
f 4870 4853 5011
f 4901 4896 5013
f 4908 4901 5015
f 4916 4915 5017
f 4926 4925 5019
f 4937 4916 5021
f 4933 4908 5016
f 4942 4943 4514
f 4939 4945 4515
f 4943 4926 5020
f 4947 4939 4503
f 4950 4933 5025
f 4915 4950 5026
f 4949 4942 4513
f 4945 4949 4504
f 4925 4966 5028
f 4966 4937 5022
f 4835 4947 4510
f 4836 4835 4516
f 4975 4976 4731
f 4976 4977 4728
f 4978 4979 4780
f 4980 4981 4784
f 4981 4982 4782
f 4983 4984 4789
f 4985 4986 4790
f 4987 4988 4792
f 4988 4989 4804
f 4989 4990 4815
f 4991 4992 4774
f 4993 4994 4819
f 4995 4996 4732
f 4511 4494 4834
f 4495 4512 4838
f 4997 4998 4742
f 4499 4492 4764
f 4512 4498 4738
f 4497 4500 4753
f 4491 4999 4770
f 5000 5001 4771
f 5002 5003 4853
f 5004 5002 4854
f 5005 5006 4874
f 5007 5008 4878
f 5008 5009 4885
f 5009 5010 4896
f 5011 5012 4870
f 5013 5014 4901
f 5015 5016 4908
f 5017 5018 4916
f 5019 5020 4926
f 5021 5022 4937
f 5016 5023 4933
f 4514 4513 4942
f 4515 4502 4939
f 5020 5024 4943
f 4503 4507 4947
f 5025 5026 4950
f 5026 5027 4915
f 4513 4505 4949
f 4504 4515 4945
f 5028 5029 4925
f 5022 5028 4966
f 4510 4516 4835
f 4516 4509 4836
f 4728 4977 5030
f 4728 5030 5031
f 4742 4998 4978
f 4764 4492 4491
f 4780 4979 5032
f 4780 5032 4980
f 4782 4982 4983
f 4790 4986 4987
f 4815 5033 4993
f 4815 4990 5033
f 4819 4994 4991
f 4834 4494 4493
f 4834 4496 4495
f 4732 4996 4975
f 4728 5031 4997
f 4789 4984 4985
f 4834 4493 4496
f 4738 4498 4497
f 4753 4500 4499
f 4771 5001 4995
f 4770 4999 5000
f 4874 5006 5034
f 4874 5034 5007
f 4896 5010 5035
f 4853 5003 5036
f 4853 5036 5011
f 4870 5012 5037
f 4896 5035 5038
f 4870 5037 5005
f 4896 5038 5013
f 4901 5014 5015
f 4915 5039 5017
f 4916 5018 5040
f 4925 5041 5019
f 4933 5023 5042
f 4916 5040 5021
f 4939 4502 4501
f 4939 4501 4503
f 4933 5042 5025
f 4943 5024 4514
f 4915 5027 5039
f 4949 4505 4504
f 4925 5029 5041
f 4947 4507 4506
f 4836 4509 4508
f 4947 4506 4510
f 4836 4508 4511
f 4746 4716 5043
f 4716 4715 5045
f 4715 4748 5047
f 4767 4766 5048
f 4727 4713 5050
f 4713 4733 5052
f 4748 4725 5054
f 4725 4745 5056
f 4714 4727 5051
f 4726 4714 5057
f 4745 4767 5058
f 4766 4763 5060
f 4763 4793 5062
f 4827 4824 5063
f 4824 4829 5065
f 4733 4746 5067
f 4793 4795 5069
f 4795 4825 5071
f 4825 4827 5073
f 4829 4833 5074
f 4833 4831 5076
f 4846 4857 5077
f 4859 4860 3868
f 4860 4726 3866
f 4848 4851 3852
f 4851 4859 3850
f 4898 4899 5079
f 4899 4884 5081
f 4883 4880 5083
f 4880 4912 5085
f 4884 4883 5086
f 4857 4858 5088
f 4858 4898 5090
f 4935 4940 3857
f 4936 4935 3870
f 4944 4946 5091
f 4946 4930 5093
f 4912 4920 5095
f 4958 4938 3860
f 4920 4960 5097
f 4849 4848 3869
f 4938 4928 3872
f 4930 4971 5098
f 4928 4849 3865
f 4971 4936 3855
f 4960 4905 5099
f 4905 4944 5101
f 4940 4958 3871
f 5043 5044 4746
f 5045 5046 4716
f 5047 5045 4715
f 5048 5049 4767
f 5050 5051 4727
f 5052 5053 4713
f 5054 5055 4748
f 5056 5054 4725
f 5051 5057 4714
f 5057 3849 4726
f 5058 5059 4745
f 5060 5061 4766
f 5062 5060 4763
f 5063 5064 4827
f 5065 5066 4824
f 5067 5068 4733
f 5069 5070 4793
f 5071 5072 4795
f 5073 5071 4825
f 5074 5075 4829
f 5076 5074 4833
f 5077 5078 4846
f 3868 3851 4859
f 3866 3868 4860
f 3852 3869 4848
f 3850 3854 4851
f 5079 5080 4898
f 5081 5082 4899
f 5083 5084 4883
f 5085 5083 4880
f 5086 5087 4884
f 5088 5089 4857
f 5090 5088 4858
f 3857 3870 4935
f 3870 3856 4936
f 5091 5092 4944
f 5093 5094 4946
f 5095 5096 4912
f 3860 3871 4958
f 5097 5095 4920
f 3869 3863 4849
f 3872 3864 4938
f 5098 5093 4930
f 3865 3872 4928
f 3855 3873 4971
f 5099 5100 4960
f 5101 5102 4905
f 3871 3859 4940
f 4716 5046 5043
f 4748 5103 5047
f 4748 5055 5103
f 4713 5053 5050
f 4733 5068 5052
f 4726 3849 3848
f 4745 5059 5056
f 4767 5049 5058
f 4824 5066 5063
f 4793 5070 5062
f 4766 5061 5048
f 4746 5044 5067
f 4795 5072 5069
f 4827 5064 5104
f 4827 5104 5073
f 4829 5075 5065
f 4846 5078 5105
f 4857 5089 5077
f 4859 3851 3850
f 4851 3853 3852
f 4851 3854 3853
f 4884 5087 5081
f 4899 5106 5079
f 4899 5082 5106
f 4883 5084 5086
f 4898 5107 5090
f 4898 5080 5107
f 4936 3856 3855
f 4946 5094 5091
f 4940 3858 3857
f 4940 3859 3858
f 4912 5096 5085
f 4960 5100 5097
f 4938 3861 3860
f 4849 3863 3862
f 4938 3864 3861
f 4849 3862 3865
f 4971 3873 5098
f 4905 5102 5099
f 4944 5092 5101
f 4726 3867 3866
f 4726 3848 3867
f 5110 5109 5108
f 5112 5114 5113
f 5116 5117 5110
f 5114 5116 5110
f 5118 5117 5116
f 5116 5119 5118
f 5115 5114 5112
f 5114 5110 5108
f 5114 5108 5113
f 5120 5121 5122
f 5120 5122 5123
f 5122 5124 5123
f 5125 5126 5123
f 5127 5125 5123
f 5120 5129 5130
f 5120 5126 5129
f 5125 5128 5126
f 5123 5126 5120
f 5126 5132 5129
f 5126 5133 5132
f 5128 5133 5126
f 5111 5112 5113
f 5118 5134 5117
f 5135 5137 5136
f 5140 5137 5135
f 5143 5144 5136
f 5143 5136 5137
f 5139 5145 5140
f 5145 5137 5140
f 5145 5143 5137
f 5146 5148 5142
f 5149 5148 5146
f 5149 5157 5148
f 5150 5158 5159
f 5147 5139 5138
f 5160 5161 5153
f 5159 5158 5163
f 5138 5141 5147
f 5164 5165 5153
f 5158 5161 5163
f 5166 5165 5164
f 5153 5165 5160
f 5145 5167 5143
f 5154 5155 5168
f 5170 5171 5168
f 5161 5160 5172
f 5152 5163 5161
f 5172 5152 5161
f 5160 5168 5172
f 5165 5168 5160
f 5155 5172 5168
f 5173 5174 5170
f 5175 5176 5170
f 5155 5152 5172
f 5175 5170 5174
f 5168 5165 5166
f 5168 5177 5154
f 5168 5171 5177
f 5178 5171 5170
f 5168 5166 5170
f 5178 5177 5171
f 5176 5178 5170
f 5161 5158 5153
f 5178 5176 5179
f 5179 5156 5178
f 5179 5176 5175
f 5175 5180 5162
f 5156 5179 5162
f 5151 5150 5159
f 5179 5175 5162
f 5158 5181 5153
f 5158 5150 5181
f 5117 5182 5109
f 5182 5117 5183
f 5121 5173 5184
f 5131 5121 5184
f 5130 5186 5121
f 5121 5186 5174
f 5175 5174 5180
f 5185 5109 5182
f 5187 5180 5174
f 5187 5174 5186
f 5186 5130 5187
f 5130 5132 5187
f 5187 5132 5188
f 5185 5182 5183
f 5121 5174 5173
f 5129 5132 5130
f 5185 5148 5157
f 5134 5183 5117
f 5131 5122 5121
f 5121 5120 5130
f 5109 5110 5117
f 5108 5109 5189
f 5113 5108 5191
f 5118 5119 5194
f 5122 5131 5196
f 5124 5122 5197
f 5134 5118 5195
f 5135 5136 5202
f 5138 5139 5204
f 5140 5135 5206
f 5139 5140 5207
f 5142 5141 5208
f 5146 5142 5210
f 5147 5141 5212
f 5145 5139 5214
f 5139 5147 5216
f 5141 5142 5217
f 5142 5148 5218
f 5149 5146 5211
f 5141 5138 5223
f 5164 5153 5225
f 5167 5145 5229
f 5170 5166 5230
f 5173 5170 5232
f 5166 5164 5234
f 5157 5149 5236
f 5153 5181 5238
f 5181 5150 5240
f 5109 5185 5241
f 5185 5157 5237
f 5184 5173 5243
f 5131 5184 5244
f 5185 5183 5246
f 5148 5185 5247
f 5183 5134 5249
f 5189 5190 5108
f 5191 5192 5113
f 5194 5195 5118
f 5196 5197 5122
f 5197 5198 5124
f 5195 5201 5134
f 5202 5203 5135
f 5204 5205 5138
f 5206 5207 5140
f 5207 5204 5139
f 5208 5209 5142
f 5210 5211 5146
f 5212 5213 5147
f 5214 5215 5145
f 5216 5214 5139
f 5217 5212 5141
f 5218 5219 5142
f 5220 5202 5136
f 5211 5222 5149
f 5223 5224 5141
f 5225 5226 5164
f 5229 5227 5167
f 5230 5231 5170
f 5232 5233 5173
f 5234 5235 5166
f 5236 5237 5157
f 5238 5239 5153
f 5240 5238 5181
f 5241 5189 5109
f 5237 5242 5185
f 5243 5244 5184
f 5244 5245 5131
f 5246 5247 5185
f 5247 5248 5148
f 5249 5246 5183
f 5108 5190 5250
f 5108 5250 5191
f 5131 5251 5196
f 5141 5224 5208
f 5142 5209 5210
f 5147 5213 5216
f 5145 5215 5229
f 5149 5222 5252
f 5142 5219 5217
f 5148 5248 5218
f 5149 5252 5236
f 5138 5205 5253
f 5153 5239 5225
f 5138 5253 5223
f 5164 5226 5234
f 5135 5203 5206
f 5166 5235 5230
f 5170 5231 5232
f 5173 5233 5254
f 5150 5221 5240
f 5134 5201 5249
f 5185 5242 5241
f 5173 5255 5243
f 5173 5254 5255
f 5131 5245 5251
f 5150 5151 5256
f 5151 5159 5258
f 5144 5143 5260
f 5143 5167 5261
f 5159 5169 5263
f 5136 5144 5264
f 5220 5136 5267
f 5167 5227 5269
f 5221 5150 5271
f 5227 5228 5273
f 5256 5257 5150
f 5258 5259 5151
f 5261 5262 5143
f 5263 5258 5159
f 5264 5265 5136
f 5267 5268 5220
f 5269 5270 5167
f 5271 5272 5221
f 5273 5269 5227
f 5136 5274 5267
f 5136 5265 5274
f 5167 5270 5261
f 5151 5259 5256
f 5143 5275 5260
f 5143 5262 5275
f 5169 5276 5263
f 5169 5277 5276
f 5144 5266 5264
f 5150 5257 5271
f 5220 5268 5272
f 5228 5272 5273
f 5119 5116 5278
f 5116 5114 5280
f 5127 5123 5281
f 5123 5124 5285
f 5194 5119 5287
f 5111 5113 5290
f 5114 5115 5292
f 5113 5192 5295
f 5124 5198 5297
f 5192 5193 5299
f 5198 5199 5301
f 5199 5200 5303
f 5278 5279 5119
f 5280 5278 5116
f 5281 5282 5127
f 5285 5286 5123
f 5287 5288 5194
f 5290 5291 5111
f 5292 5293 5114
f 5295 5296 5113
f 5297 5298 5124
f 5299 5300 5192
f 5301 5302 5198
f 5303 5304 5199
f 5127 5282 5283
f 5123 5286 5281
f 5119 5279 5305
f 5119 5305 5287
f 5114 5306 5280
f 5124 5307 5285
f 5111 5291 5308
f 5114 5293 5306
f 5115 5294 5309
f 5113 5296 5310
f 5124 5298 5307
f 5192 5300 5295
f 5198 5302 5297
f 5199 5304 5311
f 5111 5308 5289
f 5113 5310 5290
f 5115 5309 5292
f 5199 5311 5301
f 5193 5288 5299
f 5200 5288 5303
f 5112 5111 4109
f 5115 5112 4082
f 5125 5127 4111
f 5128 5125 4110
f 5133 5128 4090
f 5155 5154 4098
f 5156 5162 4095
f 5159 5163 5313
f 5169 5159 5314
f 5163 5152 5316
f 5152 5155 4093
f 5177 5178 4113
f 5154 5177 4112
f 5178 5156 4091
f 5162 5180 4114
f 5180 5187 4101
f 5187 5188 4103
f 5132 5133 4088
f 5188 5132 4115
f 5144 5260 5319
f 5266 5144 5321
f 5277 5169 5322
f 5127 5283 4116
f 5111 5289 4106
f 5283 5284 4108
f 5294 5115 4105
f 4109 4083 5112
f 4082 4085 5115
f 4111 4110 5125
f 4110 4087 5128
f 4090 4089 5133
f 4098 4094 5155
f 4095 4097 5156
f 5313 5314 5159
f 5314 5315 5169
f 5316 5317 5163
f 4093 5318 5152
f 4113 4112 5177
f 4112 4100 5154
f 4091 4113 5178
f 4114 4096 5162
f 4101 4114 5180
f 4103 4102 5187
f 4088 4115 5132
f 4115 4104 5188
f 5319 5320 5144
f 5321 5319 5266
f 5322 5319 5277
f 4116 4111 5127
f 4106 4109 5111
f 4108 4116 5283
f 4105 4107 5294
f 5112 4083 4082
f 5115 4085 4084
f 5128 4087 4086
f 5133 4089 4088
f 5128 4086 4090
f 5152 5318 5316
f 5156 4092 4091
f 5155 4094 4093
f 5162 4096 4095
f 5156 4097 4092
f 5163 5317 5313
f 5154 4099 4098
f 5154 4100 4099
f 5187 4102 4101
f 5188 4104 4103
f 5144 5320 5323
f 5169 5315 5324
f 5144 5323 5321
f 5169 5324 5322
f 5115 4084 4105
f 5289 4107 4106
f 5284 4107 4108
f 5325 5326 5190
f 5325 5190 5189
f 5327 5328 5192
f 5327 5192 5191
f 5328 5329 5193
f 5328 5193 5192
f 5330 5331 5195
f 5330 5195 5194
f 5332 5333 5197
f 5332 5197 5196
f 5333 5334 5198
f 5333 5198 5197
f 5334 5335 5199
f 5334 5199 5198
f 5335 5336 5200
f 5335 5200 5199
f 5331 5337 5201
f 5331 5201 5195
f 5338 5339 5203
f 5338 5203 5202
f 5340 5341 5205
f 5340 5205 5204
f 5339 5342 5206
f 5339 5206 5203
f 5340 5343 5207
f 5340 5207 5204
f 5342 5343 5207
f 5342 5207 5206
f 5344 5345 5209
f 5344 5209 5208
f 5345 5346 5210
f 5345 5210 5209
f 5346 5347 5211
f 5346 5211 5210
f 5348 5349 5213
f 5348 5213 5212
f 5350 5351 5215
f 5350 5215 5214
f 5349 5352 5216
f 5349 5216 5213
f 5350 5352 5216
f 5350 5216 5214
f 5348 5353 5217
f 5348 5217 5212
f 5353 5354 5219
f 5353 5219 5217
f 5355 5354 5219
f 5355 5219 5218
f 5338 5356 5220
f 5338 5220 5202
f 5347 5357 5222
f 5347 5222 5211
f 5344 5358 5224
f 5344 5224 5208
f 5359 5358 5224
f 5359 5224 5223
f 5360 5361 5226
f 5360 5226 5225
f 5362 5363 5228
f 5362 5228 5227
f 5351 5364 5229
f 5351 5229 5215
f 5362 5364 5229
f 5362 5229 5227
f 5365 5366 5231
f 5365 5231 5230
f 5366 5367 5232
f 5366 5232 5231
f 5367 5368 5233
f 5367 5233 5232
f 5361 5369 5234
f 5361 5234 5226
f 5365 5370 5235
f 5365 5235 5230
f 5369 5370 5235
f 5369 5235 5234
f 5371 5372 5237
f 5371 5237 5236
f 5360 5373 5239
f 5360 5239 5225
f 5374 5373 5239
f 5374 5239 5238
f 5375 5376 5240
f 5375 5240 5221
f 5374 5376 5240
f 5374 5240 5238
f 5325 5377 5241
f 5325 5241 5189
f 5372 5378 5242
f 5372 5242 5237
f 5377 5378 5242
f 5377 5242 5241
f 5379 5380 5244
f 5379 5244 5243
f 5380 5381 5245
f 5380 5245 5244
f 5382 5383 5247
f 5382 5247 5246
f 5355 5384 5248
f 5355 5248 5218
f 5383 5384 5248
f 5383 5248 5247
f 5337 5385 5249
f 5337 5249 5201
f 5382 5385 5249
f 5382 5249 5246
f 5326 5386 5250
f 5326 5250 5190
f 5327 5386 5250
f 5327 5250 5191
f 5332 5387 5251
f 5332 5251 5196
f 5381 5387 5251
f 5381 5251 5245
f 5357 5388 5252
f 5357 5252 5222
f 5371 5388 5252
f 5371 5252 5236
f 5341 5389 5253
f 5341 5253 5205
f 5359 5389 5253
f 5359 5253 5223
f 5368 5390 5254
f 5368 5254 5233
f 5379 5391 5255
f 5379 5255 5243
f 5390 5391 5255
f 5390 5255 5254
f 5392 5393 5257
f 5392 5257 5256
f 5392 5394 5259
f 5392 5259 5256
f 5395 5394 5259
f 5395 5259 5258
f 5396 5397 5262
f 5396 5262 5261
f 5395 5398 5263
f 5395 5263 5258
f 5399 5400 5265
f 5399 5265 5264
f 5399 5401 5266
f 5399 5266 5264
f 5402 5403 5268
f 5402 5268 5267
f 5396 5404 5270
f 5396 5270 5261
f 5405 5404 5270
f 5405 5270 5269
f 5393 5406 5271
f 5393 5271 5257
f 5356 5407 5272
f 5356 5272 5220
f 5375 5407 5272
f 5375 5272 5221
f 5363 5407 5272
f 5363 5272 5228
f 5403 5407 5272
f 5403 5272 5268
f 5406 5407 5272
f 5406 5272 5271
f 5405 5408 5273
f 5405 5273 5269
f 5407 5408 5273
f 5407 5273 5272
f 5400 5409 5274
f 5400 5274 5265
f 5402 5409 5274
f 5402 5274 5267
f 5410 5411 5275
f 5410 5275 5260
f 5397 5411 5275
f 5397 5275 5262
f 5398 5412 5276
f 5398 5276 5263
f 5412 5413 5277
f 5412 5277 5276
f 5329 5414 5288
f 5329 5288 5193
f 5330 5414 5288
f 5330 5288 5194
f 5336 5414 5288
f 5336 5288 5200
f 5410 5415 5319
f 5410 5319 5260
f 5401 5415 5319
f 5401 5319 5266
f 5413 5415 5319
f 5413 5319 5277
f 5416 5417 5418
f 5417 5420 5418
f 5421 5422 5416
f 5422 5417 5416
f 5416 5424 5425
f 5416 5418 5424
f 5418 5419 5424
f 5427 5426 5428
f 5427 5428 5429
f 5423 5416 5425
f 5433 5434 5435
f 5437 5432 5438
f 5440 5433 5435
f 5444 5441 5443
f 5446 5447 5448
f 5451 5446 5448
f 5453 5450 5436
f 5454 5455 5443
f 5456 5443 5455
f 5438 5434 5437
f 5457 5434 5438
f 5458 5438 5453
f 5454 5459 5455
f 5450 5439 5436
f 5453 5430 5450
f 5441 5449 5443
f 5452 5462 5445
f 5457 5435 5434
f 5457 5438 5463
f 5458 5463 5438
f 5447 5457 5460
f 5460 5465 5447
f 5445 5454 5442
f 5447 5435 5457
f 5454 5445 5459
f 5430 5453 5431
f 5461 5459 5445
f 5453 5432 5431
f 5438 5432 5453
f 5461 5445 5462
f 5461 5462 5464
f 5466 5464 5462
f 5443 5442 5454
f 5465 5448 5447
f 5465 5467 5448
f 5446 5435 5447
f 5446 5440 5435
f 5456 5444 5443
f 5423 5425 5468
f 5425 5424 5468
f 5468 5424 5467
f 5469 5452 5426
f 5467 5424 5448
f 5451 5448 5424
f 5451 5424 5419
f 5466 5462 5452
f 5427 5469 5426
f 5419 5418 5386
f 5418 5420 5327
f 5427 5429 5332
f 5430 5431 5356
f 5434 5433 5344
f 5433 5440 5346
f 5441 5444 5472
f 5442 5443 5352
f 5443 5449 5364
f 5440 5446 5388
f 5445 5442 5353
f 5452 5445 5355
f 5446 5451 5371
f 5432 5437 5389
f 5456 5455 5360
f 5437 5434 5359
f 5449 5441 5474
f 5455 5459 5369
f 5431 5432 5342
f 5459 5461 5365
f 5461 5464 5367
f 5464 5466 5390
f 5444 5456 5376
f 5426 5452 5385
f 5451 5419 5377
f 5452 5469 5379
f 5466 5452 5391
f 5469 5427 5387
f 5386 5326 5419
f 5327 5386 5418
f 5332 5387 5427
f 5356 5471 5430
f 5344 5358 5434
f 5346 5345 5433
f 5472 5473 5441
f 5352 5349 5442
f 5364 5351 5443
f 5388 5357 5440
f 5353 5354 5445
f 5355 5384 5452
f 5371 5388 5446
f 5389 5341 5432
f 5360 5373 5456
f 5359 5389 5437
f 5474 5363 5449
f 5369 5361 5455
f 5342 5339 5431
f 5365 5370 5459
f 5367 5366 5461
f 5390 5368 5464
f 5376 5375 5444
f 5385 5337 5426
f 5377 5378 5451
f 5379 5391 5452
f 5391 5390 5466
f 5387 5381 5469
f 5419 5326 5325
f 5420 5328 5327
f 5420 5329 5328
f 5426 5331 5330
f 5429 5333 5332
f 5429 5334 5333
f 5429 5335 5334
f 5429 5336 5335
f 5426 5337 5331
f 5431 5339 5338
f 5432 5341 5340
f 5432 5343 5342
f 5432 5340 5343
f 5433 5345 5344
f 5440 5347 5346
f 5442 5349 5348
f 5443 5351 5350
f 5443 5350 5352
f 5442 5348 5353
f 5445 5354 5355
f 5431 5338 5356
f 5444 5375 5472
f 5440 5357 5347
f 5434 5358 5359
f 5455 5361 5360
f 5449 5363 5362
f 5449 5362 5364
f 5461 5366 5365
f 5464 5368 5367
f 5459 5370 5369
f 5451 5372 5371
f 5456 5373 5374
f 5456 5374 5376
f 5419 5325 5377
f 5451 5378 5372
f 5469 5380 5379
f 5469 5381 5380
f 5452 5383 5382
f 5452 5384 5383
f 5452 5382 5385
f 5421 5416 5475
f 5416 5423 5477
f 5422 5421 5480
f 5436 5439 5481
f 5458 5453 5484
f 5453 5436 5486
f 5463 5458 5487
f 5460 5457 5489
f 5457 5463 5488
f 5465 5460 5492
f 5467 5465 5493
f 5423 5468 5495
f 5468 5467 5497
f 5475 5476 5421
f 5477 5475 5416
f 5480 5478 5422
f 5481 5482 5436
f 5483 5481 5439
f 5484 5485 5458
f 5486 5484 5453
f 5487 5488 5463
f 5489 5490 5460
f 5488 5491 5457
f 5492 5493 5465
f 5493 5494 5467
f 5495 5496 5423
f 5497 5495 5468
f 5421 5476 5498
f 5421 5498 5480
f 5436 5482 5499
f 5436 5499 5486
f 5458 5485 5487
f 5460 5490 5500
f 5457 5491 5489
f 5460 5500 5501
f 5460 5501 5502
f 5460 5502 5492
f 5467 5494 5497
f 5423 5496 5477
f 5420 5417 5503
f 5417 5422 5505
f 5428 5426 5507
f 5429 5428 5509
f 5426 5330 5511
f 5329 5420 5512
f 5336 5429 5513
f 5422 5478 5514
f 5478 5479 5516
f 5503 5504 5420
f 5505 5506 5417
f 5507 5508 5428
f 5509 5510 5429
f 5511 5507 5426
f 5512 5414 5329
f 5513 5414 5336
f 5514 5515 5422
f 5516 5514 5478
f 5422 5515 5505
f 5417 5506 5503
f 5428 5508 5509
f 5420 5504 5512
f 5429 5510 5513
f 5330 5414 5511
f 5479 5517 5516
f 5450 5430 5518
f 5439 5450 5519
f 5430 5471 5521
f 5471 5470 5523
f 5474 5441 5524
f 5441 5473 5525
f 5483 5439 5520
f 5518 5519 5450
f 5519 5520 5439
f 5521 5522 5430
f 5523 5521 5471
f 5524 5525 5474
f 5525 5524 5441
f 5520 5526 5483
f 5430 5522 5518
f 5470 5527 5523
f 5470 5525 5527
f 5483 5526 5528
f 5529 5530 5476
f 5529 5476 5475
f 5531 5529 5475
f 5531 5475 5477
f 5532 5533 5479
f 5532 5479 5478
f 5534 5532 5478
f 5534 5478 5480
f 5535 5536 5482
f 5535 5482 5481
f 5537 5535 5481
f 5537 5481 5483
f 5538 5539 5485
f 5538 5485 5484
f 5540 5538 5484
f 5540 5484 5486
f 5541 5542 5488
f 5541 5488 5487
f 5543 5544 5490
f 5543 5490 5489
f 5542 5545 5491
f 5542 5491 5488
f 5546 5547 5493
f 5546 5493 5492
f 5547 5548 5494
f 5547 5494 5493
f 5549 5550 5496
f 5549 5496 5495
f 5551 5549 5495
f 5551 5495 5497
f 5530 5552 5498
f 5530 5498 5476
f 5552 5534 5480
f 5552 5480 5498
f 5536 5553 5499
f 5536 5499 5482
f 5553 5540 5486
f 5553 5486 5499
f 5539 5541 5487
f 5539 5487 5485
f 5544 5554 5500
f 5544 5500 5490
f 5545 5543 5489
f 5545 5489 5491
f 5554 5555 5501
f 5554 5501 5500
f 5555 5556 5502
f 5555 5502 5501
f 5556 5546 5492
f 5556 5492 5502
f 5548 5551 5497
f 5548 5497 5494
f 5550 5531 5477
f 5550 5477 5496
f 5557 5558 5504
f 5557 5504 5503
f 5559 5560 5506
f 5559 5506 5505
f 5561 5562 5510
f 5561 5510 5509
f 5563 5564 5414
f 5563 5414 5512
f 5565 5312 5414
f 5565 5414 5513
f 5566 5567 5515
f 5566 5515 5514
f 5568 5566 5514
f 5568 5514 5516
f 5567 5559 5505
f 5567 5505 5515
f 5560 5557 5503
f 5560 5503 5506
f 5558 5563 5512
f 5558 5512 5504
f 5562 5565 5513
f 5562 5513 5510
f 5533 5569 5517
f 5533 5517 5479
f 5569 5568 5516
f 5569 5516 5517
f 5570 5571 5519
f 5570 5519 5518
f 5571 5572 5520
f 5571 5520 5519
f 5573 5574 5522
f 5573 5522 5521
f 5575 5573 5521
f 5575 5521 5523
f 5577 5576 5524
f 5577 5524 5525
f 5572 5579 5526
f 5572 5526 5520
f 5574 5570 5518
f 5574 5518 5522
f 5580 5575 5523
f 5580 5523 5527
f 5578 5580 5527
f 5578 5527 5525
f 5579 5581 5528
f 5579 5528 5526
f 5582 5470 5471
f 5585 5473 5472
f 5583 5586 5396
f 5584 5585 5392
f 5585 5472 5406
f 5582 5471 5407
f 5474 5583 5408
f 5396 5404 5583
f 5392 5394 5584
f 5411 5397 5586
f 5406 5393 5585
f 5407 5403 5582
f 5408 5407 5474
f 5585 5393 5392
f 5584 5394 5395
f 5586 5397 5396
f 5584 5395 5398
f 5582 5403 5402
f 5583 5404 5405
f 5472 5407 5406
f 5583 5405 5408
f 5585 5584 5587
f 5586 5583 5589
f 5583 5474 5591
f 5473 5585 5592
f 5470 5582 5593
f 5582 5402 5594
f 5584 5398 5596
f 5402 5409 5598
f 5409 5400 5599
f 5398 5412 5601
f 5400 5399 5604
f 5587 5588 5585
f 5589 5590 5586
f 5591 5589 5583
f 5592 5525 5473
f 5593 5525 5470
f 5594 5595 5582
f 5596 5597 5584
f 5598 5594 5402
f 5599 5600 5409
f 5601 5596 5398
f 5604 5599 5400
f 5584 5597 5587
f 5586 5590 5605
f 5586 5605 5606
f 5582 5595 5607
f 5585 5588 5592
f 5582 5607 5593
f 5474 5525 5591
f 5409 5600 5598
f 5412 5602 5601
f 5399 5603 5604
f 5608 5609 5588
f 5608 5588 5587
f 5610 5577 5525
f 5610 5525 5592
f 5611 5578 5525
f 5611 5525 5593
f 5612 5613 5595
f 5612 5595 5594
f 5614 5615 5597
f 5614 5597 5596
f 5616 5612 5594
f 5616 5594 5598
f 5617 5618 5600
f 5617 5600 5599
f 5619 5614 5596
f 5619 5596 5601
f 5622 5617 5599
f 5622 5599 5604
f 5615 5608 5587
f 5615 5587 5597
f 5613 5623 5607
f 5613 5607 5595
f 5609 5610 5592
f 5609 5592 5588
f 5623 5611 5593
f 5623 5593 5607
f 5618 5616 5598
f 5618 5598 5600
f 5620 5619 5601
f 5620 5601 5602
f 5621 5622 5604
f 5621 5604 5603
f 5411 5586 5624
f 5410 5411 5626
f 5412 5413 5628
f 5399 5401 5630
f 5602 5412 5629
f 5603 5399 5631
f 5586 5606 5632
f 5620 5602 5633
f 5621 5603 5635
f 5624 5625 5411
f 5626 5627 5410
f 5628 5629 5412
f 5630 5631 5399
f 5629 5632 5602
f 5631 5632 5603
f 5632 5624 5586
f 5633 5634 5620
f 5635 5636 5621
f 5413 5415 5637
f 5410 5638 5415
f 5410 5639 5638
f 5413 5637 5640
f 5401 5415 5641
f 5411 5625 5626
f 5413 5640 5628
f 5410 5627 5639
f 5401 5641 5630
f 5602 5632 5633
f 5603 5632 5635
f 5537 5581 5528
f 5537 5528 5483
f 5642 5643 5644
f 5645 5643 5646
f 5643 5647 5646
f 5646 5647 5648
f 5646 5648 5649
f 5650 5649 5648
f 5651 5652 5653
f 5654 5651 5653
f 5653 5652 5648
f 5655 5656 5657
f 5658 5659 5660
f 5660 5659 5661
f 5642 5644 5662
f 5660 5661 5663
f 5642 5662 5664
f 5660 5663 5665
f 5666 5667 5658
f 5668 5669 5670
f 5671 5672 5673
f 5668 5674 5675
f 5676 5665 5677
f 5671 5678 5679
f 5674 5680 5675
f 5656 5681 5682
f 5675 5680 5666
f 5683 5684 5685
f 5683 5685 5686
f 5686 5685 5687
f 5684 5688 5685
f 5649 5689 5646
f 5688 5690 5691
f 5688 5684 5690
f 5650 5648 5652
f 5692 5693 5651
f 5692 5694 5693
f 5654 5692 5651
f 5692 5654 5695
f 5695 5696 5692
f 5694 5692 5697
f 5696 5697 5692
f 5696 5683 5697
f 5683 5686 5697
f 5646 5689 5645
f 5698 5699 5700
f 5701 5702 5703
f 5701 5703 5704
f 5699 5705 5706
f 5705 5699 5707
f 5708 5709 5699
f 5710 5708 5711
f 5711 5708 5704
f 5708 5699 5712
f 5708 5710 5713
f 5709 5708 5713
f 5699 5709 5707
f 5713 5714 5709
f 5710 5711 5715
f 5712 5699 5698
f 5704 5708 5712
f 5716 5713 5710
f 5713 5716 5717
f 5717 5718 5713
f 5716 5715 5719
f 5669 5720 5670
f 5721 5722 5723
f 5669 5724 5720
f 5725 5656 5682
f 5723 5726 5721
f 5656 5727 5657
f 5728 5703 5702
f 5729 5730 5728
f 5728 5702 5701
f 5729 5728 5731
f 5732 5729 5731
f 5733 5734 5723
f 5669 5735 5724
f 5725 5727 5656
f 5728 5701 5736
f 5737 5727 5725
f 5728 5736 5731
f 5726 5738 5721
f 5730 5719 5703
f 5730 5703 5728
f 5716 5719 5730
f 5739 5738 5740
f 5716 5730 5717
f 5740 5738 5726
f 5730 5729 5741
f 5742 5729 5732
f 5729 5742 5741
f 5741 5743 5730
f 5724 5744 5720
f 5724 5745 5744
f 5746 5743 5741
f 5724 5735 5745
f 5735 5747 5745
f 5731 5748 5732
f 5749 5748 5731
f 5750 5748 5749
f 5735 5669 5657
f 5749 5731 5751
f 5752 5742 5732
f 5753 5725 5682
f 5742 5752 5741
f 5657 5727 5754
f 5752 5746 5741
f 5644 5645 5755
f 5752 5756 5738
f 5721 5738 5756
f 5747 5735 5657
f 5657 5754 5747
f 5757 5746 5752
f 5738 5757 5752
f 5738 5739 5757
f 5758 5645 5689
f 5727 5759 5754
f 5755 5760 5644
f 5758 5755 5645
f 5744 5745 5761
f 5762 5712 5698
f 5763 5747 5754
f 5763 5754 5759
f 5747 5763 5745
f 5764 5744 5761
f 5764 5765 5744
f 5703 5711 5704
f 5703 5715 5711
f 5766 5764 5761
f 5767 5768 5769
f 5766 5761 5770
f 5745 5763 5770
f 5745 5770 5761
f 5771 5767 5772
f 5715 5716 5710
f 5719 5715 5703
f 5712 5773 5704
f 5774 5775 5776
f 5773 5777 5701
f 5773 5701 5704
f 5778 5779 5780
f 5781 5782 5783
f 5784 5785 5786
f 5773 5712 5774
f 5786 5785 5787
f 5759 5727 5737
f 5788 5784 5786
f 5737 5789 5759
f 5790 5791 5792
f 5793 5792 5794
f 5760 5769 5782
f 5795 5736 5777
f 5736 5701 5777
f 5768 5767 5796
f 5792 5797 5798
f 5799 5784 5800
f 5800 5784 5788
f 5751 5731 5736
f 5751 5736 5795
f 5792 5793 5797
f 5785 5751 5795
f 5801 5733 5802
f 5670 5744 5803
f 5717 5730 5804
f 5801 5802 5783
f 5805 5806 5807
f 5774 5712 5762
f 5720 5744 5670
f 5782 5801 5783
f 5777 5773 5808
f 5809 5810 5806
f 5810 5807 5806
f 5811 5812 5775
f 5813 5814 5815
f 5776 5812 5816
f 5817 5818 5819
f 5818 5817 5820
f 5797 5808 5773
f 5776 5775 5812
f 5821 5822 5823
f 5794 5824 5807
f 5825 5813 5826
f 5827 5816 5828
f 5769 5801 5782
f 5807 5810 5793
f 5807 5793 5794
f 5797 5773 5774
f 5829 5825 5830
f 5808 5795 5777
f 5787 5785 5795
f 5776 5816 5827
f 5769 5760 5831
f 5776 5827 5832
f 5787 5795 5808
f 5833 5819 5818
f 5825 5829 5814
f 5834 5822 5821
f 5835 5822 5834
f 5834 5805 5835
f 5836 5776 5832
f 5837 5833 5818
f 5830 5825 5770
f 5823 5818 5820
f 5793 5808 5797
f 5838 5829 5839
f 5829 5840 5839
f 5793 5810 5809
f 5793 5809 5808
f 5841 5829 5830
f 5842 5770 5763
f 5833 5843 5819
f 5842 5837 5770
f 5825 5814 5813
f 5823 5822 5844
f 5766 5845 5764
f 5744 5765 5803
f 5765 5846 5803
f 5847 5848 5845
f 5814 5849 5815
f 5850 5796 5851
f 5813 5766 5826
f 5852 5764 5845
f 5760 5755 5831
f 5831 5755 5853
f 5854 5849 5814
f 5817 5819 5855
f 5847 5845 5779
f 5854 5814 5838
f 5813 5845 5766
f 5853 5755 5758
f 5838 5814 5829
f 5758 5856 5853
f 5770 5825 5766
f 5825 5826 5766
f 5857 5858 5859
f 5815 5849 5860
f 5780 5815 5861
f 5786 5862 5863
f 5857 5864 5858
f 5862 5786 5809
f 5851 5865 5850
f 5864 5866 5858
f 5864 5857 5867
f 5788 5786 5863
f 5868 5788 5863
f 5800 5819 5799
f 5772 5767 5831
f 5767 5769 5831
f 5796 5767 5851
f 5836 5847 5869
f 5855 5819 5800
f 5681 5870 5682
f 5753 5682 5870
f 5788 5855 5800
f 5772 5831 5853
f 5855 5788 5868
f 5774 5798 5797
f 5772 5853 5856
f 5790 5836 5869
f 5779 5778 5847
f 5869 5847 5778
f 5821 5809 5806
f 5862 5809 5821
f 5764 5871 5765
f 5778 5794 5791
f 5872 5862 5821
f 5871 5874 5765
f 5791 5790 5869
f 5792 5791 5794
f 5790 5792 5798
f 5808 5809 5787
f 5786 5787 5809
f 5872 5863 5862
f 5778 5791 5869
f 5794 5778 5824
f 5798 5774 5790
f 5790 5774 5776
f 5805 5821 5806
f 5807 5824 5849
f 5836 5848 5847
f 5807 5849 5854
f 5776 5836 5790
f 5733 5850 5734
f 5730 5743 5804
f 5805 5839 5840
f 5805 5807 5854
f 5820 5876 5823
f 5876 5821 5823
f 5850 5733 5768
f 5855 5863 5876
f 5796 5850 5768
f 5839 5854 5838
f 5876 5872 5821
f 5876 5863 5872
f 5769 5733 5801
f 5734 5875 5726
f 5827 5848 5836
f 5832 5827 5836
f 5875 5734 5877
f 5769 5768 5733
f 5827 5871 5852
f 5850 5877 5734
f 5852 5848 5827
f 5849 5824 5778
f 5860 5849 5778
f 5778 5780 5861
f 5871 5827 5828
f 5817 5876 5820
f 5878 5707 5879
f 5855 5876 5817
f 5709 5879 5707
f 5714 5879 5709
f 5852 5871 5764
f 5854 5839 5805
f 5855 5868 5863
f 5753 5880 5725
f 5845 5848 5852
f 5881 5753 5870
f 5879 5714 5873
f 5779 5845 5813
f 5843 5837 5842
f 5843 5833 5837
f 5815 5779 5813
f 5830 5837 5882
f 5882 5841 5830
f 5882 5818 5841
f 5815 5780 5779
f 5843 5799 5819
f 5713 5873 5714
f 5713 5718 5873
f 5840 5829 5841
f 5840 5835 5805
f 5840 5841 5835
f 5770 5837 5830
f 5837 5818 5882
f 5775 5698 5700
f 5762 5698 5775
f 5762 5775 5774
f 5883 5789 5737
f 5841 5818 5823
f 5763 5759 5789
f 5883 5725 5880
f 5883 5737 5725
f 5835 5841 5823
f 5835 5823 5844
f 5717 5804 5718
f 5689 5649 5758
f 5805 5834 5821
f 5884 5883 5880
f 5771 5885 5886
f 5885 5887 5886
f 5650 5888 5649
f 5888 5758 5649
f 5889 5890 5891
f 5722 5750 5884
f 5889 5892 5893
f 5889 5891 5892
f 5722 5756 5750
f 5721 5756 5722
f 5771 5772 5885
f 5895 5896 5897
f 5897 5892 5895
f 5898 5895 5892
f 5891 5899 5898
f 5900 5885 5888
f 5688 5901 5902
f 5903 5771 5886
f 5904 5898 5899
f 5905 5723 5722
f 5723 5905 5733
f 5783 5870 5781
f 5734 5726 5723
f 5906 5903 5886
f 5907 5888 5650
f 5652 5907 5650
f 5887 5908 5886
f 5908 5887 5893
f 5907 5651 5693
f 5907 5652 5651
f 5909 5910 5911
f 5693 5912 5907
f 5893 5913 5908
f 5893 5892 5913
f 5914 5915 5916
f 5917 5918 5900
f 5900 5918 5885
f 5908 5919 5886
f 5767 5771 5859
f 5771 5903 5859
f 5885 5918 5887
f 5920 5915 5914
f 5892 5897 5913
f 5918 5893 5887
f 5893 5918 5917
f 5912 5917 5907
f 5896 5920 5897
f 5917 5889 5893
f 5912 5890 5889
f 5856 5758 5888
f 5662 5870 5681
f 5681 5664 5662
f 5870 5662 5781
f 5911 5910 5922
f 5903 5857 5859
f 5903 5906 5857
f 5886 5919 5906
f 5885 5772 5856
f 5686 5923 5697
f 5693 5924 5912
f 5693 5694 5924
f 5856 5888 5885
f 5925 5686 5687
f 5925 5923 5686
f 5926 5867 5857
f 5782 5662 5644
f 5782 5644 5760
f 5781 5662 5782
f 5919 5926 5906
f 5767 5859 5851
f 5916 5926 5919
f 5858 5851 5859
f 5907 5900 5888
f 5927 5928 5929
f 5851 5921 5865
f 5930 5931 5932
f 5924 5694 5697
f 5933 5890 5912
f 5933 5912 5924
f 5934 5935 5922
f 5643 5645 5644
f 5934 5936 5935
f 5929 5928 5864
f 5851 5858 5921
f 5933 5924 5910
f 5907 5917 5900
f 5908 5937 5919
f 5908 5913 5937
f 5685 5688 5687
f 5912 5889 5917
f 5935 5936 5938
f 5939 5935 5938
f 5919 5937 5916
f 5939 5911 5935
f 5940 5753 5881
f 5940 5880 5753
f 5920 5913 5897
f 5941 5938 5936
f 5898 5892 5891
f 5942 5884 5880
f 5941 5939 5938
f 5942 5722 5884
f 5902 5687 5688
f 5901 5688 5691
f 5914 5937 5913
f 5913 5920 5914
f 5883 5842 5789
f 5722 5942 5905
f 5884 5750 5799
f 5857 5906 5926
f 5891 5890 5943
f 5842 5763 5789
f 5890 5933 5943
f 5925 5944 5941
f 5799 5883 5884
f 5945 5891 5943
f 5946 5911 5939
f 5946 5930 5911
f 5881 5802 5942
f 5891 5945 5899
f 5947 5930 5946
f 5930 5947 5948
f 5940 5881 5942
f 5929 5864 5867
f 5783 5881 5870
f 5941 5946 5939
f 5926 5929 5867
f 5944 5946 5941
f 5915 5920 5927
f 5946 5944 5947
f 5802 5905 5942
f 5948 5947 5944
f 5928 5894 5864
f 5951 5930 5948
f 5931 5951 5952
f 5802 5733 5905
f 5932 5945 5930
f 5944 5902 5953
f 5697 5934 5924
f 5697 5923 5934
f 5916 5915 5926
f 5915 5927 5929
f 5926 5915 5929
f 5936 5923 5955
f 5953 5901 5954
f 5933 5910 5943
f 5925 5955 5923
f 5940 5942 5880
f 5924 5934 5922
f 5952 5949 5931
f 5951 5931 5930
f 5936 5934 5923
f 5924 5922 5910
f 5948 5944 5953
f 5953 5951 5948
f 5941 5936 5955
f 5925 5941 5955
f 5953 5952 5951
f 5909 5945 5943
f 5956 5925 5687
f 5957 5958 5959
f 5910 5909 5943
f 5960 5957 5959
f 5960 5959 5961
f 5916 5937 5914
f 5953 5954 5952
f 5783 5802 5881
f 5956 5687 5902
f 5822 5835 5844
f 5899 5950 5904
f 5962 5963 5964
f 5965 5966 5967
f 5909 5930 5945
f 5965 5958 5966
f 5966 5968 5967
f 5944 5956 5902
f 5963 5967 5968
f 5956 5944 5925
f 5968 5966 5969
f 5899 5932 5950
f 5843 5842 5883
f 5899 5945 5932
f 5799 5843 5883
f 5902 5901 5953
f 5970 5967 5963
f 5960 5961 5970
f 5962 5970 5963
f 5740 5726 5875
f 5960 5971 5957
f 5970 5972 5960
f 5964 5963 5968
f 5748 5750 5756
f 5748 5756 5752
f 5962 5973 5970
f 5784 5750 5749
f 5799 5750 5784
f 5748 5752 5732
f 5974 5975 5964
f 5973 5975 5974
f 5749 5751 5785
f 5964 5968 5974
f 5785 5784 5749
f 5970 5973 5976
f 5976 5973 5974
f 5965 5861 5815
f 5958 5969 5966
f 5958 5971 5969
f 5815 5860 5977
f 5977 5965 5815
f 5971 5958 5957
f 5860 5778 5861
f 5971 5960 5972
f 5974 5968 5976
f 5968 5969 5976
f 5972 5970 5976
f 5969 5971 5976
f 5860 5861 5959
f 5971 5972 5976
f 5959 5977 5860
f 5965 5978 5861
f 5965 5967 5978
f 5958 5965 5977
f 5959 5861 5978
f 5959 5978 5961
f 5970 5961 5978
f 5978 5967 5970
f 5977 5959 5958
f 5858 5866 5921
f 5931 5950 5932
f 5935 5911 5922
f 5909 5911 5930
f 5962 5979 5973
f 5962 5964 5980
f 5816 5981 5828
f 5670 5674 5668
f 5657 5669 5655
f 5982 5983 5984
f 5983 5982 5985
f 5984 5983 5986
f 5987 5988 5983
f 5988 5989 5990
f 5988 5987 5989
f 5988 5990 5991
f 5992 5993 5994
f 5995 5996 5997
f 5995 5997 5998
f 5993 5996 5995
f 5993 5999 5996
f 5999 5993 6000
f 5994 6001 5992
f 5995 5994 5993
f 6002 6003 6004
f 6004 6005 6002
f 6005 6006 6002
f 6007 5997 5985
f 5997 6008 5985
f 5996 6008 5997
f 5989 5985 6008
f 5992 6003 6002
f 5992 6002 5993
f 6006 5993 6002
f 5996 5989 6008
f 6006 6000 5993
f 5989 5996 5999
f 5989 5987 5985
f 6009 6010 6004
f 5992 5998 5997
f 6004 6003 6009
f 6010 6009 5982
f 5983 5985 5987
f 5984 6010 5982
f 5988 5986 5983
f 6009 6007 5982
f 5985 5982 6007
f 6009 6003 6007
f 6011 6012 6013
f 6014 6015 6016
f 6013 6012 5990
f 6017 6018 6019
f 6014 6017 6019
f 6015 6014 6019
f 5990 6020 5991
f 6021 6022 6023
f 5990 6012 6024
f 6025 6021 6026
f 6024 6020 5990
f 6023 6026 6021
f 6013 5999 6027
f 6007 6003 5992
f 5997 6007 5992
f 6013 6028 6011
f 6022 6029 6023
f 6029 6022 6015
f 6023 6029 6030
f 6031 6016 6022
f 5990 5989 5999
f 6015 6022 6016
f 6022 6032 6031
f 6022 6021 6032
f 6011 6028 6025
f 6023 6033 6026
f 6025 6012 6011
f 6025 6026 6012
f 6010 5984 6034
f 6033 6035 6026
f 6030 6033 6023
f 6026 6036 6012
f 6030 6037 6033
f 6038 6039 6040
f 6036 6024 6012
f 6041 6024 6036
f 6042 6020 6024
f 6041 6042 6024
f 6015 6043 6030
f 6029 6015 6030
f 6044 6042 6045
f 6034 5984 5986
f 6017 6046 6047
f 6043 6019 6048
f 6043 6048 6049
f 6043 6049 6050
f 6051 6021 6025
f 6044 6045 6052
f 6052 6045 6053
f 6054 6038 6040
f 6043 6050 6030
f 6055 6030 6050
f 6050 6056 6057
f 6005 6058 6006
f 6057 6055 6050
f 5986 6059 6060
f 6058 6061 6006
f 6062 6061 6058
f 5986 6060 6034
f 6063 6040 6039
f 6000 6061 6027
f 6027 5999 6000
f 6059 5988 5991
f 6039 6047 6046
f 6039 6046 6063
f 5988 6059 5986
f 6006 6061 6000
f 6027 6061 6064
f 6054 6040 6032
f 6013 6027 6064
f 6040 6063 6032
f 6045 6042 6041
f 6062 6064 6061
f 6065 6026 6035
f 6046 6031 6063
f 6046 6016 6031
f 6041 6036 6053
f 6019 6043 6015
f 6026 6065 6036
f 6066 6047 6039
f 6065 6053 6036
f 6051 6013 6064
f 6051 6028 6013
f 6032 6051 6067
f 6045 6041 6053
f 6068 6047 6066
f 6051 6025 6028
f 6052 6053 6065
f 6052 6065 6069
f 6017 6047 6068
f 6038 6062 6058
f 6054 6062 6038
f 5995 5998 5994
f 6054 6067 6062
f 6017 6016 6046
f 6032 6067 6054
f 6032 6063 6031
f 6001 5998 5992
f 6068 6018 6017
f 5998 6001 5994
f 6064 6062 6051
f 6032 6021 6051
f 6051 6062 6067
f 5990 5999 6013
f 6016 6017 6014
f 5991 6020 6070
f 6042 6070 6020
f 6071 6035 6072
f 6073 6055 6057
f 6073 6057 6075
f 6076 6055 6073
f 6075 6076 6073
f 6065 6035 6071
f 6077 6070 6042
f 6042 6044 6077
f 6074 6071 6072
f 6065 6071 6069
f 6033 6072 6035
f 6033 6037 6072
f 6030 6055 6037
f 6078 6079 6080
f 6081 6082 6083
f 6084 6019 6018
f 6085 6086 6082
f 6087 6084 6018
f 5672 5677 6088
f 6089 6088 5677
f 5671 5673 5678
f 6090 6084 6087
f 6085 6091 6092
f 6080 6081 6078
f 6082 6093 6083
f 6082 6090 6093
f 6079 6094 6080
f 5661 6095 5663
f 6092 6096 6097
f 6056 6097 6096
f 5661 6098 6095
f 5659 6098 5661
f 6099 6100 6101
f 6089 6102 6088
f 6103 6104 6105
f 6102 6094 6088
f 6106 6100 6099
f 6107 6102 6089
f 6095 6098 6105
f 6108 6109 6110
f 6108 6111 6109
f 6109 6111 6103
f 6112 6113 6114
f 6115 6116 6117
f 6107 6089 6118
f 6115 6117 6119
f 6080 6120 6081
f 6081 6121 6082
f 6085 6082 6122
f 6123 6124 6125
f 6126 6127 6124
f 6128 6112 6114
f 6082 6115 6122
f 6124 6129 6125
f 6122 6130 6085
f 6129 6124 6127
f 6082 6121 6115
f 6131 6132 6133
f 6114 6134 6135
f 6114 6135 6136
f 6137 6138 6139
f 6112 6140 6141
f 6113 6112 6141
f 6133 6142 6143
f 6144 6145 6146
f 6121 6081 6120
f 6144 6146 6147
f 6121 6120 6116
f 6144 6147 6148
f 6149 6150 6151
f 6104 6095 6105
f 6107 6095 6152
f 6107 6153 6095
f 6144 6154 6145
f 6155 6144 6148
f 6114 6113 6134
f 6143 6131 6133
f 6156 6148 6157
f 6158 6159 6160
f 6161 6135 6134
f 6162 6163 6137
f 6164 6165 6104
f 6166 6164 6111
f 6119 6122 6115
f 6162 6167 6168
f 6169 6167 6162
f 6116 6115 6121
f 6155 6148 6156
f 6162 6137 6139
f 6170 6171 6128
f 6114 6170 6128
f 6111 6108 6172
f 6147 6146 6173
f 6174 6171 6170
f 6111 6172 6175
f 6085 6130 6091
f 6145 6176 6146
f 6173 6177 6147
f 6177 6157 6147
f 6164 6166 6165
f 6155 6154 6144
f 6178 6179 6174
f 6180 6181 6182
f 6183 6138 6184
f 6166 6185 6165
f 6147 6157 6148
f 6160 6186 6187
f 6188 6189 6190
f 6186 6191 6187
f 6151 6192 6185
f 6180 6193 6194
f 6193 6180 6195
f 6196 6189 6188
f 6158 6163 6168
f 6197 6155 6198
f 6199 6189 6196
f 6198 6155 6156
f 6162 6168 6163
f 6182 6091 6130
f 6166 6200 6185
f 6179 6201 6171
f 6179 6171 6174
f 6202 6201 6179
f 6200 6151 6185
f 6199 6190 6189
f 6119 6130 6122
f 6170 6114 6136
f 6178 6174 6170
f 6136 6203 6170
f 6149 6151 6200
f 6175 6166 6111
f 6204 6083 6205
f 6123 6125 6156
f 6202 6206 6207
f 6198 6156 6125
f 6150 6149 6208
f 6199 6209 6210
f 6199 6211 6209
f 6212 6213 6214
f 6125 6129 6198
f 6178 6170 6203
f 6212 6186 6213
f 6178 6203 6216
f 6217 6188 6190
f 6218 6167 6169
f 6161 6219 6135
f 6220 6199 6196
f 6136 6135 6219
f 6116 6120 6221
f 6222 6219 6223
f 6116 6221 6224
f 6129 6127 6225
f 6196 6188 6176
f 6156 6157 6099
f 6123 6156 6099
f 6226 6227 6228
f 6204 6079 6078
f 6223 6219 6229
f 6167 6230 6168
f 6231 6223 6229
f 6176 6232 6196
f 6195 6233 6193
f 6220 6196 6232
f 6222 6136 6219
f 6234 6175 6172
f 6129 6197 6198
f 6180 6182 6235
f 6173 6176 6217
f 6173 6146 6176
f 6235 6195 6180
f 6136 6236 6203
f 6187 6191 6184
f 6208 6200 6237
f 6145 6232 6176
f 6237 6200 6234
f 6200 6175 6234
f 6220 6232 6154
f 6216 6203 6236
f 6126 6124 6123
f 6222 6236 6136
f 6217 6176 6188
f 6123 6099 6238
f 6226 6224 6227
f 6126 6123 6238
f 6080 6239 6120
f 6131 6106 6132
f 6240 6241 6239
f 6081 6083 6204
f 6107 6118 6153
f 6102 6242 6240
f 6242 6102 6107
f 6145 6154 6232
f 6216 6236 6243
f 6120 6239 6241
f 6104 6152 6095
f 6244 6106 6245
f 6244 6100 6106
f 6119 6246 6130
f 6236 6222 6243
f 6223 6243 6222
f 6244 6101 6100
f 6167 6218 6247
f 6165 6152 6104
f 6130 6246 6182
f 6223 6248 6210
f 6210 6248 6190
f 6190 6199 6210
f 5659 6249 6098
f 6160 6250 6158
f 6184 6138 6251
f 6184 6251 6250
f 6187 6184 6250
f 6194 6181 6180
f 6252 6253 6214
f 6190 6254 6217
f 6248 6254 6190
f 6255 6256 6206
f 6187 6250 6160
f 6139 6169 6162
f 6257 6158 6250
f 6253 6194 6214
f 6137 6163 6138
f 6258 6259 6252
f 6246 6260 6182
f 6163 6261 6138
f 6262 6192 6151
f 6263 6262 6151
f 6202 6255 6206
f 6265 6264 6075
f 6255 6202 6179
f 6263 6266 6262
f 5659 5658 5667
f 5667 6249 5659
f 6267 6231 6258
f 6262 6266 6131
f 6268 6107 6269
f 6152 6269 6107
f 6269 6152 6165
f 6267 6258 6213
f 6213 6258 6252
f 6249 5667 6103
f 6268 6242 6107
f 6263 6151 6150
f 6098 6249 6105
f 6270 6271 6263
f 6216 6255 6179
f 6263 6150 6270
f 6132 6173 6217
f 6132 6177 6173
f 6103 6105 6249
f 6272 6256 6255
f 6273 6264 6265
f 6215 6264 6273
f 6231 6267 6248
f 6131 6274 6106
f 6274 6245 6106
f 6275 6268 6269
f 6275 6276 6277
f 6245 6274 6271
f 6254 6248 6267
f 6278 6276 6275
f 6279 6233 6246
f 5666 6280 5667
f 6131 6266 6263
f 6131 6263 6274
f 6254 6267 6281
f 6263 6271 6274
f 6185 6282 6165
f 6281 6217 6254
f 6217 6281 6132
f 6280 6103 5667
f 5665 6118 5677
f 6244 6270 6283
f 6228 6233 6279
f 6284 6186 6212
f 6133 6132 6281
f 6285 6193 6233
f 6142 6281 6286
f 6267 6286 6281
f 6285 6233 6228
f 6194 6193 6285
f 6284 6194 6285
f 6283 6270 6150
f 6283 6150 6208
f 6111 6104 6103
f 6214 6194 6284
f 5680 6280 5666
f 6104 6111 6164
f 6284 6212 6214
f 5665 6153 6118
f 6049 6287 6056
f 6153 5663 6095
f 6097 6287 6048
f 6281 6142 6133
f 6246 6119 6117
f 5663 6153 5665
f 6118 6089 5677
f 6283 6208 6237
f 6287 6049 6048
f 6109 6103 6280
f 6288 6244 6283
f 6213 6186 6159
f 6237 6288 6283
f 6280 6110 6109
f 6286 6167 6247
f 6245 6271 6270
f 6245 6270 6244
f 6286 6230 6167
f 6289 6101 6244
f 6160 6159 6186
f 6218 6277 6276
f 6168 6159 6158
f 6230 6159 6168
f 6169 6277 6218
f 6276 6290 6218
f 6213 6252 6214
f 6288 6289 6244
f 6291 6247 6290
f 6291 6143 6247
f 6268 6292 6242
f 6086 6092 6097
f 6230 6213 6159
f 6268 6277 6292
f 6169 6292 6277
f 6255 6216 6272
f 6287 6097 6056
f 6243 6272 6216
f 6101 6238 6099
f 6192 6282 6185
f 6106 6177 6132
f 6242 6292 6139
f 6169 6139 6292
f 6106 6157 6177
f 6099 6157 6106
f 6256 6272 6293
f 6294 6293 6272
f 6291 6262 6295
f 6273 6296 6215
f 6277 6268 6275
f 6215 6296 6207
f 6294 6272 6243
f 6209 6294 6243
f 6282 6278 6275
f 6275 6269 6282
f 6131 6295 6262
f 6096 6092 6297
f 6278 6282 6192
f 6165 6282 6269
f 6209 6293 6294
f 6202 6207 6296
f 6091 6298 6092
f 6140 6297 6298
f 6298 6181 6140
f 6056 6050 6049
f 6075 6057 6056
f 6181 6298 6091
f 6299 6300 6251
f 6182 6181 6091
f 6299 6301 6300
f 6299 6251 6302
f 6056 6265 6075
f 6209 6223 6210
f 6209 6243 6223
f 6246 6117 6279
f 6239 6080 6094
f 6102 6239 6094
f 6303 6304 6305
f 6303 6300 6301
f 6211 6306 6209
f 6260 6246 6233
f 6290 6247 6218
f 6247 6143 6142
f 6286 6267 6213
f 6307 6302 6304
f 6084 6048 6019
f 6240 6239 6102
f 6308 6304 6303
f 6224 6117 6116
f 6303 6301 6309
f 6230 6286 6213
f 6134 6113 6141
f 6310 6134 6141
f 6202 6296 6201
f 6279 6117 6224
f 6084 6097 6048
f 6084 6086 6097
f 6181 6141 6140
f 6143 6291 6295
f 6056 6096 6273
f 6084 6090 6086
f 6286 6247 6142
f 6310 6141 6253
f 6259 6134 6310
f 6295 6131 6143
f 6220 6211 6199
f 6311 6211 6220
f 6211 6311 6306
f 6056 6273 6265
f 6312 6306 6311
f 6216 6179 6178
f 6090 6082 6086
f 6086 6085 6092
f 6278 6290 6276
f 6291 6290 6278
f 6219 6161 6229
f 6204 6078 6081
f 6308 6303 6313
f 6226 6228 6279
f 6259 6161 6134
f 6291 6278 6262
f 6309 6301 6299
f 6262 6278 6192
f 6258 6231 6229
f 6182 6260 6235
f 6096 6297 6314
f 6315 6299 6302
f 6315 6302 6307
f 6297 6112 6314
f 6313 6303 6309
f 6314 6112 6128
f 6248 6223 6231
f 6299 6315 6309
f 6307 6316 6315
f 6315 6317 6309
f 6253 6141 6181
f 6317 6313 6309
f 6092 6298 6297
f 6181 6194 6253
f 6259 6229 6161
f 6310 6252 6259
f 6310 6253 6252
f 6258 6229 6259
f 6260 6233 6195
f 6235 6260 6195
f 6140 6112 6297
f 6307 6304 6308
f 6066 6320 6068
f 6314 6273 6096
f 6321 6307 6308
f 6321 6322 6323
f 6321 6308 6324
f 6321 6323 6307
f 6307 6323 6316
f 6324 6322 6321
f 6325 6323 6322
f 6326 6325 6322
f 6154 6311 6220
f 6311 6154 6319
f 6326 6322 6324
f 6327 6325 6326
f 6155 6318 6154
f 6154 6318 6319
f 6324 6313 6328
f 6324 6308 6313
f 6329 6316 6323
f 6316 6317 6315
f 6197 6318 6155
f 6319 6312 6311
f 6317 6316 6313
f 5679 6320 6066
f 6313 6316 6329
f 6329 6328 6313
f 6330 6320 5679
f 6331 6323 6325
f 6201 6273 6314
f 6326 6324 6332
f 6226 6279 6224
f 6327 6331 6325
f 6329 6323 6331
f 6331 6332 6329
f 6328 6332 6324
f 6018 6320 6087
f 6332 6328 6329
f 6201 6296 6273
f 6333 6332 6331
f 6087 6320 6330
f 6327 6326 6334
f 6335 6331 6327
f 6201 6314 6128
f 6336 6327 6334
f 6201 6128 6171
f 6337 6338 6336
f 6336 6339 6340
f 6339 6336 6334
f 6340 6337 6336
f 6336 6338 6327
f 6330 6205 6093
f 6343 6334 6333
f 6335 6333 6331
f 6129 6225 6341
f 6334 6326 6333
f 6332 6333 6326
f 6225 6342 6341
f 6338 6335 6327
f 6333 6335 6338
f 6341 6197 6129
f 6339 6334 6343
f 6344 6120 6241
f 6337 6340 6345
f 6337 6345 6346
f 6345 6339 6343
f 6346 6338 6337
f 6333 6338 6346
f 6333 6346 6343
f 6347 6344 6183
f 6346 6345 6343
f 6330 5679 6348
f 6344 6347 6221
f 6183 6184 6347
f 6120 6344 6221
f 5672 6088 5673
f 6205 6330 6348
f 6241 6183 6344
f 6204 6205 6348
f 6348 5678 6204
f 6088 6094 5673
f 6094 6204 5678
f 5673 6094 5678
f 6094 6079 6204
f 5677 5672 5676
f 6240 6183 6241
f 6320 6018 6068
f 6139 6183 6240
f 6139 6138 6183
f 6139 6240 6242
f 6221 6227 6224
f 6228 6349 6285
f 6349 6228 6227
f 6349 6221 6347
f 6285 6191 6284
f 6261 6251 6138
f 6347 6184 6191
f 6347 6191 6349
f 6191 6186 6284
f 6087 6330 6093
f 6163 6158 6305
f 6227 6221 6349
f 6090 6087 6093
f 6300 6257 6250
f 6093 6205 6083
f 6257 6305 6158
f 6305 6261 6163
f 6191 6285 6349
f 6250 6251 6300
f 6251 6261 6302
f 6304 6302 6261
f 6305 6304 6261
f 6257 6300 6303
f 6305 6257 6303
f 6175 6200 6166
f 6149 6200 6208
f 5706 5700 5699
f 6350 6238 6101
f 6351 6350 6101
f 5674 5846 6352
f 6352 6280 5680
f 6352 6110 6280
f 5674 6352 5680
f 6234 6353 6237
f 6234 6172 5874
f 5981 6234 5874
f 5981 6353 6234
f 5981 5874 5828
f 5670 5846 5674
f 5871 5828 5874
f 6108 6110 6352
f 6225 6354 6342
f 6354 6225 6355
f 6356 6351 6101
f 5700 6351 6356
f 6101 6289 6356
f 5775 5700 6356
f 5706 6350 5700
f 6126 6357 6127
f 6126 6358 6357
f 6359 6225 6127
f 6357 6359 6127
f 6355 6225 6359
f 6360 6357 6358
f 5706 6360 6358
f 5705 6359 6360
f 6357 6360 6359
f 5705 6355 6359
f 6358 6126 6238
f 6358 6238 6350
f 5706 6358 6350
f 5846 6108 6352
f 5765 6108 5846
f 5874 6172 5765
f 5705 6354 6355
f 5705 5878 6354
f 6108 5765 6172
f 5706 5705 6360
f 5775 6356 5811
f 5878 5705 5707
f 6237 6353 6361
f 5700 6350 6351
f 5812 6361 5981
f 6288 6237 6361
f 6289 6288 6361
f 5981 6361 6353
f 6361 6356 6289
f 6361 5811 6356
f 5816 5812 5981
f 5812 5811 6361
f 6339 5980 6340
f 5979 5980 6339
f 5979 5962 5980
f 6362 5980 5964
f 5975 6362 5964
f 5980 6362 6340
f 5979 6339 6345
f 5979 6363 5973
f 6345 6340 6362
f 6363 6345 6362
f 5979 6345 6363
f 5975 6363 6362
f 6363 5975 5973
f 5670 5803 5846
f 5672 5671 5676
f 5678 6348 5679
f 5691 5690 6364
f 5873 5718 6366
f 5718 5804 6367
f 5804 5743 6368
f 5877 5850 6370
f 5878 5879 5552
f 5879 5873 5534
f 5866 5864 6372
f 5864 5894 6374
f 5850 5865 6375
f 5865 5921 6376
f 5746 5757 6377
f 5757 5739 6379
f 5920 5896 6381
f 5904 5950 6383
f 5949 5952 6385
f 5875 5877 6371
f 5952 5954 6388
f 5895 5898 6389
f 5896 5895 6391
f 5739 5740 6393
f 5894 5928 6395
f 5928 5927 6397
f 5927 5920 6398
f 5898 5904 6400
f 5740 5875 6401
f 5901 5691 6403
f 5743 5746 6378
f 5921 5866 6406
f 5950 5931 6408
f 5931 5949 6410
f 5954 5901 6404
f 6010 6034 6413
f 6034 6060 6415
f 6059 5991 6417
f 6060 6059 6419
f 5991 6070 6421
f 6037 6055 6422
f 6074 6072 6424
f 6070 6077 6426
f 6055 6076 6428
f 6077 6044 6429
f 6071 6074 6431
f 6044 6052 6433
f 6052 6069 6434
f 6069 6071 6432
f 6072 6037 6436
f 6215 6207 6437
f 6206 6256 6439
f 6264 6215 6438
f 6075 6264 6442
f 6207 6206 6440
f 6076 6075 6445
f 6293 6209 5553
f 6256 6293 6447
f 6209 6306 5540
f 6306 6312 5541
f 6319 6318 5554
f 6312 6319 5543
f 6318 6197 5555
f 6197 6341 5556
f 6341 6342 5546
f 6342 6354 5551
f 6354 5878 5531
f 6364 6365 5691
f 6366 5533 5873
f 6367 6366 5718
f 6368 6369 5804
f 6370 6371 5877
f 5552 5530 5878
f 5534 5552 5879
f 6372 6373 5866
f 6374 6372 5864
f 6375 6370 5850
f 6376 6375 5865
f 6377 6378 5746
f 6379 6380 5757
f 6381 6382 5920
f 6383 6384 5904
f 6385 6386 5949
f 6371 6387 5875
f 6388 6385 5952
f 6389 6390 5895
f 6391 6392 5896
f 6393 6394 5739
f 6395 6396 5894
f 6397 6395 5928
f 6398 6399 5927
f 6400 6389 5898
f 6401 6402 5740
f 6403 6404 5901
f 6378 6405 5743
f 6406 6407 5921
f 6408 6409 5950
f 6410 6411 5931
f 6404 6412 5954
f 6413 6414 6010
f 6415 6416 6034
f 6417 6418 6059
f 6419 6420 6060
f 6421 6417 5991
f 6422 6423 6037
f 6424 6425 6074
f 6426 6427 6070
f 6428 6422 6055
f 6429 6430 6077
f 6431 6432 6071
f 6433 6429 6044
f 6434 6435 6052
f 6432 6434 6069
f 6436 6424 6072
f 6437 6438 6215
f 6439 6440 6206
f 6438 6441 6264
f 6442 6443 6075
f 6440 6444 6207
f 6445 6446 6076
f 5553 5536 6293
f 6447 6448 6256
f 5540 5553 6209
f 5541 5539 6306
f 5554 5544 6319
f 5543 5545 6312
f 5555 5554 6318
f 5556 5555 6197
f 5546 5556 6341
f 5551 5548 6342
f 5531 5550 6354
f 5691 6365 6449
f 5875 6387 6401
f 5804 6369 6367
f 5743 6405 6450
f 5743 6450 6368
f 5878 5530 5529
f 5878 5529 5531
f 5873 5533 5532
f 5873 5532 5534
f 5866 6373 6406
f 5921 6451 6376
f 5921 6407 6452
f 5757 6380 6377
f 5896 6392 6381
f 5894 6396 6374
f 5949 6386 6410
f 5950 6453 6383
f 5954 6412 6388
f 5920 6382 6454
f 5895 6390 6391
f 5950 6409 6453
f 5691 6449 6403
f 5927 6399 6397
f 5920 6454 6398
f 5904 6384 6400
f 5740 6402 6393
f 5739 6394 6379
f 5921 6452 6451
f 5931 6411 6408
f 6034 6416 6413
f 6060 6420 6415
f 6059 6455 6419
f 6059 6418 6456
f 6059 6456 6455
f 6070 6427 6421
f 6076 6446 6428
f 6074 6425 6431
f 6077 6457 6426
f 6077 6430 6457
f 6052 6435 6433
f 6037 6458 6436
f 6037 6423 6458
f 6207 6459 6460
f 6207 6444 6459
f 6207 6460 6437
f 6075 6443 6445
f 6256 6448 6439
f 6264 6441 6442
f 6293 5536 5535
f 6293 5537 6447
f 6293 5535 5537
f 6306 5539 5538
f 6306 5538 5540
f 6312 5542 5541
f 6319 5544 5543
f 6312 5545 5542
f 6342 5547 5546
f 6342 5548 5547
f 6354 5550 5549
f 6354 5549 5551
f 6463 6462 6473
f 6462 6464 6475
f 6465 6461 6483
f 6470 6471 6461
f 6473 6474 6463
f 6475 6473 6462
f 6477 6478 6464
f 6483 6484 6465
f 6463 6474 6476
f 6464 6478 6488
f 6464 6488 6475
f 6461 6471 6483
f 6491 6492 6469
f 6491 6469 6468
f 6493 6494 6474
f 6493 6474 6473
f 6495 6493 6473
f 6495 6473 6475
f 6497 6498 6478
f 6497 6478 6477
f 6499 6500 6480
f 6499 6480 6479
f 6501 6497 6477
f 6501 6477 6481
f 6502 6499 6479
f 6502 6479 6482
f 6489 6503 6484
f 6489 6484 6465
f 6504 6501 6481
f 6504 6481 6485
f 6505 6506 6487
f 6505 6487 6486
f 6492 6490 6467
f 6492 6467 6469
f 6500 6491 6468
f 6500 6468 6480
f 6494 6496 6476
f 6494 6476 6474
f 6498 6507 6488
f 6498 6488 6478
f 6507 6495 6475
f 6507 6475 6488
f 6506 6504 6485
f 6506 6485 6487
f 6508 6502 6482
f 6508 6482 6484
f 6509 6505 6486
f 6509 6486 6484
f 6462 6463 5283
f 6464 6462 5281
f 6461 6465 5305
f 6465 6466 5287
f 6470 6461 5280
f 6477 6464 5285
f 6468 6469 5308
f 6472 6470 5306
f 6479 6480 5310
f 6481 6477 5307
f 6482 6479 5295
f 6485 6481 5297
f 6486 6487 5311
f 6469 6467 5289
f 6480 6468 5290
f 6487 6485 5301
f 6484 6482 5299
f 6484 6486 5303
f 6508 6484 6510
f 6509 6484 6512
f 5283 5282 6462
f 5281 5286 6464
f 5305 5279 6461
f 5287 5305 6465
f 5280 5306 6470
f 5285 5307 6477
f 5308 5291 6468
f 5306 5293 6472
f 5310 5296 6479
f 5307 5298 6481
f 5295 5300 6482
f 5297 5302 6485
f 5311 5304 6486
f 5289 5308 6469
f 5290 5310 6480
f 5301 5311 6487
f 5299 5288 6484
f 5303 5288 6484
f 6510 6511 6508
f 6512 5312 6509
f 6461 5279 5278
f 6461 5278 5280
f 6462 5282 5281
f 6463 5284 5283
f 6464 5286 5285
f 6466 5288 5287
f 6468 5291 5290
f 6472 5293 5292
f 6479 5296 5295
f 6481 5298 5297
f 6482 5300 5299
f 6485 5302 5301
f 6486 5304 5303
f 6484 5288 6510
f 6484 5288 6512
f 6463 6476 4605
f 6467 6490 6513
f 6476 6496 6514
f 6472 5292 4614
f 5284 6463 4607
f 5309 5294 4613
f 5292 5309 4610
f 5289 6467 4612
f 4605 4608 6463
f 6513 4606 6467
f 6514 4606 6476
f 4614 4606 6472
f 4607 4107 5284
f 4613 4611 5309
f 4610 4614 5292
f 4612 4107 5289
f 6476 4606 4605
f 6490 4615 6513
f 6496 4616 6514
f 6463 4608 4607
f 6467 4606 4609
f 5309 4611 4610
f 6467 4609 4612
f 5294 4107 4613
f 6515 6516 5508
f 6515 5508 5507
f 6517 6515 5507
f 6517 5507 5511
f 6516 5561 5509
f 6516 5509 5508
f 6518 6517 5511
f 6518 5511 5414
f 6489 6519 6466
f 6489 6466 6465
f 6531 6535 6524
f 6524 6535 6526
f 6536 6532 6537
f 6534 6535 6531
f 6536 6541 6532
f 6539 6535 6534
f 6536 6542 6541
f 6528 6527 6543
f 6544 6545 6540
f 6543 6546 6528
f 6543 6529 6546
f 6537 6543 6527
f 6526 6535 6547
f 6548 6542 6549
f 6551 6550 6552
f 6548 6552 6550
f 6525 6526 6547
f 6553 6548 6550
f 6530 6543 6537
f 6535 6554 6547
f 6555 6548 6553
f 6539 6538 6554
f 6545 6544 6546
f 6539 6554 6535
f 6527 6559 6537
f 6562 6563 6564
f 6565 6563 6562
f 6561 6534 6533
f 6567 6568 6569
f 6534 6561 6540
f 6570 6564 6563
f 6570 6566 6564
f 6571 6570 6563
f 6572 6567 6569
f 6567 6572 6521
f 6521 6572 6573
f 6540 6539 6534
f 6553 6550 6575
f 6574 6571 6563
f 6574 6563 6565
f 6553 6575 6576
f 6581 6582 6583
f 6582 6584 6583
f 6579 6584 6585
f 6579 6580 6584
f 6583 6586 6587
f 6588 6566 6570
f 6593 6580 6592
f 6577 6594 6592
f 6595 6555 6596
f 6593 6592 6594
f 6589 6562 6564
f 6589 6568 6562
f 6594 6587 6593
f 6589 6579 6598
f 6589 6598 6569
f 6568 6589 6569
f 6562 6568 6565
f 6575 6596 6576
f 6597 6596 6575
f 6599 6594 6578
f 6523 6520 6585
f 6578 6594 6577
f 6573 6585 6520
f 6596 6553 6576
f 6582 6581 6523
f 6587 6594 6599
f 6553 6596 6555
f 6582 6523 6585
f 6585 6569 6598
f 6586 6573 6572
f 6569 6585 6572
f 6573 6586 6583
f 6583 6585 6573
f 6579 6585 6598
f 6584 6582 6585
f 6596 6597 6588
f 6585 6583 6584
f 6572 6585 6584
f 6544 6540 6561
f 6591 6544 6561
f 6520 6521 6573
f 6567 6565 6568
f 6570 6571 6590
f 6588 6590 6596
f 6570 6590 6588
f 6590 6595 6596
f 6528 6546 6591
f 6544 6591 6546
f 6559 6536 6537
f 6560 6536 6559
f 6560 6549 6536
f 6552 6560 6551
f 6560 6552 6549
f 6536 6549 6542
f 6548 6549 6552
f 6546 6529 6558
f 6537 6532 6530
f 6529 6543 6530
f 6581 6583 6599
f 6578 6581 6599
f 6600 6584 6580
f 6593 6600 6580
f 6587 6599 6583
f 6601 6587 6586
f 6601 6586 6572
f 6601 6572 6584
f 6601 6584 6600
f 6600 6593 6587
f 6601 6600 6587
f 6521 6520 6602
f 6523 6522 6604
f 6520 6523 6605
f 6529 6530 6607
f 6530 6532 6609
f 6538 6539 6611
f 6539 6540 6613
f 6532 6541 6614
f 6541 6542 6616
f 6540 6545 6618
f 6557 6556 6619
f 6545 6546 6621
f 6546 6558 6623
f 6548 6555 6624
f 6542 6548 6625
f 6525 6547 6627
f 6547 6554 6628
f 6554 6538 6630
f 6567 6521 6631
f 6574 6565 6633
f 6571 6574 6635
f 6590 6571 6637
f 6555 6595 6639
f 6595 6590 6641
f 6565 6567 6643
f 6558 6529 6608
f 6602 6603 6521
f 6604 6605 6523
f 6605 6606 6520
f 6607 6608 6529
f 6609 6610 6530
f 6611 6612 6538
f 6613 6611 6539
f 6614 6609 6532
f 6616 6617 6541
f 6618 6613 6540
f 6619 6620 6557
f 6621 6622 6545
f 6623 6621 6546
f 6624 6625 6548
f 6625 6626 6542
f 6627 6615 6525
f 6628 6629 6547
f 6630 6628 6554
f 6631 6632 6567
f 6633 6634 6574
f 6635 6636 6571
f 6637 6638 6590
f 6639 6640 6555
f 6641 6642 6595
f 6643 6633 6565
f 6608 6645 6558
f 6520 6606 6602
f 6530 6610 6607
f 6541 6646 6614
f 6541 6617 6646
f 6538 6612 6647
f 6542 6626 6616
f 6556 6519 6489
f 6556 6489 6648
f 6556 6648 6619
f 6558 6645 6623
f 6545 6649 6618
f 6545 6622 6649
f 6547 6629 6627
f 6538 6647 6630
f 6567 6632 6650
f 6574 6651 6635
f 6574 6634 6651
f 6571 6636 6637
f 6555 6652 6624
f 6555 6640 6652
f 6595 6642 6639
f 6567 6650 6643
f 6521 6603 6631
f 6590 6638 6641
f 6557 6620 6644
f 6522 6523 6449
f 6527 6528 6401
f 6531 6524 6367
f 6533 6534 6450
f 6534 6531 6368
f 6550 6551 6406
f 6559 6527 6376
f 6551 6560 6452
f 6561 6533 6377
f 6564 6566 6381
f 6575 6550 6374
f 6578 6577 6410
f 6580 6579 6383
f 6581 6578 6388
f 6566 6588 6454
f 6589 6564 6391
f 6592 6580 6453
f 6523 6581 6403
f 6597 6575 6397
f 6588 6597 6398
f 6579 6589 6400
f 6528 6591 6393
f 6591 6561 6379
f 6560 6559 6451
f 6577 6592 6408
f 6449 6365 6522
f 6401 6387 6527
f 6367 6369 6531
f 6450 6405 6533
f 6368 6450 6534
f 6406 6373 6550
f 6376 6451 6559
f 6452 6407 6551
f 6377 6380 6561
f 6381 6392 6564
f 6374 6396 6575
f 6410 6386 6578
f 6383 6453 6580
f 6388 6412 6581
f 6454 6382 6566
f 6391 6390 6589
f 6453 6409 6592
f 6403 6449 6523
f 6397 6399 6597
f 6398 6454 6588
f 6400 6384 6579
f 6393 6402 6528
f 6379 6394 6591
f 6451 6452 6560
f 6408 6411 6577
f 6522 6365 6364
f 6524 6366 6367
f 6531 6369 6368
f 6527 6371 6370
f 6550 6373 6372
f 6550 6372 6374
f 6527 6370 6375
f 6527 6375 6376
f 6533 6378 6377
f 6561 6380 6379
f 6566 6382 6381
f 6579 6384 6383
f 6578 6386 6385
f 6527 6387 6371
f 6578 6385 6388
f 6589 6390 6389
f 6564 6392 6391
f 6591 6394 6393
f 6575 6396 6395
f 6575 6395 6397
f 6597 6399 6398
f 6589 6389 6400
f 6528 6402 6401
f 6581 6404 6403
f 6533 6405 6378
f 6551 6407 6406
f 6592 6409 6408
f 6577 6411 6410
f 6581 6412 6404
f 6466 6519 6653
f 6524 6526 5559
f 6526 6525 5557
f 6556 6557 5561
f 6525 6615 5563
f 6557 6644 5565
f 6519 6556 6517
f 6366 6524 5568
f 6653 5288 6466
f 5559 5567 6524
f 5557 5560 6526
f 5561 6516 6556
f 5563 5558 6525
f 5565 5562 6557
f 6517 6518 6519
f 5568 5569 6366
f 6519 6518 6653
f 6525 5558 5557
f 6526 5560 5559
f 6556 6516 6515
f 6557 5562 5561
f 6556 6515 6517
f 6615 5564 5563
f 6644 5312 5565
f 6524 5567 5566
f 6524 5566 5568
f 4685 6654 4656
f 4685 4656 4655
f 6655 6656 4658
f 6655 4658 4657
f 6657 6658 4630
f 6657 4630 4663
f 6656 6659 4666
f 6656 4666 4658
f 6654 6655 4657
f 6654 4657 4656
f 6659 6657 4663
f 6659 4663 4666
f 6660 6661 6471
f 6660 6471 6470
f 6662 6660 6470
f 6662 6470 6472
f 6663 6503 6484
f 6663 6484 6483
f 6661 6663 6483
f 6661 6483 6471
f 6664 6666 6665
f 6666 6667 6668
f 6670 6666 6668
f 6673 6674 6675
f 6674 6672 6671
f 6676 6673 6675
f 6677 6673 6676
f 6679 6680 6681
f 6680 6682 6683
f 6678 6684 6685
f 6678 6685 6686
f 6678 6687 6688
f 6689 6687 6678
f 6689 6690 6687
f 6689 6678 6686
f 6691 6677 6676
f 6693 6691 6676
f 6684 6697 6685
f 6695 6698 6684
f 6697 6684 6698
f 6696 6699 6695
f 6695 6700 6698
f 6699 6700 6695
f 6701 6685 6697
f 6683 6700 6699
f 6680 6699 6696
f 6680 6696 6681
f 6683 6699 6680
f 6703 6702 6692
f 6693 6676 6702
f 6703 6693 6702
f 6687 6690 6706
f 6707 6708 6709
f 6707 6705 6708
f 6703 6711 6693
f 6706 6711 6703
f 6710 6705 6707
f 6706 6703 6688
f 6674 6671 6675
f 6675 6671 6694
f 6689 6686 6690
f 6702 6676 6675
f 6685 6701 6686
f 6686 6701 6690
f 6714 6715 6716
f 6716 6715 6719
f 6715 6723 6719
f 6724 6723 6715
f 6724 6715 6725
f 6726 6721 6727
f 6722 6726 6727
f 6665 6666 6670
f 6726 6722 6713
f 6713 6670 6726
f 6718 6728 6717
f 6727 6728 6718
f 6727 6718 6722
f 6668 6726 6670
f 6687 6706 6688
f 6727 6720 6728
f 6717 6728 6725
f 6728 6720 6725
f 6725 6720 6729
f 6679 6730 6731
f 6731 6680 6679
f 6731 6682 6680
f 6682 6731 6704
f 6731 6730 6733
f 6734 6731 6733
f 6682 6704 6683
f 6732 6733 6730
f 6734 6704 6731
f 6719 6733 6732
f 6723 6733 6719
f 6735 6734 6733
f 6714 6716 6732
f 6732 6716 6719
f 6717 6725 6714
f 6721 6720 6727
f 6723 6735 6733
f 6725 6715 6714
f 6721 6726 6736
f 6738 6710 6707
f 6667 6669 6668
f 6668 6736 6726
f 6668 6669 6736
f 6664 6665 6602
f 6684 6678 6607
f 6695 6684 6614
f 6696 6695 6646
f 6692 6702 6647
f 6681 6696 6616
f 6705 6710 6619
f 6678 6688 6623
f 6703 6692 6618
f 6688 6703 6649
f 6675 6694 6627
f 6702 6675 6630
f 6670 6713 6650
f 6718 6717 6635
f 6722 6718 6651
f 6717 6714 6637
f 6679 6681 6624
f 6730 6679 6652
f 6732 6730 6639
f 6713 6722 6643
f 6665 6670 6631
f 6714 6732 6641
f 6710 6738 6644
f 6602 6606 6664
f 6607 6610 6684
f 6614 6646 6695
f 6646 6617 6696
f 6647 6612 6692
f 6616 6626 6681
f 6619 6648 6705
f 6623 6645 6678
f 6618 6649 6703
f 6649 6622 6688
f 6627 6629 6675
f 6630 6647 6702
f 6650 6632 6670
f 6635 6651 6718
f 6651 6634 6722
f 6637 6636 6717
f 6624 6652 6679
f 6652 6640 6730
f 6639 6642 6732
f 6643 6650 6713
f 6631 6603 6665
f 6641 6638 6714
f 6644 6620 6710
f 6665 6603 6602
f 6664 6605 6604
f 6664 6606 6605
f 6678 6608 6607
f 6684 6610 6609
f 6692 6612 6611
f 6692 6611 6613
f 6684 6609 6614
f 6696 6617 6616
f 6692 6613 6618
f 6710 6620 6619
f 6688 6622 6621
f 6688 6621 6623
f 6681 6625 6624
f 6681 6626 6625
f 6694 6615 6627
f 6675 6629 6628
f 6675 6628 6630
f 6670 6632 6631
f 6722 6634 6633
f 6717 6636 6635
f 6714 6638 6637
f 6730 6640 6639
f 6732 6642 6641
f 6722 6633 6643
f 6678 6645 6608
f 6671 6672 6490
f 6694 6671 6491
f 6707 6709 6496
f 6737 6738 6507
f 6738 6707 6495
f 6705 6648 6663
f 6738 6737 6504
f 6615 6694 6502
f 6644 6738 6505
f 6490 6492 6671
f 6491 6500 6694
f 6496 6494 6707
f 6507 6498 6737
f 6495 6507 6738
f 6663 6661 6705
f 6504 6506 6738
f 6502 6508 6615
f 6505 6509 6644
f 6671 6492 6491
f 6705 6661 6660
f 6705 6660 6662
f 6707 6494 6493
f 6707 6493 6495
f 6737 6498 6497
f 6694 6500 6499
f 6737 6497 6501
f 6694 6499 6502
f 6648 6503 6663
f 6737 6501 6504
f 6738 6506 6505
f 6662 6472 6739
f 6667 6666 6740
f 6669 6667 6742
f 6666 6664 6744
f 6674 6673 4680
f 6672 6674 4691
f 6673 6677 4682
f 6677 6691 4692
f 6691 6693 6745
f 6698 6700 6747
f 6697 6698 6748
f 6701 6697 6749
f 6683 6704 6751
f 6693 6711 6753
f 6708 6705 6659
f 6706 6690 6754
f 6711 6706 6755
f 6700 6683 6752
f 6690 6712 6758
f 6712 6690 6759
f 6690 6701 6761
f 6720 6721 6762
f 6709 6708 6655
f 6725 6729 6764
f 6734 6735 6766
f 6704 6734 6767
f 6735 6723 6769
f 6723 6724 6771
f 6721 6736 6772
f 6736 6669 6774
f 6724 6725 6765
f 6729 6720 6763
f 6705 6662 6657
f 6490 6672 4689
f 6496 6709 4690
f 6739 6658 6662
f 6740 6741 6667
f 6742 6743 6669
f 6744 6740 6666
f 4680 4691 6674
f 4691 4679 6672
f 4682 4681 6673
f 4692 4684 6677
f 6745 6746 6691
f 6747 6748 6698
f 6748 6749 6697
f 6749 6750 6701
f 6751 6752 6683
f 6753 6745 6693
f 6659 6656 6708
f 6754 6755 6706
f 6755 6756 6711
f 6752 6757 6700
f 6758 6754 6690
f 6759 6760 6712
f 6761 6759 6690
f 6762 6763 6720
f 6655 6654 6709
f 6764 6765 6725
f 6766 6767 6734
f 6767 6768 6704
f 6769 6770 6735
f 6771 6769 6723
f 6772 6773 6721
f 6774 6772 6736
f 6765 6775 6724
f 6763 6776 6729
f 6657 6659 6705
f 4689 4615 6490
f 4690 4616 6496
f 6472 4606 6739
f 6667 6741 6742
f 6669 6743 6777
f 6672 4678 4677
f 6691 6746 4692
f 6672 4679 4678
f 6673 4681 4680
f 6677 4683 4682
f 6677 4684 4683
f 6701 6750 6778
f 6701 6778 6761
f 6700 6779 6747
f 6709 6654 4685
f 6700 6757 6779
f 6711 6780 6753
f 6711 6781 6780
f 6711 6756 6781
f 6712 6782 6758
f 6712 6760 6782
f 6708 6656 6655
f 6729 6783 6764
f 6704 6768 6751
f 6709 4685 4686
f 6735 6784 6766
f 6735 6770 6784
f 6721 6773 6785
f 6669 6786 6774
f 6669 6777 6786
f 6724 6775 6771
f 6729 6776 6783
f 6721 6785 6762
f 6672 4677 4687
f 6709 4686 4688
f 6672 4687 4689
f 6662 6658 6657
f 6709 4688 4690
f 5576 6787 5525
f 5576 5525 5524
f 6788 6789 6790
f 6791 6789 6788
f 6790 6789 6792
f 6790 6792 6794
f 6794 6795 6790
f 6790 6795 6788
f 6795 6796 6797
f 6795 6797 6798
f 6794 6796 6795
f 6798 6799 6795
f 6801 6795 6799
f 6800 6792 6789
f 6801 6788 6795
f 6792 6800 6803
f 6792 6803 6794
f 6803 6796 6794
f 6793 6800 6789
f 6804 6805 6806
f 6802 6811 6812
f 6809 6811 6802
f 6814 6812 6811
f 6816 6807 6817
f 6813 6817 6807
f 6815 6810 6819
f 6820 6815 6819
f 6821 6819 6822
f 6816 6823 6822
f 6822 6823 6821
f 6823 6824 6821
f 6825 6821 6824
f 6826 6827 6828
f 6820 6819 6829
f 6825 6824 6830
f 6826 6831 6827
f 6832 6833 6834
f 6826 6835 6836
f 6826 6836 6832
f 6837 6838 6839
f 6797 6802 6840
f 6836 6841 6842
f 6821 6825 6819
f 6831 6832 6834
f 6798 6797 6840
f 6840 6802 6812
f 6829 6825 6830
f 6840 6812 6798
f 6818 6815 6820
f 6829 6819 6825
f 6812 6844 6798
f 6814 6844 6812
f 6816 6817 6823
f 6845 6823 6817
f 6845 6817 6846
f 6846 6847 6845
f 6814 6806 6844
f 6848 6849 6814
f 6806 6814 6804
f 6849 6804 6814
f 6849 6836 6804
f 6836 6835 6841
f 6848 6814 6811
f 6850 6837 6835
f 6829 6848 6811
f 6839 6835 6837
f 6810 6822 6819
f 6836 6849 6848
f 6835 6839 6841
f 6829 6811 6818
f 6820 6829 6818
f 6807 6816 6822
f 6833 6848 6829
f 6833 6836 6848
f 6836 6842 6804
f 6842 6843 6804
f 6832 6836 6833
f 6843 6805 6804
f 6808 6805 6843
f 6831 6826 6832
f 6851 6852 6853
f 6827 6843 6842
f 6842 6828 6827
f 6842 6841 6828
f 6851 6853 6846
f 6856 6847 6846
f 6846 6853 6856
f 6850 6835 6858
f 6813 6857 6817
f 6817 6857 6846
f 6826 6858 6835
f 6855 6859 6854
f 6828 6841 6826
f 6861 6850 6858
f 6851 6846 6857
f 6862 6860 6863
f 6854 6853 6852
f 6858 6826 6841
f 6859 6862 6863
f 6862 6859 6864
f 6854 6863 6860
f 6859 6863 6854
f 6861 6865 6838
f 6861 6838 6837
f 6839 6838 6865
f 6850 6861 6837
f 6865 6861 6839
f 6839 6858 6841
f 6858 6839 6861
f 6788 6801 6866
f 6801 6799 6868
f 6793 6789 6870
f 6806 6805 6872
f 6805 6808 6874
f 6789 6791 6875
f 6791 6788 6876
f 6831 6834 6877
f 6830 6824 6879
f 6798 6844 6881
f 6824 6823 6883
f 6799 6798 6885
f 6829 6830 6886
f 6833 6829 6887
f 6834 6833 6889
f 6823 6845 6891
f 6844 6806 6892
f 6845 6847 6894
f 6808 6843 6896
f 6843 6827 6898
f 6827 6831 6900
f 6847 6856 6901
f 6853 6854 6904
f 6856 6853 6906
f 6854 6860 6908
f 6866 6867 6788
f 6868 6869 6801
f 6870 6871 6793
f 6872 6873 6806
f 6874 6872 6805
f 6875 6870 6789
f 6876 6875 6791
f 6877 6878 6831
f 6879 6880 6830
f 6881 6882 6798
f 6883 6884 6824
f 6885 6868 6799
f 6886 6887 6829
f 6887 6888 6833
f 6889 6890 6834
f 6891 6883 6823
f 6892 6893 6844
f 6894 6895 6845
f 6896 6897 6808
f 6898 6899 6843
f 6900 6898 6827
f 6901 6902 6847
f 6904 6905 6853
f 6906 6907 6856
f 6908 6904 6854
f 6788 6867 6876
f 6801 6909 6866
f 6793 6871 6910
f 6806 6873 6911
f 6843 6899 6912
f 6824 6913 6879
f 6830 6880 6886
f 6831 6878 6900
f 6798 6882 6885
f 6824 6884 6913
f 6801 6869 6909
f 6833 6888 6914
f 6833 6914 6889
f 6834 6890 6877
f 6845 6915 6891
f 6844 6893 6881
f 6845 6916 6915
f 6806 6911 6892
f 6845 6895 6916
f 6808 6897 6874
f 6843 6912 6896
f 6847 6902 6894
f 6860 6917 6908
f 6856 6918 6901
f 6860 6903 6919
f 6860 6919 6917
f 6856 6907 6918
f 6853 6905 6906
f 6800 6793 6413
f 6803 6800 6415
f 6796 6803 6419
f 6802 6797 6456
f 6797 6796 6455
f 6809 6802 6421
f 6813 6807 6428
f 6810 6815 6431
f 6811 6809 6426
f 6818 6811 6457
f 6815 6818 6433
f 6822 6810 6436
f 6807 6822 6458
f 6854 6852 6460
f 6855 6854 6459
f 6852 6851 6437
f 6857 6813 6445
f 6859 6855 6439
f 6851 6857 6442
f 6864 6859 6447
f 6413 6416 6800
f 6415 6420 6803
f 6419 6455 6796
f 6456 6418 6802
f 6455 6456 6797
f 6421 6427 6809
f 6428 6446 6813
f 6431 6425 6810
f 6426 6457 6811
f 6457 6430 6818
f 6433 6435 6815
f 6436 6458 6822
f 6458 6423 6807
f 6460 6459 6854
f 6459 6444 6855
f 6437 6460 6852
f 6445 6443 6857
f 6439 6448 6859
f 6442 6441 6851
f 6793 6414 6413
f 6800 6416 6415
f 6802 6418 6417
f 6803 6420 6419
f 6802 6417 6421
f 6807 6423 6422
f 6810 6425 6424
f 6809 6427 6426
f 6807 6422 6428
f 6818 6430 6429
f 6815 6432 6431
f 6818 6429 6433
f 6815 6435 6434
f 6815 6434 6432
f 6810 6424 6436
f 6851 6438 6437
f 6855 6440 6439
f 6851 6441 6438
f 6857 6443 6442
f 6855 6444 6440
f 6813 6446 6445
f 6859 6448 6447
f 6862 6864 5570
f 6860 6862 5575
f 6903 6860 5580
f 6864 6447 5581
f 5570 5574 6862
f 5575 5580 6860
f 5580 5578 6903
f 5581 5579 6864
f 6864 5571 5570
f 6864 5572 5571
f 6862 5574 5573
f 6862 5573 5575
f 6920 6787 5576
f 6920 5576 5577
f 6864 5579 5572
f 6921 6922 5590
f 6921 5590 5589
f 6923 6921 5589
f 6923 5589 5591
f 6922 6924 5605
f 6922 5605 5590
f 6924 6925 5606
f 6924 5606 5605
f 6787 6923 5591
f 6787 5591 5525
f 6927 6926 6928
f 6931 6932 6933
f 6934 6935 6936
f 6926 6930 6928
f 6928 6930 6935
f 6932 6931 6940
f 6931 6927 6940
f 6941 6942 6943
f 6946 6947 6948
f 6949 6950 6941
f 6947 6951 6952
f 6941 6950 6942
f 6953 6954 6955
f 6956 6954 6957
f 6958 6954 6956
f 6940 6927 6928
f 6944 6955 6954
f 6935 6940 6928
f 6935 6932 6940
f 6935 6934 6932
f 6935 6930 6936
f 6939 6938 6958
f 6938 6959 6958
f 6944 6954 6958
f 6945 6944 6958
f 6959 6945 6958
f 6947 6959 6938
f 6962 6963 6964
f 6961 6965 6966
f 6946 6945 6959
f 6960 6964 6963
f 6947 6946 6959
f 6960 6967 6964
f 6968 6950 6965
f 6966 6952 6961
f 6966 6965 6952
f 6951 6961 6952
f 6960 6971 6967
f 6930 6929 6972
f 6929 6969 6972
f 6972 6969 6956
f 6973 6962 6964
f 6956 6957 6972
f 6930 6972 6974
f 6930 6974 6937
f 6964 6971 6973
f 6960 6973 6971
f 6972 6975 6976
f 6957 6975 6972
f 6974 6972 6976
f 6968 6965 6970
f 6977 6978 6979
f 6950 6949 6978
f 6980 6982 6981
f 6965 6978 6952
f 6978 6977 6952
f 6937 6974 6976
f 6965 6950 6978
f 6958 6956 6939
f 6983 6964 6984
f 6983 6971 6964
f 6964 6967 6984
f 6967 6971 6984
f 6984 6971 6983
f 6978 6949 6979
f 6977 6948 6952
f 6948 6977 6979
f 6947 6952 6948
f 6968 6942 6950
f 6981 6942 6968
f 6947 6938 6951
f 6981 6982 6942
f 6982 6943 6942
f 6954 6975 6957
f 6987 6988 6986
f 6954 6976 6975
f 6976 6954 6953
f 6987 6990 6988
f 6991 6988 6990
f 6989 6988 6993
f 6991 6993 6988
f 6989 6993 6995
f 6994 6986 6989
f 6988 6989 6986
f 6982 6980 6998
f 6998 6980 6985
f 6998 6992 6943
f 6998 6943 6982
f 6992 6985 6995
f 6989 6995 6985
f 6992 6998 6985
f 6926 6927 6876
f 6930 6926 6866
f 6927 6931 6910
f 6938 6939 6911
f 6963 6962 6912
f 6965 6961 6879
f 6961 6951 6886
f 6960 6963 6900
f 6969 6929 6885
f 6970 6965 6913
f 6929 6930 6909
f 6951 6962 6914
f 6962 6973 6889
f 6973 6960 6877
f 6968 6970 6891
f 6956 6969 6881
f 6981 6968 6915
f 6939 6956 6892
f 6980 6981 6916
f 6951 6938 6874
f 6962 6951 6896
f 6985 6980 6894
f 6987 6986 6908
f 6989 6985 6901
f 6990 6987 6917
f 6994 6989 6918
f 6986 6994 6906
f 6876 6867 6926
f 6866 6909 6930
f 6910 6871 6927
f 6911 6873 6938
f 6912 6899 6963
f 6879 6913 6965
f 6886 6880 6961
f 6900 6878 6960
f 6885 6882 6969
f 6913 6884 6970
f 6909 6869 6929
f 6914 6888 6951
f 6889 6914 6962
f 6877 6890 6973
f 6891 6915 6968
f 6881 6893 6956
f 6915 6916 6981
f 6892 6911 6939
f 6916 6895 6980
f 6874 6897 6951
f 6896 6912 6962
f 6894 6902 6985
f 6908 6917 6987
f 6901 6918 6989
f 6917 6919 6990
f 6918 6907 6994
f 6906 6905 6986
f 6926 6867 6866
f 6929 6869 6868
f 6927 6871 6870
f 6938 6873 6872
f 6938 6872 6874
f 6927 6870 6875
f 6927 6875 6876
f 6960 6878 6877
f 6961 6880 6879
f 6969 6882 6881
f 6970 6884 6883
f 6929 6868 6885
f 6951 6887 6886
f 6951 6888 6887
f 6973 6890 6889
f 6970 6883 6891
f 6956 6893 6892
f 6980 6895 6894
f 6951 6897 6896
f 6963 6899 6898
f 6963 6898 6900
f 6985 6902 6901
f 6986 6905 6904
f 6994 6907 6906
f 6986 6904 6908
f 6997 6996 5608
f 6996 6997 6924
f 6990 6919 5623
f 6996 6920 5610
f 6919 6903 5611
f 6920 6996 6923
f 6991 6990 5616
f 5608 5615 6997
f 6924 6922 6996
f 6925 6924 6997
f 5623 5613 6990
f 5610 5609 6996
f 5611 5623 6919
f 6923 6787 6920
f 5616 5618 6991
f 6996 5609 5608
f 6996 6922 6921
f 6996 6921 6923
f 6920 5577 5610
f 6903 5578 5611
f 6990 5613 5612
f 6997 5615 5614
f 6990 5612 5616
f 6991 5618 5617
f 6997 5614 5619
f 6991 5617 5622
f 5606 6925 6999
f 6933 6932 7000
f 6932 6934 7002
f 6936 6930 7003
f 6930 6937 7005
f 6934 6936 7006
f 6944 6945 7008
f 6946 6948 7010
f 6953 6955 7012
f 6949 6941 7014
f 6941 6943 7016
f 6955 6944 7018
f 6945 6946 7020
f 6937 6976 7021
f 6979 6949 7023
f 6948 6979 7025
f 6943 6992 7027
f 6976 6953 7029
f 6993 6991 7030
f 6992 6995 7032
f 6995 6993 7034
f 6925 6997 7036
f 6997 5619 7038
f 6991 5622 7039
f 5619 5620 7041
f 5622 5621 7042
f 6999 5632 5606
f 7000 7001 6933
f 7002 7000 6932
f 7003 7004 6936
f 7005 7003 6930
f 7006 7007 6934
f 7008 7009 6944
f 7010 7011 6946
f 7012 7013 6953
f 7014 7015 6949
f 7016 7017 6941
f 7018 7019 6955
f 7020 7008 6945
f 7021 7022 6937
f 7023 7024 6979
f 7025 7026 6948
f 7027 7028 6943
f 7029 7021 6976
f 7030 7031 6993
f 7032 7033 6992
f 7034 7035 6995
f 7036 7037 6925
f 7038 7036 6997
f 7039 7040 6991
f 7041 7038 5619
f 7042 7039 5622
f 6925 7043 6999
f 6933 7001 7044
f 6934 7007 7002
f 6936 7004 7045
f 6949 7015 7023
f 6955 7019 7012
f 6941 7017 7014
f 6944 7009 7018
f 6946 7011 7020
f 6936 7045 7006
f 6937 7022 7005
f 6979 7024 7046
f 6979 7046 7025
f 6948 7026 7010
f 6943 7028 7047
f 6943 7047 7016
f 6992 7033 7027
f 6953 7013 7029
f 6993 7048 7034
f 6993 7031 7048
f 6991 7040 7030
f 6995 7049 7032
f 6995 7035 7049
f 6925 7037 7043
f 5620 5634 7041
f 5621 5636 7042
f 7050 7052 7051
f 7050 7053 7052
f 7056 7050 7054
f 7057 7052 7058
f 7052 7053 7059
f 7050 7059 7053
f 7056 7059 7050
f 7063 7061 7062
f 7064 7052 7057
f 7051 7052 7064
f 7067 7068 7065
f 7069 7067 7065
f 7074 7067 7069
f 7073 7067 7074
f 7081 7082 7083
f 7082 7077 7080
f 7070 7056 7054
f 7079 7068 7070
f 7075 7078 7084
f 7085 7069 7086
f 7074 7069 7085
f 7086 7069 7084
f 7083 7082 7080
f 7082 7081 7085
f 7085 7077 7082
f 7064 7057 7088
f 7090 7091 7088
f 7057 7090 7088
f 7068 7072 7070
f 7067 7073 7068
f 7068 7073 7072
f 7089 7092 7093
f 7057 7087 7090
f 7057 7058 7087
f 7094 7093 7092
f 7094 7091 7093
f 7094 7092 7089
f 7060 7059 7056
f 7095 7091 7094
f 7088 7095 7094
f 7090 7093 7091
f 7095 7088 7091
f 7093 7062 7089
f 7079 7054 7055
f 7070 7054 7079
f 7068 7076 7065
f 7069 7065 7066
f 7071 7070 7072
f 7078 7086 7084
f 7078 7077 7086
f 7086 7077 7085
f 7093 7090 7062
f 7063 7062 7090
f 7087 7063 7090
f 7050 7051 7096
f 7054 7050 7098
f 7055 7054 7099
f 7066 7065 7101
f 7077 7078 7103
f 7079 7055 7105
f 7080 7077 7104
f 7075 7084 7108
f 7076 7068 7110
f 7084 7069 7112
f 7051 7064 7113
f 7064 7088 7115
f 7094 7089 7116
f 7088 7094 7118
f 7068 7079 7106
f 7065 7076 7120
f 7078 7075 7121
f 7069 7066 7123
f 7096 7097 7050
f 7098 7099 7054
f 7099 7100 7055
f 7101 7102 7066
f 7103 7104 7077
f 7105 7106 7079
f 7104 7107 7080
f 7108 7109 7075
f 7110 7111 7076
f 7112 7108 7084
f 7113 7114 7051
f 7115 7113 7064
f 7116 7117 7094
f 7118 7119 7088
f 7106 7110 7068
f 7120 7101 7065
f 7121 7122 7078
f 7123 7112 7069
f 7050 7097 7098
f 7066 7102 7124
f 7066 7124 7123
f 7055 7100 7125
f 7075 7109 7126
f 7075 7126 7121
f 7076 7111 7127
f 7080 7107 7128
f 7088 7129 7115
f 7088 7119 7129
f 7051 7114 7130
f 7051 7130 7096
f 7094 7117 7131
f 7094 7131 7118
f 7055 7125 7105
f 7076 7127 7120
f 7078 7132 7103
f 7078 7122 7132
f 7058 7052 5030
f 7052 7059 5031
f 7060 7056 4978
f 7056 7070 5032
f 7070 7071 4980
f 7071 7072 4983
f 7073 7074 4987
f 7085 7081 4993
f 7074 7085 5033
f 7081 7083 4991
f 7087 7058 4975
f 7059 7060 4997
f 7072 7073 4985
f 7063 7087 4995
f 7061 7063 5000
f 5030 4977 7058
f 5031 5030 7052
f 4978 4998 7060
f 5032 4979 7056
f 4980 5032 7070
f 4983 4982 7071
f 4987 4986 7073
f 4993 5033 7085
f 5033 4990 7074
f 4991 4994 7081
f 4975 4996 7087
f 4997 5031 7059
f 4985 4984 7072
f 4995 5001 7063
f 5000 4999 7061
f 7058 4976 4975
f 7058 4977 4976
f 7056 4979 4978
f 7071 4981 4980
f 7071 4982 4981
f 7072 4984 4983
f 7073 4986 4985
f 7074 4988 4987
f 7074 4989 4988
f 7074 4990 4989
f 7083 4992 4991
f 7081 4994 4993
f 7087 4996 4995
f 7060 4998 4997
f 7063 5001 5000
f 7062 7061 4517
f 7089 7062 4525
f 7116 7089 4522
f 7061 4999 4526
f 4517 4525 7062
f 4525 4521 7089
f 4522 4523 7116
f 4526 4524 7061
f 7061 4518 4517
f 7061 4519 4518
f 7089 4521 4520
f 7089 4520 4522
f 7061 4524 4519
f 7133 7134 7135
f 7136 7137 7138
f 7136 7138 7139
f 7137 7140 7141
f 7137 7136 7140
f 7142 7143 7144
f 7145 7146 7147
f 7148 7145 7147
f 7149 7150 7143
f 7151 7150 7149
f 7148 7147 7152
f 7152 7147 7153
f 7134 7154 7135
f 7157 7155 7154
f 7158 7159 7150
f 7161 7141 7155
f 7151 7158 7150
f 7165 7164 7166
f 7166 7164 7167
f 7166 7167 7168
f 7171 7172 7133
f 7171 7170 7172
f 7172 7157 7134
f 7133 7172 7134
f 7169 7172 7170
f 7169 7157 7172
f 7173 7157 7169
f 7167 7175 7168
f 7174 7178 7175
f 7178 7179 7175
f 7171 7133 7177
f 7174 7176 7180
f 7174 7180 7178
f 7133 7180 7177
f 7177 7180 7176
f 7135 7178 7180
f 7135 7180 7133
f 7142 7181 7143
f 7182 7151 7149
f 7148 7151 7182
f 7144 7159 7139
f 7139 7159 7136
f 7136 7159 7163
f 7173 7169 7138
f 7143 7159 7144
f 7139 7138 7183
f 7143 7150 7159
f 7137 7173 7138
f 7173 7137 7161
f 7161 7157 7173
f 7137 7141 7161
f 7183 7144 7139
f 7135 7179 7178
f 7135 7184 7179
f 7157 7154 7134
f 7166 7168 7186
f 7175 7186 7168
f 7179 7186 7175
f 7179 7185 7186
f 7157 7161 7155
f 7140 7162 7141
f 7163 7162 7140
f 7140 7136 7163
f 7159 7156 7163
f 7156 7159 7158
f 7143 7181 7149
f 7154 7155 7098
f 7156 7158 7124
f 7158 7160 7123
f 7155 7141 7125
f 7160 7158 7126
f 7158 7151 7121
f 7162 7163 7127
f 7152 7153 7128
f 7179 7184 7115
f 7185 7179 7129
f 7184 7135 7130
f 7135 7154 7096
f 7166 7186 7131
f 7186 7185 7118
f 7141 7162 7105
f 7163 7156 7120
f 7148 7152 7103
f 7151 7148 7132
f 7098 7097 7154
f 7124 7102 7156
f 7123 7124 7158
f 7125 7100 7155
f 7126 7109 7160
f 7121 7126 7158
f 7127 7111 7162
f 7128 7107 7152
f 7115 7129 7179
f 7129 7119 7185
f 7130 7114 7184
f 7096 7130 7135
f 7131 7117 7166
f 7118 7131 7186
f 7105 7125 7141
f 7120 7127 7163
f 7103 7132 7148
f 7132 7122 7151
f 7154 7097 7096
f 7155 7099 7098
f 7155 7100 7099
f 7156 7102 7101
f 7152 7104 7103
f 7162 7106 7105
f 7152 7107 7104
f 7160 7109 7108
f 7162 7111 7110
f 7160 7108 7112
f 7184 7114 7113
f 7184 7113 7115
f 7166 7117 7116
f 7185 7119 7118
f 7162 7110 7106
f 7156 7101 7120
f 7151 7122 7121
f 7160 7112 7123
f 7145 7148 7187
f 7146 7145 7189
f 7167 7164 7193
f 7169 7170 7195
f 7175 7167 7197
f 7176 7174 7199
f 7177 7176 7200
f 7174 7175 7198
f 7171 7177 7203
f 7170 7171 7205
f 7149 7181 7207
f 7182 7149 7208
f 7148 7182 7210
f 7142 7144 7211
f 7181 7142 7212
f 7138 7169 7214
f 7183 7138 7215
f 7144 7183 7217
f 7187 7188 7145
f 7189 7190 7146
f 7191 7192 7164
f 7193 7194 7167
f 7195 7196 7169
f 7197 7198 7175
f 7199 7200 7176
f 7200 7201 7177
f 7198 7202 7174
f 7203 7204 7171
f 7205 7206 7170
f 7207 7208 7149
f 7208 7209 7182
f 7210 7187 7148
f 7211 7212 7142
f 7212 7213 7181
f 7214 7215 7138
f 7215 7216 7183
f 7217 7211 7144
f 7145 7218 7189
f 7145 7188 7218
f 7164 7192 7193
f 7174 7202 7199
f 7167 7194 7197
f 7177 7201 7203
f 7171 7204 7205
f 7170 7206 7195
f 7181 7213 7219
f 7182 7220 7210
f 7182 7209 7220
f 7169 7196 7214
f 7183 7216 7221
f 7183 7221 7217
f 7181 7219 7207
f 7164 7165 4584
f 7165 7166 4589
f 7166 7116 4586
f 7191 7164 4582
f 4584 4583 7164
f 4589 4585 7165
f 4586 4589 7166
f 4582 4588 7191
f 7164 4583 4582
f 7165 4585 4584
f 7116 4523 4586
f 7191 4588 4587
f 7222 7226 7225
f 7222 7223 7226
f 7231 7232 7233
f 7227 7238 7237
f 7238 7240 7229
f 7238 7243 7241
f 7241 7240 7238
f 7235 7244 7232
f 7236 7244 7235
f 7233 7232 7244
f 7242 7234 7244
f 7242 7244 7236
f 7234 7242 7246
f 7245 7248 7242
f 7241 7249 7250
f 7250 7251 7241
f 7250 7231 7251
f 7252 7247 7249
f 7233 7253 7231
f 7251 7231 7253
f 7249 7241 7243
f 7227 7243 7238
f 7238 7228 7237
f 7229 7228 7238
f 7252 7249 7243
f 7253 7233 7244
f 7244 7234 7253
f 7231 7249 7239
f 7250 7249 7231
f 7232 7231 7239
f 7235 7232 7239
f 7255 7256 7257
f 7256 7258 7259
f 7261 7262 7263
f 7255 7258 7256
f 7254 7264 7257
f 7265 7266 7267
f 7264 7255 7257
f 7258 7255 7264
f 7258 7264 7268
f 7256 7270 7257
f 7271 7256 7259
f 7246 7242 7248
f 7271 7246 7262
f 7262 7246 7248
f 7261 7256 7271
f 7270 7256 7261
f 7245 7267 7266
f 7266 7248 7245
f 7248 7266 7262
f 7260 7268 7264
f 7273 7260 7264
f 7263 7262 7265
f 7262 7266 7265
f 7261 7263 7270
f 7261 7271 7262
f 7224 7269 7223
f 7273 7269 7260
f 7272 7234 7246
f 7272 7246 7259
f 7259 7246 7271
f 7223 7222 7189
f 7224 7223 7218
f 7230 7229 7193
f 7240 7241 7199
f 7229 7240 7197
f 7241 7251 7203
f 7251 7253 7205
f 7253 7234 7195
f 7258 7268 7219
f 7269 7224 7210
f 7260 7269 7220
f 7234 7272 7214
f 7272 7259 7221
f 7259 7258 7217
f 7268 7260 7207
f 7189 7218 7223
f 7218 7188 7224
f 7193 7192 7230
f 7199 7202 7240
f 7197 7194 7229
f 7203 7201 7241
f 7205 7204 7251
f 7195 7206 7253
f 7219 7213 7258
f 7210 7220 7269
f 7220 7209 7260
f 7214 7196 7234
f 7221 7216 7272
f 7217 7221 7259
f 7207 7219 7268
f 7224 7188 7187
f 7222 7190 7189
f 7230 7192 7191
f 7229 7194 7193
f 7234 7196 7195
f 7240 7198 7197
f 7241 7200 7199
f 7241 7201 7200
f 7240 7202 7198
f 7251 7204 7203
f 7253 7206 7205
f 7260 7208 7207
f 7260 7209 7208
f 7224 7187 7210
f 7258 7212 7211
f 7258 7213 7212
f 7272 7215 7214
f 7272 7216 7215
f 7258 7211 7217
f 7225 7226 6742
f 7226 7223 6777
f 7236 7235 6778
f 7235 7239 6761
f 7242 7236 6747
f 7245 7242 6779
f 7243 7227 6753
f 7252 7243 6780
f 7247 7252 6781
f 7249 7247 6758
f 7239 7249 6782
f 7257 7270 6764
f 7267 7245 6751
f 7265 7267 6766
f 7263 7265 6784
f 7273 7264 6785
f 7269 7273 6774
f 7223 7269 6786
f 7270 7263 6771
f 7254 7257 6783
f 7264 7254 6762
f 6742 6741 7225
f 6777 6743 7226
f 6778 6750 7236
f 6761 6778 7235
f 6747 6779 7242
f 6779 6757 7245
f 6753 6780 7243
f 6780 6781 7252
f 6781 6756 7247
f 6758 6782 7249
f 6782 6760 7239
f 6764 6783 7257
f 6751 6768 7267
f 6766 6784 7265
f 6784 6770 7263
f 6785 6773 7273
f 6774 6786 7269
f 6786 6777 7223
f 6771 6775 7270
f 6783 6776 7254
f 6762 6785 7264
f 7225 6741 6740
f 7226 6743 6742
f 7225 6740 6744
f 7227 6746 6745
f 7236 6748 6747
f 7236 6749 6748
f 7236 6750 6749
f 7245 6752 6751
f 7227 6745 6753
f 7247 6755 6754
f 7247 6756 6755
f 7245 6757 6752
f 7247 6754 6758
f 7239 6760 6759
f 7239 6759 6761
f 7254 6763 6762
f 7270 6765 6764
f 7267 6767 6766
f 7267 6768 6767
f 7263 6770 6769
f 7263 6769 6771
f 7273 6773 6772
f 7273 6772 6774
f 7270 6775 6765
f 7254 6776 6763
f 7228 7229 4701
f 7229 7230 4695
f 7227 7237 4693
f 7237 7228 4700
f 7230 7191 4697
f 6746 7227 4698
f 4701 4700 7228
f 4695 4701 7229
f 4693 4699 7227
f 4700 4694 7237
f 4697 4696 7230
f 4698 4702 6746
f 7237 4694 4693
f 7230 4696 4695
f 7191 4587 4697
f 7227 4699 4698
f 7278 7277 7279
f 7278 7283 7282
f 7279 7283 7278
f 7280 7283 7279
f 7281 7279 7277
f 7279 7281 7280
f 7274 7276 7275
f 7275 7276 7287
f 7282 7283 7290
f 7283 7285 7294
f 7276 7284 7293
f 7284 7276 7301
f 7276 7274 7303
f 7287 7288 7275
f 7290 7291 7282
f 7292 7293 7284
f 7294 7290 7283
f 7293 7295 7276
f 7298 7299 7285
f 7301 7302 7284
f 7303 7301 7276
f 7276 7295 7287
f 7275 7288 7289
f 7282 7291 7296
f 7285 7299 7294
f 7284 7302 7300
f 7274 7304 7303
f 7274 7286 7304
f 7280 7281 7305
f 7285 7283 7307
f 7283 7280 7309
f 7274 7275 7310
f 7275 7289 7312
f 7298 7285 7314
f 7286 7274 7316
f 7305 7306 7280
f 7307 7308 7285
f 7309 7307 7283
f 7310 7311 7274
f 7312 7313 7275
f 7314 7315 7298
f 7316 7317 7286
f 7274 7311 7318
f 7275 7313 7310
f 7280 7319 7309
f 7285 7308 7314
f 7280 7320 7319
f 7280 7306 7320
f 7274 7318 7316
f 7289 7317 7312
f 7298 7315 7317
f 7277 7278 5316
f 7278 7282 5313
f 7292 7284 5323
f 7282 7296 5324
f 7284 7300 5321
f 7296 7297 5322
f 5316 5318 7277
f 5313 5317 7278
f 5323 5320 7292
f 5324 5315 7282
f 5321 5323 7284
f 5322 5324 7296
f 7282 5314 5313
f 7282 5315 5314
f 7278 5317 5316
f 7292 5320 5319
f 7300 5319 5321
f 7297 5319 5322
f 7281 7277 4117
f 7305 7281 4121
f 7277 5318 4124
f 4117 4120 7281
f 4121 4123 7305
f 4124 4122 7277
f 7277 4118 4117
f 7281 4120 4119
f 7281 4119 4121
f 7277 4122 4118
f 7323 7324 7288
f 7323 7288 7287
f 7324 7325 7289
f 7324 7289 7288
f 7326 7327 7291
f 7326 7291 7290
f 5415 7328 7292
f 5415 7292 5319
f 7328 7329 7293
f 7328 7293 7292
f 7326 7330 7294
f 7326 7294 7290
f 7323 7331 7295
f 7323 7295 7287
f 7329 7331 7295
f 7329 7295 7293
f 7327 7332 7296
f 7327 7296 7291
f 5415 7333 7297
f 5415 7297 5319
f 7332 7333 7297
f 7332 7297 7296
f 7330 7334 7299
f 7330 7299 7294
f 7335 7334 7299
f 7335 7299 7298
f 5415 7336 7300
f 5415 7300 5319
f 7336 7337 7302
f 7336 7302 7300
f 7338 7337 7302
f 7338 7302 7301
f 7338 7339 7303
f 7338 7303 7301
f 7340 7341 7304
f 7340 7304 7286
f 7339 7341 7304
f 7339 7304 7303
f 7340 7342 7317
f 7340 7317 7286
f 7325 7342 7317
f 7325 7317 7289
f 7335 7342 7317
f 7335 7317 7298
f 7343 7345 7332
f 7323 7331 7344
f 7332 7327 7343
f 7343 7327 7326
f 7344 7329 7328
f 7343 7326 7330
f 7344 7331 7329
f 7345 7333 7332
f 7348 7342 7325
f 7335 7342 7346
f 7345 7343 7349
f 7323 7344 7351
f 7343 7330 7359
f 7325 7324 7361
f 7330 7334 7363
f 7336 7337 7365
f 7339 7341 7367
f 7324 7323 7352
f 7334 7335 7369
f 7337 7338 7371
f 7338 7339 7372
f 7335 7346 7373
f 7341 7340 7374
f 7348 7325 7376
f 7346 7347 7378
f 7340 7342 7379
f 7349 7350 7345
f 7351 7352 7323
f 7353 7354 7344
f 7359 7360 7343
f 7361 7362 7325
f 7363 7359 7330
f 7365 7366 7336
f 7367 7368 7339
f 7352 7361 7324
f 7369 7363 7334
f 7371 7365 7337
f 7372 7371 7338
f 7373 7369 7335
f 7374 7375 7341
f 7376 7377 7348
f 7378 7373 7346
f 7379 7374 7340
f 7344 7380 7351
f 7345 7350 7357
f 7344 7354 7380
f 7343 7381 7349
f 7343 7360 7381
f 7325 7362 7376
f 7336 7366 7370
f 7339 7368 7372
f 7341 7382 7367
f 7341 7375 7382
f 7347 7379 7378
f 7348 7377 7379
f 7383 7384 7347
f 7383 7347 7346
f 7321 7383 7346
f 7321 7346 7342
f 7386 7387 7350
f 7386 7350 7349
f 7389 7390 7358
f 7389 7358 7357
f 7391 7392 7360
f 7391 7360 7359
f 7393 7391 7359
f 7393 7359 7363
f 7395 7396 7366
f 7395 7366 7365
f 7397 7398 7368
f 7397 7368 7367
f 7399 7393 7363
f 7399 7363 7369
f 7400 7394 7364
f 7400 7364 7370
f 7401 7395 7365
f 7401 7365 7371
f 7402 7401 7371
f 7402 7371 7372
f 7403 7399 7369
f 7403 7369 7373
f 7404 7405 7375
f 7404 7375 7374
f 7406 7403 7373
f 7406 7373 7378
f 7322 7407 7379
f 7322 7379 7342
f 7407 7404 7374
f 7407 7374 7379
f 7387 7389 7357
f 7387 7357 7350
f 7388 7408 7380
f 7388 7380 7354
f 7409 7386 7349
f 7409 7349 7381
f 7392 7409 7381
f 7392 7381 7360
f 7396 7400 7370
f 7396 7370 7366
f 7398 7402 7372
f 7398 7372 7368
f 7410 7397 7367
f 7410 7367 7382
f 7405 7410 7382
f 7405 7382 7375
f 7384 7411 7379
f 7384 7379 7347
f 7411 7406 7378
f 7411 7378 7379
f 7385 7412 7379
f 7385 7379 7348
f 7333 7345 5637
f 7344 7328 5415
f 7353 7344 5638
f 7345 7357 5640
f 7336 7370 5641
f 7355 7356 5626
f 7357 7358 5628
f 7356 7353 5639
f 7370 7364 5630
f 7358 7390 5633
f 7364 7394 5635
f 5637 5415 7333
f 5415 5638 7344
f 5638 5639 7353
f 5640 5637 7345
f 5641 5415 7336
f 5626 5625 7355
f 5628 5640 7357
f 5639 5627 7356
f 5630 5641 7370
f 5633 5632 7358
f 5635 5632 7364
f 7355 5625 5624
f 7356 5627 5626
f 7358 5629 5628
f 7364 5631 5630
f 7358 5632 5629
f 7364 5632 5631
f 7355 5624 5632
f 7390 5634 5633
f 7394 5636 5635
f 7414 7416 7413
f 7419 7420 7421
f 7424 7425 7426
f 7424 7426 7422
f 7416 7425 7413
f 7426 7423 7422
f 7416 7414 7417
f 7427 7416 7417
f 7427 7425 7416
f 7426 7425 7427
f 7428 7429 7430
f 7421 7431 7432
f 7431 7433 7429
f 7428 7431 7429
f 7431 7421 7433
f 7437 7438 7434
f 7437 7434 7435
f 7438 7437 7436
f 7439 7436 7437
f 7418 7427 7417
f 7418 7438 7427
f 7418 7434 7438
f 7426 7427 7438
f 7426 7438 7436
f 7441 7437 7435
f 7415 7413 7424
f 7415 7424 7440
f 7424 7413 7425
f 7442 7424 7422
f 7444 7429 7433
f 7429 7444 7443
f 7444 7421 7420
f 7421 7444 7433
f 7415 7440 7447
f 7437 7441 7448
f 7440 7424 7450
f 7424 7442 7453
f 7441 7435 7456
f 7443 7444 7459
f 7444 7445 7461
f 7448 7449 7437
f 7450 7451 7440
f 7453 7454 7424
f 7455 7453 7442
f 7456 7457 7441
f 7459 7460 7443
f 7461 7459 7444
f 7440 7451 7447
f 7435 7446 7456
f 7424 7454 7450
f 7441 7457 7448
f 7443 7464 7462
f 7443 7460 7464
f 7413 7415 7466
f 7418 7417 7467
f 7428 7430 7470
f 7434 7418 7468
f 7435 7434 7473
f 7429 7443 7475
f 7430 7429 7476
f 7443 7462 7478
f 7446 7435 7479
f 7415 7447 7480
f 7462 7458 7482
f 7466 7465 7413
f 7467 7468 7418
f 7470 7471 7428
f 7468 7472 7434
f 7473 7474 7435
f 7475 7476 7429
f 7476 7477 7430
f 7478 7475 7443
f 7479 7480 7446
f 7480 7481 7415
f 7482 7478 7462
f 7415 7483 7466
f 7417 7469 7467
f 7434 7472 7473
f 7435 7474 7484
f 7430 7477 7470
f 7435 7484 7479
f 7458 7485 7482
f 7415 7481 7483
f 7458 7480 7485
f 7486 7487 7451
f 7486 7451 7450
f 7488 7489 7454
f 7488 7454 7453
f 7490 7488 7453
f 7490 7453 7455
f 7491 7492 7460
f 7491 7460 7459
f 7493 7491 7459
f 7493 7459 7461
f 7494 7495 7458
f 7494 7458 7462
f 7487 7496 7447
f 7487 7447 7451
f 7489 7486 7450
f 7489 7450 7454
f 7498 7494 7462
f 7498 7462 7464
f 7492 7498 7464
f 7492 7464 7460
f 7500 7499 7465
f 7500 7465 7466
f 7501 7502 7471
f 7501 7471 7470
f 7503 7504 7474
f 7503 7474 7473
f 7505 7506 7476
f 7505 7476 7475
f 7506 7507 7477
f 7506 7477 7476
f 7508 7505 7475
f 7508 7475 7478
f 7497 7509 7480
f 7497 7480 7446
f 7496 7510 7480
f 7496 7480 7447
f 7510 7511 7481
f 7510 7481 7480
f 7512 7508 7478
f 7512 7478 7482
f 7513 7500 7466
f 7513 7466 7483
f 7507 7501 7470
f 7507 7470 7477
f 7514 7512 7482
f 7514 7482 7485
f 7511 7513 7483
f 7511 7483 7481
f 7495 7515 7480
f 7495 7480 7458
f 7515 7514 7485
f 7515 7485 7480
f 7414 7413 7318
f 7417 7414 7310
f 7432 7431 7309
f 7431 7428 7314
f 7421 7432 7319
f 7419 7421 7320
f 7413 7465 7316
f 7469 7417 7312
f 7428 7471 7317
f 7465 7499 7516
f 7471 7502 7517
f 7318 7311 7414
f 7310 7313 7417
f 7309 7319 7432
f 7314 7308 7431
f 7319 7320 7421
f 7320 7306 7419
f 7316 7318 7413
f 7312 7317 7469
f 7317 7315 7428
f 7516 7317 7465
f 7517 7317 7471
f 7419 7306 7305
f 7431 7308 7307
f 7431 7307 7309
f 7414 7311 7310
f 7417 7313 7312
f 7428 7315 7314
f 7465 7317 7316
f 7499 7322 7516
f 7502 7321 7517
f 7420 7419 4298
f 7422 7423 4300
f 7423 7426 4285
f 7436 7439 4287
f 7426 7436 4283
f 7439 7437 4301
f 7442 7422 4281
f 7444 7420 4289
f 7445 7444 4303
f 7437 7449 4304
f 7455 7442 4302
f 7449 7452 4305
f 7461 7445 4294
f 7452 7463 4297
f 7493 7461 7518
f 7490 7455 7519
f 7419 7305 4123
f 4298 4290 7420
f 4300 4282 7422
f 4285 4300 7423
f 4287 4284 7436
f 4283 4286 7426
f 4301 4288 7439
f 4281 4302 7442
f 4289 4303 7444
f 4303 4292 7445
f 4304 4301 7437
f 4302 4296 7455
f 4305 4304 7449
f 4294 4295 7461
f 4297 4305 7452
f 7518 4307 7493
f 7519 4306 7490
f 4123 4299 7419
f 7422 4282 4281
f 7436 4284 4283
f 7426 4286 4285
f 7439 4288 4287
f 7420 4290 4289
f 7445 4292 4291
f 7445 4291 4293
f 7445 4293 4294
f 7455 4296 4295
f 7463 4295 4297
f 7461 4295 7518
f 7455 4295 7519
f 7419 4299 4298
f 7520 4530 4484
f 7520 4484 4483
f 7521 7520 4483
f 7521 4483 4383
f 7522 7523 7449
f 7522 7449 7448
f 7523 7524 7452
f 7523 7452 7449
f 7525 7526 7457
f 7525 7457 7456
f 7497 7525 7456
f 7497 7456 7446
f 7526 7522 7448
f 7526 7448 7457
f 7524 7527 7463
f 7524 7463 7452
f 7528 7529 7530
f 7531 7529 7528
f 7534 7533 7532
f 7534 7532 7535
f 7534 7535 7536
f 7534 7537 7531
f 7536 7539 7538
f 7536 7535 7539
f 7539 7540 7541
f 7538 7534 7536
f 7543 7544 7545
f 7542 7539 7543
f 7543 7546 7542
f 7545 7547 7543
f 7543 7547 7546
f 7548 7540 7535
f 7531 7528 7533
f 7544 7543 7541
f 7545 7549 7547
f 7540 7539 7535
f 7550 7551 7552
f 7534 7553 7537
f 7552 7551 7549
f 7553 7534 7538
f 7541 7543 7539
f 7533 7534 7531
f 7551 7554 7549
f 7555 7556 7550
f 7550 7556 7551
f 7551 7556 7554
f 7544 7549 7545
f 7557 7556 7555
f 7558 7559 7560
f 7557 7561 7556
f 7565 7562 7558
f 7565 7566 7562
f 7563 7564 7567
f 7557 7555 7569
f 7557 7569 7561
f 7572 7573 7571
f 7560 7559 7570
f 7561 7569 7559
f 7570 7559 7569
f 7575 7567 7572
f 7573 7564 7566
f 7573 7566 7565
f 7567 7573 7572
f 7564 7573 7567
f 7576 7577 7574
f 7558 7571 7565
f 7565 7571 7573
f 7532 7533 7578
f 7535 7532 7579
f 7548 7535 7581
f 7544 7541 7583
f 7528 7530 7585
f 7533 7528 7586
f 7540 7548 7582
f 7541 7540 7589
f 7549 7544 7591
f 7552 7549 7592
f 7550 7552 7594
f 7555 7550 7595
f 7558 7560 7597
f 7569 7555 7599
f 7570 7569 7601
f 7572 7571 7496
f 7568 7576 7525
f 7575 7572 7486
f 7576 7574 7522
f 7574 7577 7527
f 7576 7568 7494
f 7577 7576 7498
f 7560 7570 7603
f 7571 7558 7598
f 7578 7579 7532
f 7579 7580 7535
f 7581 7582 7548
f 7583 7584 7544
f 7585 7586 7528
f 7586 7587 7533
f 7582 7588 7540
f 7589 7590 7541
f 7591 7592 7549
f 7592 7593 7552
f 7594 7595 7550
f 7595 7596 7555
f 7597 7598 7558
f 7599 7600 7569
f 7601 7602 7570
f 7496 7487 7572
f 7525 7497 7568
f 7486 7489 7575
f 7522 7526 7576
f 7527 7524 7574
f 7494 7498 7576
f 7498 7492 7577
f 7603 7604 7560
f 7598 7605 7571
f 7530 7606 7607
f 7535 7580 7581
f 7530 7607 7585
f 7544 7584 7591
f 7540 7588 7608
f 7533 7587 7578
f 7540 7608 7589
f 7552 7593 7609
f 7555 7596 7610
f 7552 7609 7594
f 7541 7590 7583
f 7568 7497 7611
f 7555 7610 7599
f 7570 7602 7603
f 7569 7600 7601
f 7571 7612 7496
f 7574 7523 7522
f 7572 7487 7486
f 7574 7524 7523
f 7575 7489 7488
f 7575 7488 7490
f 7576 7526 7525
f 7568 7611 7495
f 7577 7492 7491
f 7577 7491 7493
f 7568 7495 7494
f 7560 7604 7597
f 7571 7605 7613
f 7571 7613 7612
f 7538 7539 5034
f 7539 7542 5007
f 7542 7546 5035
f 7529 7531 5036
f 7531 7537 5011
f 7537 7553 5037
f 7546 7547 5038
f 7553 7538 5005
f 7547 7549 5013
f 7549 7554 5015
f 7559 7558 5017
f 7558 7562 5040
f 7564 7563 5019
f 7554 7556 5042
f 7562 7566 5021
f 7556 7561 5025
f 7561 7559 5039
f 7566 7564 5041
f 5034 5006 7538
f 5007 5034 7539
f 5035 5010 7542
f 5036 5003 7529
f 5011 5036 7531
f 5037 5012 7537
f 5038 5035 7546
f 5005 5037 7553
f 5013 5038 7547
f 5015 5014 7549
f 5017 5039 7559
f 5040 5018 7558
f 5019 5041 7564
f 5042 5023 7554
f 5021 5040 7562
f 5025 5042 7556
f 5039 5027 7561
f 5041 5029 7566
f 7529 5003 5002
f 7529 5002 5004
f 7538 5006 5005
f 7542 5008 5007
f 7542 5009 5008
f 7542 5010 5009
f 7537 5012 5011
f 7549 5014 5013
f 7554 5016 5015
f 7558 5018 5017
f 7563 5020 5019
f 7566 5022 5021
f 7554 5023 5016
f 7563 5024 5020
f 7561 5026 5025
f 7561 5027 5026
f 7566 5029 5028
f 7566 5028 5022
f 7463 7527 7614
f 7563 7567 4527
f 7567 7575 4535
f 7575 7490 4532
f 7527 7577 7520
f 7577 7493 4307
f 5024 7563 4533
f 7614 4295 7463
f 4527 4534 7563
f 4535 4529 7567
f 4532 4535 7575
f 7520 7521 7527
f 4307 4531 7577
f 4533 4536 5024
f 7527 7521 7614
f 7567 4528 4527
f 7567 4529 4528
f 7577 4530 7520
f 7577 4531 4530
f 7490 4306 4532
f 7563 4534 4533
f 7385 7615 7342
f 7385 7342 7348
f 7616 7617 7468
f 7616 7468 7467
f 7617 7619 7472
f 7617 7472 7468
f 7620 7509 7480
f 7620 7480 7479
f 7618 7616 7467
f 7618 7467 7469
f 7619 7503 7473
f 7619 7473 7472
f 7504 7621 7484
f 7504 7484 7474
f 7621 7620 7479
f 7621 7479 7484
f 7623 7624 7622
f 7627 7628 7622
f 7632 7631 7629
f 7640 7641 7637
f 7636 7645 7644
f 7646 7647 7624
f 7623 7646 7624
f 7642 7648 7643
f 7649 7650 7642
f 7652 7629 7630
f 7624 7651 7627
f 7623 7626 7646
f 7647 7651 7624
f 7635 7626 7625
f 7627 7622 7624
f 7635 7634 7653
f 7633 7653 7634
f 7656 7653 7633
f 7629 7652 7655
f 7656 7654 7653
f 7632 7656 7633
f 7655 7656 7632
f 7655 7654 7656
f 7655 7632 7629
f 7644 7645 7630
f 7648 7658 7643
f 7648 7659 7658
f 7641 7645 7636
f 7636 7637 7641
f 7650 7648 7642
f 7650 7659 7648
f 7657 7640 7639
f 7638 7639 7640
f 7647 7646 7581
f 7627 7651 7585
f 7653 7654 7591
f 7646 7626 7608
f 7651 7647 7578
f 7626 7635 7589
f 7654 7655 7609
f 7652 7630 7610
f 7655 7652 7594
f 7635 7653 7583
f 7630 7645 7599
f 7641 7640 7603
f 7645 7641 7601
f 7640 7657 7597
f 7657 7639 7613
f 7581 7580 7647
f 7585 7607 7627
f 7591 7584 7653
f 7608 7588 7646
f 7578 7587 7651
f 7589 7608 7626
f 7609 7593 7654
f 7610 7596 7652
f 7594 7609 7655
f 7583 7590 7635
f 7599 7610 7630
f 7603 7602 7641
f 7601 7600 7645
f 7597 7604 7640
f 7613 7605 7657
f 7612 7613 7639
f 7647 7579 7578
f 7647 7580 7579
f 7646 7582 7581
f 7653 7584 7583
f 7651 7586 7585
f 7651 7587 7586
f 7646 7588 7582
f 7635 7590 7589
f 7654 7592 7591
f 7654 7593 7592
f 7652 7595 7594
f 7652 7596 7595
f 7657 7598 7597
f 7645 7600 7599
f 7641 7602 7601
f 7640 7604 7603
f 7657 7605 7598
f 7639 7638 7500
f 7643 7658 7503
f 7658 7659 7621
f 7650 7649 7501
f 7659 7611 7620
f 7659 7650 7512
f 7612 7639 7513
f 7611 7659 7514
f 7500 7513 7639
f 7503 7619 7643
f 7621 7504 7658
f 7501 7507 7650
f 7620 7621 7659
f 7512 7514 7659
f 7513 7511 7612
f 7514 7515 7611
f 7638 7499 7500
f 7643 7617 7616
f 7649 7502 7501
f 7643 7619 7617
f 7658 7504 7503
f 7650 7506 7505
f 7650 7507 7506
f 7650 7505 7508
f 7611 7509 7620
f 7612 7511 7510
f 7650 7508 7512
f 7618 7469 7660
f 7623 7622 7661
f 7626 7623 7663
f 7625 7626 7664
f 7628 7627 7666
f 7630 7629 7668
f 7622 7628 7670
f 7631 7632 7672
f 7632 7633 7674
f 7634 7635 7675
f 7635 7625 7677
f 7633 7634 7678
f 7629 7631 7679
f 7637 7636 7681
f 7642 7643 7683
f 7644 7630 7669
f 7649 7642 7686
f 7636 7644 7687
f 7638 7640 7689
f 7640 7637 7691
f 7627 7607 7692
f 7607 7606 7693
f 7643 7616 7694
f 7616 7618 7385
f 7502 7649 7383
f 7499 7638 7695
f 7660 7615 7618
f 7661 7662 7623
f 7663 7664 7626
f 7664 7665 7625
f 7666 7667 7628
f 7668 7669 7630
f 7670 7671 7622
f 7672 7673 7631
f 7674 7672 7632
f 7675 7676 7634
f 7677 7675 7635
f 7678 7674 7633
f 7679 7680 7629
f 7681 7682 7637
f 7683 7684 7642
f 7669 7685 7644
f 7686 7384 7649
f 7687 7688 7636
f 7689 7690 7638
f 7691 7689 7640
f 7692 7666 7627
f 7693 7692 7607
f 7694 7683 7643
f 7385 7694 7616
f 7383 7321 7502
f 7695 7322 7499
f 7469 7317 7660
f 7622 7696 7661
f 7625 7665 7697
f 7623 7662 7663
f 7625 7697 7677
f 7628 7667 7670
f 7631 7673 7698
f 7634 7699 7678
f 7634 7676 7699
f 7631 7698 7679
f 7622 7671 7696
f 7629 7680 7668
f 7636 7688 7681
f 7637 7682 7700
f 7644 7685 7701
f 7644 7701 7687
f 7642 7684 7702
f 7642 7702 7686
f 7637 7700 7703
f 7637 7703 7691
f 7638 7690 7704
f 7649 7384 7383
f 7638 7704 7705
f 7638 7705 7695
f 7618 7615 7385
f 7706 7707 7352
f 7706 7352 7351
f 7708 7388 7354
f 7708 7354 7353
f 7709 7710 7356
f 7709 7356 7355
f 7710 7708 7353
f 7710 7353 7356
f 7711 7712 7362
f 7711 7362 7361
f 7707 7711 7361
f 7707 7361 7352
f 7714 7713 7377
f 7714 7377 7376
f 7408 7706 7351
f 7408 7351 7380
f 7712 7714 7376
f 7712 7376 7362
f 7713 7412 7379
f 7713 7379 7377
f 7715 7716 7717
f 7722 7717 7721
f 7721 7723 7724
f 7721 7724 7722
f 7726 7718 7716
f 7722 7720 7717
f 7724 7723 7727
f 7718 7726 7728
f 7728 7719 7718
f 7722 7724 7729
f 7729 7724 7727
f 7729 7727 7731
f 7735 7736 7737
f 7737 7730 7735
f 7740 7733 7739
f 7737 7725 7730
f 7743 7736 7735
f 7743 7744 7736
f 7729 7731 7741
f 7743 7735 7745
f 7731 7746 7747
f 7741 7731 7747
f 7747 7746 7744
f 7746 7736 7744
f 7745 7732 7743
f 7728 7726 7716
f 7715 7728 7716
f 7734 7727 7723
f 7748 7727 7734
f 7731 7727 7748
f 7720 7715 7717
f 7733 7743 7732
f 7748 7750 7731
f 7749 7743 7733
f 7750 7751 7731
f 7751 7746 7731
f 7736 7746 7737
f 7740 7749 7733
f 7751 7737 7746
f 7734 7738 7748
f 7748 7738 7750
f 7751 7750 7738
f 7745 7735 7752
f 7738 7725 7751
f 7737 7751 7725
f 7740 7742 7749
f 7735 7730 7752
f 7757 7755 7758
f 7759 7757 7758
f 7760 7759 7758
f 7767 7765 7766
f 7757 7742 7739
f 7742 7740 7739
f 7742 7757 7759
f 7769 7768 7771
f 7773 7769 7771
f 7773 7774 7769
f 7776 7771 7768
f 7770 7773 7771
f 7777 7771 7776
f 7774 7768 7769
f 7773 7776 7774
f 7770 7779 7773
f 7775 7779 7770
f 7775 7778 7779
f 7772 7778 7775
f 7768 7774 7776
f 7778 7780 7779
f 7781 7777 7776
f 7780 7782 7783
f 7773 7781 7776
f 7762 7770 7771
f 7761 7771 7777
f 7761 7762 7771
f 7761 7777 7783
f 7773 7779 7781
f 7781 7779 7777
f 7783 7777 7780
f 7780 7777 7779
f 7754 7759 7760
f 7754 7760 7753
f 7753 7760 7764
f 7764 7763 7753
f 7786 7756 7763
f 7753 7763 7756
f 7765 7786 7763
f 7765 7767 7786
f 7785 7786 7767
f 7766 7784 7767
f 7715 7720 7661
f 7722 7729 7697
f 7720 7722 7663
f 7729 7741 7677
f 7719 7728 7670
f 7744 7743 7698
f 7747 7744 7678
f 7741 7747 7699
f 7743 7749 7679
f 7728 7715 7696
f 7749 7742 7668
f 7754 7753 7681
f 7753 7756 7700
f 7742 7759 7701
f 7759 7754 7687
f 7761 7783 7702
f 7783 7782 7686
f 7756 7786 7703
f 7786 7785 7691
f 7785 7767 7704
f 7661 7696 7715
f 7697 7665 7722
f 7663 7662 7720
f 7677 7697 7729
f 7670 7667 7719
f 7698 7673 7744
f 7678 7699 7747
f 7699 7676 7741
f 7679 7698 7743
f 7696 7671 7728
f 7668 7680 7749
f 7681 7688 7754
f 7700 7682 7753
f 7701 7685 7742
f 7687 7701 7759
f 7702 7684 7761
f 7686 7702 7783
f 7703 7700 7756
f 7691 7703 7786
f 7704 7690 7785
f 7705 7704 7767
f 7720 7662 7661
f 7722 7664 7663
f 7722 7665 7664
f 7719 7667 7666
f 7742 7669 7668
f 7728 7671 7670
f 7744 7673 7672
f 7744 7672 7674
f 7741 7676 7675
f 7741 7675 7677
f 7744 7674 7678
f 7749 7680 7679
f 7753 7682 7681
f 7761 7684 7683
f 7742 7685 7669
f 7754 7688 7687
f 7785 7690 7689
f 7785 7689 7691
f 7719 7666 7692
f 7719 7692 7693
f 7761 7683 7694
f 7770 7762 7706
f 7778 7772 7389
f 7775 7770 7408
f 7772 7775 7709
f 7780 7778 7386
f 7782 7780 7409
f 7762 7761 7714
f 7784 7766 7400
f 7767 7784 7402
f 7705 7767 7397
f 7695 7705 7410
f 7686 7782 7406
f 7761 7694 7412
f 7706 7408 7770
f 7389 7387 7778
f 7408 7388 7775
f 7386 7409 7780
f 7409 7392 7782
f 7714 7712 7762
f 7400 7396 7784
f 7402 7398 7767
f 7397 7410 7705
f 7410 7405 7695
f 7406 7411 7686
f 7412 7713 7761
f 7778 7387 7386
f 7762 7707 7706
f 7775 7388 7708
f 7775 7710 7709
f 7772 7390 7389
f 7782 7392 7391
f 7775 7708 7710
f 7762 7712 7711
f 7782 7391 7393
f 7784 7396 7395
f 7767 7398 7397
f 7762 7711 7707
f 7782 7393 7399
f 7766 7394 7400
f 7784 7395 7401
f 7784 7401 7402
f 7782 7399 7403
f 7695 7405 7404
f 7761 7713 7714
f 7782 7403 7406
f 7695 7404 7407
f 7709 7355 6999
f 7718 7719 7044
f 7716 7718 7002
f 7721 7717 7045
f 7733 7732 7023
f 7738 7734 7012
f 7739 7733 7014
f 7725 7738 7018
f 7730 7725 7020
f 7717 7716 7006
f 7723 7721 7005
f 7732 7745 7046
f 7745 7752 7025
f 7752 7730 7010
f 7755 7757 7047
f 7757 7739 7016
f 7758 7755 7027
f 7734 7723 7029
f 7763 7764 7034
f 7765 7763 7048
f 7766 7765 7030
f 7760 7758 7032
f 7764 7760 7049
f 7772 7709 7043
f 7390 7772 7041
f 7394 7766 7042
f 6999 7043 7709
f 7044 7001 7718
f 7002 7007 7716
f 7045 7004 7721
f 7023 7015 7733
f 7012 7019 7738
f 7014 7017 7739
f 7018 7009 7725
f 7020 7011 7730
f 7006 7045 7717
f 7005 7022 7723
f 7046 7024 7732
f 7025 7046 7745
f 7010 7026 7752
f 7047 7028 7755
f 7016 7047 7757
f 7027 7033 7758
f 7029 7013 7734
f 7034 7048 7763
f 7048 7031 7765
f 7030 7040 7766
f 7032 7049 7760
f 7049 7035 7764
f 7043 7037 7772
f 7041 5634 7390
f 7042 5636 7394
f 7355 5632 6999
f 7718 7001 7000
f 7718 7000 7002
f 7721 7004 7003
f 7721 7003 7005
f 7716 7007 7006
f 7725 7009 7008
f 7730 7011 7010
f 7734 7013 7012
f 7733 7015 7014
f 7739 7017 7016
f 7738 7019 7018
f 7725 7008 7020
f 7723 7022 7021
f 7732 7024 7023
f 7752 7026 7025
f 7755 7028 7027
f 7723 7021 7029
f 7765 7031 7030
f 7758 7033 7032
f 7764 7035 7034
f 7772 7037 7036
f 7772 7036 7038
f 7766 7040 7039
f 7772 7038 7041
f 7766 7039 7042
f 7795 7794 7790
f 7797 7800 7796
f 7787 7802 7788
f 7787 7789 7802
f 7788 7802 7795
f 7800 7797 7801
f 7800 7801 7805
f 7798 7804 7803
f 7798 7803 7800
f 7805 7798 7800
f 7798 7805 7799
f 7787 7788 7806
f 7795 7790 7810
f 7797 7796 7814
f 7801 7797 7816
f 7788 7795 7813
f 7795 7802 7820
f 7794 7795 7822
f 7806 7807 7787
f 7809 7810 7790
f 7810 7813 7795
f 7814 7815 7797
f 7816 7817 7801
f 7813 7818 7788
f 7820 7821 7795
f 7822 7811 7794
f 7823 7820 7802
f 7788 7818 7806
f 7797 7815 7824
f 7797 7824 7825
f 7797 7825 7816
f 7795 7821 7822
f 7789 7787 7826
f 7793 7792 7828
f 7791 7789 7830
f 7792 7791 7832
f 7789 7791 7834
f 7791 7792 7836
f 7792 7793 7837
f 7798 7799 7839
f 7802 7789 7835
f 7805 7801 7843
f 7799 7805 7844
f 7787 7807 7846
f 7801 7817 7847
f 7823 7802 7841
f 7807 7808 7849
f 7817 7819 7850
f 7826 7827 7789
f 7828 7829 7793
f 7830 7831 7791
f 7832 7833 7792
f 7834 7835 7789
f 7836 7834 7791
f 7837 7838 7792
f 7839 7840 7798
f 7835 7841 7802
f 7843 7844 7805
f 7844 7845 7799
f 7846 7826 7787
f 7847 7843 7801
f 7841 7848 7823
f 7849 7846 7807
f 7850 7847 7817
f 7791 7831 7832
f 7789 7827 7830
f 7792 7833 7828
f 7793 7829 7851
f 7793 7852 7837
f 7793 7851 7852
f 7792 7838 7836
f 7798 7840 7842
f 7799 7853 7839
f 7799 7845 7853
f 7808 7854 7849
f 7819 7854 7850
f 7823 7848 7854
f 7855 7856 7807
f 7855 7807 7806
f 7856 7857 7808
f 7856 7808 7807
f 7858 7859 7810
f 7858 7810 7809
f 7859 7860 7813
f 7859 7813 7810
f 7861 7862 7815
f 7861 7815 7814
f 7863 7864 7817
f 7863 7817 7816
f 7860 7865 7818
f 7860 7818 7813
f 7864 7866 7819
f 7864 7819 7817
f 7865 7855 7806
f 7865 7806 7818
f 7862 7868 7824
f 7862 7824 7815
f 7868 7869 7825
f 7868 7825 7824
f 7869 7863 7816
f 7869 7816 7825
f 7870 7871 7827
f 7870 7827 7826
f 7872 7873 7829
f 7872 7829 7828
f 7874 7875 7831
f 7874 7831 7830
f 7876 7877 7833
f 7876 7833 7832
f 7878 7879 7840
f 7878 7840 7839
f 7881 7882 7844
f 7881 7844 7843
f 7882 7883 7845
f 7882 7845 7844
f 7856 7884 7846
f 7884 7870 7826
f 7884 7826 7846
f 7885 7881 7843
f 7885 7843 7847
f 7857 7886 7849
f 7856 7884 7846
f 7886 7884 7846
f 7886 7846 7849
f 7887 7885 7847
f 7887 7847 7850
f 7875 7876 7832
f 7875 7832 7831
f 7871 7874 7830
f 7871 7830 7827
f 7877 7872 7828
f 7877 7828 7833
f 7873 7888 7851
f 7873 7851 7829
f 7879 7880 7842
f 7879 7842 7840
f 7889 7878 7839
f 7889 7839 7853
f 7883 7889 7853
f 7883 7853 7845
f 7857 7890 7854
f 7857 7854 7808
f 7857 7886 7849
f 7890 7886 7849
f 7890 7849 7854
f 7866 7891 7854
f 7866 7854 7819
f 7891 7887 7850
f 7891 7850 7854
f 7867 7892 7854
f 7867 7854 7823
f 7790 7794 3562
f 7796 7800 3563
f 7800 7803 3551
f 7803 7804 3555
f 7809 7790 3547
f 7794 7811 3565
f 7811 7812 3558
f 7814 7796 3557
f 7861 7814 7893
f 7858 7809 7894
f 3562 3548 7790
f 3563 3550 7796
f 3551 3563 7800
f 3555 3552 7803
f 3564 3554 7804
f 3547 3561 7809
f 3565 3562 7794
f 3558 3565 7811
f 3557 3560 7814
f 7893 3567 7861
f 7894 3566 7858
f 7790 3548 3547
f 7796 3550 3549
f 7803 3552 3551
f 7804 3554 3553
f 7804 3556 3555
f 7804 3553 3556
f 7796 3549 3557
f 7812 3559 3558
f 7812 3560 3559
f 7809 3561 3560
f 7814 3560 7893
f 7809 3560 7894
f 7804 7798 2969
f 7798 7842 2965
f 7842 7880 7895
f 3564 7804 2968
f 2969 2968 7804
f 2965 2969 7798
f 7895 2966 7842
f 2968 2967 3564
f 7842 2966 2965
f 7880 2970 7895
f 3564 2967 2430
f 7896 3876 3817
f 7896 3817 3816
f 7897 7898 3824
f 7897 3824 3823
f 7899 7897 3823
f 7899 3823 3827
f 7898 7900 3833
f 7898 3833 3824
f 7900 7896 3816
f 7900 3816 3833
f 7901 7899 3827
f 7901 3827 3664
f 7902 7903 7812
f 7902 7812 7811
f 7904 7905 7821
f 7904 7821 7820
f 7906 7902 7811
f 7906 7811 7822
f 7867 7904 7820
f 7867 7820 7823
f 7905 7906 7822
f 7905 7822 7821
f 7907 7908 7909
f 7910 7908 7907
f 7911 7912 7913
f 7911 7914 7910
f 7914 7915 7910
f 7912 7910 7907
f 7912 7911 7910
f 7916 7917 7918
f 7913 7914 7911
f 7920 7917 7916
f 7921 7924 7919
f 7926 7925 7927
f 7923 7922 7928
f 7928 7929 7919
f 7930 7929 7931
f 7922 7931 7929
f 7928 7922 7929
f 7924 7927 7923
f 7919 7924 7928
f 7932 7933 7913
f 7927 7925 7923
f 7924 7923 7928
f 7913 7933 7934
f 7915 7908 7910
f 7935 7924 7921
f 7930 7931 7932
f 7938 7920 7916
f 7939 7932 7931
f 7939 7933 7932
f 7927 7924 7935
f 7920 7938 7941
f 7935 7918 7927
f 7940 7907 7909
f 7939 7931 7922
f 7937 7943 7935
f 7937 7944 7943
f 7937 7945 7944
f 7944 7916 7918
f 7943 7918 7935
f 7944 7918 7943
f 7945 7936 7946
f 7938 7916 7944
f 7945 7946 7938
f 7946 7941 7938
f 7945 7938 7944
f 7918 7926 7927
f 7926 7917 7925
f 7917 7926 7918
f 7950 7951 7952
f 7954 7955 7948
f 7949 7954 7948
f 7957 7958 7949
f 7959 7960 7947
f 7958 7954 7949
f 7946 7936 7947
f 7960 7946 7947
f 7961 7962 7955
f 7940 7912 7907
f 7954 7961 7955
f 7963 7961 7954
f 7963 7954 7958
f 7956 7964 7963
f 7929 7942 7919
f 7930 7940 7942
f 7963 7964 7961
f 7930 7932 7940
f 7932 7912 7940
f 7913 7912 7932
f 7960 7952 7941
f 7963 7965 7956
f 7956 7966 7964
f 7929 7930 7942
f 7959 7952 7960
f 7953 7965 7957
f 7953 7956 7965
f 7960 7941 7946
f 7955 7962 7959
f 7967 7955 7959
f 7951 7941 7952
f 7941 7951 7920
f 7952 7959 7950
f 7962 7950 7959
f 7968 7957 7949
f 7958 7957 7965
f 7963 7958 7965
f 7969 7970 7971
f 7971 7972 7969
f 7971 7970 7973
f 7977 7975 7978
f 7979 7980 7978
f 7977 7978 7980
f 7976 7975 7977
f 7976 7977 7980
f 7969 7983 7974
f 7979 7983 7972
f 7979 7985 7980
f 7969 7974 7970
f 7985 7972 7971
f 7986 7985 7971
f 7982 7981 7986
f 7982 7986 7987
f 7988 7987 7986
f 7986 7980 7985
f 7980 7986 7976
f 7979 7972 7985
f 7983 7969 7972
f 7988 7989 7987
f 7986 7981 7976
f 7973 7986 7971
f 7973 7988 7986
f 7914 7913 7990
f 7922 7923 7991
f 7915 7914 7855
f 7923 7925 7993
f 7913 7934 7994
f 7934 7933 7995
f 7917 7920 7997
f 7933 7939 7999
f 7939 7922 8000
f 7925 7917 8002
f 7920 7951 8004
f 7962 7961 8006
f 7961 7964 8008
f 7956 7953 8009
f 7951 7950 8011
f 7950 7962 8007
f 7964 7966 8014
f 7966 7956 8015
f 7970 7974 8017
f 7973 7970 8018
f 7974 7983 8020
f 7984 7982 7868
f 7982 7987 7869
f 7987 7989 7863
f 7989 7988 8022
f 7988 7973 8023
f 7978 7975 7906
f 7979 7978 7867
f 7983 7979 8025
f 7990 7857 7914
f 7991 7992 7922
f 7855 7865 7915
f 7993 7991 7923
f 7994 7990 7913
f 7995 7996 7934
f 7997 7998 7917
f 7999 7995 7933
f 8000 8001 7939
f 8002 8003 7925
f 8004 8005 7920
f 8006 8007 7962
f 8008 8006 7961
f 8009 8010 7956
f 8011 8012 7951
f 8007 8013 7950
f 8014 8008 7964
f 8015 8016 7966
f 8017 8018 7970
f 8018 8019 7973
f 8020 8021 7974
f 7868 7862 7984
f 7869 7868 7982
f 7863 7869 7987
f 8022 7866 7989
f 8023 8024 7988
f 7906 7905 7978
f 7867 8025 7979
f 8025 8026 7983
f 7914 7856 7855
f 7914 7857 7856
f 7925 8027 8028
f 7925 8003 8027
f 7917 8029 8002
f 7925 8030 7993
f 7915 7859 7858
f 7934 7996 8031
f 7934 8031 7994
f 7917 7998 8029
f 7922 7992 8000
f 7920 8005 7997
f 7939 8032 7999
f 7939 8001 8033
f 7939 8033 8032
f 7925 8028 8030
f 7953 8034 8009
f 7956 8010 8015
f 7951 8035 8004
f 7951 8012 8035
f 7950 8013 8011
f 7966 8016 8014
f 7975 7903 7902
f 7915 7860 7859
f 7974 8021 8036
f 7984 7862 7861
f 7974 8036 8017
f 7973 8019 8037
f 7989 7864 7863
f 7915 7865 7860
f 7989 7866 7864
f 7988 8024 8022
f 7973 8037 8023
f 7978 7905 7904
f 7975 7902 7906
f 7978 7904 7867
f 7983 8026 8020
f 7921 7919 5043
f 7935 7921 5047
f 7937 7935 5103
f 7940 7909 5050
f 7942 7940 5052
f 7945 7937 5056
f 7936 7945 5058
f 7949 7948 5063
f 7959 7947 5062
f 7947 7936 5048
f 7919 7942 5067
f 7967 7959 5069
f 7948 7955 5104
f 7955 7967 5073
f 7968 7949 5065
f 5043 5046 7921
f 5047 5103 7935
f 5103 5055 7937
f 5050 5053 7940
f 5052 5068 7942
f 5056 5059 7945
f 5058 5049 7936
f 5063 5066 7949
f 5062 5070 7959
f 5048 5061 7947
f 5067 5044 7919
f 5069 5072 7967
f 5104 5064 7948
f 5073 5104 7955
f 5065 5075 7968
f 7919 5044 5043
f 7921 5046 5045
f 7921 5045 5047
f 7936 5049 5048
f 7909 5051 5050
f 7940 5053 5052
f 7937 5055 5054
f 7937 5054 5056
f 7909 5057 5051
f 7945 5059 5058
f 7947 5061 5060
f 7947 5060 5062
f 7948 5064 5063
f 7949 5066 5065
f 7942 5068 5067
f 7959 5070 5069
f 7967 5072 5071
f 7967 5071 5073
f 7968 5075 5074
f 7968 5074 5076
f 7812 7903 8038
f 7908 7915 3888
f 7909 7908 3877
f 7975 7976 7900
f 7981 7982 3889
f 7982 7984 3879
f 7976 7981 7896
f 7915 7858 3883
f 7984 7861 3567
f 7903 7975 7899
f 5057 7909 3887
f 8038 3560 7812
f 3888 3875 7908
f 3877 3886 7909
f 7900 7898 7975
f 3889 3881 7981
f 3879 3889 7982
f 7896 7900 7976
f 3883 3888 7915
f 3567 3884 7984
f 7899 7901 7903
f 3887 3890 5057
f 7903 7901 8038
f 7908 3875 3874
f 7981 3876 7896
f 7908 3878 3877
f 7908 3874 3878
f 7984 3880 3879
f 7981 3881 3876
f 7975 7898 7897
f 7984 3882 3880
f 7858 3566 3883
f 7975 7897 7899
f 7984 3884 3882
f 7909 3886 3885
f 7909 3885 3887
f 3021 3022 2990
f 3021 2990 2989
f 8039 8040 2992
f 8039 2992 2991
f 8041 8042 2994
f 8041 2994 2993
f 3025 3026 2998
f 3025 2998 2997
f 8043 8039 2991
f 8043 2991 3001
f 8042 8043 3001
f 8042 3001 2994
f 8040 8044 3005
f 8040 3005 2992
f 3033 8041 2993
f 3033 2993 3006
f 8044 8045 3008
f 8044 3008 3005
f 8045 3034 3007
f 8045 3007 3008
f 8046 8047 7835
f 8046 7835 7834
f 8048 8046 7834
f 8048 7834 7836
f 8049 8050 7838
f 8049 7838 7837
f 8047 8051 7841
f 8047 7841 7835
f 8051 8052 7848
f 8051 7848 7841
f 8053 8049 7837
f 8053 7837 7852
f 7888 8053 7852
f 7888 7852 7851
f 8050 8048 7836
f 8050 7836 7838
f 8052 7892 7854
f 8052 7854 7848
f 8059 8056 8058
f 8060 8061 8062
f 8064 8065 8063
f 8055 8064 8066
f 8062 8059 8071
f 8071 8060 8062
f 8066 8072 8055
f 8076 8073 8066
f 8076 8066 8078
f 8074 8075 8070
f 8070 8075 8054
f 8066 8079 8078
f 8074 8070 8080
f 8073 8070 8069
f 8073 8076 8070
f 8076 8080 8070
f 8063 8078 8079
f 8080 8077 8074
f 8079 8066 8064
f 8064 8063 8079
f 8057 8065 8064
f 8067 8057 8056
f 8056 8059 8062
f 8067 8056 8062
f 8060 8083 8061
f 8083 8068 8061
f 8084 8068 8083
f 8086 8084 8083
f 8087 8088 8089
f 8087 8090 8091
f 8090 8092 8091
f 8094 8086 8083
f 8095 8084 8086
f 8096 8086 8097
f 8097 8086 8094
f 8096 8095 8086
f 8091 8096 8097
f 8091 8097 8093
f 8098 8090 8089
f 8098 8092 8090
f 8099 8081 8082
f 8088 8081 8099
f 8093 8097 8094
f 8099 8089 8088
f 8100 8101 8099
f 8089 8099 8101
f 8091 8093 8085
f 8087 8091 8085
f 8085 8088 8087
f 8089 8101 8098
f 8092 8096 8091
f 8088 8085 8081
f 8090 8087 8089
f 8100 8099 8082
f 8106 8102 8103
f 8106 8107 8102
f 8106 8103 8108
f 8108 8103 8104
f 8109 8108 8104
f 8110 8105 8108
f 8110 8108 8111
f 8111 8108 8109
f 8112 8105 8110
f 8112 8110 8111
f 8106 8108 8105
f 8113 8114 8115
f 8116 8115 8111
f 8116 8113 8115
f 8113 8117 8114
f 8113 8116 8117
f 8115 8112 8111
f 8119 8115 8114
f 8115 8119 8112
f 8056 8057 8028
f 8058 8056 8027
f 8059 8058 8002
f 8064 8055 7993
f 8069 8070 8031
f 8070 8054 7994
f 8071 8059 8029
f 8055 8072 8000
f 8060 8071 7997
f 8073 8069 7999
f 8072 8066 8033
f 8066 8073 8032
f 8057 8064 8030
f 8082 8081 8009
f 8081 8085 8015
f 8083 8060 8004
f 8094 8083 8035
f 8093 8094 8011
f 8085 8093 8014
f 8107 8106 8036
f 8106 8105 8017
f 8105 8112 8037
f 8119 8118 8022
f 8112 8119 8023
f 8102 8107 8020
f 8028 8027 8056
f 8027 8003 8058
f 8002 8029 8059
f 7993 8030 8064
f 8031 7996 8069
f 7994 8031 8070
f 8029 7998 8071
f 8000 7992 8055
f 7997 8005 8060
f 7999 8032 8073
f 8033 8001 8072
f 8032 8033 8066
f 8030 8028 8057
f 8009 8034 8082
f 8015 8010 8081
f 8004 8035 8083
f 8035 8012 8094
f 8011 8013 8093
f 8014 8016 8085
f 8036 8021 8107
f 8017 8036 8106
f 8037 8019 8105
f 8022 8024 8119
f 8023 8037 8112
f 8020 8026 8102
f 8055 7992 7991
f 8055 7991 7993
f 8054 7990 7994
f 8069 7996 7995
f 8071 7998 7997
f 8069 7995 7999
f 8072 8001 8000
f 8058 8003 8002
f 8060 8005 8004
f 8093 8007 8006
f 8093 8006 8008
f 8081 8010 8009
f 8094 8012 8011
f 8093 8013 8007
f 8093 8008 8014
f 8085 8016 8015
f 8105 8018 8017
f 8105 8019 8018
f 8107 8021 8020
f 8119 8024 8023
f 8102 8026 8025
f 8075 8074 7876
f 8054 8075 7874
f 8074 8077 7872
f 8104 8103 8049
f 8103 8102 8048
f 8114 8117 7880
f 8119 8114 7878
f 8118 8119 7889
f 7990 8054 7886
f 8022 8118 7887
f 8102 8025 7892
f 7876 7875 8075
f 7874 7871 8054
f 7872 7877 8074
f 7888 7873 8077
f 8049 8053 8104
f 8048 8050 8103
f 7880 7879 8114
f 7878 7889 8119
f 7889 7883 8118
f 7886 7890 7990
f 7887 7891 8022
f 7892 8052 8102
f 8054 7871 7870
f 8077 7873 7872
f 8075 7875 7874
f 8074 7877 7876
f 8102 8047 8046
f 8102 8046 8048
f 8103 8050 8049
f 8114 7879 7878
f 8102 8051 8047
f 8118 7882 7881
f 8118 7883 7882
f 8054 7870 7884
f 8118 7881 7885
f 8102 8052 8051
f 8054 7884 7886
f 8118 7885 7887
f 8063 8065 8120
f 8067 8062 8122
f 8062 8061 8124
f 8061 8068 8125
f 8076 8078 3013
f 8078 8063 3032
f 8077 8080 3015
f 8080 8076 3031
f 8065 8057 8126
f 8057 8067 8128
f 8068 8084 8129
f 8084 8095 8131
f 8095 8096 8133
f 8096 8092 8135
f 8092 8098 8136
f 8098 8101 8138
f 8101 8100 8140
f 8109 8104 8044
f 8111 8109 8041
f 8116 8111 3033
f 7888 8077 3021
f 8104 8053 8045
f 8053 7888 3034
f 7880 8117 3017
f 8117 8116 3030
f 8120 8121 8063
f 8122 8123 8067
f 8124 8122 8062
f 8125 8124 8061
f 3013 3031 8076
f 3032 3014 8078
f 3015 3020 8077
f 3031 3016 8080
f 8126 8127 8065
f 8128 8126 8057
f 8129 8130 8068
f 8131 8132 8084
f 8133 8134 8095
f 8135 8133 8096
f 8136 8137 8092
f 8138 8139 8098
f 8140 8141 8101
f 8044 8040 8109
f 8041 3033 8111
f 3033 3024 8116
f 3021 3034 7888
f 8045 8044 8104
f 3034 8045 8053
f 3017 2970 7880
f 3030 3029 8117
f 8063 8121 3032
f 8065 8127 8120
f 8078 3014 3013
f 8080 3016 3015
f 8084 8132 8129
f 8092 8137 8135
f 8095 8134 8131
f 8098 8139 8136
f 8101 8141 8138
f 8117 3018 3017
f 8067 8142 8128
f 8067 8123 8143
f 8068 8144 8125
f 8077 3020 3019
f 8068 8130 8145
f 8077 3022 3021
f 8109 8040 8039
f 8109 8042 8041
f 8116 3024 3023
f 8116 3026 3025
f 8116 3025 3027
f 8117 3028 3018
f 8067 8143 8142
f 8077 3019 3022
f 8068 8145 8146
f 8109 8039 8043
f 8116 3023 3026
f 8117 3029 3028
f 8116 3027 3030
f 8068 8146 8144
f 8109 8043 8042
f 8151 8153 8154
f 8155 8152 8151
f 8155 8151 8156
f 8147 8157 8148
f 8155 8157 8152
f 8157 8155 8148
f 8155 8156 8158
f 8155 8158 8148
f 8148 8158 8149
f 8159 8158 8156
f 8160 8158 8159
f 8160 8149 8158
f 8160 8161 8149
f 8164 8165 8166
f 8166 8165 8167
f 8164 8166 8168
f 8165 8169 8167
f 8172 8173 8174
f 8173 8169 8175
f 8165 8162 8163
f 8162 8165 8170
f 8176 8177 8178
f 8179 8169 8173
f 8167 8169 8179
f 8177 8176 8180
f 8174 8173 8177
f 8179 8172 8182
f 8165 8163 8169
f 8163 8181 8169
f 8175 8169 8181
f 8175 8181 8178
f 8151 8154 8156
f 8166 8167 8183
f 8156 8154 8159
f 8183 8167 8182
f 8160 8159 8170
f 8160 8170 8184
f 8182 8167 8179
f 8161 8160 8184
f 8164 8170 8165
f 8164 8184 8170
f 8180 8176 8185
f 8180 8185 8186
f 8188 8185 8189
f 8177 8180 8190
f 8177 8190 8174
f 8184 8171 8161
f 8191 8188 8192
f 8171 8184 8164
f 8188 8189 8192
f 8186 8190 8180
f 8191 8193 8188
f 8168 8171 8164
f 8194 8191 8192
f 8191 8194 8187
f 8187 8196 8191
f 8195 8178 8181
f 8185 8188 8186
f 8186 8188 8197
f 8199 8186 8197
f 8188 8193 8197
f 8186 8199 8190
f 8200 8197 8193
f 8150 8199 8197
f 8200 8150 8197
f 8196 8200 8193
f 8193 8191 8196
f 8196 8150 8200
f 8150 8196 8198
f 8176 8178 8195
f 8176 8195 8201
f 8176 8201 8185
f 8185 8201 8189
f 8173 8175 8178
f 8173 8178 8177
f 8179 8173 8172
f 8147 8148 8203
f 8148 8149 8205
f 8149 8161 8206
f 8161 8171 8208
f 8182 8172 8209
f 8168 8166 8211
f 8166 8183 8213
f 8172 8174 8215
f 8183 8182 8210
f 8174 8190 8218
f 8190 8199 8219
f 8198 8202 8221
f 8199 8150 8223
f 8171 8168 8225
f 8150 8198 8222
f 8203 8204 8147
f 8205 8203 8148
f 8206 8207 8149
f 8208 8206 8161
f 8209 8210 8182
f 8211 8212 8168
f 8213 8214 8166
f 8215 8216 8172
f 8210 8217 8183
f 8218 8215 8174
f 8219 8220 8190
f 8221 8222 8198
f 8223 8224 8199
f 8225 8226 8171
f 8222 8227 8150
f 8147 8204 8228
f 8149 8229 8205
f 8150 8227 8230
f 8149 8207 8229
f 8166 8214 8211
f 8172 8231 8209
f 8172 8216 8231
f 8168 8212 8225
f 8190 8220 8218
f 8199 8224 8232
f 8202 8233 8221
f 8199 8232 8219
f 8150 8230 8223
f 8171 8226 8208
f 8183 8217 8213
f 8151 8152 5105
f 8153 8151 5077
f 8163 8162 5081
f 8170 8159 5079
f 8162 8170 5106
f 8181 8163 5086
f 8154 8153 5090
f 8159 8154 5107
f 8194 8192 5091
f 8195 8181 5085
f 8201 8195 5097
f 8189 8201 5099
f 8192 8189 5101
f 5105 5078 8151
f 5077 5089 8153
f 5081 5087 8163
f 5079 5106 8170
f 5106 5082 8162
f 5086 5084 8181
f 5090 5107 8154
f 5107 5080 8159
f 5091 5094 8194
f 5085 5096 8195
f 5097 5100 8201
f 5099 5102 8189
f 5101 5092 8192
f 8151 5078 5077
f 8159 5080 5079
f 8162 5082 5081
f 8181 5084 5083
f 8181 5083 5085
f 8163 5087 5086
f 8153 5089 5088
f 8153 5088 5090
f 8192 5092 5091
f 8194 5094 5093
f 8195 5096 5095
f 8195 5095 5097
f 8194 5093 5098
f 8201 5100 5099
f 8189 5102 5101
f 8198 8196 3893
f 8202 8198 3901
f 8187 8194 3902
f 8196 8187 3891
f 8233 8202 3897
f 8194 5098 3900
f 3893 3901 8198
f 3901 3896 8202
f 3902 3892 8187
f 3891 3894 8196
f 3897 3898 8233
f 3900 3902 8194
f 8187 3892 3891
f 8196 3894 3893
f 8202 3896 3895
f 8202 3895 3897
f 5098 3899 3900
f 3956 3957 3944
f 3956 3944 3943
f 3963 8234 3939
f 3963 3939 3950
f 8238 8236 8239
f 8236 8235 8239
f 8237 8239 8235
f 8239 8237 8240
f 8238 8239 8241
f 8240 8243 8239
f 8241 8239 8243
f 8244 8245 8246
f 8249 8242 8250
f 8251 8252 8253
f 8255 8256 8257
f 8258 8257 8256
f 8258 8256 8259
f 8250 8260 8246
f 8250 8259 8260
f 8262 8263 8264
f 8263 8262 8254
f 8237 8261 8240
f 8261 8268 8240
f 8240 8268 8269
f 8240 8269 8243
f 8266 8243 8269
f 8270 8271 8272
f 8241 8243 8265
f 8265 8243 8266
f 8275 8276 8277
f 8278 8279 8275
f 8280 8281 8277
f 8276 8280 8277
f 8276 8275 8279
f 8271 8278 8275
f 8270 8278 8271
f 8286 8287 8288
f 8288 8287 8289
f 8287 8286 8291
f 8286 8277 8291
f 8292 8288 8289
f 8287 8293 8294
f 8289 8287 8294
f 8277 8281 8291
f 8294 8293 8296
f 8293 8287 8291
f 8298 8296 8293
f 8297 8264 8273
f 8292 8289 8285
f 8299 8297 8295
f 8297 8253 8264
f 8297 8299 8253
f 8278 8270 8300
f 8301 8285 8289
f 8289 8298 8301
f 8264 8253 8262
f 8286 8288 8283
f 8277 8283 8282
f 8283 8277 8286
f 8275 8277 8282
f 8271 8282 8272
f 8254 8262 8253
f 8271 8275 8282
f 8295 8304 8299
f 8304 8305 8299
f 8248 8260 8256
f 8255 8306 8256
f 8299 8305 8255
f 8299 8255 8253
f 8253 8255 8251
f 8259 8256 8260
f 8255 8305 8306
f 8260 8248 8247
f 8255 8257 8251
f 8260 8247 8246
f 8242 8259 8250
f 8261 8303 8268
f 8303 8308 8268
f 8303 8284 8308
f 8250 8246 8245
f 8268 8308 8310
f 8307 8306 8305
f 8306 8307 8256
f 8268 8266 8269
f 8307 8248 8256
f 8298 8294 8296
f 8289 8294 8298
f 8293 8311 8298
f 8268 8310 8266
f 8291 8311 8293
f 8291 8281 8280
f 8267 8266 8310
f 8301 8298 8312
f 8280 8313 8311
f 8290 8314 8308
f 8308 8284 8290
f 8280 8311 8291
f 8263 8314 8290
f 8263 8290 8264
f 8273 8264 8290
f 8312 8298 8311
f 8312 8311 8313
f 8308 8314 8310
f 8267 8310 8314
f 8314 8274 8267
f 8302 8285 8301
f 8314 8263 8274
f 8302 8312 8313
f 8302 8301 8312
f 8313 8280 8276
f 8300 8279 8278
f 8279 8315 8276
f 8235 8236 8228
f 8237 8235 8205
f 8247 8248 8230
f 8261 8237 8229
f 8290 8284 8211
f 8297 8273 8209
f 8295 8297 8231
f 8284 8303 8225
f 8304 8295 8218
f 8307 8305 8232
f 8246 8247 8221
f 8305 8304 8219
f 8248 8307 8223
f 8303 8261 8208
f 8273 8290 8213
f 8228 8204 8235
f 8205 8229 8237
f 8230 8227 8247
f 8229 8207 8261
f 8211 8214 8290
f 8209 8231 8297
f 8231 8216 8295
f 8225 8212 8284
f 8218 8220 8304
f 8232 8224 8307
f 8221 8233 8246
f 8219 8232 8305
f 8223 8230 8248
f 8208 8226 8303
f 8213 8217 8273
f 8235 8204 8203
f 8235 8203 8205
f 8261 8207 8206
f 8261 8206 8208
f 8273 8210 8209
f 8284 8212 8211
f 8290 8214 8213
f 8295 8216 8215
f 8273 8217 8210
f 8295 8215 8218
f 8304 8220 8219
f 8247 8222 8221
f 8307 8224 8223
f 8303 8226 8225
f 8247 8227 8222
f 8245 8244 3953
f 8244 8246 3961
f 8250 8245 3960
f 8249 8250 3962
f 8246 8233 3959
f 3953 3960 8245
f 3961 3952 8244
f 3960 3962 8250
f 3962 3955 8249
f 8234 3963 8309
f 3959 3961 8246
f 8244 3952 3951
f 8244 3951 3953
f 8249 3955 3954
f 8233 3898 3959
f 3939 8234 8316
f 8242 8249 8317
f 8259 8242 8319
f 8257 8258 8321
f 8258 8259 8320
f 8251 8257 8322
f 8265 8266 8325
f 8253 8252 8327
f 8254 8253 8328
f 8252 8251 8324
f 8267 8274 8331
f 8274 8263 8333
f 8263 8254 8335
f 8282 8283 8336
f 8241 8265 8338
f 8288 8292 8340
f 8270 8272 8342
f 8292 8285 8344
f 8300 8270 8345
f 8285 8302 8347
f 8283 8288 8349
f 8272 8282 8350
f 8266 8267 8352
f 8276 8315 8353
f 8313 8276 8354
f 8302 8313 8355
f 8279 8300 8356
f 8315 8279 8357
f 8238 8241 8359
f 8249 3954 8361
f 8234 8309 8362
f 8309 3963 8364
f 3963 3957 8366
f 3957 3956 8367
f 3956 3958 8368
f 8316 3975 3939
f 8317 8318 8242
f 8319 8320 8259
f 8321 8322 8257
f 8320 8323 8258
f 8322 8324 8251
f 8325 8326 8265
f 8327 8328 8253
f 8328 8329 8254
f 8324 8330 8252
f 8331 8332 8267
f 8333 8334 8274
f 8335 8333 8263
f 8336 8337 8282
f 8338 8339 8241
f 8340 8341 8288
f 8342 8343 8270
f 8344 8340 8292
f 8345 8346 8300
f 8347 8348 8285
f 8349 8336 8283
f 8350 8351 8272
f 8352 8325 8266
f 8353 8354 8276
f 8354 8355 8313
f 8355 8347 8302
f 8356 8357 8279
f 8357 8358 8315
f 8359 8360 8238
f 8361 8317 8249
f 8362 8363 8234
f 8364 8365 8309
f 8366 8364 3963
f 8367 8366 3957
f 8368 8367 3956
f 8234 8369 8316
f 8254 8329 8335
f 8241 8339 8370
f 8274 8334 8331
f 8265 8326 8338
f 8285 8371 8344
f 8270 8372 8345
f 8285 8348 8371
f 8288 8341 8349
f 8282 8337 8350
f 8272 8351 8342
f 8270 8373 8372
f 8270 8343 8373
f 8309 8374 8362
f 8309 8375 8374
f 8309 8376 8375
f 8309 8365 8376
f 8315 8358 8353
f 8300 8346 8356
f 8242 8318 8377
f 8252 8330 8378
f 8258 8379 8321
f 8241 8370 8380
f 8258 8323 8381
f 8242 8382 8319
f 8252 8383 8327
f 8267 8384 8352
f 8267 8332 8385
f 8242 8377 8382
f 8238 8360 8386
f 8252 8378 8383
f 8241 8380 8387
f 8258 8381 8379
f 8267 8385 8384
f 8241 8387 8359
f 3958 8388 8368
f 3954 3980 8361
f 3958 3982 8388
f 8234 8363 8369
f 8396 8392 8395
f 8390 8397 8391
f 8397 8390 8392
f 8397 8393 8391
f 8391 8393 8389
f 8400 8401 8402
f 8403 8398 8399
f 8403 8404 8398
f 8400 8405 8406
f 8407 8396 8408
f 8409 8396 8407
f 8412 8394 8392
f 8396 8412 8392
f 8394 8397 8392
f 8415 8399 8411
f 8415 8411 8401
f 8415 8403 8399
f 8409 8412 8396
f 8416 8404 8417
f 8417 8404 8418
f 8419 8409 8407
f 8420 8418 8404
f 8415 8414 8403
f 8403 8420 8404
f 8402 8401 8411
f 8414 8413 8403
f 8420 8403 8413
f 8419 8421 8409
f 8422 8423 8418
f 8422 8418 8424
f 8425 8412 8409
f 8413 8424 8418
f 8420 8413 8418
f 8415 8401 8414
f 8406 8405 8410
f 8406 8414 8401
f 8406 8401 8400
f 8410 8414 8406
f 8421 8425 8409
f 8421 8426 8425
f 8419 8417 8427
f 8419 8427 8421
f 8428 8416 8417
f 8417 8419 8428
f 8408 8396 8395
f 8423 8417 8418
f 8429 8407 8408
f 8423 8427 8417
f 8407 8429 8419
f 8416 8398 8404
f 8390 8391 8431
f 8392 8390 8433
f 8391 8389 8430
f 8395 8392 8434
f 8399 8398 8436
f 8411 8399 8438
f 8402 8411 8440
f 8408 8395 8442
f 8429 8408 8444
f 8419 8429 8445
f 8428 8419 8447
f 8416 8428 8449
f 8398 8416 8451
f 8431 8432 8390
f 8433 8434 8392
f 8430 8431 8391
f 8434 8435 8395
f 8436 8437 8399
f 8438 8439 8411
f 8440 8441 8402
f 8442 8443 8408
f 8444 8445 8429
f 8445 8446 8419
f 8447 8448 8428
f 8449 8450 8416
f 8451 8452 8398
f 8390 8453 8433
f 8390 8432 8453
f 8399 8454 8438
f 8411 8439 8440
f 8408 8443 8444
f 8395 8435 8442
f 8419 8446 8447
f 8428 8448 8449
f 8416 8450 8451
f 8399 8437 8454
f 8398 8455 8436
f 8398 8452 8455
f 8389 8393 3267
f 8397 8394 3270
f 8393 8397 3329
f 8410 8405 3272
f 8413 8414 3331
f 8414 8410 3330
f 8394 8412 3274
f 8423 8422 3286
f 8424 8413 3276
f 8422 8424 3332
f 8425 8426 3278
f 8412 8425 3333
f 8426 8421 3334
f 8421 8427 3281
f 8427 8423 3284
f 3267 3328 8389
f 3270 3329 8397
f 3329 3269 8393
f 3272 3330 8410
f 3331 3277 8413
f 3330 3331 8414
f 3274 3271 8394
f 3286 3285 8423
f 3276 3332 8424
f 3332 3288 8422
f 3278 3333 8425
f 3333 3275 8412
f 3334 3283 8426
f 3281 3334 8421
f 3284 3282 8427
f 8393 3268 3267
f 8393 3269 3268
f 8394 3271 3270
f 8405 3273 3272
f 8412 3275 3274
f 8413 3277 3276
f 8426 3279 3278
f 8426 3280 3279
f 8427 3282 3281
f 8426 3283 3280
f 8423 3285 3284
f 8422 3287 3286
f 8422 3288 3287
f 8430 8389 2847
f 8389 3328 2851
f 3328 3266 2849
f 2847 2850 8430
f 2851 2846 8389
f 2849 2851 3328
f 8389 2845 2844
f 8389 2846 2845
f 8389 2844 2847
f 3266 2848 2849
f 8458 8459 8460
f 8458 8460 8461
f 8464 8460 8459
f 8462 8464 8459
f 8463 8464 8462
f 8458 8461 8457
f 8457 8456 8458
f 8465 8464 8463
f 8463 8466 8465
f 8466 8468 8465
f 8468 8466 8469
f 8471 8473 8469
f 8473 8471 8474
f 8469 8466 8471
f 8472 8474 8470
f 8474 8471 8470
f 8475 8474 8472
f 8473 8474 8475
f 8475 8472 8476
f 8475 8476 8478
f 8479 8476 8467
f 8479 8467 8477
f 8480 8478 8476
f 8479 8480 8476
f 8481 8482 8477
f 8477 8482 8479
f 8483 8479 8484
f 8485 8484 8482
f 8482 8481 8485
f 8479 8482 8484
f 8460 8487 8461
f 8464 8487 8460
f 8457 8461 8486
f 8479 8483 8480
f 8490 8489 8485
f 8485 8489 8484
f 8484 8489 8483
f 8491 8487 8464
f 8469 8492 8468
f 8473 8493 8469
f 8473 8494 8493
f 8469 8493 8492
f 8494 8473 8475
f 8493 8494 8495
f 8478 8495 8494
f 8491 8464 8468
f 8464 8465 8468
f 8478 8494 8475
f 8491 8468 8492
f 8496 8478 8480
f 8496 8495 8478
f 8480 8497 8496
f 8480 8483 8488
f 8480 8488 8497
f 8461 8487 8433
f 8486 8461 8453
f 8483 8489 8438
f 8489 8490 8440
f 8491 8492 8444
f 8487 8491 8442
f 8492 8493 8447
f 8493 8495 8449
f 8495 8496 8451
f 8488 8483 8454
f 8497 8488 8436
f 8496 8497 8455
f 8433 8453 8461
f 8453 8432 8486
f 8438 8454 8483
f 8440 8439 8489
f 8444 8443 8491
f 8442 8435 8487
f 8447 8446 8492
f 8449 8448 8493
f 8451 8450 8495
f 8454 8437 8488
f 8436 8455 8497
f 8455 8452 8496
f 8486 8432 8431
f 8487 8434 8433
f 8486 8431 8430
f 8487 8435 8434
f 8488 8437 8436
f 8489 8439 8438
f 8490 8441 8440
f 8491 8443 8442
f 8492 8445 8444
f 8492 8446 8445
f 8493 8448 8447
f 8495 8450 8449
f 8496 8452 8451
f 8458 8456 8498
f 8459 8458 8499
f 8462 8459 8501
f 8463 8462 8503
f 8470 8471 8505
f 8472 8470 8507
f 8471 8466 8509
f 8467 8476 8510
f 8466 8463 8512
f 8476 8472 8508
f 8477 8467 8514
f 8481 8477 8515
f 8485 8481 8517
f 8498 8499 8458
f 8499 8500 8459
f 8501 8502 8462
f 8503 8504 8463
f 8505 8506 8470
f 8507 8508 8472
f 8509 8505 8471
f 8510 8511 8467
f 8512 8513 8466
f 8508 8510 8476
f 8514 8515 8477
f 8515 8516 8481
f 8517 8518 8485
f 8459 8500 8519
f 8459 8519 8501
f 8462 8502 8503
f 8456 8520 8498
f 8467 8511 8514
f 8470 8506 8507
f 8463 8504 8512
f 8466 8513 8509
f 8481 8521 8517
f 8481 8516 8521
f 8456 8457 2953
f 8457 8486 2955
f 8486 8430 2850
f 8520 8456 2960
f 2953 2959 8456
f 2955 2954 8457
f 2850 2957 8486
f 2960 2961 8520
f 8457 2954 2953
f 8486 2956 2955
f 8486 2957 2956
f 8456 2959 2958
f 8456 2958 2960
f 8522 8524 8498
f 8525 8526 8514
f 8528 8525 8507
f 8527 8528 8509
f 8529 8530 8517
f 8526 8529 8521
f 8519 8500 8524
f 8503 8502 8523
f 8498 8520 8522
f 8514 8511 8525
f 8507 8506 8528
f 8509 8513 8527
f 8517 8521 8529
f 8521 8516 8526
f 8524 8499 8498
f 8524 8500 8499
f 8523 8502 8501
f 8528 8506 8505
f 8525 8508 8507
f 8528 8505 8509
f 8525 8511 8510
f 8527 8513 8512
f 8525 8510 8508
f 8526 8515 8514
f 8526 8516 8515
f 8530 8518 8517
f 8524 8522 8120
f 8528 8527 8129
f 8526 8525 8135
f 8525 8528 8131
f 8529 8526 8136
f 8530 8529 8138
f 8519 8524 8128
f 8523 8501 8143
f 8503 8523 8125
f 8527 8512 8145
f 8501 8519 8142
f 8512 8504 8146
f 8504 8503 8144
f 8120 8127 8524
f 8129 8132 8528
f 8135 8137 8526
f 8131 8134 8525
f 8136 8139 8529
f 8138 8141 8530
f 8128 8142 8519
f 8143 8123 8523
f 8125 8144 8503
f 8145 8130 8527
f 8142 8143 8501
f 8146 8145 8512
f 8144 8146 8504
f 8522 8121 8120
f 8523 8123 8122
f 8523 8122 8124
f 8523 8124 8125
f 8524 8127 8126
f 8524 8126 8128
f 8527 8130 8129
f 8528 8132 8131
f 8525 8134 8133
f 8525 8133 8135
f 8526 8137 8136
f 8529 8139 8138
f 8530 8141 8140
f 8522 8520 3035
f 8121 8522 3036
f 3035 3037 8522
f 3036 3038 8121
f 8520 2961 3035
f 8522 3037 3036
f 8531 8533 8535
f 8533 8532 8539
f 8535 8536 8531
f 8539 8540 8533
f 8538 8541 8532
f 8543 8544 8534
f 8533 8540 8545
f 8533 8545 8535
f 8532 8541 8539
f 8531 8536 8542
f 8534 8544 8546
f 8533 8531 3571
f 8532 8533 3578
f 8538 8532 3575
f 8531 8542 3581
f 8543 8534 3576
f 8537 8538 3580
f 8542 8543 3582
f 3571 3578 8533
f 3578 3573 8532
f 3575 3580 8538
f 3581 3570 8531
f 3576 3582 8543
f 3580 3579 8537
f 3582 3581 8542
f 8531 3570 3569
f 8531 3569 3571
f 8532 3573 3572
f 8532 3572 3574
f 8532 3574 3575
f 8534 3577 3576
f 8537 3579 2436
f 3579 3568 2434
f 2436 2433 8537
f 2434 2436 3579
f 8537 2433 2432
f 3568 2435 2434
f 3665 8547 8534
f 3665 8534 3577
f 8547 8548 8546
f 8547 8546 8534
f 8549 8550 8555
f 8552 8547 8567
f 8555 8556 8549
f 8557 8555 8550
f 8558 8559 8551
f 8567 8568 8552
f 8549 8556 8569
f 8551 8570 8562
f 8551 8559 8570
f 8549 8569 8564
f 8552 8571 8566
f 8552 8568 8571
f 8547 8548 8567
f 8557 8550 8573
f 8551 8562 8579
f 8553 8554 8580
f 8562 8563 8581
f 8572 8573 8550
f 8573 8578 8557
f 8579 8574 8551
f 8580 8576 8553
f 8581 8579 8562
f 8554 8582 8580
f 8557 8578 8582
f 8563 8582 8581
f 8583 8584 8554
f 8583 8554 8553
f 8586 8587 8559
f 8586 8559 8558
f 8588 8589 8561
f 8588 8561 8560
f 8590 8591 8563
f 8590 8563 8562
f 8592 8583 8553
f 8592 8553 8564
f 8593 8588 8560
f 8593 8560 8565
f 8594 8593 8565
f 8594 8565 8566
f 8595 8596 8568
f 8595 8568 8567
f 8587 8598 8570
f 8587 8570 8559
f 8597 8592 8564
f 8597 8564 8569
f 8589 8586 8558
f 8589 8558 8561
f 8599 8594 8566
f 8599 8566 8571
f 8596 8599 8571
f 8596 8571 8568
f 8600 8595 8567
f 8600 8567 8548
f 8601 8602 8575
f 8601 8575 8574
f 8583 8603 8576
f 8603 8604 8577
f 8603 8577 8576
f 8605 8601 8574
f 8605 8574 8579
f 8583 8603 8576
f 8606 8603 8576
f 8606 8576 8580
f 8607 8605 8579
f 8607 8579 8581
f 8584 8608 8582
f 8584 8582 8554
f 8608 8606 8580
f 8608 8580 8582
f 8585 8609 8582
f 8585 8582 8557
f 8591 8610 8582
f 8591 8582 8563
f 8610 8607 8581
f 8610 8581 8582
f 8550 8549 3966
f 8547 8552 3970
f 8558 8551 3984
f 8549 8564 3985
f 8552 8566 3986
f 8560 8561 3987
f 8564 8553 3988
f 8565 8560 3971
f 8566 8565 3973
f 8561 8558 3983
f 8572 8550 3964
f 8551 8574 3989
f 8553 8576 3990
f 8574 8575 3978
f 8576 8577 3977
f 8577 8604 3979
f 8575 8602 3981
f 3966 3965 8550
f 3970 3665 8547
f 3984 3983 8558
f 3985 3967 8549
f 3986 3969 8552
f 3987 3972 8560
f 3988 3985 8564
f 3971 3974 8565
f 3973 3986 8566
f 3983 3987 8561
f 3964 3976 8572
f 3989 3984 8551
f 3990 3988 8553
f 3978 3989 8574
f 3977 3990 8576
f 3979 3975 8577
f 3981 3975 8575
f 8550 3965 3964
f 8549 3967 3966
f 8552 3969 3968
f 8552 3968 3970
f 8560 3972 3971
f 8565 3974 3973
f 8572 3976 3975
f 8577 3975 3977
f 8575 3975 3978
f 8604 3980 3979
f 8602 3982 3981
f 8617 8618 8616
f 8616 8618 8614
f 8615 8617 8616
f 8620 8615 8613
f 8617 8615 8620
f 8620 8613 8619
f 8611 8622 8623
f 8625 8622 8611
f 8621 8614 8618
f 8626 8627 8622
f 8623 8622 8627
f 8622 8629 8626
f 8630 8620 8619
f 8630 8617 8620
f 8632 8633 8630
f 8617 8630 8633
f 8617 8633 8636
f 8624 8631 8628
f 8636 8618 8617
f 8629 8622 8625
f 8634 8626 8629
f 8632 8635 8639
f 8621 8618 8636
f 8638 8633 8639
f 8631 8640 8641
f 8625 8611 8641
f 8640 8625 8641
f 8639 8633 8632
f 8636 8633 8638
f 8624 8628 8642
f 8628 8631 8644
f 8631 8624 8646
f 8627 8626 8650
f 8639 8635 8653
f 8626 8634 8655
f 8637 8638 8657
f 8638 8639 8659
f 8634 8629 8660
f 8640 8631 8647
f 8631 8641 8664
f 8625 8640 8665
f 8629 8625 8666
f 8642 8643 8624
f 8644 8645 8628
f 8646 8647 8631
f 8650 8651 8627
f 8653 8654 8639
f 8655 8656 8626
f 8657 8658 8637
f 8659 8657 8638
f 8660 8661 8634
f 8647 8663 8640
f 8664 8644 8631
f 8665 8666 8625
f 8666 8667 8629
f 8624 8668 8669
f 8624 8643 8668
f 8624 8669 8646
f 8634 8661 8655
f 8626 8656 8670
f 8635 8671 8653
f 8626 8672 8650
f 8626 8670 8672
f 8639 8654 8659
f 8637 8658 8648
f 8628 8645 8642
f 8629 8667 8660
f 8635 8662 8671
f 8640 8663 8665
f 8612 8614 8673
f 8614 8621 8675
f 8611 8623 8676
f 8638 8637 8678
f 8636 8638 8679
f 8623 8627 8681
f 8621 8636 8680
f 8641 8611 8684
f 8637 8648 8686
f 8627 8651 8688
f 8648 8649 8689
f 8651 8652 8690
f 8664 8641 8691
f 8673 8674 8612
f 8675 8673 8614
f 8676 8677 8611
f 8678 8679 8638
f 8679 8680 8636
f 8681 8682 8623
f 8680 8683 8621
f 8684 8685 8641
f 8686 8687 8637
f 8688 8681 8627
f 8689 8686 8648
f 8690 8688 8651
f 8691 8692 8664
f 8611 8677 8684
f 8621 8693 8675
f 8637 8687 8678
f 8623 8682 8676
f 8621 8683 8693
f 8641 8685 8691
f 8652 8692 8690
f 8649 8692 8689
f 8694 8695 8645
f 8694 8645 8644
f 8696 8697 8647
f 8696 8647 8646
f 8698 8699 8649
f 8698 8649 8648
f 8700 8701 8651
f 8700 8651 8650
f 8701 8702 8652
f 8701 8652 8651
f 8703 8704 8654
f 8703 8654 8653
f 8705 8706 8656
f 8705 8656 8655
f 8707 8708 8658
f 8707 8658 8657
f 8709 8707 8657
f 8709 8657 8659
f 8712 8696 8646
f 8712 8646 8669
f 8706 8713 8670
f 8706 8670 8656
f 8714 8703 8653
f 8714 8653 8671
f 8715 8700 8650
f 8715 8650 8672
f 8713 8715 8672
f 8713 8672 8670
f 8704 8709 8659
f 8704 8659 8654
f 8708 8698 8648
f 8708 8648 8658
f 8710 8714 8671
f 8710 8671 8662
f 8717 8718 8682
f 8717 8682 8681
f 8719 8720 8687
f 8719 8687 8686
f 8701 8721 8688
f 8701 8688 8651
f 8721 8717 8681
f 8721 8681 8688
f 8722 8719 8686
f 8722 8686 8689
f 8702 8723 8690
f 8702 8690 8652
f 8701 8721 8688
f 8701 8688 8651
f 8723 8721 8688
f 8723 8688 8690
f 8711 8724 8692
f 8711 8692 8664
f 8720 8678 8687
f 8718 8716 8676
f 8718 8676 8682
f 8702 8725 8692
f 8702 8692 8652
f 8702 8723 8690
f 8702 8690 8652
f 8725 8723 8690
f 8725 8690 8692
f 8699 8726 8692
f 8699 8692 8649
f 8726 8722 8689
f 8726 8689 8692
f 8615 8616 8545
f 8616 8614 8535
f 8613 8615 8539
f 8614 8612 8542
f 8612 8674 8546
f 8545 8540 8615
f 8535 8545 8616
f 8539 8541 8613
f 8542 8536 8614
f 8546 8544 8612
f 8614 8536 8535
f 8613 8538 8537
f 8615 8540 8539
f 8613 8541 8538
f 8612 8543 8542
f 8612 8544 8543
f 8619 8613 2514
f 8630 8619 2504
f 8635 8632 2506
f 8632 8630 2508
f 8662 8635 2510
f 8710 8662 8727
f 8613 8537 2513
f 2514 2505 8619
f 2504 2509 8630
f 2506 2511 8635
f 2508 2507 8632
f 2510 2512 8662
f 8727 2515 8710
f 2513 2514 8613
f 8619 2505 2504
f 8632 2507 2506
f 8630 2509 2508
f 8635 2511 2510
f 8662 2512 8727
f 8537 2432 2513
f 8728 2869 2782
f 8728 2782 2784
f 2872 8729 2789
f 2872 2789 2787
f 8729 8728 2784
f 8729 2784 2789
f 8730 8731 8643
f 8730 8643 8642
f 8732 8733 8661
f 8732 8661 8660
f 8697 8734 8663
f 8697 8663 8647
f 8711 8694 8644
f 8711 8644 8664
f 8735 8736 8666
f 8735 8666 8665
f 8736 8737 8667
f 8736 8667 8666
f 8738 8712 8669
f 8738 8669 8668
f 8731 8738 8668
f 8731 8668 8643
f 8733 8705 8655
f 8733 8655 8661
f 8695 8730 8642
f 8695 8642 8645
f 8737 8732 8660
f 8737 8660 8667
f 8734 8735 8665
f 8734 8665 8663
f 8743 8744 8745
f 8740 8748 8741
f 8740 8742 8749
f 8740 8749 8750
f 8740 8750 8748
f 8752 8753 8754
f 8755 8756 8757
f 8749 8742 8752
f 8752 8758 8749
f 8750 8759 8748
f 8741 8748 8760
f 8764 8765 8766
f 8748 8759 8760
f 8765 8764 8767
f 8770 8771 8772
f 8773 8772 8774
f 8775 8776 8778
f 8779 8775 8780
f 8778 8776 8769
f 8769 8770 8781
f 8768 8739 8764
f 8777 8782 8772
f 8772 8782 8774
f 8769 8781 8785
f 8784 8765 8767
f 8778 8769 8785
f 8780 8775 8778
f 8775 8786 8739
f 8766 8768 8764
f 8779 8784 8767
f 8767 8764 8786
f 8770 8773 8781
f 8739 8786 8764
f 8779 8786 8775
f 8779 8767 8786
f 8785 8781 8773
f 8773 8770 8772
f 8787 8788 8789
f 8790 8787 8789
f 8774 8782 8792
f 8798 8793 8794
f 8798 8789 8800
f 8798 8801 8789
f 8798 8794 8801
f 8793 8798 8800
f 8789 8803 8790
f 8789 8801 8803
f 8803 8797 8790
f 8796 8803 8801
f 8803 8796 8745
f 8799 8797 8744
f 8744 8797 8803
f 8745 8744 8803
f 8777 8802 8806
f 8792 8782 8777
f 8792 8777 8806
f 8806 8805 8807
f 8802 8805 8806
f 8807 8804 8806
f 8808 8809 8807
f 8804 8807 8788
f 8807 8809 8788
f 8809 8808 8793
f 8789 8809 8793
f 8793 8800 8789
f 8789 8788 8809
f 8746 8758 8752
f 8743 8745 8755
f 8749 8758 8750
f 8752 8754 8746
f 8758 8746 8811
f 8758 8811 8750
f 8746 8747 8811
f 8812 8759 8750
f 8750 8811 8813
f 8747 8743 8811
f 8750 8813 8812
f 8743 8813 8811
f 8744 8743 8747
f 8743 8755 8813
f 8810 8759 8812
f 8752 8742 8753
f 8745 8796 8755
f 8812 8757 8810
f 8747 8799 8744
f 8791 8799 8747
f 8812 8813 8757
f 8755 8757 8813
f 8796 8756 8755
f 8761 8760 8712
f 8762 8751 8814
f 8763 8761 8738
f 8760 8759 8696
f 8757 8756 8705
f 8776 8775 8816
f 8769 8776 8818
f 8777 8772 8820
f 8770 8769 8822
f 8751 8762 8824
f 8739 8768 8826
f 8775 8739 8828
f 8768 8766 8829
f 8771 8770 8823
f 8772 8771 8832
f 8794 8793 8834
f 8756 8796 8713
f 8741 8760 8703
f 8801 8794 8700
f 8805 8802 8835
f 8796 8801 8715
f 8802 8777 8821
f 8760 8761 8709
f 8807 8805 8838
f 8808 8807 8839
f 8793 8808 8841
f 8761 8763 8698
f 8763 8751 8825
f 8751 8763 8730
f 8810 8757 8732
f 8759 8810 8735
f 8712 8738 8761
f 8814 8815 8762
f 8738 8731 8763
f 8696 8712 8760
f 8705 8733 8757
f 8816 8817 8776
f 8818 8819 8769
f 8820 8821 8777
f 8822 8823 8770
f 8824 8825 8751
f 8826 8827 8739
f 8828 8816 8775
f 8829 8830 8768
f 8823 8831 8771
f 8832 8833 8772
f 8834 8702 8794
f 8713 8706 8756
f 8703 8714 8741
f 8700 8715 8801
f 8835 8836 8805
f 8715 8713 8796
f 8821 8837 8802
f 8709 8704 8760
f 8838 8839 8807
f 8839 8840 8808
f 8841 8842 8793
f 8698 8708 8761
f 8825 8699 8763
f 8730 8695 8751
f 8732 8737 8810
f 8735 8734 8759
f 8739 8827 8828
f 8751 8843 8814
f 8762 8844 8845
f 8763 8731 8730
f 8751 8695 8694
f 8768 8830 8846
f 8759 8697 8696
f 8769 8819 8822
f 8772 8833 8820
f 8766 8847 8829
f 8768 8846 8826
f 8763 8699 8698
f 8771 8848 8832
f 8771 8831 8848
f 8776 8817 8849
f 8776 8849 8818
f 8794 8701 8700
f 8794 8702 8701
f 8760 8704 8703
f 8756 8706 8705
f 8802 8837 8835
f 8761 8708 8707
f 8761 8707 8709
f 8805 8850 8851
f 8805 8851 8838
f 8805 8836 8850
f 8808 8840 8841
f 8793 8842 8852
f 8793 8852 8834
f 8757 8733 8732
f 8759 8734 8697
f 8751 8694 8711
f 8751 8711 8843
f 8810 8736 8735
f 8810 8737 8736
f 8762 8815 8844
f 8762 8845 8824
f 8747 8746 3289
f 8773 8774 3292
f 8783 8765 3335
f 8765 8784 3301
f 8784 8779 3336
f 8779 8780 3299
f 8780 8778 3304
f 8778 8785 3337
f 8785 8773 3326
f 8791 8747 3308
f 8791 8795 3321
f 8797 8799 3315
f 8774 8792 3312
f 8804 8788 3322
f 8792 8806 3319
f 8787 8790 3340
f 8790 8797 3313
f 8806 8804 3317
f 8788 8787 3324
f 8799 8791 3339
f 3289 3309 8747
f 3292 3327 8773
f 3335 3297 8783
f 3301 3335 8765
f 3336 3302 8784
f 3299 3336 8779
f 3304 3303 8780
f 3337 3306 8778
f 3326 3337 8785
f 3308 3338 8791
f 3321 3339 8791
f 3315 3314 8797
f 3312 3295 8774
f 3322 3318 8804
f 3319 3311 8792
f 3340 3325 8787
f 3313 3340 8790
f 3317 3320 8806
f 3324 3323 8788
f 3339 3316 8799
f 3291 3290 8746
f 8746 3290 3289
f 8774 3293 3292
f 8774 3294 3293
f 8774 3295 3294
f 8783 3297 3296
f 8783 3296 3298
f 8780 3300 3299
f 8784 3302 3301
f 8780 3303 3300
f 8778 3305 3304
f 8778 3306 3305
f 8747 3309 3308
f 8792 3311 3310
f 8792 3310 3312
f 8797 3314 3313
f 8799 3316 3315
f 8804 3318 3317
f 8806 3320 3319
f 8788 3323 3322
f 8787 3325 3324
f 8773 3327 3326
f 8740 8741 2870
f 8742 8740 2854
f 8754 8753 2857
f 8746 8754 2861
f 8795 8791 2872
f 8753 8742 2855
f 8741 8714 2873
f 8714 8710 2863
f 8791 3338 8729
f 3291 8746 2871
f 3338 3307 8728
f 3321 8795 2866
f 2870 2853 8740
f 2854 2856 8742
f 2857 2860 8754
f 2861 2871 8746
f 2872 2865 8795
f 2855 2862 8753
f 2873 2870 8741
f 2863 2873 8714
f 8729 2872 8791
f 2871 2868 3291
f 8728 8729 3338
f 2866 2874 3321
f 8740 2853 2852
f 8740 2852 2854
f 8742 2856 2855
f 8753 2858 2857
f 8754 2860 2859
f 8754 2859 2861
f 8753 2862 2858
f 8710 2515 2863
f 8795 2865 2864
f 8795 2864 2866
f 3291 2868 2867
f 3307 2869 8728
f 8853 8854 8556
f 8853 8556 8555
f 8585 8853 8555
f 8585 8555 8557
f 8854 8597 8569
f 8854 8569 8556
f 8598 8590 8562
f 8598 8562 8570
f 8855 8856 8674
f 8855 8674 8673
f 8857 8855 8673
f 8857 8673 8675
f 8716 8858 8677
f 8716 8677 8676
f 8859 8860 8679
f 8859 8679 8678
f 8860 8861 8680
f 8860 8680 8679
f 8861 8862 8683
f 8861 8683 8680
f 8863 8864 8685
f 8863 8685 8684
f 8865 8724 8692
f 8865 8692 8691
f 8858 8863 8684
f 8858 8684 8677
f 8866 8857 8675
f 8866 8675 8693
f 8720 8859 8678
f 8862 8866 8693
f 8862 8693 8683
f 8864 8865 8691
f 8864 8691 8685
f 8867 8868 8869
f 8868 8870 8869
f 8867 8869 8871
f 8870 8873 8869
f 8870 8872 8873
f 8874 8876 8875
f 8877 8878 8879
f 8875 8876 8880
f 8881 8883 8884
f 8890 8889 8875
f 8891 8892 8893
f 8893 8894 8891
f 8895 8894 8893
f 8896 8892 8891
f 8887 8888 8890
f 8878 8897 8873
f 8897 8878 8877
f 8898 8897 8899
f 8900 8897 8877
f 8901 8902 8903
f 8900 8879 8905
f 8885 8906 8886
f 8907 8886 8908
f 8886 8906 8908
f 8906 8896 8908
f 8884 8905 8879
f 8909 8895 8893
f 8878 8882 8879
f 8873 8872 8878
f 8879 8882 8881
f 8896 8906 8910
f 8911 8896 8910
f 8911 8892 8896
f 8912 8911 8910
f 8910 8914 8912
f 8915 8911 8912
f 8914 8910 8913
f 8912 8914 8915
f 8916 8917 8918
f 8919 8915 8916
f 8919 8916 8918
f 8913 8917 8914
f 8915 8914 8916
f 8920 8921 8918
f 8922 8918 8921
f 8918 8922 8919
f 8916 8914 8917
f 8925 8921 8923
f 8922 8921 8925
f 8925 8902 8922
f 8923 8924 8925
f 8924 8926 8925
f 8892 8927 8893
f 8927 8909 8893
f 8911 8928 8927
f 8911 8915 8928
f 8911 8927 8892
f 8929 8909 8927
f 8930 8927 8928
f 8927 8930 8929
f 8929 8930 8931
f 8932 8928 8915
f 8931 8930 8928
f 8928 8933 8931
f 8903 8934 8933
f 8929 8931 8934
f 8932 8903 8933
f 8867 8871 8935
f 8936 8935 8937
f 8938 8939 8926
f 8940 8905 8884
f 8940 8884 8941
f 8935 8871 8937
f 8937 8871 8899
f 8871 8869 8898
f 8869 8873 8898
f 8898 8899 8871
f 8897 8898 8873
f 8944 8938 8945
f 8904 8899 8897
f 8884 8883 8941
f 8883 8942 8941
f 8887 8942 8883
f 8887 8890 8946
f 8942 8887 8946
f 8900 8877 8879
f 8897 8900 8904
f 8946 8943 8942
f 8884 8879 8881
f 8946 8890 8943
f 8880 8948 8875
f 8875 8948 8890
f 8890 8948 8943
f 8876 8949 8880
f 8886 8951 8876
f 8951 8949 8876
f 8951 8952 8949
f 8950 8949 8952
f 8907 8951 8886
f 8952 8951 8953
f 8953 8907 8908
f 8908 8896 8891
f 8908 8894 8953
f 8908 8891 8894
f 8951 8907 8953
f 8894 8895 8947
f 8894 8947 8953
f 8932 8919 8922
f 8901 8932 8922
f 8932 8933 8928
f 8932 8901 8903
f 8915 8919 8932
f 8925 8926 8902
f 8944 8939 8938
f 8902 8926 8939
f 8944 8945 8902
f 8902 8945 8903
f 8922 8902 8901
f 8933 8934 8931
f 8944 8902 8939
f 8899 8904 8828
f 8909 8929 8814
f 8934 8903 8845
f 8936 8937 8846
f 8905 8940 8822
f 8942 8943 8820
f 8935 8936 8829
f 8937 8899 8826
f 8941 8942 8832
f 8940 8941 8848
f 8904 8900 8849
f 8900 8905 8818
f 8943 8948 8835
f 8880 8949 8851
f 8949 8950 8838
f 8948 8880 8850
f 8950 8952 8841
f 8952 8953 8852
f 8953 8947 8834
f 8929 8934 8844
f 8903 8945 8824
f 8828 8827 8899
f 8814 8843 8909
f 8845 8844 8934
f 8846 8830 8936
f 8822 8819 8905
f 8820 8833 8942
f 8829 8847 8935
f 8826 8846 8937
f 8832 8848 8941
f 8848 8831 8940
f 8849 8817 8904
f 8818 8849 8900
f 8835 8837 8943
f 8851 8850 8880
f 8838 8851 8949
f 8850 8836 8948
f 8841 8840 8950
f 8852 8842 8952
f 8834 8852 8953
f 8844 8815 8929
f 8824 8845 8903
f 8929 8815 8814
f 8904 8817 8816
f 8905 8819 8818
f 8943 8821 8820
f 8940 8823 8822
f 8945 8825 8824
f 8899 8827 8826
f 8904 8816 8828
f 8936 8830 8829
f 8940 8831 8823
f 8942 8833 8832
f 8948 8836 8835
f 8943 8837 8821
f 8950 8839 8838
f 8950 8840 8839
f 8952 8842 8841
f 8895 8909 8863
f 8926 8924 8857
f 8945 8938 8859
f 8947 8895 8716
f 8938 8926 8866
f 8909 8843 8865
f 8834 8947 8723
f 8825 8945 8722
f 8863 8858 8895
f 8857 8866 8926
f 8859 8720 8945
f 8716 8718 8947
f 8866 8862 8938
f 8865 8864 8909
f 8723 8725 8834
f 8722 8726 8825
f 8924 8856 8855
f 8924 8855 8857
f 8895 8858 8716
f 8938 8860 8859
f 8938 8861 8860
f 8947 8718 8717
f 8938 8862 8861
f 8909 8864 8863
f 8945 8720 8719
f 8947 8717 8721
f 8945 8719 8722
f 8947 8721 8723
f 8843 8724 8865
f 8674 8856 8954
f 8870 8868 8955
f 8872 8870 8957
f 8874 8875 8959
f 8876 8874 8961
f 8881 8882 8963
f 8886 8876 8962
f 8887 8883 8966
f 8888 8887 8967
f 8868 8867 8969
f 8889 8890 8971
f 8890 8888 8973
f 8885 8886 8965
f 8882 8878 8974
f 8878 8872 8976
f 8883 8881 8977
f 8910 8906 8597
f 8875 8889 8979
f 8913 8910 8585
f 8918 8917 8590
f 8920 8918 8598
f 8917 8913 8981
f 8906 8885 8592
f 8921 8920 8586
f 8923 8921 8594
f 8924 8923 8599
f 8856 8924 8595
f 8954 8546 8674
f 8955 8956 8870
f 8957 8958 8872
f 8959 8960 8874
f 8961 8962 8876
f 8963 8964 8881
f 8962 8965 8886
f 8966 8967 8887
f 8967 8968 8888
f 8969 8970 8868
f 8971 8972 8889
f 8973 8971 8890
f 8965 8584 8885
f 8974 8975 8882
f 8976 8974 8878
f 8977 8978 8883
f 8597 8854 8910
f 8979 8959 8875
f 8585 8980 8913
f 8590 8598 8918
f 8598 8587 8920
f 8981 8591 8917
f 8592 8597 8906
f 8586 8589 8921
f 8594 8599 8923
f 8599 8596 8924
f 8595 8600 8856
f 8856 8600 8954
f 8870 8956 8957
f 8874 8982 8961
f 8885 8584 8583
f 8867 8983 8969
f 8888 8984 8973
f 8889 8972 8985
f 8868 8970 8955
f 8889 8985 8979
f 8874 8960 8982
f 8888 8968 8984
f 8883 8978 8966
f 8882 8975 8986
f 8882 8986 8963
f 8872 8958 8976
f 8881 8964 8977
f 8910 8854 8853
f 8910 8853 8585
f 8913 8980 8987
f 8913 8987 8988
f 8920 8587 8586
f 8913 8988 8981
f 8921 8589 8588
f 8917 8591 8590
f 8885 8583 8592
f 8921 8588 8593
f 8921 8593 8594
f 8924 8596 8595
f 8989 8990 8573
f 8989 8573 8572
f 8990 8991 8578
f 8990 8578 8573
f 8991 8609 8582
f 8991 8582 8578
f 9005 9002 9004
f 9007 9004 9002
f 9003 9005 9001
f 9002 9005 9003
f 9005 9008 9001
f 9010 9011 9012
f 9013 9014 9012
f 9004 9007 9015
f 8992 8993 8957
f 8997 8998 8966
f 8993 9000 8976
f 8996 8997 8977
f 9009 9010 8987
f 9010 9012 8988
f 9012 9014 8981
f 8957 8956 8992
f 8985 8972 8999
f 8982 8960 8995
f 8984 8968 8998
f 8966 8978 8997
f 8986 8975 9000
f 8976 8958 8993
f 8977 8964 8996
f 8987 8980 9009
f 8988 8987 9010
f 8981 8988 9012
f 8992 8956 8955
f 8993 8958 8957
f 8995 8960 8959
f 8994 8962 8961
f 8996 8964 8963
f 8994 8965 8962
f 8998 8967 8966
f 8998 8968 8967
f 8999 8972 8971
f 8999 8971 8973
f 9000 8975 8974
f 9000 8974 8976
f 8997 8978 8977
f 8995 8959 8979
f 8965 8994 8606
f 9009 8980 8609
f 8981 9014 8607
f 8606 8608 8965
f 8609 8991 9009
f 8607 8610 8981
f 9009 8990 8989
f 9014 8602 8601
f 8994 8604 8603
f 9009 8991 8990
f 9014 8601 8605
f 8994 8603 8606
f 9014 8605 8607
f 8989 8572 8316
f 8998 8997 8335
f 8993 8992 8370
f 8997 8996 8331
f 9000 8993 8338
f 9002 9003 8344
f 9005 9004 8345
f 9007 9002 8371
f 9003 9001 8349
f 9001 9008 8350
f 9008 9006 8342
f 9008 9005 8372
f 9006 9008 8373
f 9010 9009 8362
f 9011 9010 8374
f 9012 9011 8375
f 9013 9012 8376
f 9015 9007 8353
f 9004 9015 8356
f 8994 8961 8377
f 8999 8973 8378
f 8985 8999 8321
f 8992 8955 8380
f 8995 8979 8381
f 8982 8995 8319
f 8984 8998 8327
f 8986 9000 8352
f 8996 8963 8385
f 8961 8982 8382
f 8969 8983 8386
f 8973 8984 8383
f 8955 8970 8387
f 8979 8985 8379
f 8963 8986 8384
f 8970 8969 8359
f 9014 9013 8368
f 8604 8994 8361
f 8602 9014 8388
f 9009 8989 8369
f 8316 8369 8989
f 8335 8329 8998
f 8370 8339 8993
f 8331 8334 8997
f 8338 8326 9000
f 8344 8371 9002
f 8345 8372 9005
f 8371 8348 9007
f 8349 8341 9003
f 8350 8337 9001
f 8342 8351 9008
f 8372 8373 9008
f 8373 8343 9006
f 8362 8374 9010
f 8374 8375 9011
f 8375 8376 9012
f 8376 8365 9013
f 8353 8358 9015
f 8356 8346 9004
f 8377 8318 8994
f 8378 8330 8999
f 8321 8379 8985
f 8380 8370 8992
f 8381 8323 8995
f 8319 8382 8982
f 8327 8383 8984
f 8352 8384 8986
f 8385 8332 8996
f 8382 8377 8961
f 8386 8360 8969
f 8383 8378 8973
f 8387 8380 8955
f 8379 8381 8979
f 8384 8385 8963
f 8359 8387 8970
f 8368 8388 9014
f 8361 3980 8604
f 8388 3982 8602
f 8369 8363 9009
f 8572 3975 8316
f 8994 8318 8317
f 8995 8320 8319
f 8999 8322 8321
f 8995 8323 8320
f 8999 8324 8322
f 9000 8326 8325
f 8998 8328 8327
f 8998 8329 8328
f 8999 8330 8324
f 8996 8332 8331
f 8997 8334 8333
f 8997 8333 8335
f 9001 8337 8336
f 8993 8339 8338
f 9003 8341 8340
f 9006 8343 8342
f 9003 8340 8344
f 9004 8346 8345
f 9007 8348 8347
f 9001 8336 8349
f 9008 8351 8350
f 9000 8325 8352
f 9007 8354 8353
f 9007 8355 8354
f 9007 8347 8355
f 9015 8357 8356
f 9015 8358 8357
f 8969 8360 8359
f 8994 8317 8361
f 9009 8363 8362
f 9013 8365 8364
f 9013 8364 8366
f 9013 8366 8367
f 9013 8367 8368
f 9017 9022 9023
f 9018 9019 9033
f 9019 9020 9035
f 9016 9017 9037
f 9017 9023 9040
f 9020 9024 9040
f 9033 9034 9018
f 9035 9036 9019
f 9037 9038 9016
f 9032 9039 9021
f 9040 9037 9017
f 9040 9041 9020
f 9018 9042 9043
f 9018 9043 9031
f 9018 9044 9042
f 9016 9045 9046
f 9016 9046 9030
f 9018 9034 9044
f 9019 9036 9033
f 9016 9047 9045
f 9020 9041 9035
f 9016 9038 9047
f 9021 9039 9040
f 9049 9050 9023
f 9049 9023 9022
f 9052 9053 9026
f 9052 9026 9025
f 9053 9054 9027
f 9053 9027 9026
f 9055 9056 9029
f 9055 9029 9028
f 9057 9052 9025
f 9057 9025 9030
f 9058 9059 9034
f 9058 9034 9033
f 9060 9061 9036
f 9060 9036 9035
f 9062 9063 9038
f 9062 9038 9037
f 9050 9064 9040
f 9050 9040 9023
f 9064 9062 9037
f 9064 9037 9040
f 9051 9065 9040
f 9051 9040 9024
f 9065 9066 9041
f 9065 9041 9040
f 9054 9055 9028
f 9054 9028 9027
f 9068 9069 9046
f 9068 9046 9045
f 9069 9057 9030
f 9069 9030 9046
f 9059 9067 9044
f 9059 9044 9034
f 9061 9058 9033
f 9061 9033 9036
f 9070 9068 9045
f 9070 9045 9047
f 9066 9060 9035
f 9066 9035 9041
f 9063 9070 9047
f 9063 9047 9038
f 9048 9071 9040
f 9048 9040 9021
f 9028 9029 2136
f 9029 9056 2138
f 2136 2140 9028
f 2138 2137 9029
f 9029 2137 2136
f 9056 2139 2138
f 9017 9016 1634
f 9020 9019 1651
f 9019 9018 1652
f 9022 9017 1641
f 9024 9020 1644
f 9016 9030 1653
f 9018 9031 1654
f 9032 9021 1642
f 9025 9026 1647
f 9026 9027 1656
f 9030 9025 1645
f 9031 9032 1655
f 9027 9028 1657
f 9049 9022 9072
f 9051 9024 9073
f 9028 2140 1649
f 1634 1639 9017
f 1651 1637 9020
f 1652 1651 9019
f 1641 1643 9022
f 1644 1643 9024
f 1653 1635 9016
f 1654 1652 9018
f 1642 1655 9032
f 1647 1646 9025
f 1656 1648 9026
f 1645 1653 9030
f 1655 1654 9031
f 1657 1656 9027
f 9072 1658 9049
f 9073 1659 9051
f 1649 1657 9028
f 9016 1635 1634
f 9020 1637 1636
f 9017 1639 1638
f 9020 1636 1640
f 9017 1638 1641
f 9021 1643 1642
f 9020 1640 1644
f 9025 1646 1645
f 9026 1648 1647
f 9022 1643 9072
f 9024 1643 9073
f 2140 1650 1649
f 9074 9075 1954
f 9074 1954 1953
f 9075 9076 1955
f 9075 1955 1954
f 9077 2039 1957
f 9077 1957 1956
f 9078 9079 1959
f 9078 1959 1958
f 9080 9081 1971
f 9080 1971 1767
f 9076 9078 1958
f 9076 1958 1955
f 9082 9077 1956
f 9082 1956 1974
f 9079 9082 1974
f 9079 1974 1959
f 9081 9074 1953
f 9081 1953 1971
f 9091 9092 9093
f 9092 9094 9093
f 9095 9096 9097
f 9089 9091 9093
f 9090 9089 9093
f 9090 9093 9098
f 9093 9099 9098
f 9093 9094 9099
f 9090 9098 9088
f 9098 9099 9096
f 9088 9098 9096
f 9099 9097 9096
f 9088 9096 9095
f 9083 9102 9084
f 9102 9103 9084
f 9103 9102 9104
f 9108 9109 9110
f 9111 9109 9112
f 9111 9112 9116
f 9116 9117 9111
f 9118 9111 9117
f 9123 9124 9125
f 9111 9122 9109
f 9126 9125 9124
f 9128 9126 9124
f 9113 9122 9111
f 9113 9111 9114
f 9124 9123 9120
f 9130 9105 9126
f 9120 9123 9131
f 9125 9126 9132
f 9111 9118 9114
f 9121 9124 9120
f 9121 9108 9124
f 9131 9119 9127
f 9130 9126 9128
f 9131 9127 9120
f 9100 9084 9103
f 9128 9124 9110
f 9108 9110 9124
f 9131 9125 9133
f 9123 9125 9131
f 9132 9133 9125
f 9117 9134 9135
f 9129 9132 9106
f 9136 9137 9138
f 9136 9138 9102
f 9140 9137 9136
f 9103 9135 9134
f 9103 9141 9135
f 9105 9106 9132
f 9126 9105 9132
f 9085 9142 9143
f 9142 9085 9139
f 9103 9134 9100
f 9144 9107 9101
f 9087 9139 9085
f 9107 9142 9083
f 9138 9104 9102
f 9138 9137 9104
f 9083 9142 9102
f 9145 9117 9116
f 9102 9139 9136
f 9142 9139 9102
f 9118 9115 9114
f 9118 9117 9135
f 9118 9135 9141
f 9147 9086 9144
f 9134 9117 9145
f 9118 9141 9146
f 9118 9146 9115
f 9137 9141 9103
f 9144 9101 9147
f 9086 9143 9144
f 9143 9107 9144
f 9107 9143 9142
f 9086 9085 9143
f 9104 9137 9103
f 9137 9140 9141
f 9141 9140 9146
f 9085 9086 9148
f 9087 9085 9149
f 9090 9088 9151
f 9091 9089 9153
f 9088 9095 9154
f 9089 9090 9156
f 9106 9105 9158
f 9113 9114 9160
f 9114 9115 9162
f 9110 9109 9163
f 9109 9122 9165
f 9105 9130 9166
f 9122 9113 9168
f 9128 9110 9164
f 9130 9128 9170
f 9129 9106 9172
f 9136 9139 9173
f 9140 9136 9175
f 9139 9087 9177
f 9146 9140 9179
f 9115 9146 9181
f 9148 9149 9085
f 9149 9150 9087
f 9151 9152 9090
f 9153 9050 9091
f 9154 9155 9088
f 9048 9154 9095
f 9156 9157 9089
f 9158 9159 9106
f 9160 9161 9113
f 9162 9160 9114
f 9163 9164 9110
f 9165 9163 9109
f 9166 9167 9105
f 9168 9169 9122
f 9164 9170 9128
f 9170 9171 9130
f 9172 9051 9129
f 9173 9174 9136
f 9175 9176 9140
f 9177 9178 9139
f 9179 9180 9146
f 9181 9162 9115
f 9088 9182 9151
f 9089 9183 9153
f 9089 9157 9183
f 9090 9152 9184
f 9088 9155 9182
f 9090 9184 9156
f 9122 9169 9165
f 9105 9167 9185
f 9105 9185 9158
f 9130 9171 9186
f 9130 9186 9166
f 9087 9150 9187
f 9136 9174 9175
f 9106 9188 9172
f 9087 9187 9177
f 9139 9178 9173
f 9146 9189 9181
f 9146 9180 9189
f 9140 9176 9179
f 9106 9159 9188
f 9113 9190 9168
f 9113 9161 9190
f 9083 9084 3341
f 9084 9100 3343
f 9107 9083 3397
f 9116 9112 3357
f 9121 9120 3351
f 9127 9119 3399
f 9120 9127 3353
f 9108 9121 3349
f 9109 9108 3359
f 9112 9109 3400
f 9101 9107 3398
f 9145 9116 3360
f 9086 9147 3367
f 9134 9145 3363
f 9100 9134 3402
f 9147 9101 3345
f 3341 3397 9083
f 3343 3342 9084
f 3397 3398 9107
f 3357 3348 9116
f 3351 3350 9121
f 3399 3354 9127
f 3353 3352 9120
f 3349 3356 9108
f 3359 3400 9109
f 3400 3358 9112
f 3398 3346 9101
f 3360 3362 9145
f 3367 3401 9086
f 3363 3402 9134
f 3402 3344 9100
f 3345 3366 9147
f 9084 3342 3341
f 9100 3344 3343
f 9101 3346 3345
f 9116 3348 3347
f 9121 3350 3349
f 9120 3352 3351
f 9127 3354 3353
f 9108 3356 3355
f 9112 3358 3357
f 9108 3355 3359
f 9116 3347 3360
f 9145 3362 3361
f 9145 3364 3363
f 9147 3366 3365
f 9147 3365 3367
f 9145 3361 3364
f 9021 9048 9191
f 9092 9091 2052
f 9094 9092 2037
f 9095 9097 9078
f 9099 9094 9077
f 9097 9099 9082
f 9119 9131 2053
f 9131 9133 2046
f 9133 9132 2054
f 9132 9129 2042
f 9091 9050 2055
f 9048 9095 9074
f 9129 9051 2050
f 9050 9049 2048
f 3399 9119 2051
f 9191 1643 9021
f 2052 2038 9092
f 2037 2039 9094
f 9078 9076 9095
f 9077 9082 9099
f 9082 9079 9097
f 2053 2041 9119
f 2046 2053 9131
f 2054 2047 9133
f 2042 2054 9132
f 2055 2052 9091
f 9074 9081 9048
f 2050 2045 9129
f 2048 2055 9050
f 2051 2056 3399
f 9048 9080 9191
f 9092 2038 2037
f 9095 9075 9074
f 9095 9076 9075
f 9094 2039 9077
f 9097 9079 9078
f 9119 2041 2040
f 9129 2043 2042
f 9129 2044 2043
f 9129 2045 2044
f 9133 2047 2046
f 9049 2049 2048
f 9049 1658 2049
f 9051 1659 2050
f 9048 9081 9080
f 9119 2040 2051
f 9192 9193 9032
f 9192 9032 9031
f 9193 9194 9039
f 9193 9039 9032
f 9195 9196 9043
f 9195 9043 9042
f 9196 9192 9031
f 9196 9031 9043
f 9067 9195 9042
f 9067 9042 9044
f 9194 9071 9040
f 9194 9040 9039
f 9198 9199 9200
f 9200 9202 9203
f 9200 9203 9204
f 9198 9200 9205
f 9200 9204 9205
f 9209 9203 9208
f 9198 9205 9201
f 9199 9202 9200
f 9207 9202 9199
f 9205 9211 9201
f 9202 9207 9206
f 9202 9208 9203
f 9212 9213 9214
f 9215 9213 9212
f 9211 9213 9216
f 9215 9216 9213
f 9218 9219 9220
f 9221 9222 9223
f 9227 9228 9225
f 9229 9217 9226
f 9226 9225 9229
f 9228 9221 9224
f 9228 9224 9231
f 9225 9231 9229
f 9221 9228 9227
f 9220 9232 9230
f 9231 9225 9228
f 9220 9230 9223
f 9219 9212 9232
f 9220 9219 9232
f 9215 9212 9219
f 9222 9220 9223
f 9222 9218 9220
f 9221 9223 9224
f 9197 9235 9233
f 9233 9235 9237
f 9235 9238 9237
f 9236 9239 9240
f 9235 9241 9238
f 9238 9234 9237
f 9242 9234 9238
f 9243 9239 9236
f 9244 9239 9243
f 9245 9238 9241
f 9242 9238 9245
f 9249 9226 9217
f 9239 9226 9249
f 9250 9235 9197
f 9239 9249 9240
f 9250 9241 9235
f 9245 9241 9247
f 9248 9241 9250
f 9248 9247 9241
f 9242 9236 9234
f 9243 9236 9242
f 9246 9242 9245
f 9246 9243 9242
f 9204 9203 9151
f 9203 9209 9184
f 9210 9204 9182
f 9209 9208 9156
f 9231 9224 9165
f 9230 9232 9185
f 9232 9212 9158
f 9224 9223 9186
f 9223 9230 9166
f 9197 9233 9187
f 9234 9236 9175
f 9233 9237 9177
f 9237 9234 9173
f 9249 9217 9181
f 9240 9249 9189
f 9236 9240 9179
f 9212 9214 9188
f 9229 9231 9168
f 9217 9229 9190
f 9151 9182 9204
f 9183 9157 9208
f 9184 9152 9203
f 9182 9155 9210
f 9156 9184 9209
f 9165 9169 9231
f 9185 9167 9230
f 9158 9185 9232
f 9186 9171 9224
f 9166 9186 9223
f 9187 9150 9197
f 9175 9174 9234
f 9172 9188 9214
f 9177 9187 9233
f 9173 9178 9237
f 9181 9189 9249
f 9189 9180 9240
f 9179 9176 9236
f 9188 9159 9212
f 9168 9190 9229
f 9190 9161 9217
f 9197 9149 9148
f 9197 9150 9149
f 9203 9152 9151
f 9210 9155 9154
f 9208 9157 9156
f 9212 9159 9158
f 9217 9161 9160
f 9217 9160 9162
f 9224 9164 9163
f 9224 9163 9165
f 9230 9167 9166
f 9231 9169 9168
f 9224 9170 9164
f 9224 9171 9170
f 9234 9174 9173
f 9236 9176 9175
f 9237 9178 9177
f 9240 9180 9179
f 9217 9162 9181
f 9206 9207 9055
f 9205 9204 9196
f 9204 9210 9192
f 9211 9205 9195
f 9208 9202 9069
f 9202 9206 9057
f 9213 9211 9067
f 9214 9213 9058
f 9183 9208 9068
f 9172 9214 9060
f 9153 9183 9070
f 9210 9154 9071
f 9055 9054 9206
f 9196 9195 9205
f 9192 9196 9204
f 9195 9067 9211
f 9069 9068 9208
f 9057 9069 9202
f 9067 9059 9213
f 9058 9061 9214
f 9068 9070 9183
f 9060 9066 9172
f 9070 9063 9153
f 9071 9194 9210
f 9206 9053 9052
f 9206 9054 9053
f 9207 9056 9055
f 9206 9052 9057
f 9210 9193 9192
f 9213 9059 9058
f 9214 9061 9060
f 9153 9063 9062
f 9210 9194 9193
f 9153 9062 9064
f 9172 9066 9065
f 9198 9201 2171
f 9207 9199 2207
f 9201 9211 2208
f 9199 9198 2176
f 9216 9215 2182
f 9211 9216 2178
f 9219 9218 2185
f 9222 9221 2210
f 9215 9219 2209
f 9218 9222 2189
f 9225 9226 2192
f 9227 9225 2183
f 9221 9227 2187
f 9226 9239 2211
f 9239 9244 2198
f 9247 9248 2200
f 9244 9243 2213
f 9243 9246 2196
f 9248 9250 2214
f 9245 9247 2212
f 9246 9245 2202
f 9056 9207 2205
f 2171 2177 9198
f 2207 2206 9207
f 2208 2175 9201
f 2176 2207 9199
f 2182 2179 9216
f 2178 2208 9211
f 2185 2209 9219
f 2210 2190 9222
f 2209 2181 9215
f 2189 2186 9218
f 2192 2184 9225
f 2183 2191 9227
f 2187 2210 9221
f 2211 2193 9226
f 2198 2211 9239
f 2200 2212 9247
f 2213 2195 9244
f 2196 2213 9243
f 2214 2201 9248
f 2212 2203 9245
f 2202 2204 9246
f 2205 2139 9056
f 9201 2172 2171
f 9201 2173 2172
f 9201 2174 2173
f 9201 2175 2174
f 9198 2177 2176
f 9216 2179 2178
f 9215 2181 2180
f 9215 2180 2182
f 9225 2184 2183
f 9218 2186 2185
f 9227 2188 2187
f 9222 2190 2189
f 9227 2191 2188
f 9226 2193 2192
f 9244 2195 2194
f 9246 2197 2196
f 9244 2199 2198
f 9244 2194 2199
f 9248 2201 2200
f 9245 2203 2202
f 9246 2204 2197
f 9207 2206 2205
f 9251 2059 1982
f 9251 1982 1981
f 9252 9253 1989
f 9252 1989 1988
f 9254 9255 2000
f 9254 2000 1999
f 2058 9252 1988
f 2058 1988 1980
f 2080 9251 1981
f 2080 1981 2005
f 9253 9256 2008
f 9253 2008 1989
f 9256 9254 1999
f 9256 1999 2008
f 9262 9261 9263
f 9260 9261 9262
f 9264 9267 9265
f 9264 9268 9267
f 9267 9269 9265
f 9269 9266 9265
f 9268 9262 9267
f 9271 9272 9273
f 9276 9271 9277
f 9278 9279 9280
f 9279 9273 9280
f 9267 9262 9269
f 9281 9282 9283
f 9284 9285 9286
f 9284 9286 9287
f 9288 9281 9289
f 9290 9288 9289
f 9286 9290 9287
f 9288 9290 9286
f 9278 9280 9291
f 9279 9277 9271
f 9292 9290 9289
f 9278 9291 9293
f 9294 9295 9285
f 9294 9285 9296
f 9297 9295 9282
f 9295 9297 9285
f 9285 9297 9288
f 9285 9284 9296
f 9297 9282 9281
f 9281 9288 9297
f 9288 9286 9285
f 9272 9274 9275
f 9272 9271 9274
f 9276 9274 9271
f 9272 9275 9273
f 9291 9294 9293
f 9283 9300 9301
f 9260 9262 9268
f 9293 9294 9296
f 9302 9283 9301
f 9303 9304 9305
f 9302 9301 9306
f 9291 9299 9294
f 9307 9294 9299
f 9312 9313 9314
f 9312 9315 9313
f 9316 9314 9313
f 9296 9298 9293
f 9310 9305 9308
f 9281 9302 9317
f 9302 9306 9317
f 9306 9318 9317
f 9289 9317 9292
f 9317 9319 9292
f 9316 9320 9321
f 9316 9322 9314
f 9318 9311 9304
f 9318 9304 9323
f 9304 9303 9323
f 9317 9318 9323
f 9317 9323 9324
f 9319 9317 9324
f 9324 9323 9325
f 9271 9273 9279
f 9281 9283 9302
f 9281 9317 9289
f 9303 9305 9313
f 9327 9323 9303
f 9323 9327 9325
f 9315 9325 9327
f 9313 9327 9303
f 9315 9327 9313
f 9306 9311 9318
f 9310 9320 9305
f 9313 9305 9320
f 9316 9313 9320
f 9295 9294 9307
f 9321 9322 9316
f 9295 9307 9282
f 9326 9300 9282
f 9300 9283 9282
f 9269 9257 9266
f 9269 9262 9257
f 9263 9258 9257
f 9262 9263 9257
f 9263 9261 9328
f 9263 9270 9258
f 9270 9263 9328
f 9270 9328 9329
f 9261 9260 9330
f 9298 9296 9336
f 9284 9287 9338
f 9296 9284 9340
f 9276 9277 9341
f 9279 9278 9343
f 9277 9279 9345
f 9287 9290 9347
f 9290 9292 9349
f 9278 9293 9350
f 9268 9259 9351
f 9260 9268 9352
f 9293 9298 9354
f 9324 9325 9355
f 9292 9319 9357
f 9319 9324 9359
f 9325 9315 9360
f 9315 9312 9362
f 9312 9314 9365
f 9314 9322 9367
f 9328 9261 9368
f 9268 9264 9370
f 9329 9328 9372
f 9259 9268 9371
f 9270 9329 9375
f 9330 9331 9261
f 9332 9333 9264
f 9336 9337 9298
f 9338 9339 9284
f 9340 9336 9296
f 9341 9342 9276
f 9343 9344 9279
f 9345 9346 9277
f 9347 9348 9287
f 9349 9347 9290
f 9350 9343 9278
f 9351 9352 9268
f 9352 9353 9260
f 9354 9350 9293
f 9355 9356 9324
f 9357 9358 9292
f 9359 9357 9319
f 9360 9361 9325
f 9362 9363 9315
f 9365 9366 9312
f 9367 9365 9314
f 9368 9369 9328
f 9370 9371 9268
f 9372 9373 9329
f 9371 9374 9259
f 9375 9334 9270
f 9259 9376 9351
f 9260 9353 9330
f 9261 9331 9377
f 9287 9378 9338
f 9287 9379 9378
f 9277 9346 9341
f 9279 9380 9345
f 9287 9348 9379
f 9292 9381 9349
f 9284 9339 9340
f 9298 9382 9354
f 9298 9383 9382
f 9298 9337 9383
f 9279 9344 9380
f 9312 9366 9384
f 9322 9385 9386
f 9322 9364 9385
f 9292 9358 9381
f 9315 9363 9360
f 9324 9356 9359
f 9322 9386 9367
f 9325 9361 9355
f 9312 9387 9362
f 9312 9384 9387
f 9264 9333 9370
f 9328 9388 9372
f 9261 9377 9368
f 9328 9369 9388
f 9329 9373 9375
f 9259 9374 9376
f 9275 9274 3368
f 9273 9275 3370
f 9280 9273 3403
f 9291 9280 3372
f 9301 9300 3395
f 9299 9291 3374
f 9306 9301 3381
f 9311 9306 3404
f 9304 9311 3384
f 9305 9304 3405
f 9308 9305 3385
f 9309 9308 3406
f 9307 9299 3378
f 9326 9282 3407
f 9282 9307 3390
f 9300 9326 3394
f 3368 3371 9275
f 3370 3403 9273
f 3403 3373 9280
f 3372 3375 9291
f 3395 3380 9301
f 3374 3377 9299
f 3381 3404 9306
f 3404 3383 9311
f 3384 3405 9304
f 3405 3386 9305
f 3385 3406 9308
f 3406 3388 9309
f 3378 3391 9307
f 3407 3393 9326
f 3390 3407 9282
f 3394 3396 9300
f 9274 3369 3368
f 9275 3371 3370
f 9280 3373 3372
f 9291 3375 3374
f 9299 3377 3376
f 9299 3376 3378
f 9301 3380 3379
f 9301 3379 3381
f 9311 3383 3382
f 9311 3382 3384
f 9305 3386 3385
f 9309 3388 3387
f 9309 3387 3389
f 9307 3391 3390
f 9326 3393 3392
f 9326 3392 3394
f 9300 3396 3395
f 9257 9258 2057
f 9264 9265 2062
f 9265 9266 2080
f 9258 9270 9252
f 9266 9257 9251
f 9308 9309 2081
f 9310 9308 2065
f 9320 9310 2069
f 9321 9320 2082
f 9332 9264 2079
f 9270 9334 9256
f 9322 9321 2073
f 9334 9335 9254
f 9364 9322 2083
f 9309 3389 2078
f 2057 2059 9257
f 2062 2079 9264
f 2080 2064 9265
f 9252 2058 9258
f 9251 2080 9266
f 2081 2066 9308
f 2065 2068 9310
f 2069 2082 9320
f 2082 2071 9321
f 2079 2075 9332
f 9256 9253 9270
f 2073 2083 9322
f 9254 9256 9334
f 2083 2076 9364
f 2078 2081 9309
f 9258 2058 2057
f 9257 2059 9251
f 9265 2061 2060
f 9265 2060 2062
f 9265 2063 2061
f 9265 2064 2063
f 9270 9253 9252
f 9308 2066 2065
f 9310 2068 2067
f 9310 2067 2069
f 9321 2071 2070
f 9321 2070 2072
f 9321 2072 2073
f 9335 9255 9254
f 9332 2075 2074
f 3389 2077 2078
f 9389 9390 2098
f 9389 2098 2097
f 9255 9391 2101
f 9255 2101 2000
f 9392 2121 2096
f 9392 2096 2103
f 9393 9389 2097
f 9393 2097 2104
f 9390 9392 2103
f 9390 2103 2098
f 9391 9393 2104
f 9391 2104 2101
f 9394 9395 9396
f 9394 9396 9397
f 9395 9394 9398
f 9396 9395 9399
f 9400 9401 9402
f 9403 9401 9400
f 9404 9405 9406
f 9407 9401 9408
f 9399 9403 9396
f 9400 9396 9403
f 9396 9400 9397
f 9414 9415 9416
f 9414 9417 9415
f 9414 9418 9419
f 9420 9417 9421
f 9420 9422 9423
f 9423 9422 9424
f 9425 9426 9427
f 9427 9428 9425
f 9406 9427 9404
f 9428 9427 9406
f 9429 9405 9404
f 9421 9422 9420
f 9415 9417 9420
f 9422 9421 9424
f 9405 9431 9406
f 9430 9428 9406
f 9428 9430 9425
f 9402 9401 9432
f 9407 9432 9401
f 9417 9414 9419
f 9419 9418 9433
f 9417 9434 9421
f 9435 9421 9434
f 9435 9424 9421
f 9436 9424 9435
f 9419 9434 9417
f 9437 9434 9419
f 9437 9438 9434
f 9438 9435 9434
f 9405 9410 9431
f 9440 9436 9435
f 9436 9440 9441
f 9410 9429 9398
f 9400 9402 9430
f 9442 9402 9432
f 9443 9430 9402
f 9402 9442 9443
f 9408 9427 9426
f 9444 9432 9407
f 9408 9404 9427
f 9407 9426 9444
f 9399 9395 9398
f 9442 9432 9445
f 9444 9445 9432
f 9447 9448 9411
f 9448 9447 9415
f 9446 9416 9447
f 9415 9447 9416
f 9451 9449 9452
f 9453 9454 9455
f 9455 9456 9453
f 9458 9459 9460
f 9453 9456 9462
f 9453 9459 9465
f 9459 9467 9460
f 9456 9457 9468
f 9469 9456 9468
f 9468 9471 9469
f 9464 9473 9474
f 9457 9472 9476
f 9463 9464 9474
f 9469 9471 9477
f 9477 9471 9478
f 9475 9460 9479
f 9460 9467 9479
f 9452 9449 9474
f 9411 9480 9412
f 9462 9481 9467
f 9479 9467 9481
f 9448 9480 9411
f 9482 9473 9466
f 9456 9469 9462
f 9477 9462 9469
f 9475 9483 9484
f 9475 9484 9458
f 9484 9451 9452
f 9483 9451 9484
f 9452 9474 9473
f 9465 9485 9466
f 9486 9413 9412
f 9475 9458 9460
f 9485 9465 9459
f 9459 9453 9467
f 9467 9453 9462
f 9487 9471 9468
f 9487 9488 9471
f 9489 9457 9476
f 9487 9468 9457
f 9482 9452 9473
f 9457 9489 9487
f 9484 9452 9482
f 9484 9482 9485
f 9458 9484 9485
f 9485 9482 9466
f 9459 9458 9485
f 9403 9408 9401
f 9478 9471 9488
f 9461 9478 9488
f 9490 9470 9487
f 9487 9470 9488
f 9470 9461 9488
f 9490 9491 9470
f 9491 9490 9492
f 9490 9493 9492
f 9495 9496 9497
f 9500 9497 9496
f 9502 9492 9503
f 9493 9503 9492
f 9504 9505 9506
f 9507 9505 9504
f 9497 9506 9495
f 9497 9504 9506
f 9489 9508 9490
f 9489 9490 9487
f 9490 9508 9493
f 9509 9507 9504
f 9493 9508 9510
f 9497 9500 9511
f 9511 9504 9497
f 9504 9511 9512
f 9513 9501 9514
f 9510 9513 9516
f 9493 9516 9503
f 9493 9510 9516
f 9502 9503 9516
f 9502 9516 9513
f 9502 9513 9517
f 9508 9489 9476
f 9508 9476 9499
f 9508 9499 9510
f 9501 9510 9499
f 9510 9501 9513
f 9515 9514 9501
f 9500 9496 9498
f 9437 9511 9500
f 9498 9437 9500
f 9517 9513 9505
f 9513 9514 9506
f 9513 9506 9505
f 9498 9439 9437
f 9507 9509 9518
f 9504 9512 9509
f 9509 9512 9433
f 9512 9511 9433
f 9463 9474 9450
f 9450 9474 9449
f 9403 9399 9408
f 9430 9409 9400
f 9400 9409 9397
f 9408 9426 9407
f 9435 9519 9440
f 9415 9480 9448
f 9520 9441 9440
f 9511 9419 9433
f 9511 9437 9419
f 9440 9519 9520
f 9415 9420 9480
f 9420 9423 9480
f 9442 9425 9443
f 9412 9480 9486
f 9443 9425 9430
f 9399 9404 9408
f 9445 9425 9442
f 9399 9429 9404
f 9423 9486 9480
f 9445 9444 9425
f 9519 9441 9520
f 9444 9426 9425
f 9431 9410 9521
f 9429 9410 9405
f 9437 9439 9438
f 9399 9398 9429
f 9394 9410 9398
f 9423 9424 9351
f 9424 9436 9330
f 9436 9441 9377
f 9456 9455 9338
f 9457 9456 9378
f 9464 9463 9341
f 9473 9464 9345
f 9472 9457 9379
f 9476 9472 9349
f 9455 9454 9340
f 9465 9466 9354
f 9453 9465 9382
f 9454 9453 9383
f 9466 9473 9380
f 9494 9495 9384
f 9496 9495 9386
f 9499 9476 9381
f 9514 9515 9360
f 9501 9499 9359
f 9495 9494 9367
f 9515 9501 9355
f 9506 9514 9362
f 9495 9506 9387
f 9413 9486 9370
f 9435 9438 9372
f 9441 9519 9368
f 9519 9435 9388
f 9438 9439 9375
f 9486 9423 9376
f 9351 9376 9423
f 9330 9353 9424
f 9377 9331 9436
f 9338 9378 9456
f 9378 9379 9457
f 9341 9346 9464
f 9345 9380 9473
f 9379 9348 9472
f 9349 9381 9476
f 9340 9339 9455
f 9354 9382 9465
f 9382 9383 9453
f 9383 9337 9454
f 9380 9344 9466
f 9384 9366 9494
f 9386 9385 9496
f 9381 9358 9499
f 9360 9363 9514
f 9359 9356 9501
f 9367 9386 9495
f 9355 9361 9515
f 9362 9387 9506
f 9387 9384 9495
f 9370 9333 9413
f 9372 9388 9435
f 9368 9377 9441
f 9388 9369 9519
f 9375 9373 9438
f 9376 9374 9486
f 9436 9331 9330
f 9413 9333 9332
f 9439 9335 9334
f 9454 9337 9336
f 9455 9339 9338
f 9454 9336 9340
f 9463 9342 9341
f 9466 9344 9343
f 9464 9346 9345
f 9472 9348 9347
f 9472 9347 9349
f 9466 9343 9350
f 9424 9352 9351
f 9424 9353 9352
f 9466 9350 9354
f 9501 9356 9355
f 9499 9358 9357
f 9499 9357 9359
f 9515 9361 9360
f 9514 9363 9362
f 9494 9366 9365
f 9494 9365 9367
f 9519 9369 9368
f 9486 9371 9370
f 9438 9373 9372
f 9486 9374 9371
f 9439 9334 9375
f 9397 9409 2306
f 9394 9397 2309
f 9410 9394 2310
f 9430 9406 2313
f 9406 9431 2314
f 9409 9430 2312
f 9414 9416 2262
f 9418 9414 2315
f 9433 9418 2264
f 9447 9411 2316
f 9446 9447 2318
f 9416 9446 2268
f 9450 9449 2270
f 9449 9451 2320
f 9461 9470 2275
f 9479 9481 2281
f 9475 9479 2283
f 9483 9475 2285
f 9451 9483 2321
f 9481 9462 2322
f 9462 9477 2323
f 9477 9478 2286
f 9478 9461 2273
f 9470 9491 2292
f 9491 9492 2294
f 9492 9502 2324
f 9517 9505 2325
f 9505 9507 2326
f 9507 9518 2296
f 9502 9517 2298
f 9518 9509 2300
f 9509 9433 2288
f 9521 9410 2311
f 9431 9521 2304
f 2306 2309 9397
f 2309 2310 9394
f 2310 2311 9410
f 2313 2312 9430
f 2314 2313 9406
f 2312 2307 9409
f 2262 2315 9414
f 2315 2265 9418
f 2264 2289 9433
f 2317 2316 9411
f 2316 2318 9447
f 2318 2267 9446
f 2268 2269 9416
f 2270 2319 9450
f 2320 2272 9449
f 2275 2274 9461
f 2281 2291 9479
f 2283 2280 9475
f 2285 2321 9483
f 2321 2320 9451
f 2322 2282 9481
f 2323 2322 9462
f 2286 2323 9477
f 2273 2290 9478
f 2292 2277 9470
f 2294 2293 9491
f 2324 2295 9492
f 2325 2299 9517
f 2326 2325 9505
f 2296 2326 9507
f 2298 2324 9502
f 2300 2303 9518
f 2288 2301 9509
f 2311 2305 9521
f 2304 2314 9431
f 9416 2263 2262
f 9418 2265 2264
f 9446 2267 2266
f 9446 2266 2268
f 9416 2269 2263
f 9449 2271 2270
f 9449 2272 2271
f 9461 2274 2273
f 9470 2276 2275
f 9470 2277 2276
f 9475 2279 2278
f 9475 2280 2279
f 9481 2282 2281
f 9479 2284 2283
f 9475 2278 2285
f 9478 2287 2286
f 9433 2289 2288
f 9478 2290 2287
f 9479 2291 2284
f 9491 2293 2292
f 9492 2295 2294
f 9518 2297 2296
f 9517 2299 2298
f 9509 2301 2300
f 9518 2302 2297
f 9518 2303 2302
f 9521 2305 2304
f 9409 2307 2306
f 9498 9496 2129
f 9496 9385 2130
f 9385 9364 2111
f 9411 9412 2119
f 9412 9413 2122
f 9439 9498 9392
f 9413 9332 2124
f 9335 9439 9393
f 2317 9411 2114
f 2308 2317 2131
f 2129 2113 9498
f 2130 2129 9496
f 2111 2130 9385
f 2119 2118 9411
f 2122 2120 9412
f 9392 9390 9439
f 2124 2123 9413
f 9393 9391 9335
f 2114 2131 2317
f 2131 2126 2308
f 9364 2076 2111
f 9498 2113 2112
f 9411 2115 2114
f 9332 2074 2116
f 9411 2118 2117
f 9412 2120 2119
f 9498 2112 2121
f 9439 9390 9389
f 9413 2123 2122
f 9335 9391 9255
f 9332 2116 2124
f 9411 2117 2115
f 9498 2121 9392
f 9439 9389 9393
f 2308 2126 2125
f 2308 2125 2128
f 9523 9524 9525
f 9525 9524 9526
f 9527 9525 9528
f 9528 9526 9529
f 9528 9530 9527
f 9526 9528 9525
f 9525 9531 9523
f 9531 9525 9532
f 9533 9534 9535
f 9536 9537 9538
f 9534 9533 9539
f 9536 9540 9537
f 9542 9540 9536
f 9536 9532 9542
f 9534 9539 9543
f 9525 9530 9532
f 9527 9530 9525
f 9533 9548 9549
f 9533 9549 9539
f 9542 9532 9530
f 9543 9539 9549
f 9551 9552 9550
f 9534 9543 9522
f 9552 9554 9555
f 9552 9555 9550
f 9557 9530 9528
f 9540 9542 9558
f 9559 9560 9561
f 9556 9540 9558
f 9542 9557 9558
f 9557 9542 9530
f 9563 9564 9523
f 9524 9523 9564
f 9524 9565 9526
f 9524 9564 9565
f 9566 9560 9559
f 9563 9544 9564
f 9544 9553 9564
f 9553 9544 9545
f 9564 9553 9565
f 9526 9565 9547
f 9529 9526 9547
f 9531 9563 9523
f 9568 9562 9569
f 9568 9569 9552
f 9538 9569 9562
f 9568 9570 9562
f 9553 9545 9546
f 9551 9570 9552
f 9538 9537 9569
f 9552 9570 9568
f 9541 9533 9535
f 9569 9554 9552
f 9535 9534 9545
f 9567 9559 9561
f 9567 9572 9549
f 9561 9572 9567
f 9574 9575 9576
f 9560 9574 9576
f 9574 9571 9575
f 9571 9574 9573
f 9567 9549 9548
f 9574 9560 9566
f 9566 9573 9574
f 9569 9537 9554
f 9548 9533 9541
f 9546 9545 9522
f 9537 9540 9556
f 9537 9556 9554
f 9545 9534 9522
f 9561 9560 9572
f 9529 9547 9577
f 9543 9549 9579
f 9553 9546 9581
f 9522 9543 9583
f 9550 9555 9585
f 9546 9522 9587
f 9556 9558 9589
f 9528 9529 9591
f 9558 9557 9593
f 9557 9528 9592
f 9565 9553 9582
f 9547 9565 9596
f 9555 9554 9598
f 9549 9572 9600
f 9572 9560 9601
f 9576 9575 9604
f 9560 9576 9605
f 9554 9556 9606
f 9577 9578 9529
f 9579 9580 9543
f 9581 9582 9553
f 9583 9584 9522
f 9585 9586 9550
f 9587 9588 9546
f 9589 9590 9556
f 9591 9592 9528
f 9593 9594 9558
f 9592 9595 9557
f 9582 9596 9565
f 9596 9597 9547
f 9598 9599 9555
f 9600 9579 9549
f 9601 9602 9572
f 9604 9605 9576
f 9605 9601 9560
f 9606 9598 9554
f 9522 9584 9607
f 9546 9608 9581
f 9547 9609 9577
f 9543 9580 9583
f 9550 9610 9611
f 9547 9597 9609
f 9556 9590 9606
f 9550 9586 9610
f 9546 9588 9612
f 9546 9612 9608
f 9557 9595 9593
f 9522 9607 9587
f 9558 9594 9589
f 9529 9578 9591
f 9555 9599 9585
f 9572 9602 9613
f 9575 9603 9604
f 9572 9613 9600
f 9531 9532 1325
f 9541 9535 1339
f 9545 9544 1332
f 9535 9545 1388
f 9538 9562 1319
f 9536 9538 1321
f 9532 9536 1323
f 9559 9567 1336
f 9563 9531 1327
f 9562 9570 1330
f 9544 9563 1389
f 9570 9551 1328
f 9567 9548 1334
f 9548 9541 1338
f 9573 9566 1341
f 9566 9559 1317
f 1325 1314 9531
f 1339 1316 9541
f 1332 1388 9545
f 1388 1340 9535
f 1319 1322 9538
f 1321 1324 9536
f 1323 1326 9532
f 1336 1318 9559
f 1327 1389 9563
f 1330 1320 9562
f 1389 1333 9544
f 1328 1331 9570
f 1334 1337 9567
f 1338 1335 9548
f 1341 1391 9573
f 1317 1343 9566
f 9531 1314 1313
f 9541 1316 1315
f 9559 1318 1317
f 9562 1320 1319
f 9538 1322 1321
f 9536 1324 1323
f 9532 1326 1325
f 9531 1313 1327
f 9551 1329 1328
f 9570 1331 1330
f 9544 1333 1332
f 9548 1335 1334
f 9567 1337 1336
f 9541 1315 1338
f 9535 1340 1339
f 9566 1342 1341
f 9566 1343 1342
f 9571 9573 567
f 9575 9571 559
f 9603 9575 562
f 9573 1391 569
f 1391 1390 564
f 567 561 9571
f 559 563 9575
f 562 568 9603
f 569 567 9573
f 564 569 1391
f 9571 560 559
f 9571 561 560
f 9575 563 562
f 1390 565 564
f 1390 566 565
f 9615 9616 9617
f 9618 9619 9620
f 9621 9622 9623
f 9627 9628 9629
f 9627 9630 9628
f 9630 9631 9632
f 9634 9614 9633
f 9614 9635 9636
f 9635 9614 9634
f 9637 9638 9639
f 9635 9634 9641
f 9626 9627 9629
f 9618 9642 9621
f 9643 9626 9625
f 9621 9642 9622
f 9643 9625 9638
f 9625 9644 9638
f 9626 9643 9627
f 9627 9643 9630
f 9642 9645 9622
f 9625 9616 9644
f 9616 9615 9644
f 9639 9644 9615
f 9639 9615 9647
f 9646 9619 9618
f 9646 9629 9619
f 9615 9614 9647
f 9647 9614 9636
f 9619 9629 9628
f 9647 9636 9635
f 9632 9628 9630
f 9620 9642 9618
f 9632 9620 9619
f 9652 9649 9651
f 9651 9650 9641
f 9654 9638 9637
f 9653 9641 9650
f 9654 9637 9655
f 9634 9651 9641
f 9654 9643 9638
f 9653 9657 9641
f 9659 9653 9658
f 9662 9663 9661
f 9657 9653 9659
f 9656 9664 9660
f 9641 9657 9665
f 9620 9664 9656
f 9632 9660 9664
f 9632 9631 9660
f 9658 9666 9659
f 9658 9631 9666
f 9660 9631 9658
f 9632 9664 9620
f 9666 9657 9659
f 9654 9631 9630
f 9647 9635 9668
f 9668 9635 9641
f 9665 9668 9641
f 9668 9665 9639
f 9639 9647 9668
f 9639 9665 9637
f 9638 9644 9639
f 9666 9665 9657
f 9655 9665 9666
f 9655 9666 9631
f 9667 9661 9663
f 9654 9655 9631
f 9620 9663 9642
f 9654 9630 9643
f 9637 9665 9655
f 9663 9620 9667
f 9669 9649 9652
f 9634 9652 9651
f 9670 9648 9669
f 9662 9642 9663
f 9645 9642 9662
f 9669 9648 9649
f 9645 9662 9640
f 9633 9652 9634
f 9619 9628 9632
f 9622 9645 9640
f 9614 9615 9607
f 9625 9624 9581
f 9625 9626 9577
f 9633 9614 9583
f 9622 9640 9611
f 9624 9625 9609
f 9618 9621 9606
f 9623 9622 9610
f 9617 9616 9612
f 9616 9625 9608
f 9629 9646 9593
f 9615 9617 9587
f 9646 9618 9589
f 9626 9629 9591
f 9621 9623 9585
f 9669 9652 9613
f 9670 9669 9604
f 9652 9633 9600
f 9607 9584 9614
f 9581 9608 9625
f 9577 9609 9625
f 9583 9580 9633
f 9611 9610 9622
f 9609 9597 9624
f 9606 9590 9618
f 9610 9586 9623
f 9612 9588 9617
f 9608 9612 9616
f 9593 9595 9629
f 9587 9607 9615
f 9589 9594 9646
f 9591 9578 9626
f 9585 9599 9621
f 9613 9602 9669
f 9604 9603 9670
f 9600 9613 9652
f 9626 9578 9577
f 9633 9580 9579
f 9624 9582 9581
f 9614 9584 9583
f 9623 9586 9585
f 9617 9588 9587
f 9618 9590 9589
f 9629 9592 9591
f 9646 9594 9593
f 9629 9595 9592
f 9624 9596 9582
f 9624 9597 9596
f 9621 9599 9598
f 9633 9579 9600
f 9669 9602 9601
f 9669 9605 9604
f 9669 9601 9605
f 9621 9598 9606
f 9649 9648 2245
f 9660 9658 2222
f 9662 9661 2215
f 9640 9662 2247
f 9656 9660 2246
f 9661 9667 2224
f 9650 9651 2240
f 9651 9649 2228
f 9653 9650 2239
f 9620 9656 2244
f 9658 9653 2242
f 9667 9620 2234
f 2245 2218 9649
f 2219 2245 9648
f 2222 2246 9660
f 2215 2247 9662
f 2247 2248 9640
f 2246 2221 9656
f 2224 2216 9661
f 2240 2227 9650
f 2228 2230 9651
f 2239 2232 9653
f 2244 2235 9620
f 2242 2236 9658
f 2234 2238 9667
f 9661 2216 2215
f 9649 2218 2217
f 9656 2221 2220
f 9658 2223 2222
f 9667 2225 2224
f 9650 2227 2226
f 9649 2217 2228
f 9651 2230 2229
f 9653 2232 2231
f 9656 2220 2233
f 9620 2235 2234
f 9658 2236 2223
f 9667 2238 2237
f 9650 2226 2239
f 9651 2229 2240
f 9653 2231 2241
f 9653 2241 2242
f 9656 2233 2243
f 9656 2243 2244
f 9667 2237 2225
f 9648 9670 676
f 9670 9603 568
f 2219 9648 674
f 676 675 9648
f 568 678 9670
f 674 680 2219
f 9648 675 674
f 9670 677 676
f 9670 678 677
f 2219 680 679
f 9675 9673 9676
f 9679 9683 9684
f 9679 9684 9680
f 9685 9686 9681
f 9678 9673 9677
f 9686 9676 9673
f 9678 9681 9686
f 9678 9686 9673
f 9687 9688 9683
f 9688 9685 9689
f 9683 9689 9684
f 9684 9689 9685
f 9688 9689 9683
f 9685 9688 9676
f 9676 9686 9685
f 9680 9684 9681
f 9684 9685 9681
f 9690 9671 9672
f 9672 9671 9692
f 9679 9682 9694
f 9683 9679 9696
f 9687 9683 9697
f 9690 9672 9700
f 9692 9693 9672
f 9694 9695 9679
f 9696 9697 9683
f 9697 9698 9687
f 9700 9701 9690
f 9671 9691 9692
f 9672 9693 9702
f 9679 9695 9696
f 9687 9698 9699
f 9672 9703 9700
f 9672 9702 9703
f 9688 9687 9704
f 9676 9688 9706
f 9671 9690 9709
f 9687 9699 9711
f 9691 9671 9713
f 9690 9701 9714
f 9704 9705 9688
f 9706 9707 9676
f 9709 9710 9671
f 9711 9712 9687
f 9713 9714 9691
f 9714 9715 9690
f 9687 9712 9704
f 9688 9705 9716
f 9688 9716 9706
f 9690 9718 9709
f 9671 9710 9713
f 9690 9715 9718
f 9699 9714 9711
f 9719 9720 9695
f 9719 9695 9694
f 9721 9722 9697
f 9721 9697 9696
f 9722 9723 9698
f 9722 9698 9697
f 9724 9725 9701
f 9724 9701 9700
f 9720 9721 9696
f 9720 9696 9695
f 9723 9728 9699
f 9723 9699 9698
f 9729 9724 9700
f 9729 9700 9703
f 9727 9729 9703
f 9727 9703 9702
f 9730 9731 9705
f 9730 9705 9704
f 9732 9733 9710
f 9732 9710 9709
f 9734 9735 9712
f 9734 9712 9711
f 9726 9736 9714
f 9726 9714 9691
f 9725 9737 9714
f 9725 9714 9701
f 9737 9738 9715
f 9737 9715 9714
f 9735 9730 9704
f 9735 9704 9712
f 9731 9716 9705
f 9739 9732 9709
f 9739 9709 9718
f 9738 9739 9718
f 9738 9718 9715
f 9728 9740 9714
f 9728 9714 9699
f 9740 9734 9711
f 9740 9711 9714
f 9675 9676 2154
f 9676 9707 2155
f 9707 9708 2156
f 9708 9717 2141
f 9674 9673 2147
f 9673 9675 2151
f 2154 2144 9675
f 2155 2154 9676
f 2156 2155 9707
f 2141 2156 9708
f 2147 2146 9674
f 2151 2148 9673
f 9717 2142 2141
f 9675 2144 2143
f 9674 2146 2145
f 9673 2148 2147
f 9675 2143 2149
f 9675 2149 2151
f 9674 2145 2152
f 9677 9673 250
f 9673 9674 251
f 9679 9680 253
f 9680 9681 241
f 9681 9678 235
f 9678 9677 237
f 9682 9679 252
f 9694 9682 246
f 9719 9694 9741
f 9674 2152 248
f 250 238 9677
f 251 250 9673
f 253 252 9679
f 241 253 9680
f 235 243 9681
f 237 244 9678
f 252 240 9682
f 246 247 9694
f 9741 255 9719
f 248 251 9674
f 9678 236 235
f 9677 238 237
f 9682 240 239
f 9681 242 241
f 9681 243 242
f 9678 244 236
f 9682 239 245
f 9682 245 246
f 9694 247 9741
f 2152 249 248
f 9742 9743 511
f 9742 511 510
f 9744 572 515
f 9744 515 514
f 9745 9746 523
f 9745 523 522
f 580 9745 522
f 580 522 525
f 9743 9747 529
f 9743 529 511
f 9746 9742 510
f 9746 510 523
f 9747 9744 514
f 9747 514 529
f 9748 9749 9693
f 9748 9693 9692
f 9726 9748 9692
f 9726 9692 9691
f 9749 9727 9702
f 9749 9702 9693
f 9750 9751 9752
f 9751 9754 9752
f 9759 9760 9761
f 9762 9759 9761
f 9763 9760 9759
f 9764 9759 9762
f 9765 9764 9762
f 9766 9752 9754
f 9767 9763 9759
f 9768 9769 9770
f 9773 9769 9771
f 9774 9769 9775
f 9776 9777 9778
f 9779 9780 9781
f 9782 9780 9776
f 9776 9780 9777
f 9783 9780 9779
f 9783 9784 9785
f 9786 9784 9783
f 9780 9783 9785
f 9789 9790 9791
f 9789 9788 9790
f 9791 9792 9789
f 9780 9785 9793
f 9784 9795 9785
f 9792 9791 9794
f 9796 9791 9790
f 9794 9791 9799
f 9800 9767 9759
f 9796 9801 9802
f 9796 9802 9799
f 9796 9799 9791
f 9786 9804 9784
f 9805 9751 9806
f 9804 9786 9806
f 9802 9801 9803
f 9801 9808 9803
f 9808 9809 9803
f 9756 9755 9757
f 9811 9756 9812
f 9756 9757 9812
f 9807 9813 9814
f 9784 9804 9795
f 9817 9818 9819
f 9807 9814 9821
f 9818 9786 9819
f 9819 9786 9779
f 9813 9807 9822
f 9779 9786 9783
f 9813 9823 9814
f 9822 9807 9816
f 9824 9805 9825
f 9782 9813 9822
f 9760 9751 9824
f 9824 9751 9805
f 9813 9782 9778
f 9818 9806 9786
f 9823 9813 9778
f 9782 9776 9778
f 9790 9811 9796
f 9814 9823 9826
f 9811 9801 9796
f 9801 9827 9808
f 9808 9828 9809
f 9777 9826 9823
f 9801 9811 9827
f 9808 9827 9828
f 9777 9823 9778
f 9827 9811 9829
f 9803 9809 9830
f 9814 9831 9821
f 9814 9826 9832
f 9814 9832 9831
f 9790 9788 9756
f 9751 9804 9806
f 9810 9756 9788
f 9790 9756 9811
f 9829 9811 9812
f 9836 9818 9834
f 9834 9837 9836
f 9834 9818 9835
f 9828 9827 9829
f 9828 9829 9838
f 9838 9833 9809
f 9838 9809 9828
f 9793 9840 9780
f 9780 9840 9777
f 9836 9805 9806
f 9760 9763 9751
f 9793 9785 9841
f 9841 9785 9842
f 9836 9806 9818
f 9825 9836 9837
f 9829 9812 9843
f 9829 9843 9838
f 9750 9795 9804
f 9842 9785 9753
f 9825 9805 9836
f 9839 9781 9816
f 9816 9781 9822
f 9751 9750 9804
f 9826 9777 9832
f 9832 9777 9844
f 9777 9840 9844
f 9781 9782 9822
f 9819 9781 9839
f 9840 9793 9845
f 9779 9781 9819
f 9848 9760 9824
f 9832 9849 9850
f 9848 9851 9761
f 9768 9847 9852
f 9839 9817 9819
f 9848 9761 9760
f 9848 9824 9853
f 9853 9770 9848
f 9851 9774 9762
f 9774 9851 9770
f 9848 9770 9851
f 9768 9852 9772
f 9847 9825 9846
f 9847 9853 9825
f 9817 9835 9818
f 9798 9854 9855
f 9847 9770 9853
f 9846 9825 9837
f 9772 9771 9768
f 9769 9768 9771
f 9853 9824 9825
f 9847 9768 9770
f 9770 9769 9774
f 9840 9856 9844
f 9781 9780 9782
f 9761 9851 9762
f 9775 9762 9774
f 9763 9754 9751
f 9785 9795 9753
f 9753 9795 9750
f 9762 9775 9765
f 9773 9765 9775
f 9775 9769 9773
f 9773 9857 9765
f 9858 9773 9859
f 9857 9773 9858
f 9860 9861 9857
f 9863 9815 9766
f 9864 9862 9859
f 9859 9787 9864
f 9857 9861 9800
f 9800 9764 9857
f 9764 9765 9857
f 9800 9759 9764
f 9863 9754 9767
f 9754 9863 9766
f 9767 9754 9763
f 9787 9859 9773
f 9787 9773 9771
f 9844 9856 9849
f 9850 9849 9865
f 9832 9844 9849
f 9870 9821 9871
f 9820 9821 9870
f 9873 9871 9874
f 9873 9870 9871
f 9873 9875 9870
f 9868 9872 9876
f 9877 9878 9879
f 9877 9879 9880
f 9877 9880 9881
f 9882 9878 9877
f 9883 9884 9867
f 9882 9877 9885
f 9885 9877 9881
f 9867 9868 9883
f 9887 9888 9884
f 9873 9889 9890
f 9879 9878 9876
f 9890 9889 9891
f 9886 9850 9865
f 9874 9850 9886
f 9832 9850 9831
f 9871 9831 9850
f 9874 9871 9850
f 9821 9831 9871
f 9873 9874 9889
f 9854 9798 9892
f 9881 9880 9894
f 9887 9884 9883
f 9878 9887 9883
f 9883 9876 9878
f 9807 9821 9820
f 9894 9880 9892
f 9894 9892 9797
f 9798 9797 9892
f 9890 9888 9893
f 9896 9891 9869
f 9896 9869 9867
f 9889 9874 9886
f 9889 9886 9866
f 9894 9797 9881
f 9891 9889 9866
f 9882 9887 9878
f 9882 9888 9887
f 9890 9891 9896
f 9896 9867 9884
f 9888 9896 9884
f 9855 9876 9872
f 9876 9855 9854
f 9879 9876 9854
f 9880 9879 9854
f 9892 9880 9854
f 9888 9890 9896
f 9800 9861 9815
f 9883 9868 9876
f 9800 9815 9863
f 9767 9800 9863
f 9860 9857 9858
f 9840 9845 9856
f 9753 9750 9897
f 9757 9755 9748
f 9755 9758 9727
f 9750 9752 9899
f 9792 9794 9721
f 9794 9799 9728
f 9802 9803 9900
f 9799 9802 9901
f 9766 9815 9903
f 9803 9830 9905
f 9830 9809 9907
f 9809 9833 9908
f 9812 9757 9909
f 9833 9838 9911
f 9843 9812 9910
f 9838 9843 9914
f 9793 9841 9916
f 9842 9753 9918
f 9841 9842 9919
f 9860 9858 9921
f 9858 9859 9923
f 9859 9862 9925
f 9845 9793 9917
f 9752 9766 9904
f 9849 9856 9928
f 9856 9845 9930
f 9865 9849 9931
f 9868 9867 9933
f 9867 9869 9935
f 9872 9868 9934
f 9886 9865 9938
f 9866 9886 9939
f 9891 9866 9941
f 9869 9891 9943
f 9855 9872 9945
f 9861 9860 9946
f 9815 9861 9947
f 9798 9855 9724
f 9758 9798 9729
f 9897 9898 9753
f 9748 9726 9757
f 9727 9749 9755
f 9899 9897 9750
f 9721 9720 9792
f 9728 9723 9794
f 9900 9901 9802
f 9901 9902 9799
f 9903 9904 9766
f 9905 9906 9803
f 9907 9905 9830
f 9908 9907 9809
f 9909 9910 9812
f 9911 9912 9833
f 9910 9913 9843
f 9914 9915 9838
f 9916 9917 9793
f 9918 9919 9842
f 9919 9920 9841
f 9921 9922 9860
f 9923 9924 9858
f 9925 9923 9859
f 9917 9926 9845
f 9904 9927 9752
f 9928 9929 9849
f 9930 9928 9856
f 9931 9932 9865
f 9933 9934 9868
f 9935 9936 9867
f 9934 9937 9872
f 9938 9939 9886
f 9939 9940 9866
f 9941 9942 9891
f 9943 9944 9869
f 9945 9725 9855
f 9946 9947 9861
f 9947 9948 9815
f 9724 9729 9798
f 9729 9727 9758
f 9757 9726 9949
f 9755 9749 9748
f 9753 9898 9918
f 9752 9950 9899
f 9792 9720 9719
f 9794 9722 9721
f 9794 9723 9722
f 9799 9902 9728
f 9803 9951 9900
f 9757 9949 9909
f 9803 9952 9951
f 9803 9906 9952
f 9833 9953 9908
f 9833 9912 9953
f 9838 9915 9911
f 9843 9913 9914
f 9841 9954 9955
f 9841 9920 9954
f 9841 9955 9916
f 9858 9924 9921
f 9845 9926 9930
f 9849 9929 9956
f 9849 9956 9931
f 9866 9957 9941
f 9867 9936 9933
f 9865 9932 9958
f 9869 9959 9935
f 9869 9944 9959
f 9865 9958 9938
f 9866 9940 9957
f 9872 9937 9960
f 9872 9960 9961
f 9891 9942 9943
f 9872 9961 9945
f 9855 9725 9724
f 9752 9927 9950
f 9860 9922 9946
f 9815 9948 9962
f 9815 9962 9903
f 9771 9772 1365
f 9816 9807 1346
f 9807 9820 1380
f 9834 9835 1362
f 9837 9834 1351
f 9839 9816 1393
f 9846 9837 1394
f 9847 9846 1356
f 9852 9847 1395
f 9817 9839 1354
f 9772 9852 1358
f 9835 9817 1396
f 9862 9864 1366
f 9864 9787 1344
f 9787 9771 1392
f 9870 9875 1370
f 9820 9870 1398
f 9882 9885 1399
f 9873 9890 1401
f 9875 9873 1400
f 9890 9893 1374
f 9885 9881 1402
f 9893 9888 1381
f 9881 9797 1403
f 9797 9895 1384
f 9888 9882 1385
f 1365 1392 9771
f 1346 1393 9816
f 1380 1348 9807
f 1362 1350 9834
f 1351 1394 9837
f 1393 1353 9839
f 1394 1357 9846
f 1356 1395 9847
f 1395 1359 9852
f 1354 1396 9817
f 1358 1364 9772
f 1396 1361 9835
f 1366 1397 9862
f 1344 1367 9864
f 1392 1345 9787
f 1370 1398 9870
f 1398 1369 9820
f 1399 1373 9882
f 1401 1400 9873
f 1400 1376 9875
f 1374 1401 9890
f 1402 1399 9885
f 1381 1383 9893
f 1403 1402 9881
f 1384 1403 9797
f 1385 1382 9888
f 9787 1345 1344
f 9807 1347 1346
f 9807 1348 1347
f 9834 1350 1349
f 9834 1349 1351
f 9839 1353 1352
f 9839 1355 1354
f 9839 1352 1355
f 9846 1357 1356
f 9852 1359 1358
f 9835 1361 1360
f 9835 1360 1362
f 9772 1364 1363
f 9772 1363 1365
f 9864 1367 1366
f 9820 1369 1368
f 9875 1371 1370
f 9882 1373 1372
f 9893 1375 1374
f 9875 1376 1371
f 9893 1377 1375
f 9895 1379 1378
f 9820 1368 1380
f 9888 1382 1381
f 9893 1383 1377
f 9895 1378 1384
f 9882 1386 1385
f 9882 1387 1386
f 9882 1372 1387
f 9755 9756 9747
f 9758 9755 9742
f 9788 9789 584
f 9789 9792 585
f 9797 9798 577
f 9756 9810 9744
f 9810 9788 570
f 9895 9797 573
f 9798 9758 579
f 9792 9719 581
f 1379 9895 583
f 9747 9743 9755
f 9742 9746 9758
f 584 571 9788
f 585 584 9789
f 577 574 9797
f 9744 9747 9756
f 570 572 9810
f 573 576 9895
f 579 578 9798
f 581 585 9792
f 583 586 1379
f 9755 9743 9742
f 9788 571 570
f 9810 572 9744
f 9797 574 573
f 9895 576 575
f 9798 578 577
f 9758 9746 9745
f 9758 580 579
f 9758 9745 580
f 9719 255 581
f 9895 575 582
f 9895 582 583
f 9963 9964 9707
f 9963 9707 9706
f 9964 9965 9708
f 9964 9708 9707
f 9966 9736 9714
f 9966 9714 9713
f 9731 9967 9716
f 9965 9968 9717
f 9965 9717 9708
f 9967 9963 9706
f 9967 9706 9716
f 9733 9966 9713
f 9733 9713 9710
f 9970 9971 9972
f 9974 9969 9975
f 9969 9976 9975
f 9977 9974 9978
f 9974 9975 9978
f 9978 9975 9979
f 9980 9981 9975
f 9982 9983 9984
f 9975 9981 9985
f 9979 9975 9985
f 9986 9987 9985
f 9987 9988 9985
f 9984 9989 9982
f 9990 9991 9992
f 9990 9992 9993
f 9993 9992 9996
f 9979 9985 9988
f 9997 9989 9984
f 9986 9985 9981
f 9998 9986 9981
f 9994 10000 9995
f 10000 10001 9995
f 10002 10001 10000
f 9970 10003 10004
f 10001 10002 10006
f 10007 9999 10001
f 10007 10006 10009
f 10001 10006 10007
f 10002 10010 10006
f 10009 10006 10011
f 10011 10006 10010
f 10009 9999 10007
f 9970 9972 10003
f 9972 10012 10003
f 10013 10012 9972
f 10002 10014 10015
f 10012 9993 9996
f 10013 9993 10012
f 10015 10014 10017
f 10015 10010 10002
f 9990 10011 10010
f 10015 10018 10010
f 10010 10018 9991
f 10010 9991 9990
f 10018 10015 10017
f 10016 10018 10017
f 9996 9991 10019
f 9992 9991 9996
f 10021 10022 9997
f 10020 10003 10016
f 10003 10018 10016
f 10003 10012 10018
f 10018 10019 9991
f 9996 10019 10012
f 10012 10019 10018
f 10020 10004 10003
f 9973 9969 9974
f 10024 10026 10023
f 9974 10027 10025
f 9974 9977 10027
f 10027 10024 10025
f 9973 9974 10025
f 9977 10024 10027
f 10026 10024 9977
f 9988 10026 9979
f 9977 9979 10026
f 9979 9977 9978
f 9999 10009 10005
f 10032 10031 10030
f 10034 10029 10033
f 10035 9998 9980
f 9987 10032 9988
f 10037 10036 10013
f 9989 10022 10038
f 10039 10040 10038
f 10044 10028 10034
f 10045 10043 10044
f 10046 10023 10047
f 10045 10041 10043
f 10048 10049 10032
f 10041 10045 10042
f 10047 10049 10050
f 10046 10047 10050
f 10021 10032 10030
f 10048 10032 10021
f 10044 10034 10051
f 10028 10029 10034
f 9997 10048 10021
f 10045 10044 10051
f 10048 9997 10050
f 10048 10050 10049
f 9988 10032 10026
f 10032 10049 10026
f 10049 10047 10026
f 10023 10026 10047
f 10053 10050 9997
f 10053 9997 9984
f 10054 10039 10052
f 9982 9989 10055
f 10040 10055 10038
f 10055 9989 10038
f 10056 10034 10033
f 10054 10040 10039
f 10051 10034 10056
f 10057 10054 10052
f 10055 10040 10058
f 10056 10033 10035
f 10054 10057 10059
f 10060 10056 10035
f 10059 10057 10061
f 10063 10056 10060
f 10054 10058 10040
f 10059 10058 10054
f 10063 10064 10051
f 10063 10051 10056
f 10065 10066 10067
f 10065 10061 10066
f 10057 10068 10066
f 10060 10008 10063
f 10061 10057 10066
f 10069 10066 10068
f 10069 10068 10037
f 10066 10069 10070
f 10070 10067 10066
f 10069 9971 10070
f 10072 10061 10065
f 10062 10061 10072
f 10067 10070 9971
f 10067 9971 10065
f 10072 10065 10073
f 9971 10074 10065
f 10074 10073 10065
f 10062 10072 10073
f 10068 10052 10071
f 10068 10057 10052
f 10068 10071 10036
f 10037 10068 10036
f 9972 10069 10037
f 10013 9972 10037
f 10060 10035 9980
f 9972 9971 10069
f 9970 10074 9971
f 9998 9981 9980
f 10060 9975 9976
f 9975 10060 9980
f 10008 10060 9976
f 10075 10064 10063
f 10051 10064 10045
f 10075 10045 10064
f 10045 10075 10042
f 9997 10022 9989
f 9969 9973 9918
f 9976 9969 9899
f 10000 9994 9900
f 9970 10004 9909
f 10002 10000 9951
f 10014 10002 9952
f 10017 10014 9908
f 10016 10017 9953
f 10020 10016 9911
f 10004 10020 9914
f 10025 10024 9955
f 9973 10025 9954
f 10024 10023 9916
f 10041 10042 9921
f 10023 10046 9930
f 10046 10050 9956
f 10050 10053 9931
f 9982 10055 9941
f 10061 10062 9933
f 10053 9984 9958
f 10059 10061 9935
f 10058 10059 9959
f 9984 9983 9938
f 9983 9982 9957
f 10062 10073 9960
f 10073 10074 9961
f 10055 10058 9943
f 10008 9976 9950
f 10042 10075 9946
f 10075 10063 9962
f 10063 10008 9903
f 9918 9898 9969
f 9899 9950 9976
f 9900 9951 10000
f 9909 9949 9970
f 9951 9952 10002
f 9952 9906 10014
f 9908 9953 10017
f 9953 9912 10016
f 9911 9915 10020
f 9914 9913 10004
f 9955 9954 10025
f 9954 9920 9973
f 9916 9955 10024
f 9921 9924 10041
f 9930 9926 10023
f 9956 9929 10046
f 9931 9956 10050
f 9941 9957 9982
f 9933 9936 10061
f 9958 9932 10053
f 9935 9959 10059
f 9959 9944 10058
f 9938 9958 9984
f 9957 9940 9983
f 9960 9937 10062
f 9961 9960 10073
f 9943 9942 10055
f 9945 9961 10074
f 9950 9927 10008
f 9946 9922 10042
f 9962 9948 10075
f 9903 9962 10063
f 9969 9898 9897
f 9969 9897 9899
f 9994 9901 9900
f 9994 9902 9901
f 10008 9904 9903
f 10014 9906 9905
f 10014 9905 9907
f 10014 9907 9908
f 10004 9910 9909
f 10016 9912 9911
f 10004 9913 9910
f 10020 9915 9914
f 10023 9917 9916
f 9973 9919 9918
f 9973 9920 9919
f 10042 9922 9921
f 10041 9924 9923
f 10041 9923 9925
f 10023 9926 9917
f 10008 9927 9904
f 10046 9929 9928
f 10046 9928 9930
f 10053 9932 9931
f 10062 9934 9933
f 10061 9936 9935
f 10062 9937 9934
f 9983 9939 9938
f 9983 9940 9939
f 10055 9942 9941
f 10058 9944 9943
f 10075 9947 9946
f 10075 9948 9947
f 9994 9995 9730
f 9995 10001 9967
f 9999 10005 9968
f 10001 9999 9963
f 10074 9970 9732
f 9970 9949 9966
f 9945 10074 9739
f 9902 9994 9734
f 9730 9735 9994
f 9967 9731 9995
f 9968 9965 9999
f 9963 9967 10001
f 9732 9739 10074
f 9966 9733 9970
f 9739 9738 9945
f 9734 9740 9902
f 9995 9731 9730
f 9999 9964 9963
f 9999 9965 9964
f 9970 9733 9732
f 9994 9735 9734
f 9949 9736 9966
f 9945 9738 9737
f 9717 9968 2327
f 10005 10009 2339
f 10029 10028 2329
f 9987 9986 2393
f 10031 10032 2394
f 10032 9987 2333
f 9986 9998 2343
f 10044 10043 2396
f 10028 10044 2395
f 10052 10039 2347
f 10036 10071 2351
f 9968 10005 2337
f 9990 9993 2382
f 9993 10013 2384
f 10009 10011 2385
f 10011 9990 2353
f 10030 10031 2388
f 10021 10030 2386
f 10022 10021 2362
f 10033 10029 2371
f 10035 10033 2366
f 9998 10035 2387
f 10013 10036 2392
f 10038 10022 2389
f 10039 10038 2390
f 10071 10052 2379
f 2327 2142 9717
f 2339 2338 10005
f 2329 2332 10029
f 2393 2334 9987
f 2394 2336 10031
f 2333 2394 10032
f 2343 2393 9986
f 2396 2395 10044
f 2395 2330 10028
f 2347 2346 10052
f 2351 2350 10036
f 2337 2328 9968
f 2382 2354 9990
f 2384 2356 9993
f 2385 2357 10009
f 2353 2359 10011
f 2388 2361 10030
f 2386 2363 10021
f 2362 2365 10022
f 2371 2367 10033
f 2366 2369 10035
f 2387 2370 9998
f 2392 2373 10013
f 2389 2376 10038
f 2390 2378 10039
f 2379 2381 10071
f 9968 2328 2327
f 10028 2330 2329
f 10029 2332 2331
f 9987 2334 2333
f 10031 2336 2335
f 10005 2338 2337
f 10009 2340 2339
f 10029 2331 2341
f 10031 2335 2342
f 9998 2344 2343
f 10052 2346 2345
f 10039 2348 2347
f 10036 2350 2349
f 10071 2352 2351
f 9990 2354 2353
f 9993 2356 2355
f 10009 2357 2340
f 10011 2359 2358
f 10030 2361 2360
f 10021 2363 2362
f 10022 2365 2364
f 10033 2367 2366
f 10035 2369 2368
f 9998 2370 2344
f 10029 2341 2371
f 10013 2373 2372
f 10031 2342 2374
f 10038 2376 2375
f 10039 2378 2377
f 10052 2345 2379
f 10036 2349 2380
f 10071 2381 2352
f 9993 2383 2382
f 9993 2355 2383
f 10013 2372 2384
f 10011 2358 2385
f 10030 2360 2386
f 10035 2368 2387
f 10031 2374 2388
f 10022 2364 2389
f 10038 2375 2390
f 10039 2377 2391
f 10039 2391 2348
f 10036 2380 2392

